"REPO_URL","TASK_ID","#HASHES","HASHES","#PROD_FILES","#TEST_FILES","LAST","MERGE","BASE"
"https://github.com/allourideas/allourideas.org.git","1","1","[0338efb849d853e3939ac98ba1b58d9c2446eca2]","0","0","0338efb849d853e3939ac98ba1b58d9c2446eca2","f893d9cc690dfbc30c32751fef576bbe1864fc9a","aad08fd47ffcc155a583ae26f0c1efe4cd13631e"
"https://github.com/allourideas/allourideas.org.git","10","4","[d004e21a3143b595e1655f03bea38dab92e88cb0, d974cc247ff4ac72278e5e5242927d3baa663098, 80740fd5068fc8a25293717b81c59111b27f8577, 4276fe42ac3728d3a52e1d93eaabd4ecb145bd07]","0","2","d004e21a3143b595e1655f03bea38dab92e88cb0","70c6a4f1eddeca176187c711cd5d7d1f808d63fc","78e4b5b2e156c0bcd47df9781e9b2120b1c05f0a"
"https://github.com/allourideas/allourideas.org.git","100","1","[19cb173d0a173923a196ae061c2e9409572a2466]","1","0","19cb173d0a173923a196ae061c2e9409572a2466","eb28366fb84e50484d365632daae912edb4f36dc","7f305794f8ebbef695ce6fadd4c178947a202c08"
"https://github.com/allourideas/allourideas.org.git","101","12","[8f325d01b203735724a6d916ed7a4ff32efeefef, cdc67aaa1a845a31d2568dbd4363a8a4555a769c, 1e49cf93e6441beb338f99d128f806898406c75e, 8302a8c455104dc46fe0c915e9841ceccee33cfe, a3343470a9889447b797878aa78f9ccc8faa5f27, 87a16ff2474752a6f4b2ae1245d8d13dfd60b03d, dc95021f25f8507301055c8b6cd19944aeb8e920, 89bc9acc67df955522dca8b293828949ef413755, f18705560949d1c88638fc48bc98391a755afaf3, fc5a97508c44bc2cf672645703507fde43ace8d0, 6410e99c1bf608bde07dbe4901ba5867f55966c2, 7f997694ac8c045f8e8d151ef40d816fc7bf9c55]","4","0","8f325d01b203735724a6d916ed7a4ff32efeefef","b4ca8b104f0912cd86b802b89b69b87faf473d41","c4badef2f8a8ae0f28003c8cdff2671d53f1564a"
"https://github.com/allourideas/allourideas.org.git","102","2","[c4badef2f8a8ae0f28003c8cdff2671d53f1564a, 90608152b4ae5cb8455c1b8a2998f8eb2e571216]","1","0","c4badef2f8a8ae0f28003c8cdff2671d53f1564a","47f4fd5ea71d105badce39b262420126945bdd79","aac725fde1d3d29a4af0fc35083603fe3fc3face"
"https://github.com/allourideas/allourideas.org.git","103","1","[aac725fde1d3d29a4af0fc35083603fe3fc3face]","1","0","aac725fde1d3d29a4af0fc35083603fe3fc3face","df72437d1258b710d8e882f648d323635d19c7b9","aeb97c490edc5d4f1eb68568285405083d2795b9"
"https://github.com/allourideas/allourideas.org.git","104","1","[50b88bf53c7bea5a75ad865f6a2ad5d9ec10eab5]","0","0","50b88bf53c7bea5a75ad865f6a2ad5d9ec10eab5","df72437d1258b710d8e882f648d323635d19c7b9","aeb97c490edc5d4f1eb68568285405083d2795b9"
"https://github.com/allourideas/allourideas.org.git","105","1","[7bc8ebe4c558c67acf2f06db5847a7f04cc151c9]","0","0","7bc8ebe4c558c67acf2f06db5847a7f04cc151c9","f34e5269fed3c99c2166c4d400c1006aedcc9de1","abde5ce226767d74044edfae5cd2c143753f7bd9"
"https://github.com/allourideas/allourideas.org.git","106","1","[efb8e4879e3aaffc97991ff1866d62fa5aca2739]","0","0","efb8e4879e3aaffc97991ff1866d62fa5aca2739","f34e5269fed3c99c2166c4d400c1006aedcc9de1","96704dbb9df9849ded692e5423b64404bdd7e37e"
"https://github.com/allourideas/allourideas.org.git","107","3","[022db2f55763cffa0a6a9f2605707fd1c671eec4, 6ab0c75a57b1f9a004f1d270487d031812d918d4, c3227a5a6fe40a6f0ffe0d37bb8acf34778d9e22]","1","0","022db2f55763cffa0a6a9f2605707fd1c671eec4","96704dbb9df9849ded692e5423b64404bdd7e37e","466966cb08447feb1c0179100bf33df6e489522a"
"https://github.com/allourideas/allourideas.org.git","108","3","[abde5ce226767d74044edfae5cd2c143753f7bd9, e0d3837ea368304f42210baf96d6927a4d5a9737, c9e390ade37087158098e6a6fb101e05919f8733]","2","1","abde5ce226767d74044edfae5cd2c143753f7bd9","96704dbb9df9849ded692e5423b64404bdd7e37e","466966cb08447feb1c0179100bf33df6e489522a"
"https://github.com/allourideas/allourideas.org.git","109","7","[83cb965c280febab5570c47eb2c2415055b7ce16, 0b70562d672d2e9b063ed8908bc67780edf98af0, a33a4c89f60354fc0ee613a54f57a44ad1fe5a6b, bd365de68a90a509f80b01d7fb0356a1a6f599e2, 03fbc99481f8f84a7f4ace7dee15d8dc03655b6c, f4dc6eecc7cdf3906609cc89cb0432884aaed83d, 3ed17b83d764406747940c5d9c38ff5166ae4aa9]","3","0","83cb965c280febab5570c47eb2c2415055b7ce16","99bc93c40e92e3a4bacadfa16cf19addba5354ba","0338cb99c95909f89964b7b1033c0e218f5987a1"
"https://github.com/allourideas/allourideas.org.git","11","4","[bb7c51680c8f370558c190d665e8bd3311e17f2e, 83819ce8ac222cddbd37257a230032354d7bcaee, a518cd766d0b734c5d90fc241e3b0c6aee3b30e4, 09031a7a5d44786ded6e04b34d01ac1692e8655d]","3","1","bb7c51680c8f370558c190d665e8bd3311e17f2e","9c4f87a33e906d386dffd5ec89d8b89294955223","573f3bfdaca1a01e5138da5c217efeab5145a3db"
"https://github.com/allourideas/allourideas.org.git","110","3","[7f5d9230f978560ff7dd2d33c8a32b583e00aeb3, 3acd745d27ac3301a28957ea8e118dcbd4ab0de5, 0d684e9ab7ef0849fd58248ea209a9ab764415c3]","1","0","7f5d9230f978560ff7dd2d33c8a32b583e00aeb3","99bc93c40e92e3a4bacadfa16cf19addba5354ba","0338cb99c95909f89964b7b1033c0e218f5987a1"
"https://github.com/allourideas/allourideas.org.git","111","1","[a097a3f229c0bbae90452646a5ab8154419b501e]","1","1","a097a3f229c0bbae90452646a5ab8154419b501e","c14319eae8d4e7828d33d048525a597ad8bf530b","f545b207e4530cff43eb3d255a56b9efdf727fb2"
"https://github.com/allourideas/allourideas.org.git","112","1","[46499ca5bf2299afa61fe6492b9dd30ea78f0010]","0","0","46499ca5bf2299afa61fe6492b9dd30ea78f0010","c14319eae8d4e7828d33d048525a597ad8bf530b","9bb0ff10a9d875d1370618012a159a4244def284"
"https://github.com/allourideas/allourideas.org.git","113","7","[9bb0ff10a9d875d1370618012a159a4244def284, 57bfb730e34cd3bdceaa36be048c0934386f310e, 0f5e0af7bcab19e1ec7bfc43bc45a1bc9e794a92, eb5a45baa6e028c4196afbc8278efa108c9ed571, db97234f8b146d123540f5f11577401b440d2b0b, 849429bc3c01458b98f0afe1fbf073a34f959280, 43c9fef4f0c6bf87fc582feb3cb782a6567c65ac]","4","0","9bb0ff10a9d875d1370618012a159a4244def284","f545b207e4530cff43eb3d255a56b9efdf727fb2","1ef256450792cf096de4f74d71bf2076af6c0eb7"
"https://github.com/allourideas/allourideas.org.git","114","4","[44afe6e7e94d36334be31f9eca90ef4cf7c1687b, be4ab58dd864e0a10335706e3f21b58f4e3d4f15, 557f487cb57345752dd6b78dcbf88ae2c0ae2eaf, 7fc6a74511d91093e75d34ea4b064abce15f8a11]","4","0","44afe6e7e94d36334be31f9eca90ef4cf7c1687b","f545b207e4530cff43eb3d255a56b9efdf727fb2","1ef256450792cf096de4f74d71bf2076af6c0eb7"
"https://github.com/allourideas/allourideas.org.git","115","1","[670f6d148df637178760a8073852b3a97e9ef687]","2","0","670f6d148df637178760a8073852b3a97e9ef687","31789c0ec2147ae06e9a346d429b68fc465f656f","43ef86e1a95efdb3f0d61d00302b4c338c44d6a1"
"https://github.com/allourideas/allourideas.org.git","116","3","[a74496c7bde33893392b34f7bcaaba0bb696b6f8, 5992b4b753f2064dedaf87b60cb5471a5ac35d1d, 619d510e25f5a0cc917e49e02949cc288e1b456f]","0","0","a74496c7bde33893392b34f7bcaaba0bb696b6f8","31789c0ec2147ae06e9a346d429b68fc465f656f","43ef86e1a95efdb3f0d61d00302b4c338c44d6a1"
"https://github.com/allourideas/allourideas.org.git","117","2","[a808a31ffedb0fcb5f7f7d60db74c813fe2dccb8, 87cdb62e157223fb00962c8a5f080971a8edcc57]","3","1","a808a31ffedb0fcb5f7f7d60db74c813fe2dccb8","f46ec18b06ed89edd2de2fb2ec0bc210860b26be","1a6609aec57c16ac1bcf29c12aba05b11946702f"
"https://github.com/allourideas/allourideas.org.git","118","4","[1d63f96f7c9f69c008fedecd63e3f34ee7d7ccd0, f69dfe7586c9d2b066d3f4993c4a5e91c07a60ac, 864891f3bc1eef89c83dd13bf9e4c5385b6811d8, f39d625bd4da8c1d36081b590eaa7e954e7c9296]","0","1","1d63f96f7c9f69c008fedecd63e3f34ee7d7ccd0","f46ec18b06ed89edd2de2fb2ec0bc210860b26be","aff1efdef7d265fc9a73087e659e61ef73ba6efc"
"https://github.com/allourideas/allourideas.org.git","119","15","[70e2ff7740a47af13526019cd5afd53c5afff036, e5b96b4749e4a9b47f46c0b88c8c6c382f3e08f7, 383985430898250ece15e699c9caf2781f720107, 97ae5b60540a89c7e2ce61e41a8f71231bedbe35, 7cc83d4f2fe80ef447385923d29324506cfb523b, ef4f403e87cf9f8dc70ab1b21dfd4b4411c01575, b83677ddc2d1022ef2e88409de95835307a10404, 176c6ac32944638d6af8ac2f1e8bb35d60546a56, cd18de0ae5f639ce018cf596e384257d64d0db96, eab8e80309a1536a138536180cda185fd55fe35d, 2c60219014aec735a6a1c09993d2664bb5a62a41, 94c663781266935ae940d54778d1a6fd19c00aa2, 36c743abfd6234f632387171ea0245bd55e91af9, 2490ac4948d980b025a22faa10aa80d12683f9f8, 291320f0645ba0477dd365cc015d1cf8cbebf3ad]","21","3","70e2ff7740a47af13526019cd5afd53c5afff036","aff1efdef7d265fc9a73087e659e61ef73ba6efc","ed13fb951eb1b067645d95b3539a35b0eb2bee4e"
"https://github.com/allourideas/allourideas.org.git","12","3","[29acb1919c6e48f8a97f6fb9b4b76384879477f4, 7d3bd4bc5036f427c00578893dbd3be4c9234c5b, 573f3bfdaca1a01e5138da5c217efeab5145a3db]","1","0","29acb1919c6e48f8a97f6fb9b4b76384879477f4","3639b1f8c0b4624f636120bce84b59ccc093695b","4b163f6d6a6d0ab361c5645fd682b47ed23cca18"
"https://github.com/allourideas/allourideas.org.git","120","11","[1a6609aec57c16ac1bcf29c12aba05b11946702f, 7f4b603ab6976f09d9dbd66bb36976a253c26b0b, a78b8f81336e9a05b9dddf26a74f7e3a5c88692b, 62f0dc2c7a1fa30c86ae8f750286014669b5cf8e, 78c4ace2076b8af5097073572ad6de4efab7a256, 2475214b2238b6c7450ff69c1f509b36079915a1, b88c98a4191669be2d6c2fb2116373d7fa481118, 96f435fec922dc383bb53843ca3f0b922160c2b2, 3ff6456a0e45f0c3068e461053d25a0faca3ff71, 22827ae4b88abc24582842a0ee63aa57be2f4725, 2d590c83a8fcdbbbaad079dda2ecc0e0d1cfd1a3]","19","0","1a6609aec57c16ac1bcf29c12aba05b11946702f","aff1efdef7d265fc9a73087e659e61ef73ba6efc","ed13fb951eb1b067645d95b3539a35b0eb2bee4e"
"https://github.com/allourideas/allourideas.org.git","121","20","[0643b1dca7dadc79f54f230508e3ab56d4ac6568, 98eec057a48ca7b5acb549126e415f807e263303, 48d52f3d7c1228d35d35e13bcf55c3e7c00d7810, 432e846f342ce4c754f589bc130e176ebe1fe2ac, b7a4557f805c301cb73cb13c956e67dd365422e2, 5d11456f4409beb8596aed6720ba9184a304b9db, 5a19d689728c8dad04ef4c7e00b17c435bbf961a, af5e7bba0fd905860a0fe7a1f364ca3e03169905, 2d6ef21eb6d5639d7702f764260bc840b3179203, 21464b3617a3d1c86f1a356367d60a48736d8c36, 5a1b44780c6af655d299a331001a2624df71510d, 2f3194fd17c3382024c1b861a36601fb347f7b81, 6f05052677e90985c7d750c2c5d2da08f7c74a13, f30fbd0c1e6bdc37c76885da0d5f6974fcdd1cee, f6874a171a6131e82acf04dfb59f3f97cb17a2df, 3208a6f800d8868aaa8ddd1ce51f4bb10338bd8f, 8cec15e463eac79537ce7bada78014ca1989108a, 67b6a911e88ea1dc50dd28eaf08f21e9d260ee35, a5c493a89520a5321841b5a3e394e50155757d9c, 1a7403b1de8be30d6bc3d0c625f11a8ca731e38c]","14","5","0643b1dca7dadc79f54f230508e3ab56d4ac6568","f42c98272dc5b3825c25a05b20a54edacff9a6be","e37c21b4f8514005e0cb1b5d0d01cae60f992394"
"https://github.com/allourideas/allourideas.org.git","122","15","[e17f0911b6b3f9478400679f4dc0f7a20bedadec, a034a985a7848c3e581729166197d69498515cf8, 8f769d5aab81d48a7aaa4434b6e8f4f3c4a6a35f, bdc1eba58ce368fd032096cf305504c34651c89e, 8552da1693ab2a0ca4a62484d23942e3505498fb, 705bc1122844d60a77877c9452285daeef6e6f44, a6d176fb598c3c5d8d587e7a157aaf5d02371f5e, 2c230f4b160db64b53fa401777aaa21aeb943501, 829e461237525c097b26e6df5849358663a45332, 787bc66fe6ed7042e2b04e00f77d40e626241c67, 9e948d12175dc01c965a1c8fdd06b1b03dcaea1c, b34c085a33ffe364201cfb7d3682396f3ee4b8c5, 822dc32bdfaa8d33f0446115fac83275c7f57ea2, 5f555f3c6c8a0c4b77db0caa36b20f8a54379a53, cb529fadc7db0db1f625399c1501797d9d54c916]","9","5","e17f0911b6b3f9478400679f4dc0f7a20bedadec","f42c98272dc5b3825c25a05b20a54edacff9a6be","e37c21b4f8514005e0cb1b5d0d01cae60f992394"
"https://github.com/allourideas/allourideas.org.git","123","6","[2db83fcb1819e0a1dc00f1b5ff24b1b0e966ddcd, 91174d152d3d84d3d08d29e3607765021261ea2e, 17e89dbdfd0b8031a0bf8f2cdc97faa21762df56, 9c10b0184e964d9acc40976c7eeb8c271d2f32da, f76139fbaf6a8422b7162fc75f33d466d1289bc5, 8e5c0f7666f6d7b0771a84fd4c1cd09b7583b738]","5","0","2db83fcb1819e0a1dc00f1b5ff24b1b0e966ddcd","e37c21b4f8514005e0cb1b5d0d01cae60f992394","ef89ae3f7db39160da6e16676265ae350f34ca43"
"https://github.com/allourideas/allourideas.org.git","124","3","[e69b548a149abccc87fb3af00cc89add33970eb6, 01dbe78315a698a1b6020e088748db4ce0b0e24b, 47990393fa73f15bc7eae9951b96f9b3238037f5]","4","1","e69b548a149abccc87fb3af00cc89add33970eb6","e37c21b4f8514005e0cb1b5d0d01cae60f992394","ef89ae3f7db39160da6e16676265ae350f34ca43"
"https://github.com/allourideas/allourideas.org.git","125","17","[6b672491ec4eb75df0ca624d79ba663f4f14c132, 5770c2d5930149a8ab3e25e9f246b0fba15daf64, f7d11bb071f986b2897f08aaa1881d159faa92ec, 519a7d45a3ed12cc81379e8b1e23b9b68254d434, 12afce4ac2848e7b0376a21bb375b14c6186ebbb, c80e08b024b42dfb368f252119221e93d4e65f17, 18ad9789801c0f9c69fb09200a012221435854fa, b88475e7b87ed2322c56dc109823217c24e0fd06, 142f7339a33fbf1ecd72dd329069817b402bb46f, 100ca1a456113e89cd801acdffe0453fe75874b0, b209dae3eaf4ae9a328235b9a916176242f8d223, da07b46be949d9f47289402c9de02f3fdb9352d6, 25b27d75f635db466dd8eff38ca4c0da6893be49, ebb6eb2721f7eef417f029f29ab3a19fbac61343, 2a7988a04777584cd33245bd36f7496f5e6d063a, e1294165e1f86c01727b9e4df917426496405fdc, 24444fc82607eea701fa34e5032df0c403cdd347]","7","10","6b672491ec4eb75df0ca624d79ba663f4f14c132","ef89ae3f7db39160da6e16676265ae350f34ca43","754f0d7e377b7b08c4f4818d8428c22d5d1e5122"
"https://github.com/allourideas/allourideas.org.git","126","16","[5bbe6e7821a71bfab3dde27d7cda46a8d995ee47, 1ff8f53e8962d8d3ce507e4cafa2d16ef7b83682, b706cda4f921c93f3f5343777e14c3c4cf5644f5, 5386d873ff35d20ea89e48934d8230f271b90287, ebe04776e8c500dcff93a0abb133b8662ac41ead, 59430d17a7aa8d1a4e4e607de0bb53f72b96f88f, 58ea7d89992e135132d4e3fa64ca005a5356805b, 1a1dba5b6b8d29f48d715bac6fd3297c1f9bf058, 9c53bd73fac8703896cf6f6553e961db0a6d3e3e, 8b3007fac616b3b607d8b8ebacce40a9cdaeb5c5, d798f6cee8399bed6088953ded7fc6748a141c47, fe756263b322b9d8891daa0d15011a10efdcd73d, 2b27fbcd98c893aa8aabbb93dfc89f41812c5c9d, 9f4b66e3d732c21deccd6881fd9cb812595b0d68, 87dff4d7cff34c51bccd23611ef656b8e3ea6232, cf52a5b8befebdc7a983d92bfb989778d62f37b7]","17","1","5bbe6e7821a71bfab3dde27d7cda46a8d995ee47","ef89ae3f7db39160da6e16676265ae350f34ca43","a85e3b1889d0479c846597090d36f5a4ff2e0942"
"https://github.com/allourideas/allourideas.org.git","127","2","[59119fc25cb63aad5322c8c2e5a8bdc4b03aebc0, 54518925fa281aed5c934e18647444858e9b2d92]","1","0","59119fc25cb63aad5322c8c2e5a8bdc4b03aebc0","a85e3b1889d0479c846597090d36f5a4ff2e0942","61870821e628520828db98f08cfb75abb9aabe17"
"https://github.com/allourideas/allourideas.org.git","128","7","[f20cac9da509d320c428e6cfcc0f449ea05910b3, 616c5c15bd13f3927022a61016f6b85ca1b2a4e8, 9f553a5c337dd3298b65b48ec2219c78a0119545, cd72bf9ee0643529df00902b7a4b1a0708a1328c, 943e32ec83313447031d5b0db6024f37aee7bd3b, 304643c009eca130464b0f505f667ae1e70f2b59, e86deb9f820069b0e22525434c82f785ee809542]","9","3","f20cac9da509d320c428e6cfcc0f449ea05910b3","a85e3b1889d0479c846597090d36f5a4ff2e0942","61870821e628520828db98f08cfb75abb9aabe17"
"https://github.com/allourideas/allourideas.org.git","129","1","[bcb75645f880e41f61b8d8ba1df3ee8df220f16c]","0","0","bcb75645f880e41f61b8d8ba1df3ee8df220f16c","668eac10651faebd76dec496b9858ef0b47fe995","86273ce9bcff94bd38e2943db98d958f5153b23a"
"https://github.com/allourideas/allourideas.org.git","13","6","[06e95bfb9463af1654c4462f7cd90a79fc8f4890, ebaefd29a24c982e2c93690a076f8ed183cf5920, 7033d7d394e844314b836973ac5cb645c70fdfc5, 9dba25e71b78627e97b425e2b82f5973e8a0fe9e, c7571894c50df48c044c502b4825b0fb742e8006, 574a960165a2f4fc45e92f5fc544e4dddd3230f7]","5","0","06e95bfb9463af1654c4462f7cd90a79fc8f4890","3639b1f8c0b4624f636120bce84b59ccc093695b","4b163f6d6a6d0ab361c5645fd682b47ed23cca18"
"https://github.com/allourideas/allourideas.org.git","130","2","[9745862c35a8493fb5ac24585b2564c7bb42bc4b, 5f2816827034e047102b3ae8cb02b8252e84a1f0]","1","4","9745862c35a8493fb5ac24585b2564c7bb42bc4b","754f0d7e377b7b08c4f4818d8428c22d5d1e5122","97568a8318bda2331fde37cb0008742fd05744cf"
"https://github.com/allourideas/allourideas.org.git","131","1","[86273ce9bcff94bd38e2943db98d958f5153b23a]","4","0","86273ce9bcff94bd38e2943db98d958f5153b23a","754f0d7e377b7b08c4f4818d8428c22d5d1e5122","97568a8318bda2331fde37cb0008742fd05744cf"
"https://github.com/allourideas/allourideas.org.git","132","3","[c71d4800fbce01ed21ff43142e0d605206f52317, 4cad7067f666dbd8ea53edfdd13db7236cbce878, 6cc9d8a1a53c71e8aad5823276019ae7808481cc]","5","0","c71d4800fbce01ed21ff43142e0d605206f52317","8bb534ed171451fb7fe22e4f0d67033c65071713","eed988ca266470679685ad0f2fe88efe37947816"
"https://github.com/allourideas/allourideas.org.git","133","6","[0dcb5164a854531ae8280231b40235e01c7e2254, ada6f05f49e5cece7c9f47de75e904f2c3fc649b, 4d693f7b61753585526cee865b62d58122d1202b, 2d60c7c4f653529255d3e7e516cf70d1ee14241e, cb9df3380a32fd70ea1e56c3bcda9d501adc0364, c0cd22964e5fc42269f122aec212d97aca123ed7]","3","1","0dcb5164a854531ae8280231b40235e01c7e2254","9a97668fa239e452bdeea2ac6edd80523618e212","88cd1638881a80b2fba7adb502e5d41105b4605f"
"https://github.com/allourideas/allourideas.org.git","134","8","[eed988ca266470679685ad0f2fe88efe37947816, 5f81c68699c4ccc5b0f4c752297f8aae1e1565d5, c9c3b8de849f7f52944b41c4eab6bdd32a2266d0, 787311d8cc958f0aa786236ccbc5da77b80bb3c7, 65b690c7ac65643fc4eec286707fac45a74bcb05, f9c0f0019ebddcc3e6ef04cab488409208e2b2b8, 64e89f845fbea6dd8b5a672f73b2a7452c6345a1, a0226e5970658d759efcbec5c38cc89fbae55b5c]","25","1","eed988ca266470679685ad0f2fe88efe37947816","9a97668fa239e452bdeea2ac6edd80523618e212","88cd1638881a80b2fba7adb502e5d41105b4605f"
"https://github.com/allourideas/allourideas.org.git","135","1","[001eacfb0c30ada96f8f9bbdf508b280bb471b80]","5","0","001eacfb0c30ada96f8f9bbdf508b280bb471b80","433bec60c5749cca9d8a055ec8215260c1b3715d","0d75a7baff171b7bbf8621fd052b1ed660477c24"
"https://github.com/allourideas/allourideas.org.git","136","1","[9acf95830da67d2b57ec99241314a8f39a7cd4a7]","2","0","9acf95830da67d2b57ec99241314a8f39a7cd4a7","433bec60c5749cca9d8a055ec8215260c1b3715d","f40ec6664705504a1fb9c02bf0efb1353d608b22"
"https://github.com/allourideas/allourideas.org.git","137","1","[124ea19dbd5f4c3d37808d3fdd28eb91647f07f7]","1","0","124ea19dbd5f4c3d37808d3fdd28eb91647f07f7","0d75a7baff171b7bbf8621fd052b1ed660477c24","687c8ac0f90d2db48ccda99f89c9e771c4ba22bb"
"https://github.com/allourideas/allourideas.org.git","138","7","[f40ec6664705504a1fb9c02bf0efb1353d608b22, 05db413bb134849717db384a04f8e40e3044eddf, 88d6616ea1f3f962843e88dc350b9d8c031571b0, a79a8f2c7c8dc718c258351316c7bec017a4d161, d28d7bd361f0989a5ee7f47ec740c68cad54d241, b07ccf688f2031df4a426acef5afe0b7381d1f2e, 920e126a4367ab58bdfb68f4e6148ecec2d1ba25]","8","0","f40ec6664705504a1fb9c02bf0efb1353d608b22","0d75a7baff171b7bbf8621fd052b1ed660477c24","687c8ac0f90d2db48ccda99f89c9e771c4ba22bb"
"https://github.com/allourideas/allourideas.org.git","139","1","[d5f125ca6d0e42ca0413abb3273c5a92075dacfe]","2","0","d5f125ca6d0e42ca0413abb3273c5a92075dacfe","687c8ac0f90d2db48ccda99f89c9e771c4ba22bb","69ceba6cd1282083e0217685cdf23fa9ae70b709"
"https://github.com/allourideas/allourideas.org.git","14","2","[56e46239c296348003141147ddcca27e32bea81f, f0a92c263a75768de059db28860966df151d9bb2]","0","0","56e46239c296348003141147ddcca27e32bea81f","3941be4dcabe04ffc9fe762ecdb8f6e4bf81e839","05fa43a11549c70d29affb136e1156d39eedc61a"
"https://github.com/allourideas/allourideas.org.git","140","2","[3da15192b73cd44314700fb3937069e583c741c2, 9e71b8e1df4cd60ccb463ee7daf116145c4ef58b]","2","0","3da15192b73cd44314700fb3937069e583c741c2","687c8ac0f90d2db48ccda99f89c9e771c4ba22bb","d1b1efd8086cac1b52df978c7c3ff84135400734"
"https://github.com/allourideas/allourideas.org.git","141","12","[6c1b6968b96cfb037eaad73333747720748e7d9e, da4bc84c9cd1ee3b538a0e1ec5e4ffef0e8b8adf, 885ed7f258e9d1f7f4f178fd2ef8ebb4812587d2, d3f91596d5c570b5768d3084057563400cfc25f9, 35520d7fa84bcf4f5a287441968a3b236a4c1324, 690a09b2b82ff7dcc9543fa7ba5252e935303edc, 1afb88bade0b9c4ce7322393647fc1079002bada, a45deb1a5b89ecf0fb7a1a6a9ed6a783f561f95e, dd80f7eadf8c4d5c8c1f5acf25cb1334f665491f, c5d0f566bbedb577eeac1a1287f59fc362b49ac9, a5f5060ab9614fdb9aa3faa3b23062cc896a6737, 36971228f14c923fd1797ff319ebc5d4acd3049b]","4","0","6c1b6968b96cfb037eaad73333747720748e7d9e","69ceba6cd1282083e0217685cdf23fa9ae70b709","bcb9aa18fed39bb5b2a644047ea5c99bdc4e7b6a"
"https://github.com/allourideas/allourideas.org.git","142","4","[25fc3b22d7a01540c952c76200a6fa03b369d15c, d7159e580ab2a240998972767d2993bdbfce2c5e, ec41d6c5b3934ffa6ce6b528fcd32814f19e3109, 93385ee76c95d7f3447602d594f7c80e422fa7ae]","3","1","25fc3b22d7a01540c952c76200a6fa03b369d15c","d1b1efd8086cac1b52df978c7c3ff84135400734","5a330ae6290e8c476acd9b9406ff19e74173c92c"
"https://github.com/allourideas/allourideas.org.git","143","8","[e9b1237c9a4c6e0fa8bc186bf38afacf13ada757, c1723d15020cb0ae29beec2502750ca925005db9, a0d6736682f4f75ab3a994433db402c3a2e88e3a, f7ff52f7239b99ce034c9d60e07e835509602c01, e325ee3e98d74067d38e9bb175b4ee00caeb6c9e, 52dd7a689913ae2d804c8c695288f82843911bce, 669effc76c78e94f02579abf8ac38a1ab067eb6b, b35673d69c6b5f5fe02de695aa61e41eb409c622]","10","0","e9b1237c9a4c6e0fa8bc186bf38afacf13ada757","d1b1efd8086cac1b52df978c7c3ff84135400734","5a330ae6290e8c476acd9b9406ff19e74173c92c"
"https://github.com/allourideas/allourideas.org.git","144","7","[a484cdc11d19629ccf91e2a358077ccd64f1a79c, 51e4aaeed80169c0a453c1b8b886c460a3837c6d, aa2f7d5a1eb700ff41524b7c9784bcd799c4dcf3, 6fbd49804568f67316baa67972de56f31cd24a19, 55cb7cb4ea1c738be5f0031e1cdb08692d75a3e6, 495404968f76d7ae6139e2962b6d333f67f6838d, e088ff3078c65543523d7e0ddee671d374b004c8]","7","0","a484cdc11d19629ccf91e2a358077ccd64f1a79c","4f7e260ffb562078915069315dc0f4bd0a1425ca","a06fff3eca9e58f2853c22a94de13bb39ed6c492"
"https://github.com/allourideas/allourideas.org.git","145","2","[a06fff3eca9e58f2853c22a94de13bb39ed6c492, 61935240d8a55335a7d42fb56f956325f72ceb59]","5","0","a06fff3eca9e58f2853c22a94de13bb39ed6c492","d39f6d91069569da9eed3c2d9339341a92586d17","a2f6f345f1f63d69fe2e6dc12dde6ed71ab6af55"
"https://github.com/allourideas/allourideas.org.git","146","7","[58af6bfb07bcca20cc057bd41839655a4c12e0a4, 6fac1cc4979b8bc23ba2ae9aca1c11f000c2816d, cf675e3f31b920be0c9b14398be5d6d8d1303007, fcb52e6d1bcb6a611aeea6d7ae468398757dbf67, eae2bbf6aaef2f533a8597104e4d6d2ec962dc8d, c2494324468dc00f0f663ccac268a329dd3dca42, b530b7aa63e844b717ada66da9773d18bda9abdd]","5","0","58af6bfb07bcca20cc057bd41839655a4c12e0a4","d39f6d91069569da9eed3c2d9339341a92586d17","a2f6f345f1f63d69fe2e6dc12dde6ed71ab6af55"
"https://github.com/allourideas/allourideas.org.git","147","3","[409bddf4a4af08183343a62a52a9746b1b6688de, e6f767751092e37bee874b9aedf52839070b66dd, 2b04973719adad7a93a22717f6dac028ab848c8e]","4","0","409bddf4a4af08183343a62a52a9746b1b6688de","5d9dd73632650dbb61e25a87a370d6f603b15fa2","b80aa8c0d7365d9291fce2d9aa3fd3ec01180d88"
"https://github.com/allourideas/allourideas.org.git","148","1","[b80aa8c0d7365d9291fce2d9aa3fd3ec01180d88]","0","0","b80aa8c0d7365d9291fce2d9aa3fd3ec01180d88","376b76fe8695d430c59714e77d763f1c74410995","be6c10f59079aa9560e43547ab2a98d6f2cd3335"
"https://github.com/allourideas/allourideas.org.git","149","1","[476bd7fe7b01c72c89cf96d5cd7ad55d315ff657]","2","0","476bd7fe7b01c72c89cf96d5cd7ad55d315ff657","376b76fe8695d430c59714e77d763f1c74410995","bdf72fc7919738e5429118a3ca0eac1bb6980147"
"https://github.com/allourideas/allourideas.org.git","15","1","[d1620b3bfaaa42fed941b255f1e4e558bce53cf5]","2","0","d1620b3bfaaa42fed941b255f1e4e558bce53cf5","823a19ffdcb76c7216fe43e9841b77b858112be7","b1c33747fca323aa92c8ab6c1d1551bd164ca279"
"https://github.com/allourideas/allourideas.org.git","150","3","[811d5b41961ad0ee2c60eccc11817d9d0e11f844, 21845745f20726f704a23aed51ddd13982ededf8, ac46281ce7017e5d1591f8d88f5679916de5920f]","1","0","811d5b41961ad0ee2c60eccc11817d9d0e11f844","bdf72fc7919738e5429118a3ca0eac1bb6980147","be6c10f59079aa9560e43547ab2a98d6f2cd3335"
"https://github.com/allourideas/allourideas.org.git","151","1","[8eb3da0971dd784e4bb4c397caea1b4699640df8]","2","0","8eb3da0971dd784e4bb4c397caea1b4699640df8","bdf72fc7919738e5429118a3ca0eac1bb6980147","5a824df073f692a0a5577fa0d8b9b5ee3347bdf8"
"https://github.com/allourideas/allourideas.org.git","152","2","[2e1726b0d338e0990c8a56bea4f4f4ab2e4da814, 685f456316b42b210332fb5f16edcdcb1aaa5041]","1","0","2e1726b0d338e0990c8a56bea4f4f4ab2e4da814","be6c10f59079aa9560e43547ab2a98d6f2cd3335","eb0c85ce34334d910bdeb5e978ef24bb341ef8f7"
"https://github.com/allourideas/allourideas.org.git","153","1","[5a662c7e449212b4d1ce53d08489a68f37120145]","0","2","5a662c7e449212b4d1ce53d08489a68f37120145","be6c10f59079aa9560e43547ab2a98d6f2cd3335","5a824df073f692a0a5577fa0d8b9b5ee3347bdf8"
"https://github.com/allourideas/allourideas.org.git","154","29","[2198e7fe9c21abcfe3ab20a97fc5e931080067f9, bdc4ccd87e407ae7eebf98fbbe72172aecee684c, accb5127f65d1963c44a66696f040fede5ad386e, 827c84902141a01e22b8d3ca26757acf6a99d77d, a4b91d1431b717ca99113877c180e54cb817a0ac, be4c63b59be50868b4f4f5ed100c1a4dcb7264c3, 1de404d67ed6469cbb8d16ce3b4983fce88a7a0b, 68cddcce546d5dcac2963f0e79613964a3367241, f29dfe2aac7ed0f2869a24ce048a384ba667229e, 42302a61d0f227fec25961a501f41a2a71240441, 15c837d19f4560e2ccf3f2e41d01a411d17349fc, b13ec5ef0e1846aabceff5382d7fdd87984e7de2, 16b7d731227c0ca83b774b6dff5049afb7d21062, 0b4acca5fb05d2fa299ed12b6a0863b81fcf802a, 7472f5ad39d960156f6d7125ba614813d44bf8f7, 61eacf1e6ffd4f8216a75011cd3420bcc3534b57, b79e8b7a1fa59945a3777b2669bb9bafc139f49e, 83f41720c4d27d8016fdd9647f0aa0937083e7ea, 223bbca3669012dc11edfd7f65523b869824b78f, 55daf3095219b1ab1e913fb8f3062afe9450638e, 3cd37e7844777d6b34f3e80eb421b2f1f8ec8ce0, 79b23a8675a9d5133ebcee8a9132ff6bd98f26bf, d2a164f47fb66b1b09cd311460bf9a5adc616a4a, 76bda6b97920fcbfcaff1d8a28970a9c9a2ba0b0, e6af3ed504ed6f50ffabeb8288d4c2ed90255bbe, 6ccf05ba7ac66e4752291407963262b364c84162, a83791ac0a53750ac088fc7d72541b725aead879, 9ec157dc3e720d8eabe84d7e21146715d519c8e9, 21016259700406c167a53832ebe6cb7bc652c6f4]","25","0","2198e7fe9c21abcfe3ab20a97fc5e931080067f9","eb0c85ce34334d910bdeb5e978ef24bb341ef8f7","3a2e4552d8951cf3678ecd20b3d248edb59c3f66"
"https://github.com/allourideas/allourideas.org.git","155","1","[38d1cc9498acc13469691ad156d4f6f095ee6c53]","0","0","38d1cc9498acc13469691ad156d4f6f095ee6c53","680a8d604e7babae3eb66e2a4773fa6bd69f1236","afe247060a0bf201c61fc3d58d04978c65fc49d7"
"https://github.com/allourideas/allourideas.org.git","156","10","[5a824df073f692a0a5577fa0d8b9b5ee3347bdf8, 8ac82fb02d171246767250cd424dbcdc04788ed0, b2a265824fe3c70a24bc7f1ca19f4dc4bb32e777, f96207ba605a23ae8cc707d2d772521f20cb6d1f, 8a4d3fd546c2eef2cbff4bb284ffc26934da6dbb, c79d64fff9fc4da7459ae376e28c6ee6ab31468f, 1190b04fa1482daf14ebc5b13116fdf649d20a25, 4194a0ef14b8aec1fedf84edd176f1781d00566e, 5c814709ad64d6d0f8ae5400dc9907a587e9b13b, 9ba4cc6b9945f3cd5a49b17df5167fa41bbc1a67]","7","2","5a824df073f692a0a5577fa0d8b9b5ee3347bdf8","680a8d604e7babae3eb66e2a4773fa6bd69f1236","bb387f068e00d63c1e676a36af8af34bbac2120d"
"https://github.com/allourideas/allourideas.org.git","157","1","[10e3f2e9a193d17559fbce1babf8ba94a2386809]","0","0","10e3f2e9a193d17559fbce1babf8ba94a2386809","bb387f068e00d63c1e676a36af8af34bbac2120d","df6a06bbfd1bc5e423272eba54ba66ad89329294"
"https://github.com/allourideas/allourideas.org.git","158","1","[d5cc7c58a4b7dec81c026837a9c9324c0b71382f]","1","0","d5cc7c58a4b7dec81c026837a9c9324c0b71382f","bb387f068e00d63c1e676a36af8af34bbac2120d","48bb223a5903cc2f9380d726214a59e61580cda5"
"https://github.com/allourideas/allourideas.org.git","159","2","[df6a06bbfd1bc5e423272eba54ba66ad89329294, 944d462cc8ab9d95d74a0c91e95d74535c3dea1e]","0","0","df6a06bbfd1bc5e423272eba54ba66ad89329294","48bb223a5903cc2f9380d726214a59e61580cda5","f1c7f99d5408263c9eeed9a4cd2ecc827b540633"
"https://github.com/allourideas/allourideas.org.git","16","2","[b1c33747fca323aa92c8ab6c1d1551bd164ca279, e3355494bb4ad7f4daac9df1655bf03d13a21f28]","5","0","b1c33747fca323aa92c8ab6c1d1551bd164ca279","6674946775ef40baa882309fa152c1fb3126eb9a","05fa43a11549c70d29affb136e1156d39eedc61a"
"https://github.com/allourideas/allourideas.org.git","160","1","[5e5e216ee9ca8fe20298d50e62689a76142241bd]","3","0","5e5e216ee9ca8fe20298d50e62689a76142241bd","348a2dfb746c0b3b19fb2a20cacc536999468e28","0206c94a5a4416014dee84a08ff54948b3981531"
"https://github.com/allourideas/allourideas.org.git","161","6","[f1c7f99d5408263c9eeed9a4cd2ecc827b540633, fffe04261cfaefb2dbeafc31c8838d1a169f7b93, 08f0bd47dd993ffc653eba10249e31f372102d87, 273220c441bdca8fd59c074e1e0434652169cfb6, 35282ddd1a1622d6a6ec9d5de22463acfb9755a0, 231e0228eb8551f845b46a44cda5a2aba193cb27]","1","0","f1c7f99d5408263c9eeed9a4cd2ecc827b540633","348a2dfb746c0b3b19fb2a20cacc536999468e28","0206c94a5a4416014dee84a08ff54948b3981531"
"https://github.com/allourideas/allourideas.org.git","162","1","[86cc0424b5707f1cb0dba305c3b3b051856fdd0d]","4","0","86cc0424b5707f1cb0dba305c3b3b051856fdd0d","5582d81a63184cef02fc9906decb61a68971a6e7","37546fae3e8ac1a1f04dccb37e49f0d0cd753846"
"https://github.com/allourideas/allourideas.org.git","163","2","[636a6bb57af69f8a41a1b2a927820e573ce955d2, fd1d1a840b883f54c5ee24ddfeea548a34a6a3eb]","3","0","636a6bb57af69f8a41a1b2a927820e573ce955d2","5582d81a63184cef02fc9906decb61a68971a6e7","37546fae3e8ac1a1f04dccb37e49f0d0cd753846"
"https://github.com/allourideas/allourideas.org.git","164","2","[c02fed0cefd0156e0cc8f0150ab1ed49b806cce2, 9c0c80ee1c7765bd49043a99db4cdba74aa44afb]","1","3","c02fed0cefd0156e0cc8f0150ab1ed49b806cce2","443c457481161d422212293af597f02ef1e80fe7","23eff239f8b685fdfb057b49f8b2ea82399279a8"
"https://github.com/allourideas/allourideas.org.git","165","1","[576664f8aa97e3b29a1ae649732f72a698122657]","3","0","576664f8aa97e3b29a1ae649732f72a698122657","443c457481161d422212293af597f02ef1e80fe7","23eff239f8b685fdfb057b49f8b2ea82399279a8"
"https://github.com/allourideas/allourideas.org.git","166","1","[4bff089a9708bb2a0764135d75904e384e987081]","1","0","4bff089a9708bb2a0764135d75904e384e987081","afe247060a0bf201c61fc3d58d04978c65fc49d7","3a2e4552d8951cf3678ecd20b3d248edb59c3f66"
"https://github.com/allourideas/allourideas.org.git","167","6","[e9281fc2874ce0e581e01b9e929650d9ce9a9b53, 937570fe06598a3ada3a37ec2a88790ec11fa2fa, 6fdf3aa8804d32706cdba4c87925504d96c77f59, 17609f7b1682a1d1454db2522b0ee71a91e514df, aff15e7c729a327884f48cd465e67b7c9f53f611, d749a36e8591e1da3c89549e616d14a0b3c1da09]","4","0","e9281fc2874ce0e581e01b9e929650d9ce9a9b53","94c1f908e5aaa2f15b137dd3466b295604c363fd","e15e457530f21ed9c760b96e618f396a4d7d9476"
"https://github.com/allourideas/allourideas.org.git","168","1","[c40d010c29680d4b693b01375edfe83a6f61c001]","0","2","c40d010c29680d4b693b01375edfe83a6f61c001","94c1f908e5aaa2f15b137dd3466b295604c363fd","d010ed0ec6d21b2793541ef209233ae158fe8a76"
"https://github.com/allourideas/allourideas.org.git","169","1","[1ed69800446a035f189a5c71cce17d1aaa1e70d9]","2","2","1ed69800446a035f189a5c71cce17d1aaa1e70d9","d010ed0ec6d21b2793541ef209233ae158fe8a76","7fc095f97e09503ea06153ef17a9d1582ce3695f"
"https://github.com/allourideas/allourideas.org.git","17","3","[550849a820d245ba046ad4414b7d159a199e47a6, 3d13dbf2c1131405be003171b31bfd5241ec8e12, 6dccec3ff964d1a72645674a91b907cf57fde7f5]","1","0","550849a820d245ba046ad4414b7d159a199e47a6","5eb80c850a9d966455e0e6e7e88904f69bd2e0d4","05fa43a11549c70d29affb136e1156d39eedc61a"
"https://github.com/allourideas/allourideas.org.git","170","5","[6f92b8c93efc422a91ba628fc8db1083ba2f2d98, c35aa993d42b09bfe607756a3870f8091282e35e, 327e32eca330f376db3b07caba4ade61ead2ddb5, 98cd463560e9f5c2e574a3fafd27b121dad8ab72, a56a3cf1a919b4fff1bf6333357efede08a75be7]","2","0","6f92b8c93efc422a91ba628fc8db1083ba2f2d98","e15e457530f21ed9c760b96e618f396a4d7d9476","a3bec71241f6942982c97970e8089b381d3db082"
"https://github.com/allourideas/allourideas.org.git","171","16","[7fc095f97e09503ea06153ef17a9d1582ce3695f, 88bb85cf17a3ab9e8565147142931e7c85a6bcd8, e9c09d8f7855eec942b4820e95e8c4e3c73d006e, 6435190acfe5f7e480cc87777940f078547182fd, 28f81f8ca1f0a7bc50b3f0d77f55463e69f8633d, 4480ed304443a239962211c6afe530b0cd7d9633, ea722fcb6845dba6311e769f8dc72c779fe3e60d, ab0c821ffc8969d73b8f073880f07a42bb4f56a5, 3a2e4552d8951cf3678ecd20b3d248edb59c3f66, 7bca868c85234c05079ae756f55b7eea73639a9e, 83c9ced81f3b73ab30eaa38523da3302b50bf08e, 3f9aee5141e4377634294c529e07c5e1011abd7f, 81ce2b33f94c85f684ea059f98ed4301f4a27f0a, c620496f635e35a2fcb42c272bee3db31babd71d, 6a7b0f48ca1c3d39b8c4572e684bc712f830c62e, f5d93bcb78a453972293a407f0291ef7c67c460c]","16","9","7fc095f97e09503ea06153ef17a9d1582ce3695f","e15e457530f21ed9c760b96e618f396a4d7d9476","8293e972d72dd25d9ab4484ac5583b423c6ff80a"
"https://github.com/allourideas/allourideas.org.git","172","9","[595ad3706288cda34bbb60b77f0c565c8b1d5072, a3bec71241f6942982c97970e8089b381d3db082, d6e5e01ed4d0a424f13eeafe4c94c61ee8b269d7, 089331080954b9af4151cc57ac9190774256926a, f32d33f4ae1a10f3f48813861720c2cc1311b710, 137c8c3bfb92a66ff05b40c19c8efff7c656675a, 96a46fe0931a0c4df23d33f1942f567a5652b8b1, 1c8813efc9f250b98b69b30296ff31df22298d5a, 4b7345dddbbbff6055afa738f699e943130eaf62]","8","0","595ad3706288cda34bbb60b77f0c565c8b1d5072","8293e972d72dd25d9ab4484ac5583b423c6ff80a","056677d7aa7b461615bb9b16335a865e9f0cd4cc"
"https://github.com/allourideas/allourideas.org.git","173","12","[056677d7aa7b461615bb9b16335a865e9f0cd4cc, c003055095ac0222288f72f5fedcc4db1d650735, 606ad714e645bbbf81b813908a9afad6863091cb, 36610daa90afa934c0318055ced64773dd3919c6, f0825ee9348b65c7ccf53c1a8a9efff927c195f5, 17a06a15eb051174e1218cc28a4ece3d8596b575, 82bcd6c43f70fa9a4030ce222ad72ad9815c0111, e5bde7be7738679ad2e031532f5c38e6fc2b2930, 98949804cd3a850ae550a9ea3d6cff70a1832b1c, 683994ed967077ed381e354d1f390e9f25c04914, c1e11e22383fa50e6a12a56ed0d25f7718567fc7, eeeaf8fae34ddc24fc3b4a0b2d441d611a769083]","8","0","056677d7aa7b461615bb9b16335a865e9f0cd4cc","c6c3a48f355eae7ee237d531fac4fd83cc451c94","5ef7bef65d1a68696ae86e9242a2996aad9c8832"
"https://github.com/allourideas/allourideas.org.git","174","1","[4dff0eac9dacee7e09b0a601dccb8e6070c29335]","1","7","4dff0eac9dacee7e09b0a601dccb8e6070c29335","c6c3a48f355eae7ee237d531fac4fd83cc451c94","5a6e4967b9bd0ff309951ed82ad39f120e02f572"
"https://github.com/allourideas/allourideas.org.git","175","6","[e3cc7108f6ccfe4039d32b5bd6d490e0f7645878, 58195d12a24d67c881afa1dd13002763a0113c3b, 6847cb5bfa3ac889e871630ecbaf78dd3c6e9897, 18ff59d1a7e22b346220c7f90203fcf2dd467d15, f1b0dab20a762cd4971771e1acf1cc860a5a29f4, f8e9f624b45dc4e5ebb85de2651692aed1df9dd2]","9","4","e3cc7108f6ccfe4039d32b5bd6d490e0f7645878","5ef7bef65d1a68696ae86e9242a2996aad9c8832","21f0a48507c90ba7cf7ec6bb492b7b917f2a6d0b"
"https://github.com/allourideas/allourideas.org.git","176","4","[5a6e4967b9bd0ff309951ed82ad39f120e02f572, ae40e320a037a0d3831164e350abf572f6a394d3, 6f349cb51e99eb6bbec0f16e691e679f58186953, 2a33a6568a315bebbfc63bc9de2056dc60f48cde]","8","6","5a6e4967b9bd0ff309951ed82ad39f120e02f572","5ef7bef65d1a68696ae86e9242a2996aad9c8832","21f0a48507c90ba7cf7ec6bb492b7b917f2a6d0b"
"https://github.com/allourideas/allourideas.org.git","177","1","[15b523847a825026514823df54e03ac839168c85]","0","0","15b523847a825026514823df54e03ac839168c85","c4c61214ecca528d1a73af37a80cce96d4eb8f57","cae8f1ad15984cd0bd62f112d1d4d7c1dc4cd7a2"
"https://github.com/allourideas/allourideas.org.git","178","1","[3c756bcef791127ab7050677bbd45b3d0c689291]","0","0","3c756bcef791127ab7050677bbd45b3d0c689291","c4c61214ecca528d1a73af37a80cce96d4eb8f57","cae8f1ad15984cd0bd62f112d1d4d7c1dc4cd7a2"
"https://github.com/allourideas/allourideas.org.git","179","2","[1eb9ff08295519dd3673c08a634ac14af1684710, 68ebe0490904152b33641f187cf35c051d6880d7]","4","0","1eb9ff08295519dd3673c08a634ac14af1684710","d40b8f178f404074c00aa2694740ba630ce4217b","da68b6ff30279fc6736ad1f5aecfbe0ee1f43dc2"
"https://github.com/allourideas/allourideas.org.git","18","1","[b3fc8112389e753ff3a753da410ca61869f5ca62]","1","0","b3fc8112389e753ff3a753da410ca61869f5ca62","5eb80c850a9d966455e0e6e7e88904f69bd2e0d4","05fa43a11549c70d29affb136e1156d39eedc61a"
"https://github.com/allourideas/allourideas.org.git","180","1","[1e803bf322aa8971c87a48ac890cb765a1c42bb7]","0","0","1e803bf322aa8971c87a48ac890cb765a1c42bb7","d4157cb096757b5bf0bfc1e9bd0cf1501058e6e7","7e45db0dec204c3652fe86e5cf6848f19eed4c54"
"https://github.com/allourideas/allourideas.org.git","181","1","[da68b6ff30279fc6736ad1f5aecfbe0ee1f43dc2]","0","0","da68b6ff30279fc6736ad1f5aecfbe0ee1f43dc2","d4157cb096757b5bf0bfc1e9bd0cf1501058e6e7","28f17a8aae8baf53dd529384cc42ebc42ceaa3f9"
"https://github.com/allourideas/allourideas.org.git","182","1","[b88d6d8f85f7793dc7dd636aa9497072492f255c]","0","0","b88d6d8f85f7793dc7dd636aa9497072492f255c","28f17a8aae8baf53dd529384cc42ebc42ceaa3f9","7f4cb24be10dd433defe381c281796c671d6d796"
"https://github.com/allourideas/allourideas.org.git","183","1","[63b8b7480093694ce7a3bafc65b4f1b221beca82]","0","0","63b8b7480093694ce7a3bafc65b4f1b221beca82","28f17a8aae8baf53dd529384cc42ebc42ceaa3f9","7f4cb24be10dd433defe381c281796c671d6d796"
"https://github.com/allourideas/allourideas.org.git","184","36","[298e0cd66940cfd80e5fd1d79d29d68554581c0f, 7bf5454caab2d87554abbe19794108acbdab930e, 0044782c559f6d767bffcb6b66ac356c6ddd51d6, 7a7a7f3f986d9d9dec5693fe60c01cb991466f23, c734832b7f1ac609d262c363da017747c2a2eba7, d88010cdef78e14514ebf7f82853ee820d0cd864, e104475bd57d7f89cb500bfc902b32d96eb0b09c, 6e1eca967ae0b79b2d572b7c763bdb536530ddd0, a1b0dbfc2b6ef33ac7965137d4c4212843a64e5d, 58a91f8efcb417f635aea7c97753c69be7383588, 643dea7311321b4386be7ea32967f4be3f295693, 52abba5111c2941a0422b389d9e6717382ce82ba, 56548be0290fc32b3654e1770af7316a4dd070d3, 0b112634c49873681db087a39e9f3b880fd7a024, b50272b91dd16bfe5bf2d472be904a0c20871792, 4b507fe44ad3204c9c9b9eb8c50305b63321130a, 7f23368a95defc6dba11400e2d4adfad8081dab1, f11e594b190745590b37b5fe87629160bf5981ec, 4b1a48755d034d6bd47565b32bc02300066ce0c2, e44fbd82cd08c6c46c3ac3548bbe58ee5d1ffd27, a169e07b979b7a391d18a8ffdd22cd079f4efd84, 1ec67209491c7c047c326f93e10d940d00333caa, 14b696b58965c150ff793ae87f9c302047464824, 037111c2f891c2f943f411f4c45164fab65d29b4, 58eb2873b09d2375a85aebe1a0040b67652312ad, 1d8a3ae3dce45b47c2b4da399df2dff0f71d2b56, 3b3b6c20bd255833a788620bceb735d33edb2c2b, ac3c74ee7320397b8f3c8fb5990215aa5980945d, 1749dec343483a7954e213314d00b7cff94838e6, 55b376d7ddd7087a1a59a4559e06e7c97448aae6, dfd23ab7dc665d3605bbcbbab5cd71f5c00d6a52, ffb713001b139622d5c152e2f68ec73ce3337328, 6df85d6d977de3dd7509e8f6d23144b0ca20ef79, 3053dbd45ce70f5810e0a700597bab14a1badc87, 4f47f6df8db570cc93913cecda770bf980c9cff3, 367df2eccaa5c5b242cfce87e9cee764405644bc]","25","0","298e0cd66940cfd80e5fd1d79d29d68554581c0f","73e7f6a72828a1f6b1c20614d782829eb4266165","c58111e0032661c062f056771bde77b9741708e3"
"https://github.com/allourideas/allourideas.org.git","185","34","[8ced6859bf62f68c9acdc0428e83dec8ec10ed53, 5edda0986863d84fd01b3def18ae3d748f79331c, f986e554fef2d11054149cad9d04e0575d05ec56, 472382a36600d255a10a1cb8450c0b350c677511, 9d9720c1e38bd243418be20733494c196ad136b9, 400ea2d4226299d5d26391c5d315720e7b9238cb, a6d7ff0e62ce768d14e8052223f5f6ff76ee1cc7, dfb40205f509689d2c1d0ca10f4d4dba4dbb10c9, 968eccea2c72274b734ded76442e22ee3eea49b5, 1aa18d0c63ab2582352ac04e1e95418664fb7114, 553a323e9356f73fda28d2180aaf396e0ba5d240, 709ba1268e4b25bcee402b14da1a39bedae16ebe, ba31edd6a6afe4b719cb8b3d809373da18b2567c, 9ab57f9ea0938380ed3edf4baa21a515d01add77, 9786f4274444ef4fff1d9525128277b4d9ca8dfb, 8ea451ad2e418e5bddf3a3a7924f413056a462e7, a7d256e9e64ccc4e346dd08d90e5101f4e76924a, c012769c62984102810d2dae5e325f5b12a2192f, f8dcfb375c732b8d488dca5121781584da61ffb1, 51821e7eaac89ab7d6b2adfb13473bd89bf3cbd7, 893ea253ce9fc82f57145850c73e7e62ad1bb820, 74b8c0c515dc7be28002f56734891e0c12bc3018, feeec9a761fd77bd5f070c2fc2335306eb29abc3, 10d2c6e81718764f8938ec799a49046a56e19bd3, feacf7247a48e9c4f6ea4bbe9f79d89cef094dd7, c23f7354f27d4edd7911bf37cdd956dfb6a7a67c, 34495b3096ab75532cf301cc08bc3c02babe9905, 121301b17bb25f00d787a077f719fbee2067723a, 291f1209254f6fb9c30ee3d9bc24c948467a6b42, df6158f91b505122e7fe4fa774488dad067b1c3a, e49cf24beb9fdc77ee7d385083573ece8b064271, 98b5a3572ffc6f8c1c505984c1b4b6f875de282f, 2eb54f602e8768c244a6a1fdf45fa821fd15cc92, 4924522589b16cc488f627608d4c3dcf37c4e838]","23","0","8ced6859bf62f68c9acdc0428e83dec8ec10ed53","73e7f6a72828a1f6b1c20614d782829eb4266165","c58111e0032661c062f056771bde77b9741708e3"
"https://github.com/allourideas/allourideas.org.git","186","1","[e4c0d20c48cc6b59014d84792683b400c39583d6]","4","0","e4c0d20c48cc6b59014d84792683b400c39583d6","c58111e0032661c062f056771bde77b9741708e3","9e7892d0ed72a2141361834b36b7ff160c7ba004"
"https://github.com/allourideas/allourideas.org.git","187","4","[84649df0e615545da59616ac533c8d6b0898d912, 4dd03621e5c5cdfd68dd524b738c7830549a83b9, 0c977aa4c7bc921900192bbcaec8ff8335c1d76a, 1b7691d36ed796e4328b3accd9726e14f13efb09]","6","0","84649df0e615545da59616ac533c8d6b0898d912","c58111e0032661c062f056771bde77b9741708e3","9e7892d0ed72a2141361834b36b7ff160c7ba004"
"https://github.com/allourideas/allourideas.org.git","188","1","[e22ba6aac3f972e53509711dfb9d1ed22c35aaf6]","2","0","e22ba6aac3f972e53509711dfb9d1ed22c35aaf6","69587a40c75227586e65611c29b380dc79782a8e","f9caa48ee0d4b20c4c92f5e81d944c7c08c7be6d"
"https://github.com/allourideas/allourideas.org.git","189","4","[e8b4bfdcf52ab40dca1c3292ce977e64cece7efa, 4492e7d69ff9566dad7be6b518c8b251f9bd0b61, 7d5328565a037eed4d42b69b267ef86756caed23, 2aaab414157b789bc5ade3f8d2db3fb6b242c3c3]","3","0","e8b4bfdcf52ab40dca1c3292ce977e64cece7efa","69587a40c75227586e65611c29b380dc79782a8e","f9caa48ee0d4b20c4c92f5e81d944c7c08c7be6d"
"https://github.com/allourideas/allourideas.org.git","19","20","[3572b64ec5e780b015404365ce342958134cbfaf, da87370b5dbcfa68ff61a2897ce3e9ed09383ebf, 5319056f419a644683c060b4b6dc1dd1ce849bc3, cd4e7068c43ad04044d68734488bbb59d9e21509, 487bb9caeb2a4f1af97e6c555a6d672d7cbff8cf, 57788b5826f70ad16793f8e2947826b9d366ec99, 188233209f99b543131f18b565d75f85d381dbe5, 30fb668eea25d74f0c70324231f62dcd13abd422, dc4f14eea7782f8c8479dc4a8879f859ae92b4e2, 5076a6d1073b38bb53a237dddd4d1ec2298ec928, 8e6d8b5d200c0cc7dbac164172f1b3360cbf1b07, 8ec24ab4ff76d60c6d2f437eccfbef3877b47bd5, dc987f295662ed0795d4583cd51dca2d9039d058, 54c4f1854aab48eb6427cc2de5417b1c9f561e67, 325818be44239fb3f65d311d55e98abbd4669f6a, f5348a26a8ddc3f159b725374ceff46e5a780267, 7b40d2682e2202f1ce4c6bf0bab4e7f9e7007d86, eea2791d9d639031e28be90f185a24af7331ebe1, 2347dbc84073686da9bd791b49f194209c6f3a3a, fea670383eaf28375c57bdecf60805ab1387a64f]","8","0","3572b64ec5e780b015404365ce342958134cbfaf","6671ef9a038d4db452f64cd2e5ae6ebe44434fb5","1b83254365b07a3a0e4e14a7d7b611af9a9d91ee"
"https://github.com/allourideas/allourideas.org.git","2","2","[ffaae114bd7ea87c7baa35d6d59fe3025f175e12, 2ab0803a8e52927380fb7dbe8d837b05d0a77b5e]","1","0","ffaae114bd7ea87c7baa35d6d59fe3025f175e12","f893d9cc690dfbc30c32751fef576bbe1864fc9a","aad08fd47ffcc155a583ae26f0c1efe4cd13631e"
"https://github.com/allourideas/allourideas.org.git","20","1","[e089da1246f36582b32de85f5326277ac37592ff]","1","0","e089da1246f36582b32de85f5326277ac37592ff","6671ef9a038d4db452f64cd2e5ae6ebe44434fb5","1b83254365b07a3a0e4e14a7d7b611af9a9d91ee"
"https://github.com/allourideas/allourideas.org.git","21","1","[7ad3d5661d52d60849a32dad6279609f7ff12223]","1","0","7ad3d5661d52d60849a32dad6279609f7ff12223","5da64092c4d0656f0f91ff29a39f894dc890d26b","7ee9708130915e139912b36dea2ff5f9a2bb2cea"
"https://github.com/allourideas/allourideas.org.git","22","2","[8f61a0db11cf6518adbf308a51bf69ec015fab68, 81852f0defcf1f79df1f19ad99edbae1f5286bff]","2","0","8f61a0db11cf6518adbf308a51bf69ec015fab68","5da64092c4d0656f0f91ff29a39f894dc890d26b","7ee9708130915e139912b36dea2ff5f9a2bb2cea"
"https://github.com/allourideas/allourideas.org.git","23","1","[690110cbd68f26bf4cb5e71ca2453a3d4575e597]","1","0","690110cbd68f26bf4cb5e71ca2453a3d4575e597","e14b5492d514fd1ed7d89fcefbb2f4546ce1c06e","47a3211ee34be75a0aaea3ba851c32ebc22d1078"
"https://github.com/allourideas/allourideas.org.git","24","2","[ade0683a7efce7d0037be96e72f04b4b141c39ec, 634897d76040605b06e9acb8a9233110b229ff7b]","1","0","ade0683a7efce7d0037be96e72f04b4b141c39ec","47a3211ee34be75a0aaea3ba851c32ebc22d1078","f912dc467660bb2b69514f63ac2e872c69aab963"
"https://github.com/allourideas/allourideas.org.git","25","4","[0fb438c2817687de32a317c8679814980ab99b93, 3127712e9c0a7d543dc8bd6ce518f275cc4464f2, 5a5a5b967e48b982bf3e78f2d3248fcc5ba0cdd7, 6e6fd83081d59addf482520aff73e9eeff252fe8]","2","0","0fb438c2817687de32a317c8679814980ab99b93","47a3211ee34be75a0aaea3ba851c32ebc22d1078","4c5d7a2831a381276b4d733577a6b7cb44ac9846"
"https://github.com/allourideas/allourideas.org.git","26","1","[c7bb02089693ff3b8d0058be6bb8c7ebbbaaac34]","0","0","c7bb02089693ff3b8d0058be6bb8c7ebbbaaac34","83e15f0ebdaf175b093743439b6178ea872f2200","cb192b2b4b1838d049e9bb81d9f600e9803cd7a1"
"https://github.com/allourideas/allourideas.org.git","27","7","[724c028361b657ec0fc3575b18dc6d4dc42eab70, 201a8bcb48045b38853db065849939b0e4ffdd3d, 9871793058117ee3b4fbd94dd4d67ea073c8faea, 248afde786c558ebb1bf37a87617c100185870d3, 1f8dec7f809eada16748a2e2fc3196ba7a0e98b9, ade0683a7efce7d0037be96e72f04b4b141c39ec, 634897d76040605b06e9acb8a9233110b229ff7b]","8","0","724c028361b657ec0fc3575b18dc6d4dc42eab70","cb192b2b4b1838d049e9bb81d9f600e9803cd7a1","f912dc467660bb2b69514f63ac2e872c69aab963"
"https://github.com/allourideas/allourideas.org.git","29","4","[5a91030d4ae3ccc4e087a1c0e13d2ca4a5b394c4, d519897cd854abad23b79fe7b010266c5bb52c9a, a36aae28e61f20a3023456ae299590fa5cf242ec, 4698ea54c79365e0dca59aec6e56507697f20bbe]","6","0","5a91030d4ae3ccc4e087a1c0e13d2ca4a5b394c4","4c5d7a2831a381276b4d733577a6b7cb44ac9846","b393cea22a642638547102477f149e68f23a631b"
"https://github.com/allourideas/allourideas.org.git","3","1","[4321473539eb5a7297a7fedfaf648c41381b2242]","0","0","4321473539eb5a7297a7fedfaf648c41381b2242","c2ed2247d2cf7f8a2cf406b9bf0c752370032143","0b21b01820739dab2b5cc8dc08a0400aaef676ce"
"https://github.com/allourideas/allourideas.org.git","30","13","[f912dc467660bb2b69514f63ac2e872c69aab963, f29d6001c4c7d1f32767d698695628c4f7752909, 3283924c418e02a8fe441e5c009433c2fe6ac8ef, 40fdcae51cec3eb32e54553eff1e8aec8704aa95, cc53cc4f9f685cac866845b4fff92cddce74b789, 9fb8522863a7fcf96ab4ff0bf1dd5b0ae0447343, 2a9fedbd249fc5e26915cf4596f5dc0694f95c71, 855e29d04851affdaaf759bf741dde78326ec33d, c2dba1420f1cd7f3b26f18c76b76978953218a43, c86cacb4260acb2a111b0135a521f2e794a9e1c0, 91627b150e34f4061e347cebcf0bf09d63fb17d4, e1c16eb3e14bb202b69c3596b023e45f735417e7, a70b0810eeed62c9140af45a5a12dfcbae73d978]","3","0","f912dc467660bb2b69514f63ac2e872c69aab963","4c5d7a2831a381276b4d733577a6b7cb44ac9846","b0ba280b21f380cc2ebadcd062dafda4edb43a26"
"https://github.com/allourideas/allourideas.org.git","31","3","[4a5e9310b13dd350efe4cf5bdfe273cd7205962b, d2a5141d1cced881affdb994bcf6de0101bfc1c1, 8acccf4f92020f917cf20e16ab354d935864de22]","7","0","4a5e9310b13dd350efe4cf5bdfe273cd7205962b","b393cea22a642638547102477f149e68f23a631b","d83899054d7276242bf075e903facb2387a9f9ad"
"https://github.com/allourideas/allourideas.org.git","32","2","[b0ba280b21f380cc2ebadcd062dafda4edb43a26, 09e721bd7b167d0b1806aeae3faf6633204d1702]","4","2","b0ba280b21f380cc2ebadcd062dafda4edb43a26","b393cea22a642638547102477f149e68f23a631b","d83899054d7276242bf075e903facb2387a9f9ad"
"https://github.com/allourideas/allourideas.org.git","33","5","[a2dc37c0741b64644523c65b1c66a6f3a39b6836, 923638f2cca3b1dd7c877829315527314dea55b9, 70f7a703a57c3795f1e8b25556dfda2a928f744a, 67b0957555d59a12fa96916b9e557f50b9b641b7, bed6567344f627b81d7bfb080598feec5bcdf10b]","2","0","a2dc37c0741b64644523c65b1c66a6f3a39b6836","ba8ca3fc1b5b24600600e9a499b16bd3bac0588a","61910e2fc242af7f7587cd123c884488d6163b2f"
"https://github.com/allourideas/allourideas.org.git","34","1","[17cd2c6ba1085934712ee9b463ec21d2526a45ba]","0","0","17cd2c6ba1085934712ee9b463ec21d2526a45ba","ba8ca3fc1b5b24600600e9a499b16bd3bac0588a","61910e2fc242af7f7587cd123c884488d6163b2f"
"https://github.com/allourideas/allourideas.org.git","35","6","[3c34e116388b244a7c8f3f3749d34c3cef1aa967, dd15ff01cc69c0e5c6a148ab17b522d79c37c866, 9b5d4ba6ae6fee18175830780350cfe685e1ad93, f43be98d439bb266f66d89803031e43708b14f45, e812c340ce212fa9810394479278af72393d3b21, ffbe78ce2d40a7d79f1e21eea7f99bfdc6ab87f6]","7","0","3c34e116388b244a7c8f3f3749d34c3cef1aa967","e4f9027a4f90000f50213d79858365d8a7c12e2e","0fe349b5f20b7887fc0811e7177ed25e23441f56"
"https://github.com/allourideas/allourideas.org.git","36","5","[8b26678f101d18eb0074b0f536abe3106234aad9, 5bf2ad37e1eb38980b70bc9246c78e496cc50a9b, 6392cfa74dd818a36357646df8fc8bea08998db7, acfd0ca4975f0b40b2c439c6ad90c8f2b390b5bd, 73f2c7418f2262526321b5d639610fe5c477a51b]","1","0","8b26678f101d18eb0074b0f536abe3106234aad9","e4f9027a4f90000f50213d79858365d8a7c12e2e","148c3f7cd16e24032bc46cc5a780271feece872f"
"https://github.com/allourideas/allourideas.org.git","37","1","[81c0dca418a16bb203b086dee84e8096cd8d2cd7]","1","0","81c0dca418a16bb203b086dee84e8096cd8d2cd7","0fe349b5f20b7887fc0811e7177ed25e23441f56","6644c96380ce216f71c336fe71d84b9bd65b4e21"
"https://github.com/allourideas/allourideas.org.git","38","5","[148c3f7cd16e24032bc46cc5a780271feece872f, b0e2041353bf1b30f824cf37971693c680ea9038, 20ec9c50d9933fc77e15225e3484fe36125dead7, e869a609b419635b8adb16f60fb35f0543f03e46, 2c2bd58ca5cd9d55934d2a9b1ed9ff988a3bf91c]","0","0","148c3f7cd16e24032bc46cc5a780271feece872f","0fe349b5f20b7887fc0811e7177ed25e23441f56","6644c96380ce216f71c336fe71d84b9bd65b4e21"
"https://github.com/allourideas/allourideas.org.git","39","21","[d87e7ea47b6c787206904ee0999d2b4df4489448, 42733b10b99804642e4823902c95b931a3cb04a6, 4fd1e09ea186bd845585436c2374e9e1a4aa8a0c, 2b91570d98b39fbcfd7b296cd5269931374b0fbe, c1e11557930b66087b345780409bec06ddbf3163, 1973cdb5c32aa8284929800f7df3cf39f8c231ad, c669799fc0727a4e8fcb2e3221e71902a2f3603b, d428bafb9c9d5a9e0a8299595eaa14f1b420ebbd, 060703fd0acaedfd78e83f5425860a1cc705f6b0, 870baba95296b98e2ab128ff32a9578ee04e806b, 750eceacb79a7f404b63516f2878c5349042fb48, 5a7a0949b87147c4ee970e197a7d120c33d0b704, ba68133879ecfc69e9ec729047ea58a51566c40f, f3b661a3cf72b340e9f235f8d705af77049ca0ef, 5cf83eb5adc1908137c3776cd48feba19f6cb95c, 757fc1b353e2705632603a91b8b4e0bfacae5f7a, e47ebd98818243a01a252286fd1471d993ef6d1c, 8d6aa0798c446ac26b54c3aa91fabe3ef98f0b30, f9f0fed39a3c7dafea9e98212e4766f1362f163f, b10cbe9b7c381e48150318aefdb40e8eb83c3315, 3397901d11f604f7351234a9dfb13ef5e94be8f9]","7","0","d87e7ea47b6c787206904ee0999d2b4df4489448","041881077ec862d4913a891d7a05e55ba27867f7","44ef7dcc6679862bca93df7c8d5c48b85c64e33b"
"https://github.com/allourideas/allourideas.org.git","4","3","[a5f5f93a31566e65721f4b9646932586491067ab, a895ad0825cf98fc414e9182469d55627fb92ec8, d182111103e13ad47ab34209b997e67c4518764b]","1","0","a5f5f93a31566e65721f4b9646932586491067ab","c2ed2247d2cf7f8a2cf406b9bf0c752370032143","0b21b01820739dab2b5cc8dc08a0400aaef676ce"
"https://github.com/allourideas/allourideas.org.git","40","1","[0c02a7fec45105ede61addaa9b268cabd1b6e272]","0","0","0c02a7fec45105ede61addaa9b268cabd1b6e272","041881077ec862d4913a891d7a05e55ba27867f7","a9c7de40d00c4fa3f0882a70b72f897e73e24846"
"https://github.com/allourideas/allourideas.org.git","41","7","[a9c7de40d00c4fa3f0882a70b72f897e73e24846, abf11fe7d9888e865d35616dd3e646f44b38ef95, cf4d1c99354e411251aedc554298167bedd05376, 6325885bcf96ad0f18be98c218cb4036d6221e62, 83e40d288edbc69b63227ebca0ee5dc290295193, 3cf10fbe922ae987bd8c60180a228e713a2050a0, 38d525e7c97dce1b82ad8cb45e4c7ce93f1f8717]","2","2","a9c7de40d00c4fa3f0882a70b72f897e73e24846","44ef7dcc6679862bca93df7c8d5c48b85c64e33b","6055d207fbf25f49801b0e5987195247b30fe6e0"
"https://github.com/allourideas/allourideas.org.git","42","1","[6055d207fbf25f49801b0e5987195247b30fe6e0]","1","0","6055d207fbf25f49801b0e5987195247b30fe6e0","62986fc4264a7b8dbb4d316668e5ea979812b76c","a293645dc9415edc71642985293f74fa71011703"
"https://github.com/allourideas/allourideas.org.git","43","2","[a293645dc9415edc71642985293f74fa71011703, b3a345cbd25a8b5b0da4340e9eb1e8d84ab798fd]","0","0","a293645dc9415edc71642985293f74fa71011703","d315900a9a29ff8c43a2237333a52e5d9dbd9cdd","33053eb02280517e706e35b5f7262cebc2d88805"
"https://github.com/allourideas/allourideas.org.git","44","2","[60c776684c661750c73a7fb84dd9acda5121067c, 317830fac4da0384f5f3c0e588ab2efb9e3e0464]","1","0","60c776684c661750c73a7fb84dd9acda5121067c","791f6ad7afa927bfc635fd9adbc12441d459499c","6ffbe76968eb01c82f4595843560e3d1567c11db"
"https://github.com/allourideas/allourideas.org.git","45","3","[33053eb02280517e706e35b5f7262cebc2d88805, ba4acdb508f81624633ba9e9e22b567a8fba451b, 4e033ed3cb64f9bbf795655d378de04e1b931957]","1","0","33053eb02280517e706e35b5f7262cebc2d88805","791f6ad7afa927bfc635fd9adbc12441d459499c","7ee3aab865333e396c10630e6974e24d2fbeb359"
"https://github.com/allourideas/allourideas.org.git","46","13","[82adf8d0e690db9a9c757cf99d546053072ae825, 2e0abaa226b563dc3b4993f2b2424cab9f9c688f, 647e06318c7397cfbd6cf26e623b0c5657b3ae32, d69d194e570e172ef2c8735b801fa6b4dd101f0e, 834ae104b4495adf6ec75d5cdbaf2cc8ac7be2c3, cfa01fd1ae1a57d391691f4c9ac52c76fccfacf9, 48240f36be2bff6b22c005646352fa0d1229367e, 24bc6f16e152bd32519a682eded12c58ae5c7754, b4e73150028d43e8a8fd6be281bacfb4994178c3, 65f3c20bd520774e2ff7ba7a76bae3fc462a768d, b1c5e700e9ec4574680ad112c9636798a2efcaae, febdd50672273a09772c1e1c5933e67ecb7f50c1, c226be6b91c0f3bcb0c5cb74178637e20f675c00]","8","0","82adf8d0e690db9a9c757cf99d546053072ae825","6ffbe76968eb01c82f4595843560e3d1567c11db","786474c4c6aaa97c1bd668857b1a21e5d6bc4c47"
"https://github.com/allourideas/allourideas.org.git","47","2","[7ee3aab865333e396c10630e6974e24d2fbeb359, 25434cd1359712131b2a6208e434cee1d0e53612]","1","0","7ee3aab865333e396c10630e6974e24d2fbeb359","6ffbe76968eb01c82f4595843560e3d1567c11db","9469730b678355c4a7c1de9dc9fbf984bc5dd268"
"https://github.com/allourideas/allourideas.org.git","48","2","[9469730b678355c4a7c1de9dc9fbf984bc5dd268, c75cca1cccbdf2359387ed8401cfc654b0dfb378]","0","0","9469730b678355c4a7c1de9dc9fbf984bc5dd268","786474c4c6aaa97c1bd668857b1a21e5d6bc4c47","8a3ddb699a5cacd08b0f76c3b286993b0acab9c0"
"https://github.com/allourideas/allourideas.org.git","49","4","[a19dbb63f8a3801465b0024ecf351df11687e6e0, e78ed8a5a21a8cb560fc3ec59648bbda5046f6ca, 43d8514616818b63100c23fb6a2cd323d8c81e76, c17a56cb8990b409c2d6d659d505e415c26451a6]","2","0","a19dbb63f8a3801465b0024ecf351df11687e6e0","8a3ddb699a5cacd08b0f76c3b286993b0acab9c0","ec3d95a986524c1eb9cbba77bc5735038b26f6d8"
"https://github.com/allourideas/allourideas.org.git","5","1","[efd2c5b5bbfe931a6a3944cb74e97a3f9644d2d8]","1","0","efd2c5b5bbfe931a6a3944cb74e97a3f9644d2d8","5c9bc46a621a19d06111074aa56d1cd71a9daea8","4f911761944fc76ae222f636653dd9705c487424"
"https://github.com/allourideas/allourideas.org.git","50","28","[e8a422514cc325d3585493f7902aaa40dfa69ef8, 6058c5c34b722fd376bda45bf82af26a80f546fe, e833c595b702d9fa92fdf043c52892b2a24f427a, 20f598f4bc2e213ac32650c3d4529b014d014f1a, 2a62d3a316292e4f3cb996a52f356b07a81a14e8, 9f7ef670f4386917d9c1441f6452ad0124f1a539, e188156d3189db6d197191ce113b7de72371d93c, e743281ea3ad209060f7054d0c7d6e5dbc4917be, e8988f8576b7ef2b6af7de6873292f8dc0d87366, a3fd0140ae4a378d96a7c3857aae8894d1a9a0e9, 9f8596db3eb4d6094d48bf0987f3fd358160ab35, f71e4327330c14d6a6e7801ed7f5db6b82617acc, 9dd0eb571f40d3b8422cd5056dca76982e2deef6, 68ceed24e24e6f5ddc8040ccea689e1f0d7e3caa, 58c68604ef8c34c5018aff8cfe5cd0015ca6680d, 63aba0ac25dab75670c6d2bfa521b3db4eaecdd6, 8ef1ed99538a82cb638e7dd19787ffd09e6add57, 74f06cda6d19670c96c46748adc6f413ea24007c, 0283a77ed117d43edcf4c81f528ddf95fa5b88d5, c9de96e580b0443ac5b88a28ce4d7aa3483881b0, a44ceb110994d6cc3cd3912e9bee0f5a76c8ca68, 1b5054a10959da7620c20a80c1898f1647aea5e4, 2af976f83ed6cb60ebfafd96635c1aeb6fc39d11, f4a91c8a178b33ff9f5d6be66d863f117391a18f, 649a06278cc1c341ab91453e2f3b353ed4b78ec9, d888fcc54ee65e45fadceb8e14da4b8763b57460, 24a291da35f2f86a7f5cc31767b769c77311e344, 7542565ba93fdecb2651b0ddafa3c696f38c34cb]","2","0","e8a422514cc325d3585493f7902aaa40dfa69ef8","8a3ddb699a5cacd08b0f76c3b286993b0acab9c0","ec3d95a986524c1eb9cbba77bc5735038b26f6d8"
"https://github.com/allourideas/allourideas.org.git","51","5","[ec3d95a986524c1eb9cbba77bc5735038b26f6d8, aeadf081e7ca2dc08420dcdc82b1b51cf20df169, b44d1f722213dd63a821eadaf4781abfd4da106c, 77fd96c82a7c9c1ec8268320704ece1fa740732c, 57ed3bd8f194f382f169112d53a175e46efbde5a]","2","0","ec3d95a986524c1eb9cbba77bc5735038b26f6d8","2f44089a55be7d3f11188a0b2a8e671007e4b41a","5caaeaf4ed4f5339e413bde89c32a78bc165e2a2"
"https://github.com/allourideas/allourideas.org.git","52","1","[5caaeaf4ed4f5339e413bde89c32a78bc165e2a2]","0","0","5caaeaf4ed4f5339e413bde89c32a78bc165e2a2","519556248cc2c9c2a59fb4cd48db60f52ef83389","aaac8df0762ca99fa720d19d02ed647bd28d1c21"
"https://github.com/allourideas/allourideas.org.git","53","1","[aaac8df0762ca99fa720d19d02ed647bd28d1c21]","0","0","aaac8df0762ca99fa720d19d02ed647bd28d1c21","34c3f6edfea04d14813bc78c73fdc887f5ce8e89","d2b0c5ece089595e599206c71bc79f78f99012ed"
"https://github.com/allourideas/allourideas.org.git","54","1","[d2b0c5ece089595e599206c71bc79f78f99012ed]","0","0","d2b0c5ece089595e599206c71bc79f78f99012ed","fd23626bbe4b93a729a07d64b78ae605d3572f33","62842228146b591995d39cd63b9fa3925f2b7883"
"https://github.com/allourideas/allourideas.org.git","55","1","[62842228146b591995d39cd63b9fa3925f2b7883]","0","0","62842228146b591995d39cd63b9fa3925f2b7883","dd4f061a77782a870608c212175b6686b0fbfcab","96de46d069997d191b192f7859f4488ed0d2f139"
"https://github.com/allourideas/allourideas.org.git","56","8","[f1e1ad18512c0c02e35aabb1447488e01176a04f, dca0a7b47b7ea4b56882e99ebe978f5884575bc6, 88ae22ed895885516f9d079a436e8428812cc5c0, ce39a40394b84d3f8f152089de6f9e9f32d5b659, 268057fb38921da951833cf5815a9ed4eb46c246, c723f5657727d12c98ff15e901e0cdb069877c9d, 58fb07583269a7aed62c7121116662d6575e10f9, 81770ee67006321cee1869b1e1439f89e45b98e8]","12","0","f1e1ad18512c0c02e35aabb1447488e01176a04f","7de152d01d3a769d250494893eace82c6966b037","cefb4ecee1d4a8d27e66b78cd66e03da715f2bf0"
"https://github.com/allourideas/allourideas.org.git","57","1","[96de46d069997d191b192f7859f4488ed0d2f139]","2","5","96de46d069997d191b192f7859f4488ed0d2f139","7de152d01d3a769d250494893eace82c6966b037","1efc18073f064e6ddbc4e1370a715613c159953c"
"https://github.com/allourideas/allourideas.org.git","58","3","[3c83a851dafbad251176b3b818ebe8028e5dbfa1, 57549108a9744fd530db0892383c1f8f09343919, 39fe7bbf2a7d7baad2ec421e95813e22be9bea74]","2","5","3c83a851dafbad251176b3b818ebe8028e5dbfa1","1efc18073f064e6ddbc4e1370a715613c159953c","9b993fa199fba5db3646da5a2667eab9d7e210d8"
"https://github.com/allourideas/allourideas.org.git","59","2","[35e3643fa46158b40dc265b9462db101f27cc04e, 7766ff1a871d8dfaf8e266378306ca915ce53da2]","4","0","35e3643fa46158b40dc265b9462db101f27cc04e","1efc18073f064e6ddbc4e1370a715613c159953c","6b26b08aa52318daa6a49348211ab312a89e6746"
"https://github.com/allourideas/allourideas.org.git","6","1","[12dc545d097aab43e8cd73f54ff708900d90222c]","1","0","12dc545d097aab43e8cd73f54ff708900d90222c","8932d9643253950b6b9d8427dbfed71a7780cafb","4f911761944fc76ae222f636653dd9705c487424"
"https://github.com/allourideas/allourideas.org.git","60","21","[ca60b79a6a66cad9e2492dd0e484e9d75c750c42, c175aa8d632b90ac2d81b17300cd29be90979d93, 007a3ce6a820e81a31110358d47c92c4300a1f06, c61324cc8f9b637c4e635fcfcf60093511c49d48, 70f4b0b932ffd4056609a09d36c1ea87a0f5a82c, 6b0e9264716663a2035da96acd6d1f66d34ec6ea, a54812c15bfedec9d898df58eb48c920b3eea4fe, 98d9d6715a11e2edbe76984014ff124f8279f4b6, 79b031c06504e257d5acd3832a91189ed459be15, 375fac389be01942dad020a069fe012411a34b38, c42dc5bc93425c594335b6cbfe6fbb8d3e2ae2f4, c9b3281f9efc3151c6ce3f03329886aa884720e8, cb48d10af5666856f831a359f1143cddcab02f5e, 4d48b5be9320df1bd9a9350cb818f3c49e4a7933, 73d9250f596463c7b30d91bcc1a10ece74b4cbbd, 2864e90b738bc14eb6bdbc31e98e618b094f0f9b, eafb909b5db63e35c3873a92a141a558e638e891, e7146c551aab992037704f89298499a43e498a4d, 737508c889674428f7d977e2b6d0eff4050408ed, abd2579cef727133d52ebf24c43941bfc3bda6df, 05756e55f2c202a952b4b972ab491487ccfb6906]","3","0","ca60b79a6a66cad9e2492dd0e484e9d75c750c42","9b993fa199fba5db3646da5a2667eab9d7e210d8","f6c83930ef39cbd0866ac5bb6c86b49dadb3d9d9"
"https://github.com/allourideas/allourideas.org.git","61","3","[6b26b08aa52318daa6a49348211ab312a89e6746, f8ed44671a0da7fadfdbdbc158f6173053cec42b, 4e1f311b7b9b2d59af79ceb0aa268744d011caf6]","2","0","6b26b08aa52318daa6a49348211ab312a89e6746","9b993fa199fba5db3646da5a2667eab9d7e210d8","f6c83930ef39cbd0866ac5bb6c86b49dadb3d9d9"
"https://github.com/allourideas/allourideas.org.git","62","31","[7027d26935f34becb14f7063b866de483c10b6e5, 95fce4db65ea94eabd19d533ece0fd97e1626599, 2427c43d456f4fc8abc17576746132dc6c1fa461, ebf51e21d254b901f81b8d5a352df611e8738860, a3d186452abd2c1c3f686bece7ee6a61564b4c5a, eba644a20d9bed09ab3c24be85efb18dc8a57d35, 9bb74eebde62413a762fb1f034320e9ec668a7b7, 2722cf22d18953465af7c6722b3d96426437cb78, 5529d9c0ceb5f5105586c87452a1518819208295, bb96649b3ce161a3f33b1247329e99cdbfea6d69, c9e8cf01246bdb91102d54c2854be5afa23dc005, 261a6be4536d887b7699233e2389813fb8f4e0f4, 8d8ac5cfd8d0a2ac26fb923e738be091c11e4973, 81a066356f005adb17c65366a885bdd305d7902f, 2d8e4c9dcd5647a7966a652cbd8c47481719e164, d302141d16414c0b3357246d07929c08836f63ab, 76d24292d5829a40efa4d4b29372cc87a51337cd, 6107174238d795eadcb3f69a8d0cde3a4c91e0ca, ed94fbe892e2995038289ea7fb388088c3b5d978, ed47690f6b8cb09f88c49571dfe2a6d57ea980ba, d4c47797dfb2a7e1366ced364dc9d9ab20b844b2, 6a77f8d7788a37c3e2ff2f83f51191404e5c3944, 0e81f98084cb8c853f4484e1e63268bd2348a717, a7d386df699e8af76e6caf16ff8ab57b00d4bf38, bcfd260d9a30358cba2ba043a21e0f1a24201a7a, c73b73b5693bb06c4a5590dc2f0866fdef31a4d9, 9a4e46a6d8cbd12c27d41d85bbb738b6ab728d81, 649b6a7579ea7b6310fc73576a1f63a00afa254b, 3663a3031610573b54d70021f996bc20cec00b89, a5b4bbf99c03f0d58404e31df9c32ca9bb14297f, 7dd4957def8de9fe2c001a17aeecf91c7c5b8293]","9","0","7027d26935f34becb14f7063b866de483c10b6e5","cefb4ecee1d4a8d27e66b78cd66e03da715f2bf0","f6c83930ef39cbd0866ac5bb6c86b49dadb3d9d9"
"https://github.com/allourideas/allourideas.org.git","63","2","[f8ed44671a0da7fadfdbdbc158f6173053cec42b, 4e1f311b7b9b2d59af79ceb0aa268744d011caf6]","2","0","f8ed44671a0da7fadfdbdbc158f6173053cec42b","cefb4ecee1d4a8d27e66b78cd66e03da715f2bf0","f6c83930ef39cbd0866ac5bb6c86b49dadb3d9d9"
"https://github.com/allourideas/allourideas.org.git","64","1","[ebf69163e0ebd2bd8166f605ab20cdc2f6640da5]","0","0","ebf69163e0ebd2bd8166f605ab20cdc2f6640da5","e9a6fee09289afe08012daa6456921be53dde684","28f74c3627e39b311aa586899091e7ad617be261"
"https://github.com/allourideas/allourideas.org.git","65","1","[4953d83e306fd429ddc711977439db95262c6dac]","0","0","4953d83e306fd429ddc711977439db95262c6dac","e9a6fee09289afe08012daa6456921be53dde684","28f74c3627e39b311aa586899091e7ad617be261"
"https://github.com/allourideas/allourideas.org.git","66","2","[180f69f1c8e9b989cb8bde7c0a921eedd7301115, 98ca85eb3e18a6ee691da67e5c368ce24a377e46]","21","0","180f69f1c8e9b989cb8bde7c0a921eedd7301115","caeb8cdcfa829b66d124954926bb463f7bb16892","acd25d36fd03508053c6eab3ccfb7f587656d0ab"
"https://github.com/allourideas/allourideas.org.git","67","3","[28f74c3627e39b311aa586899091e7ad617be261, 04a32b6bd83d272d6358a817df11bfd9e227358a, 43c77a54f717fefdbea3bee8b906cdb5a59d175a]","2","0","28f74c3627e39b311aa586899091e7ad617be261","caeb8cdcfa829b66d124954926bb463f7bb16892","acd25d36fd03508053c6eab3ccfb7f587656d0ab"
"https://github.com/allourideas/allourideas.org.git","68","69","[d5f896172c21f4ac9e6085b5038033b131ef6894, ae487915fbb4c03a57e8dcef5eaee76052cb1326, 48d258f370c06d83fd15faf82e6fb8fa37fa3b37, c359cc671f05c65874520ed71e694ceabb68a096, b9dfb7dd247bf203bb6b3a81c7531027114f75e9, 8e3896e969c0da74d0c5e622567aef8770190b8b, 5431029d0600b7682cc7755fde47b44f0f063038, 62cf8e7895309bbdfa952ec9b142e670be89cf42, d7cbfaeeaf7152dd469014037f9f604ff61e4949, 61b77e6d6f2b691fd1fb5dd8398e18be0db03d72, bdac416c52413a63d60b7b01d36eec109243683d, e92b5913dc5e8befd94363decd4b7e3d503f06e1, 1b4a6636750bd8e32497d7c7408a7d7b32a97b64, b67aed3578426a3c6d263786a940ae2035e2725e, 088eecf2735274f74b562a996cb4d665438fe85d, d27ba0b44cb829bc2e89b2c9be2f1d1d3b88a2dc, b4f9656240657d8faefe4e75781420246966ce7d, f25219130d34c8c35ccd8575f70b0e3c9e4728a0, 00909e6b319b49720876bd90234dbf9c62dcce41, b2e886242848c65d17327074aeb3443f030e54c5, 515af8ee1219f31cc094a101745d835aa17eac89, 6c985fc7e221ea0039be49c258a0aa1c9f4348a9, eb4159c2dfc230fde780365212a8161bbeb49f31, 79f6b1bf02bce56f17cec58d1e86e02eac295980, 3dfb08c1086c7d900e55c921ad1a2fbf79e38972, f03d7a66ebbda502ef02bef840e547750ca8b067, c5483ca97758c9113dcb5cec67f4b285ebaa8669, ef954980a65d5d701ffd3e33db4269d0e9dc60d4, 77d45380a3f093bdd3545190bcc314d0b624b226, fc22c8ce653e43474d7b65973b952c02fe760b0d, 36d37ed30427424ea750304b1dfe40c1a32b8f51, 982fb0da77003ba213ca5132134c8697d875ad9c, 192cc4c1a2b4c3438e05e0377d7142340b90b7c1, 64c9005763b6fe4f0435c17013fe68ff71604770, 85daf8b72593c3731e325bef6d0ff761479495ab, 974d10494748a953290c5dd7c3e89bf31671091a, 43a25931feb6aeaa61cf3eb36abf390a1a598a4b, bf266eca416f0d80b23c3bade4d8b4e2d23921ee, 10bf047bf5d43b3eceb8c9ded8cf010cf1242567, 4abf9f8b47017acbdb4a2373b304c3ed6889c7bc, b1da396ce50f1e6121d84aab4ac7cd7657a8f593, 6c9865a48f1e3b68fb08a2befdb551c535acb7fc, 7f4dbf4327acd2b02a7baf6215a279f5a1d72e73, 0e9be4cee61c239d1767f1d049d42bea11f56631, f40d88f4f75760d0ac17994dd5295b246ec73bf2, efbfcbf4ae9feb5e06b585152449787b329a2c3e, e55ad023d5caca7d83c23f7645804e3a3d2ec8be, 7b6961cb30fcf67b12a1b35cbe303de6603cbcd2, 9b0cfa6bf6e2ecf75e84c071c41db89c1bf668f1, a377dd71080c99cb4c52c5adb373c1443384360a, 2eb26e56491246f504a1d37ce6cbb54b512d3f67, 05b6362d9b22e7603fbab6769142a563baca4eed, 3c546be5f376b561db121103c68abbf091180492, 4e5b0affd74ca0d37f949cb2582c9772a63a3ba9, a25b6eae3f22b837d2e966c4b5576cf3673f19b9, 2cc312647266ba95509610aaf63371d49648c51b, 6467956a3ebf9846cac74dbbcd4ada4f362d392e, bb78e3fe7774373845fc33f2700b920ec3070db5, cec4f423a45c7bfa755706f6208855840e2f6e09, ae822566eb767cde743e7a5fdeae0891cdb8f985, d0095ee0628ea5db4707931ebb981983bf60b5b0, 496857c8ac38016f51d5b090367730a73b7be7d6, 14c21c46eeb1a0ef3ac2be9776a679b9ea6f109d, 9e01fa4da615d03f2d7af00c8fc908c16244d36f, 1a401189dc6b5f0ef4c4de6af189abce9e76db81, db30ea6a34550c96edbbab65ab601476697d7062, 41afeab9aa96242dd66cc28c0c353778964ca472, 003e34e6184ac92530bc56e1aa07c1e5ab742736, f077573c03953f76221714f4005f06032f5e63f5]","17","9","d5f896172c21f4ac9e6085b5038033b131ef6894","bca29f851c4a007cb050a00845e1e7aaca89376b","ec9106fd384b7d592a2c6751f81fc2d0c39c9429"
"https://github.com/allourideas/allourideas.org.git","69","1","[5dda943e86d28f9511bbf69efc0d8811d6a3cdc3]","0","0","5dda943e86d28f9511bbf69efc0d8811d6a3cdc3","bca29f851c4a007cb050a00845e1e7aaca89376b","ac1871d0d42c6b5610ec076c95e2119e720699f1"
"https://github.com/allourideas/allourideas.org.git","7","2","[9f690ad12c5dffe2bdd88b0c50272758f1c0201a, ba629d69066ee7e6d4e7bfad9dc50eb223c47abb]","1","0","9f690ad12c5dffe2bdd88b0c50272758f1c0201a","cefaebcafe2733b562b36ccb950137d2352fedc6","4f911761944fc76ae222f636653dd9705c487424"
"https://github.com/allourideas/allourideas.org.git","70","1","[ac1871d0d42c6b5610ec076c95e2119e720699f1]","1","0","ac1871d0d42c6b5610ec076c95e2119e720699f1","ec9106fd384b7d592a2c6751f81fc2d0c39c9429","7800ae6eca034e713eab421627c98505ee57ffd2"
"https://github.com/allourideas/allourideas.org.git","71","33","[013a1fc12389d53a03687389c80108a3e09b918a, 9afb99f9928bc45dae3c31f0417b50728d4651a7, ca0d1860bef1573f7f45487f8c752100c3f1770b, 6544694da1d42c52cc96c7aec5253ed9c3b9e8ae, 1f66bf7bcfa24026d47f4db5a8c8cdba9faee7da, e232b119bff99dfc82f0629c7efb3db9e3999793, b88ef5d9c802b67f55f1187546484447d9c30c82, 86d07656b6d0b731f7a454a3a3c77c4d79a3e7e4, 0837a5cc65ed14986d3d36d0fa8ca00eb368fddb, ff2bb772e29e1f056afdd9529aafd88836a051d0, 0b443dab2d99f9e96003731bd46ea701a2e557cc, 1062eb0517799503c3368ed7140226e037da9013, 80c890f57fd2e630e1d869c360e6867903f90f88, fa65c1678f0e8ff1b5db2c97cba3e906a61bc4c8, 099ee8952b1ab90cca25315956a5af16a7b8e4de, 82c68719ba50e6ba312a0e9e9da0d21028ae2518, abd29dac2768cdc7e5fea1ac08c86f2d3691a5a3, 518e3f4ab67026eb3e723d9cac6c483ba2a1a105, 486c391596fb8ed6ddbb70e576910af98baa3342, 79ba1ce2daae986f7439bdc502fa6debf5dab840, bf4288c114fcc376031d438c718f143e9886bd5f, c7e72804c029cdfa5be40fc29231b84376b451f5, 28174b63830de43064f04b918684ab343349ec30, 3fef1314f622c5537fb628c5497e44acf854976f, 119319a0e362f90bc8d12cf65c64a41ef01c4067, 44f71bc69122961770a733ca78a84d11d454617e, 87f2bbd29d40c636af6f8d8697756e687c189cf2, 7e201953224014394b108a5057c8c041d27f0b98, cd10213f13daeef5f7ce918735dc50a9b470692b, bcb355780b17126983f9af655ff712bf81b77a35, 83eae6976c3ade6713aebb3d220bc79d0a9c62f6, f5fbc475c03672f636509723bf58b7627888a290, 2b7e3276cbaffd38d2a7130a46e5a2e7761a87b5]","11","10","013a1fc12389d53a03687389c80108a3e09b918a","ebbf4e6689938a2cc38e00ed4c68e02057e81228","325031214ed9462c74beeaebe932d3b1480ec65f"
"https://github.com/allourideas/allourideas.org.git","72","5","[7800ae6eca034e713eab421627c98505ee57ffd2, 62d402a122ccb176da574f2629485a7e09dc6617, ab4193ef78bc07e3a03be97663371bac488bf537, 4416c0c402209216a2f5529c38d5b7255e138ed4, f580ae2fb46e465c8be6ad1944f805f75b7ba1bb]","2","0","7800ae6eca034e713eab421627c98505ee57ffd2","ebbf4e6689938a2cc38e00ed4c68e02057e81228","2677910d0b966eeae83a5a1f1a0de03e3456e4cb"
"https://github.com/allourideas/allourideas.org.git","73","2","[378390b2760a9da77b80615ac4d260ca875be92d, 6789966f80f40dae683984a24e4aeccbac27692a]","2","0","378390b2760a9da77b80615ac4d260ca875be92d","325031214ed9462c74beeaebe932d3b1480ec65f","6321ac915dd4f80fa956a0ae7219163268867430"
"https://github.com/allourideas/allourideas.org.git","74","1","[2677910d0b966eeae83a5a1f1a0de03e3456e4cb]","1","0","2677910d0b966eeae83a5a1f1a0de03e3456e4cb","325031214ed9462c74beeaebe932d3b1480ec65f","d739cf83d636fa17b657f07fde271eb75574143b"
"https://github.com/allourideas/allourideas.org.git","75","1","[d739cf83d636fa17b657f07fde271eb75574143b]","0","0","d739cf83d636fa17b657f07fde271eb75574143b","6321ac915dd4f80fa956a0ae7219163268867430","45ec7c48157b5eeb902e6e67fa7a24267dacff46"
"https://github.com/allourideas/allourideas.org.git","76","1","[45ec7c48157b5eeb902e6e67fa7a24267dacff46]","1","0","45ec7c48157b5eeb902e6e67fa7a24267dacff46","e9aecfcb09ae0cd32a179b10193a2fa44714822e","ca1b5ec2244fb4f4f17f98341f1b6eee5cfa2b6e"
"https://github.com/allourideas/allourideas.org.git","77","22","[0844907d95991548e03e8ac2881d8fa35be830ff, d3f691735765ff495d0bddac76e1306dcf4ecfbf, a8406ae227abe5aea33acdbd6290d6da1ba0dc98, 029787adeba4ec61b0a6b590ffd0bba7392b279c, 11d2ce3a4afa6d8ed897efa8f1bcbe705e38056f, 0bb983612be3a9ddee30367a4c6253d2d6ab7dbf, 20b2c77ab5f6c0fb4b506effd4ad3d3562439a4b, 82094502a0ff86263c0e0281032ef59f8a1a485c, d2076a9ff338c6219a6290ce91f581eec8cdb8c7, dd09c414837b098be3f59a2b4e335f0137f0fe64, 04938af1acac93555977106c7cffe1db2d0dd79c, 0ba2a20bba40e5122ea0a24517c6d18efda7e00d, 112476f6e900fad43eb69fa3671b24bce180a19c, 85d19b0ffe187bc22ed560f7fcc019f2ad375852, 70858855f169c5b1642c3771481ed08aa16749d8, 9510ffb0695745d5ff61f791843111be2dc0f9cc, 2e16ed7a225823e5935bf2ffb8cf272d226de4ea, 4cf148bc3e5a891b0bcd52dedad3da4e93e3bc26, 162207b45f70c4ee0f21674fc9213de0c19930fd, 06ecfd7c337c1086a3dc78245c7205a81b36bff9, 523350a366aab0e619471d1b77f3c59690c84c64, b8ef4d857f54015fac3c9fa7fbfee5f27e452a2f]","10","0","0844907d95991548e03e8ac2881d8fa35be830ff","56fbbb2972dc0cddff40e1ac6ab94ea184942a42","da50da612f42c7a2fbf0068e8ad57be4d054242e"
"https://github.com/allourideas/allourideas.org.git","78","1","[ca1b5ec2244fb4f4f17f98341f1b6eee5cfa2b6e]","1","0","ca1b5ec2244fb4f4f17f98341f1b6eee5cfa2b6e","56fbbb2972dc0cddff40e1ac6ab94ea184942a42","da50da612f42c7a2fbf0068e8ad57be4d054242e"
"https://github.com/allourideas/allourideas.org.git","79","26","[1f0231b95b03469b020fdaf90ae686b883bff1c9, efc03821f3429b48ff6d8d4c15ca1b38cc6e1f25, 091b5cabf8120f65f641e260ca6079584c4362f0, 3255ca6f2834e24630555e4ff1c76d48b9be7a1c, 41e28d1bff61ef2952067ed0098bdedb962ca68a, 04fb610187c19acfedc946722241d12914775cdb, 32f08d5f64c7d855e3e7c4afb4c288e927cbdb8f, 46882b6eeed7182c796de9a84d02111c364c8b52, 0af8b1e0f82762bd2029bf60923358b88f1ffbbe, 7fbf9811e0a7886887130c3e245a0d2ba027c13a, 8c01b08cb7aa69fd6009c5437396017044922951, fff7f101c474fdfeb303a3bc7433ccf190e428b8, 9ead9a460278008d48a19bdae6ea1ffb01a7eefe, 7706e38aa83b7abf8378fb05ebd4e7b3b4fd4da2, 5c7b368ef13c543e9b18c2c33b76809343c9fc76, 413b2f8449bf9508f520f923ecc102c172b37e90, 86c6ba16f86d327652b414ffb44aaf27828fd5d2, 3f93e917ad477ac4487ccc10d4ffcc952c24f68c, 725c768e1b61221b2fb259b0e6c9c3cb6b9fe65e, 76f7ba28ef74dc611f0ba030a5bea9ad034496f6, 82a171944fda9e8107311b36c235bca332aaac19, 16b15891af679efa83dc912e2cfde395cbdb4534, 03077806eaa9e0072ec43a910f553d6535409fbe, a5eb14daf071bdb39f3f4641de8b778908d120db, 11214d3aabca62afed129291fead9087655ca406, 63766b527656dc239612fbf2236df66ca1094c2b]","12","4","1f0231b95b03469b020fdaf90ae686b883bff1c9","2603b319688f945c282d6eb1eb53561efa2e34f6","2f70a8e35cbfa653655ef1e4ac5a4a27fdd8383c"
"https://github.com/allourideas/allourideas.org.git","8","5","[30e624cf953d265b6cb3f8ac6d09aaf3d8ec2626, 79e76bf5d4dbc9d99bbb437473167d7de8d1b2f6, 963c6a9945eb549e1c9deae7dc1f13b9161f2cd5, 72296eea29772c1c97c224919d2c7102b940d7c9, 6333d33f36135a2914775d457939183b8adf8828]","4","2","30e624cf953d265b6cb3f8ac6d09aaf3d8ec2626","cefaebcafe2733b562b36ccb950137d2352fedc6","4f911761944fc76ae222f636653dd9705c487424"
"https://github.com/allourideas/allourideas.org.git","80","1","[553c2c821ede628a604ff768c8aa44f975bcc8e3]","1","0","553c2c821ede628a604ff768c8aa44f975bcc8e3","2603b319688f945c282d6eb1eb53561efa2e34f6","2f70a8e35cbfa653655ef1e4ac5a4a27fdd8383c"
"https://github.com/allourideas/allourideas.org.git","81","1","[0b8785ef0f47775c7a13130144395c531ce52c43]","0","0","0b8785ef0f47775c7a13130144395c531ce52c43","2f70a8e35cbfa653655ef1e4ac5a4a27fdd8383c","3c2e0761c471140c68a94c63fc1ca03bd628e0a9"
"https://github.com/allourideas/allourideas.org.git","82","3","[23a0722c11c3eec4e6477ba032a6aaec5b3fc5ef, d3bafd1b32ba1197bed606d4191f9760ed0cd8e4, a702ed7ab65ad970229a6868706777b5a7ae88a7]","3","0","23a0722c11c3eec4e6477ba032a6aaec5b3fc5ef","3482a4ff1788e8eaa6119dbbe37c0dc6fff53114","a2983653d6a8508b57dcff62ab09259e246c2eb0"
"https://github.com/allourideas/allourideas.org.git","83","3","[3c2e0761c471140c68a94c63fc1ca03bd628e0a9, cbb013a1895428670176d1bba5f45f201f02e8c0, 083c2d5554b09bb77975d88e3d6daec322678687]","2","0","3c2e0761c471140c68a94c63fc1ca03bd628e0a9","3482a4ff1788e8eaa6119dbbe37c0dc6fff53114","a2983653d6a8508b57dcff62ab09259e246c2eb0"
"https://github.com/allourideas/allourideas.org.git","84","5","[345b4538e3bc0da599c75e8f8f4e5c47b46ef038, 119635464d7ab9d03638cbd9143f2d9e8b3555a9, 8de708bad45b5d7ace1e7dd256b0966b8490e981, 3096a6e6e91b2a14f622240a6d8cdb3d98f36751, 334c7ae3094ec38200e70d696d246b9126aead50]","2","0","345b4538e3bc0da599c75e8f8f4e5c47b46ef038","be598ff6c9276d696e85b9176f2618ac188ef5a2","9d988e5f2185700d756453d69b6ed541cfd50eb5"
"https://github.com/allourideas/allourideas.org.git","85","2","[9d988e5f2185700d756453d69b6ed541cfd50eb5, 7b69433e19b1f15b172ecf5dbed328376660174c]","2","0","9d988e5f2185700d756453d69b6ed541cfd50eb5","7716864f444abc9cdbc6eb53f6d22f9fd74a3493","0ab2e6398ec1d15804b842517c6d2bb87c0d81ac"
"https://github.com/allourideas/allourideas.org.git","86","3","[d696525436dd64abb1247d59f7146872bf6c8119, bdbd2256deee6f7a29f2ad9d3da22026f07ed9af, ee02c86ed19be9ebf0f7c6e1b3c6c2523f032ce9]","2","0","d696525436dd64abb1247d59f7146872bf6c8119","7716864f444abc9cdbc6eb53f6d22f9fd74a3493","7a01beb16bdaa26036e3ec08a7d8b52d3c1d9a1a"
"https://github.com/allourideas/allourideas.org.git","87","1","[4dcfa433067b7b50e213a0ee720a748b82888492]","2","0","4dcfa433067b7b50e213a0ee720a748b82888492","0ab2e6398ec1d15804b842517c6d2bb87c0d81ac","6cf7e0c196435a4349bac87fda8e4b491afdb387"
"https://github.com/allourideas/allourideas.org.git","88","1","[350d7613a4cb26c59789918629db174c6e171629]","1","0","350d7613a4cb26c59789918629db174c6e171629","0ab2e6398ec1d15804b842517c6d2bb87c0d81ac","6cf7e0c196435a4349bac87fda8e4b491afdb387"
"https://github.com/allourideas/allourideas.org.git","89","20","[410f0763c40cb0d8d68e006d9ef2e858597dd5f6, 5d3b1c077aa5b6d1c072d238ad87281094118158, 71f2cc6d519e56d8f7258096914c5bd2ae1f6452, 80456ef9505914dcb3d7578646a6bc9d13eeba5c, 7b3fb62644be1cb107ce4e62a068d1202543bd59, 1f37b68cc2b9c0510d251413ebb28c76db801924, eae3dcb07134fc951b2b1ecc04ddcc1ed32db574, cd19a8e3109a1590cb1e49e1bab5f2e981f17618, c864974247acbcacd434bc70e5fd0a578fbfc500, 00efe4f6bf9a4dc946f2aee3dab75983d5da3574, 1916d7e6e776a2ffc80bdae8c434b748e930ecfc, caec9dea20e0e48316b64ed7b0be7c2bfa473199, e7399b80046067f37abf6f76556e8d744fffca7a, 172edcf8b9cd0bc1f2d68859dc12521ed908f2e0, 6e88ea8ab64475dbe26714b8c6c69d85bd3c546c, c4bcaed20ef628e529ca405eeece6268ee650132, 5a2907230d3097981f7b1ffc9f46eb6f2ce90b82, 9c554cf021917263e328af236149a9cb765dcecf, 96e4a08d77ab3eb072248592348ba191e17072de, 7e980a9b17b54b6e243f8d9333069768742c9deb]","6","0","410f0763c40cb0d8d68e006d9ef2e858597dd5f6","d4c52943df89e705e154efc5cf03d6954cb83d59","6a534dd423d2ed31b3c57cf7548807fce4d78387"
"https://github.com/allourideas/allourideas.org.git","9","2","[f9650960a04f752b91fbaa9c7c958173bc1d6e38, 5aaa954a0c6a391ea5fb9e4b7341dccb59649674]","3","0","f9650960a04f752b91fbaa9c7c958173bc1d6e38","70c6a4f1eddeca176187c711cd5d7d1f808d63fc","78e4b5b2e156c0bcd47df9781e9b2120b1c05f0a"
"https://github.com/allourideas/allourideas.org.git","90","1","[adae0958adcb4ad1b7f3fdbda2947f9646ba8905]","1","0","adae0958adcb4ad1b7f3fdbda2947f9646ba8905","d4c52943df89e705e154efc5cf03d6954cb83d59","57a42729f3012639f16c1aed7d6fa3ae87347345"
"https://github.com/allourideas/allourideas.org.git","91","4","[1e123cb56f1215cbf7e27670b1b998c09aa32df5, 485106c63e73b7a36b22914ec4285a4c205ea99a, 37265d4d89f5c9ed7f2ade61832ef283b27af0aa, 1addc320beeeb32253d1d2a86a416a9808c916f9]","3","0","1e123cb56f1215cbf7e27670b1b998c09aa32df5","6a534dd423d2ed31b3c57cf7548807fce4d78387","912b9144d2f072c8d401e5089a804139d79e6996"
"https://github.com/allourideas/allourideas.org.git","92","9","[912b9144d2f072c8d401e5089a804139d79e6996, 4dfb755a9f4ad0e5449359be9665bd98b47eb24f, 2ac1501aff54e4cb080ab00f74a46983efec77f6, 64fe33e7204cf4142e3b18869be18518c6a347a2, abbd13ea661561bbcce51f2dee5bba859451f928, 11c10029f2f73bbb2494a995b3dd56b48090956b, fda92fed839250f34e223219a78ca8ebc798f414, 19a495fd2b63189f0dbb23de54ff54633b14dc63, 00a5bdfcf9fb592f186fb29c4a67d6a106c18e66]","4","0","912b9144d2f072c8d401e5089a804139d79e6996","ef2fed8ebc8cb5bec79d1875d850d5b469bb1f7d","ec5a7f8e111f70e4a5aa7012d94bea67d9192694"
"https://github.com/allourideas/allourideas.org.git","93","1","[57a42729f3012639f16c1aed7d6fa3ae87347345]","8","0","57a42729f3012639f16c1aed7d6fa3ae87347345","ef2fed8ebc8cb5bec79d1875d850d5b469bb1f7d","14a4e3700278cf0eaedec699263fbdd1023c3296"
"https://github.com/allourideas/allourideas.org.git","94","4","[72a18294f5bb009f481b44765910752fd86e49bb, 391112aba89cef3af0d3ba8f2dec6a7a3ecaaefc, b21fc33725006d3d74c0c78de550c460a5f45753, 69cdf3f796393a1d7a0e525f9f463fc49b421d9b]","2","0","72a18294f5bb009f481b44765910752fd86e49bb","ec5a7f8e111f70e4a5aa7012d94bea67d9192694","ebbe3764555e62a7a3f7f27ddae5655e455815ff"
"https://github.com/allourideas/allourideas.org.git","95","14","[ebbe3764555e62a7a3f7f27ddae5655e455815ff, 6ac1f99a7e15c44a10489c3508674c1c3883c00b, d8fcf42b815b1e5003596ee664d758d29ae24e67, 7bbec838b34972fdb16f1c916ebc63a6b9bd41cd, 2c8aba15728487fbef38f0adafc6e4f289b93d40, 9814dd7f4de920b36ee5b23f89ebd1cbde821b51, 971de94d74f7dc3d3bea2346809d7267da5faefe, a3bdec60997be50c83961ed68690ca2fead26df8, c727c1f6d367276b8abab8ee4605f688c5e22ff6, 62490607aae84f0dae2974da1e0d64bca33ee419, 2bf9c1ab3ce87d386561532c05649e1050853fdd, e8c8a022ea2902600c6533c874a2e66392c03c10, 4968f39f038650b285c6e42ad0c7a6a045a1ef5e, b480cd3f81f3e2c37e63b679c0889a4b6ec23704]","8","0","ebbe3764555e62a7a3f7f27ddae5655e455815ff","d6c54074f61ccd51f3fa0fbf32e17b9391c562bd","7bf5e9bb384215e50a3eb6e008925635543f5396"
"https://github.com/allourideas/allourideas.org.git","96","1","[14a4e3700278cf0eaedec699263fbdd1023c3296]","7","0","14a4e3700278cf0eaedec699263fbdd1023c3296","d6c54074f61ccd51f3fa0fbf32e17b9391c562bd","50b88bf53c7bea5a75ad865f6a2ad5d9ec10eab5"
"https://github.com/allourideas/allourideas.org.git","97","1","[dc5389d21739c9720e9476496da652ff62923c4d]","0","0","dc5389d21739c9720e9476496da652ff62923c4d","7bf5e9bb384215e50a3eb6e008925635543f5396","c189d820d90e6eb38f0de6ef99cb251896042db4"
"https://github.com/allourideas/allourideas.org.git","98","1","[9e58c919eaea336a4b880f21d88bd606af750ccc]","0","0","9e58c919eaea336a4b880f21d88bd606af750ccc","7bf5e9bb384215e50a3eb6e008925635543f5396","c189d820d90e6eb38f0de6ef99cb251896042db4"
"https://github.com/allourideas/allourideas.org.git","99","1","[a74ba403b23be1e47a0cacf95e3b951de52cd7e5]","1","0","a74ba403b23be1e47a0cacf95e3b951de52cd7e5","eb28366fb84e50484d365632daae912edb4f36dc","7f305794f8ebbef695ce6fadd4c178947a202c08"
