"REPO_URL","TASK_ID","#HASHES","HASHES","#PROD_FILES","#TEST_FILES","LAST","MERGE","BASE"
"https://github.com/allourideas/allourideas.org.git","108","3","[abde5ce226767d74044edfae5cd2c143753f7bd9, e0d3837ea368304f42210baf96d6927a4d5a9737, c9e390ade37087158098e6a6fb101e05919f8733]","2","1","abde5ce226767d74044edfae5cd2c143753f7bd9","96704dbb9df9849ded692e5423b64404bdd7e37e","466966cb08447feb1c0179100bf33df6e489522a"
"https://github.com/allourideas/allourideas.org.git","11","4","[bb7c51680c8f370558c190d665e8bd3311e17f2e, 83819ce8ac222cddbd37257a230032354d7bcaee, a518cd766d0b734c5d90fc241e3b0c6aee3b30e4, 09031a7a5d44786ded6e04b34d01ac1692e8655d]","3","1","bb7c51680c8f370558c190d665e8bd3311e17f2e","9c4f87a33e906d386dffd5ec89d8b89294955223","573f3bfdaca1a01e5138da5c217efeab5145a3db"
"https://github.com/allourideas/allourideas.org.git","111","1","[a097a3f229c0bbae90452646a5ab8154419b501e]","1","1","a097a3f229c0bbae90452646a5ab8154419b501e","c14319eae8d4e7828d33d048525a597ad8bf530b","f545b207e4530cff43eb3d255a56b9efdf727fb2"
"https://github.com/allourideas/allourideas.org.git","117","2","[a808a31ffedb0fcb5f7f7d60db74c813fe2dccb8, 87cdb62e157223fb00962c8a5f080971a8edcc57]","3","1","a808a31ffedb0fcb5f7f7d60db74c813fe2dccb8","f46ec18b06ed89edd2de2fb2ec0bc210860b26be","1a6609aec57c16ac1bcf29c12aba05b11946702f"
"https://github.com/allourideas/allourideas.org.git","119","15","[70e2ff7740a47af13526019cd5afd53c5afff036, e5b96b4749e4a9b47f46c0b88c8c6c382f3e08f7, 383985430898250ece15e699c9caf2781f720107, 97ae5b60540a89c7e2ce61e41a8f71231bedbe35, 7cc83d4f2fe80ef447385923d29324506cfb523b, ef4f403e87cf9f8dc70ab1b21dfd4b4411c01575, b83677ddc2d1022ef2e88409de95835307a10404, 176c6ac32944638d6af8ac2f1e8bb35d60546a56, cd18de0ae5f639ce018cf596e384257d64d0db96, eab8e80309a1536a138536180cda185fd55fe35d, 2c60219014aec735a6a1c09993d2664bb5a62a41, 94c663781266935ae940d54778d1a6fd19c00aa2, 36c743abfd6234f632387171ea0245bd55e91af9, 2490ac4948d980b025a22faa10aa80d12683f9f8, 291320f0645ba0477dd365cc015d1cf8cbebf3ad]","21","3","70e2ff7740a47af13526019cd5afd53c5afff036","aff1efdef7d265fc9a73087e659e61ef73ba6efc","ed13fb951eb1b067645d95b3539a35b0eb2bee4e"
"https://github.com/allourideas/allourideas.org.git","121","20","[0643b1dca7dadc79f54f230508e3ab56d4ac6568, 98eec057a48ca7b5acb549126e415f807e263303, 48d52f3d7c1228d35d35e13bcf55c3e7c00d7810, 432e846f342ce4c754f589bc130e176ebe1fe2ac, b7a4557f805c301cb73cb13c956e67dd365422e2, 5d11456f4409beb8596aed6720ba9184a304b9db, 5a19d689728c8dad04ef4c7e00b17c435bbf961a, af5e7bba0fd905860a0fe7a1f364ca3e03169905, 2d6ef21eb6d5639d7702f764260bc840b3179203, 21464b3617a3d1c86f1a356367d60a48736d8c36, 5a1b44780c6af655d299a331001a2624df71510d, 2f3194fd17c3382024c1b861a36601fb347f7b81, 6f05052677e90985c7d750c2c5d2da08f7c74a13, f30fbd0c1e6bdc37c76885da0d5f6974fcdd1cee, f6874a171a6131e82acf04dfb59f3f97cb17a2df, 3208a6f800d8868aaa8ddd1ce51f4bb10338bd8f, 8cec15e463eac79537ce7bada78014ca1989108a, 67b6a911e88ea1dc50dd28eaf08f21e9d260ee35, a5c493a89520a5321841b5a3e394e50155757d9c, 1a7403b1de8be30d6bc3d0c625f11a8ca731e38c]","14","5","0643b1dca7dadc79f54f230508e3ab56d4ac6568","f42c98272dc5b3825c25a05b20a54edacff9a6be","e37c21b4f8514005e0cb1b5d0d01cae60f992394"
"https://github.com/allourideas/allourideas.org.git","122","15","[e17f0911b6b3f9478400679f4dc0f7a20bedadec, a034a985a7848c3e581729166197d69498515cf8, 8f769d5aab81d48a7aaa4434b6e8f4f3c4a6a35f, bdc1eba58ce368fd032096cf305504c34651c89e, 8552da1693ab2a0ca4a62484d23942e3505498fb, 705bc1122844d60a77877c9452285daeef6e6f44, a6d176fb598c3c5d8d587e7a157aaf5d02371f5e, 2c230f4b160db64b53fa401777aaa21aeb943501, 829e461237525c097b26e6df5849358663a45332, 787bc66fe6ed7042e2b04e00f77d40e626241c67, 9e948d12175dc01c965a1c8fdd06b1b03dcaea1c, b34c085a33ffe364201cfb7d3682396f3ee4b8c5, 822dc32bdfaa8d33f0446115fac83275c7f57ea2, 5f555f3c6c8a0c4b77db0caa36b20f8a54379a53, cb529fadc7db0db1f625399c1501797d9d54c916]","9","5","e17f0911b6b3f9478400679f4dc0f7a20bedadec","f42c98272dc5b3825c25a05b20a54edacff9a6be","e37c21b4f8514005e0cb1b5d0d01cae60f992394"
"https://github.com/allourideas/allourideas.org.git","124","3","[e69b548a149abccc87fb3af00cc89add33970eb6, 01dbe78315a698a1b6020e088748db4ce0b0e24b, 47990393fa73f15bc7eae9951b96f9b3238037f5]","4","1","e69b548a149abccc87fb3af00cc89add33970eb6","e37c21b4f8514005e0cb1b5d0d01cae60f992394","ef89ae3f7db39160da6e16676265ae350f34ca43"
"https://github.com/allourideas/allourideas.org.git","125","17","[6b672491ec4eb75df0ca624d79ba663f4f14c132, 5770c2d5930149a8ab3e25e9f246b0fba15daf64, f7d11bb071f986b2897f08aaa1881d159faa92ec, 519a7d45a3ed12cc81379e8b1e23b9b68254d434, 12afce4ac2848e7b0376a21bb375b14c6186ebbb, c80e08b024b42dfb368f252119221e93d4e65f17, 18ad9789801c0f9c69fb09200a012221435854fa, b88475e7b87ed2322c56dc109823217c24e0fd06, 142f7339a33fbf1ecd72dd329069817b402bb46f, 100ca1a456113e89cd801acdffe0453fe75874b0, b209dae3eaf4ae9a328235b9a916176242f8d223, da07b46be949d9f47289402c9de02f3fdb9352d6, 25b27d75f635db466dd8eff38ca4c0da6893be49, ebb6eb2721f7eef417f029f29ab3a19fbac61343, 2a7988a04777584cd33245bd36f7496f5e6d063a, e1294165e1f86c01727b9e4df917426496405fdc, 24444fc82607eea701fa34e5032df0c403cdd347]","7","10","6b672491ec4eb75df0ca624d79ba663f4f14c132","ef89ae3f7db39160da6e16676265ae350f34ca43","754f0d7e377b7b08c4f4818d8428c22d5d1e5122"
"https://github.com/allourideas/allourideas.org.git","126","16","[5bbe6e7821a71bfab3dde27d7cda46a8d995ee47, 1ff8f53e8962d8d3ce507e4cafa2d16ef7b83682, b706cda4f921c93f3f5343777e14c3c4cf5644f5, 5386d873ff35d20ea89e48934d8230f271b90287, ebe04776e8c500dcff93a0abb133b8662ac41ead, 59430d17a7aa8d1a4e4e607de0bb53f72b96f88f, 58ea7d89992e135132d4e3fa64ca005a5356805b, 1a1dba5b6b8d29f48d715bac6fd3297c1f9bf058, 9c53bd73fac8703896cf6f6553e961db0a6d3e3e, 8b3007fac616b3b607d8b8ebacce40a9cdaeb5c5, d798f6cee8399bed6088953ded7fc6748a141c47, fe756263b322b9d8891daa0d15011a10efdcd73d, 2b27fbcd98c893aa8aabbb93dfc89f41812c5c9d, 9f4b66e3d732c21deccd6881fd9cb812595b0d68, 87dff4d7cff34c51bccd23611ef656b8e3ea6232, cf52a5b8befebdc7a983d92bfb989778d62f37b7]","17","1","5bbe6e7821a71bfab3dde27d7cda46a8d995ee47","ef89ae3f7db39160da6e16676265ae350f34ca43","a85e3b1889d0479c846597090d36f5a4ff2e0942"
"https://github.com/allourideas/allourideas.org.git","128","7","[f20cac9da509d320c428e6cfcc0f449ea05910b3, 616c5c15bd13f3927022a61016f6b85ca1b2a4e8, 9f553a5c337dd3298b65b48ec2219c78a0119545, cd72bf9ee0643529df00902b7a4b1a0708a1328c, 943e32ec83313447031d5b0db6024f37aee7bd3b, 304643c009eca130464b0f505f667ae1e70f2b59, e86deb9f820069b0e22525434c82f785ee809542]","9","3","f20cac9da509d320c428e6cfcc0f449ea05910b3","a85e3b1889d0479c846597090d36f5a4ff2e0942","61870821e628520828db98f08cfb75abb9aabe17"
"https://github.com/allourideas/allourideas.org.git","130","2","[9745862c35a8493fb5ac24585b2564c7bb42bc4b, 5f2816827034e047102b3ae8cb02b8252e84a1f0]","1","4","9745862c35a8493fb5ac24585b2564c7bb42bc4b","754f0d7e377b7b08c4f4818d8428c22d5d1e5122","97568a8318bda2331fde37cb0008742fd05744cf"
"https://github.com/allourideas/allourideas.org.git","133","6","[0dcb5164a854531ae8280231b40235e01c7e2254, ada6f05f49e5cece7c9f47de75e904f2c3fc649b, 4d693f7b61753585526cee865b62d58122d1202b, 2d60c7c4f653529255d3e7e516cf70d1ee14241e, cb9df3380a32fd70ea1e56c3bcda9d501adc0364, c0cd22964e5fc42269f122aec212d97aca123ed7]","3","1","0dcb5164a854531ae8280231b40235e01c7e2254","9a97668fa239e452bdeea2ac6edd80523618e212","88cd1638881a80b2fba7adb502e5d41105b4605f"
"https://github.com/allourideas/allourideas.org.git","134","8","[eed988ca266470679685ad0f2fe88efe37947816, 5f81c68699c4ccc5b0f4c752297f8aae1e1565d5, c9c3b8de849f7f52944b41c4eab6bdd32a2266d0, 787311d8cc958f0aa786236ccbc5da77b80bb3c7, 65b690c7ac65643fc4eec286707fac45a74bcb05, f9c0f0019ebddcc3e6ef04cab488409208e2b2b8, 64e89f845fbea6dd8b5a672f73b2a7452c6345a1, a0226e5970658d759efcbec5c38cc89fbae55b5c]","25","1","eed988ca266470679685ad0f2fe88efe37947816","9a97668fa239e452bdeea2ac6edd80523618e212","88cd1638881a80b2fba7adb502e5d41105b4605f"
"https://github.com/allourideas/allourideas.org.git","142","4","[25fc3b22d7a01540c952c76200a6fa03b369d15c, d7159e580ab2a240998972767d2993bdbfce2c5e, ec41d6c5b3934ffa6ce6b528fcd32814f19e3109, 93385ee76c95d7f3447602d594f7c80e422fa7ae]","3","1","25fc3b22d7a01540c952c76200a6fa03b369d15c","d1b1efd8086cac1b52df978c7c3ff84135400734","5a330ae6290e8c476acd9b9406ff19e74173c92c"
"https://github.com/allourideas/allourideas.org.git","156","10","[5a824df073f692a0a5577fa0d8b9b5ee3347bdf8, 8ac82fb02d171246767250cd424dbcdc04788ed0, b2a265824fe3c70a24bc7f1ca19f4dc4bb32e777, f96207ba605a23ae8cc707d2d772521f20cb6d1f, 8a4d3fd546c2eef2cbff4bb284ffc26934da6dbb, c79d64fff9fc4da7459ae376e28c6ee6ab31468f, 1190b04fa1482daf14ebc5b13116fdf649d20a25, 4194a0ef14b8aec1fedf84edd176f1781d00566e, 5c814709ad64d6d0f8ae5400dc9907a587e9b13b, 9ba4cc6b9945f3cd5a49b17df5167fa41bbc1a67]","7","2","5a824df073f692a0a5577fa0d8b9b5ee3347bdf8","680a8d604e7babae3eb66e2a4773fa6bd69f1236","bb387f068e00d63c1e676a36af8af34bbac2120d"
"https://github.com/allourideas/allourideas.org.git","164","2","[c02fed0cefd0156e0cc8f0150ab1ed49b806cce2, 9c0c80ee1c7765bd49043a99db4cdba74aa44afb]","1","3","c02fed0cefd0156e0cc8f0150ab1ed49b806cce2","443c457481161d422212293af597f02ef1e80fe7","23eff239f8b685fdfb057b49f8b2ea82399279a8"
"https://github.com/allourideas/allourideas.org.git","169","1","[1ed69800446a035f189a5c71cce17d1aaa1e70d9]","2","2","1ed69800446a035f189a5c71cce17d1aaa1e70d9","d010ed0ec6d21b2793541ef209233ae158fe8a76","7fc095f97e09503ea06153ef17a9d1582ce3695f"
"https://github.com/allourideas/allourideas.org.git","171","16","[7fc095f97e09503ea06153ef17a9d1582ce3695f, 88bb85cf17a3ab9e8565147142931e7c85a6bcd8, e9c09d8f7855eec942b4820e95e8c4e3c73d006e, 6435190acfe5f7e480cc87777940f078547182fd, 28f81f8ca1f0a7bc50b3f0d77f55463e69f8633d, 4480ed304443a239962211c6afe530b0cd7d9633, ea722fcb6845dba6311e769f8dc72c779fe3e60d, ab0c821ffc8969d73b8f073880f07a42bb4f56a5, 3a2e4552d8951cf3678ecd20b3d248edb59c3f66, 7bca868c85234c05079ae756f55b7eea73639a9e, 83c9ced81f3b73ab30eaa38523da3302b50bf08e, 3f9aee5141e4377634294c529e07c5e1011abd7f, 81ce2b33f94c85f684ea059f98ed4301f4a27f0a, c620496f635e35a2fcb42c272bee3db31babd71d, 6a7b0f48ca1c3d39b8c4572e684bc712f830c62e, f5d93bcb78a453972293a407f0291ef7c67c460c]","16","9","7fc095f97e09503ea06153ef17a9d1582ce3695f","e15e457530f21ed9c760b96e618f396a4d7d9476","8293e972d72dd25d9ab4484ac5583b423c6ff80a"
"https://github.com/allourideas/allourideas.org.git","174","1","[4dff0eac9dacee7e09b0a601dccb8e6070c29335]","1","7","4dff0eac9dacee7e09b0a601dccb8e6070c29335","c6c3a48f355eae7ee237d531fac4fd83cc451c94","5a6e4967b9bd0ff309951ed82ad39f120e02f572"
"https://github.com/allourideas/allourideas.org.git","175","6","[e3cc7108f6ccfe4039d32b5bd6d490e0f7645878, 58195d12a24d67c881afa1dd13002763a0113c3b, 6847cb5bfa3ac889e871630ecbaf78dd3c6e9897, 18ff59d1a7e22b346220c7f90203fcf2dd467d15, f1b0dab20a762cd4971771e1acf1cc860a5a29f4, f8e9f624b45dc4e5ebb85de2651692aed1df9dd2]","9","4","e3cc7108f6ccfe4039d32b5bd6d490e0f7645878","5ef7bef65d1a68696ae86e9242a2996aad9c8832","21f0a48507c90ba7cf7ec6bb492b7b917f2a6d0b"
"https://github.com/allourideas/allourideas.org.git","176","4","[5a6e4967b9bd0ff309951ed82ad39f120e02f572, ae40e320a037a0d3831164e350abf572f6a394d3, 6f349cb51e99eb6bbec0f16e691e679f58186953, 2a33a6568a315bebbfc63bc9de2056dc60f48cde]","8","6","5a6e4967b9bd0ff309951ed82ad39f120e02f572","5ef7bef65d1a68696ae86e9242a2996aad9c8832","21f0a48507c90ba7cf7ec6bb492b7b917f2a6d0b"
"https://github.com/allourideas/allourideas.org.git","32","2","[b0ba280b21f380cc2ebadcd062dafda4edb43a26, 09e721bd7b167d0b1806aeae3faf6633204d1702]","4","2","b0ba280b21f380cc2ebadcd062dafda4edb43a26","b393cea22a642638547102477f149e68f23a631b","d83899054d7276242bf075e903facb2387a9f9ad"
"https://github.com/allourideas/allourideas.org.git","41","7","[a9c7de40d00c4fa3f0882a70b72f897e73e24846, abf11fe7d9888e865d35616dd3e646f44b38ef95, cf4d1c99354e411251aedc554298167bedd05376, 6325885bcf96ad0f18be98c218cb4036d6221e62, 83e40d288edbc69b63227ebca0ee5dc290295193, 3cf10fbe922ae987bd8c60180a228e713a2050a0, 38d525e7c97dce1b82ad8cb45e4c7ce93f1f8717]","2","2","a9c7de40d00c4fa3f0882a70b72f897e73e24846","44ef7dcc6679862bca93df7c8d5c48b85c64e33b","6055d207fbf25f49801b0e5987195247b30fe6e0"
"https://github.com/allourideas/allourideas.org.git","57","1","[96de46d069997d191b192f7859f4488ed0d2f139]","2","5","96de46d069997d191b192f7859f4488ed0d2f139","7de152d01d3a769d250494893eace82c6966b037","1efc18073f064e6ddbc4e1370a715613c159953c"
"https://github.com/allourideas/allourideas.org.git","58","3","[3c83a851dafbad251176b3b818ebe8028e5dbfa1, 57549108a9744fd530db0892383c1f8f09343919, 39fe7bbf2a7d7baad2ec421e95813e22be9bea74]","2","5","3c83a851dafbad251176b3b818ebe8028e5dbfa1","1efc18073f064e6ddbc4e1370a715613c159953c","9b993fa199fba5db3646da5a2667eab9d7e210d8"
"https://github.com/allourideas/allourideas.org.git","68","69","[d5f896172c21f4ac9e6085b5038033b131ef6894, ae487915fbb4c03a57e8dcef5eaee76052cb1326, 48d258f370c06d83fd15faf82e6fb8fa37fa3b37, c359cc671f05c65874520ed71e694ceabb68a096, b9dfb7dd247bf203bb6b3a81c7531027114f75e9, 8e3896e969c0da74d0c5e622567aef8770190b8b, 5431029d0600b7682cc7755fde47b44f0f063038, 62cf8e7895309bbdfa952ec9b142e670be89cf42, d7cbfaeeaf7152dd469014037f9f604ff61e4949, 61b77e6d6f2b691fd1fb5dd8398e18be0db03d72, bdac416c52413a63d60b7b01d36eec109243683d, e92b5913dc5e8befd94363decd4b7e3d503f06e1, 1b4a6636750bd8e32497d7c7408a7d7b32a97b64, b67aed3578426a3c6d263786a940ae2035e2725e, 088eecf2735274f74b562a996cb4d665438fe85d, d27ba0b44cb829bc2e89b2c9be2f1d1d3b88a2dc, b4f9656240657d8faefe4e75781420246966ce7d, f25219130d34c8c35ccd8575f70b0e3c9e4728a0, 00909e6b319b49720876bd90234dbf9c62dcce41, b2e886242848c65d17327074aeb3443f030e54c5, 515af8ee1219f31cc094a101745d835aa17eac89, 6c985fc7e221ea0039be49c258a0aa1c9f4348a9, eb4159c2dfc230fde780365212a8161bbeb49f31, 79f6b1bf02bce56f17cec58d1e86e02eac295980, 3dfb08c1086c7d900e55c921ad1a2fbf79e38972, f03d7a66ebbda502ef02bef840e547750ca8b067, c5483ca97758c9113dcb5cec67f4b285ebaa8669, ef954980a65d5d701ffd3e33db4269d0e9dc60d4, 77d45380a3f093bdd3545190bcc314d0b624b226, fc22c8ce653e43474d7b65973b952c02fe760b0d, 36d37ed30427424ea750304b1dfe40c1a32b8f51, 982fb0da77003ba213ca5132134c8697d875ad9c, 192cc4c1a2b4c3438e05e0377d7142340b90b7c1, 64c9005763b6fe4f0435c17013fe68ff71604770, 85daf8b72593c3731e325bef6d0ff761479495ab, 974d10494748a953290c5dd7c3e89bf31671091a, 43a25931feb6aeaa61cf3eb36abf390a1a598a4b, bf266eca416f0d80b23c3bade4d8b4e2d23921ee, 10bf047bf5d43b3eceb8c9ded8cf010cf1242567, 4abf9f8b47017acbdb4a2373b304c3ed6889c7bc, b1da396ce50f1e6121d84aab4ac7cd7657a8f593, 6c9865a48f1e3b68fb08a2befdb551c535acb7fc, 7f4dbf4327acd2b02a7baf6215a279f5a1d72e73, 0e9be4cee61c239d1767f1d049d42bea11f56631, f40d88f4f75760d0ac17994dd5295b246ec73bf2, efbfcbf4ae9feb5e06b585152449787b329a2c3e, e55ad023d5caca7d83c23f7645804e3a3d2ec8be, 7b6961cb30fcf67b12a1b35cbe303de6603cbcd2, 9b0cfa6bf6e2ecf75e84c071c41db89c1bf668f1, a377dd71080c99cb4c52c5adb373c1443384360a, 2eb26e56491246f504a1d37ce6cbb54b512d3f67, 05b6362d9b22e7603fbab6769142a563baca4eed, 3c546be5f376b561db121103c68abbf091180492, 4e5b0affd74ca0d37f949cb2582c9772a63a3ba9, a25b6eae3f22b837d2e966c4b5576cf3673f19b9, 2cc312647266ba95509610aaf63371d49648c51b, 6467956a3ebf9846cac74dbbcd4ada4f362d392e, bb78e3fe7774373845fc33f2700b920ec3070db5, cec4f423a45c7bfa755706f6208855840e2f6e09, ae822566eb767cde743e7a5fdeae0891cdb8f985, d0095ee0628ea5db4707931ebb981983bf60b5b0, 496857c8ac38016f51d5b090367730a73b7be7d6, 14c21c46eeb1a0ef3ac2be9776a679b9ea6f109d, 9e01fa4da615d03f2d7af00c8fc908c16244d36f, 1a401189dc6b5f0ef4c4de6af189abce9e76db81, db30ea6a34550c96edbbab65ab601476697d7062, 41afeab9aa96242dd66cc28c0c353778964ca472, 003e34e6184ac92530bc56e1aa07c1e5ab742736, f077573c03953f76221714f4005f06032f5e63f5]","17","9","d5f896172c21f4ac9e6085b5038033b131ef6894","bca29f851c4a007cb050a00845e1e7aaca89376b","ec9106fd384b7d592a2c6751f81fc2d0c39c9429"
"https://github.com/allourideas/allourideas.org.git","71","33","[013a1fc12389d53a03687389c80108a3e09b918a, 9afb99f9928bc45dae3c31f0417b50728d4651a7, ca0d1860bef1573f7f45487f8c752100c3f1770b, 6544694da1d42c52cc96c7aec5253ed9c3b9e8ae, 1f66bf7bcfa24026d47f4db5a8c8cdba9faee7da, e232b119bff99dfc82f0629c7efb3db9e3999793, b88ef5d9c802b67f55f1187546484447d9c30c82, 86d07656b6d0b731f7a454a3a3c77c4d79a3e7e4, 0837a5cc65ed14986d3d36d0fa8ca00eb368fddb, ff2bb772e29e1f056afdd9529aafd88836a051d0, 0b443dab2d99f9e96003731bd46ea701a2e557cc, 1062eb0517799503c3368ed7140226e037da9013, 80c890f57fd2e630e1d869c360e6867903f90f88, fa65c1678f0e8ff1b5db2c97cba3e906a61bc4c8, 099ee8952b1ab90cca25315956a5af16a7b8e4de, 82c68719ba50e6ba312a0e9e9da0d21028ae2518, abd29dac2768cdc7e5fea1ac08c86f2d3691a5a3, 518e3f4ab67026eb3e723d9cac6c483ba2a1a105, 486c391596fb8ed6ddbb70e576910af98baa3342, 79ba1ce2daae986f7439bdc502fa6debf5dab840, bf4288c114fcc376031d438c718f143e9886bd5f, c7e72804c029cdfa5be40fc29231b84376b451f5, 28174b63830de43064f04b918684ab343349ec30, 3fef1314f622c5537fb628c5497e44acf854976f, 119319a0e362f90bc8d12cf65c64a41ef01c4067, 44f71bc69122961770a733ca78a84d11d454617e, 87f2bbd29d40c636af6f8d8697756e687c189cf2, 7e201953224014394b108a5057c8c041d27f0b98, cd10213f13daeef5f7ce918735dc50a9b470692b, bcb355780b17126983f9af655ff712bf81b77a35, 83eae6976c3ade6713aebb3d220bc79d0a9c62f6, f5fbc475c03672f636509723bf58b7627888a290, 2b7e3276cbaffd38d2a7130a46e5a2e7761a87b5]","11","10","013a1fc12389d53a03687389c80108a3e09b918a","ebbf4e6689938a2cc38e00ed4c68e02057e81228","325031214ed9462c74beeaebe932d3b1480ec65f"
"https://github.com/allourideas/allourideas.org.git","79","26","[1f0231b95b03469b020fdaf90ae686b883bff1c9, efc03821f3429b48ff6d8d4c15ca1b38cc6e1f25, 091b5cabf8120f65f641e260ca6079584c4362f0, 3255ca6f2834e24630555e4ff1c76d48b9be7a1c, 41e28d1bff61ef2952067ed0098bdedb962ca68a, 04fb610187c19acfedc946722241d12914775cdb, 32f08d5f64c7d855e3e7c4afb4c288e927cbdb8f, 46882b6eeed7182c796de9a84d02111c364c8b52, 0af8b1e0f82762bd2029bf60923358b88f1ffbbe, 7fbf9811e0a7886887130c3e245a0d2ba027c13a, 8c01b08cb7aa69fd6009c5437396017044922951, fff7f101c474fdfeb303a3bc7433ccf190e428b8, 9ead9a460278008d48a19bdae6ea1ffb01a7eefe, 7706e38aa83b7abf8378fb05ebd4e7b3b4fd4da2, 5c7b368ef13c543e9b18c2c33b76809343c9fc76, 413b2f8449bf9508f520f923ecc102c172b37e90, 86c6ba16f86d327652b414ffb44aaf27828fd5d2, 3f93e917ad477ac4487ccc10d4ffcc952c24f68c, 725c768e1b61221b2fb259b0e6c9c3cb6b9fe65e, 76f7ba28ef74dc611f0ba030a5bea9ad034496f6, 82a171944fda9e8107311b36c235bca332aaac19, 16b15891af679efa83dc912e2cfde395cbdb4534, 03077806eaa9e0072ec43a910f553d6535409fbe, a5eb14daf071bdb39f3f4641de8b778908d120db, 11214d3aabca62afed129291fead9087655ca406, 63766b527656dc239612fbf2236df66ca1094c2b]","12","4","1f0231b95b03469b020fdaf90ae686b883bff1c9","2603b319688f945c282d6eb1eb53561efa2e34f6","2f70a8e35cbfa653655ef1e4ac5a4a27fdd8383c"
"https://github.com/allourideas/allourideas.org.git","8","5","[30e624cf953d265b6cb3f8ac6d09aaf3d8ec2626, 79e76bf5d4dbc9d99bbb437473167d7de8d1b2f6, 963c6a9945eb549e1c9deae7dc1f13b9161f2cd5, 72296eea29772c1c97c224919d2c7102b940d7c9, 6333d33f36135a2914775d457939183b8adf8828]","4","2","30e624cf953d265b6cb3f8ac6d09aaf3d8ec2626","cefaebcafe2733b562b36ccb950137d2352fedc6","4f911761944fc76ae222f636653dd9705c487424"
