"REPO_URL","TASK_ID","#HASHES","HASHES","#PROD_FILES","#TEST_FILES","LAST","MERGE","BASE"
"https://github.com/alphagov/e-petitions.git","4","4","[dd3e6ec9c5a1d4f9d17607e6d112c6a4da6ab407, 97bba1f345b6ac15ca109dea680c34f352a212ad, 8ec9af104b9c854fa7378e9f8851c8fbacff9ceb, 80a293d6f822e28d2830507b8c6c68d49cdbb047]","11","2","dd3e6ec9c5a1d4f9d17607e6d112c6a4da6ab407","f5d14914b1f06ed28755690445e1612e26bdcfc0","45111d9f7a2b2eef6717281a0fc107bdf64b64e4"
"https://github.com/alphagov/e-petitions.git","9","1","[6c11d3cba5e253b2e5fa6d05295cb51900c948c0]","10","1","6c11d3cba5e253b2e5fa6d05295cb51900c948c0","f8cc55b011f675002fc0aa4401d0bb233579066f","725086fd66c04021ac469491fcf43f68105f65d2"
"https://github.com/alphagov/e-petitions.git","10","10","[2a4ac45ee293616a68ad7b930bbb95b5effb8708, c8640cfa94c939f10a781ee8cdbe5e492afb6482, 8771b6e61e229f9e25771c361c05713d6918e632, ba802834a05aad9901454bd972b6a7b8eceea099, 206938b2a5f5f8d00052ebc60da6257d5ab1a67d, 281eee98b74dd222940e5b48ba4ce021e529942f, 79c99a4d02db568a80ba493d827ed1a09b0e01eb, 4a9711d54c35d8b69ee243481017fd294b17863f, c585e31064f3dc64e1eb535903e5a5a11f560752, 5d39accd0f779a155b08f930adb1a80b0377c00b]","27","1","2a4ac45ee293616a68ad7b930bbb95b5effb8708","3061298c00f07a00446960c4f20b078a4d991151","1d4fc3620e40d9cdd78a7436c5dcc252ddd25b66"
"https://github.com/alphagov/e-petitions.git","15","2","[3a73842c6feb158ad94a36aa9155500f43b53aec, 42f5a854422f927cb8890caeef41592f6a01a350]","18","1","3a73842c6feb158ad94a36aa9155500f43b53aec","789f39be1463fe0e70e86bd0171058562323dd27","2234e20fbda97f778795fea17b55a73b56d278eb"
"https://github.com/alphagov/e-petitions.git","17","2","[f207f4b2350efce87d8541da2288ad69e3fe76d7, f1c6e80032ed12fc1fe0c3b77c472b1a2875c4ce]","8","1","f207f4b2350efce87d8541da2288ad69e3fe76d7","6654aa8787f23ec1cff435a7bdddc314954f6d3d","ad8577fe75689e0204239368de0848b1a6c60fde"
"https://github.com/alphagov/e-petitions.git","25","2","[981a88bed31169f0d75e4d85ab0544233ca8872a, 6a2927302a3f627b398ad694a863c6f444e0e493]","6","1","981a88bed31169f0d75e4d85ab0544233ca8872a","ef2ed212665c8ef48795ce6fb55bcd5025bb2dc5","dc25ae33c6010ae512b714fc130df358c114a783"
"https://github.com/alphagov/e-petitions.git","26","40","[dc25ae33c6010ae512b714fc130df358c114a783, e73249f1f03fc3b61a9e4242f480d9160f6e9f43, 8fd5a8ab7a9900cbeb4a84d5270ba1bc1a7f8365, e2bd65512ca4128a4a48b6ac026b9ebe5b198619, 92145cf84c03a60080fcb52f4b392fa5ad1ff169, 8d8e3cafdc8b6238b5049afbb081e4403e9bcb83, 28e26689033c120b117192edcf95035bd7e8210d, 75ee70e40a43cb757621ffe1f0582a5955b6d5bf, 8cbcdbc11d54cf7cfa5c1e376496179b07590b94, 9cbd8cbf3827109d5f6999474c81afb6f402fc1f, 3ac43fc11c9289b68a92a96dd11769682a17ef5d, d39dd654f95ce522f6f664f970615396952f8686, f072706355494e77bd040b92aa6db263302ee58b, 47121650527e780175061968648af6f095f39cc4, 42fbd777fa9814b2409cd3d0a2254c634bffe2b8, 914fb403a166dc9f24d74732d2ed967ce5fd062b, ec76abd2c1f2fc10f3ba8238879b956cb48f7515, 88ebc83073dbd153cf71685b81f24c34db696271, e65dfaccb9819019f4eb562c0625de060e638827, 6c59fe1e37df4db51d0ef3d63d95411a5a5559e6, f2a6fb1f056a131785698c893e34158344a05a51, fbd9ad31070c6f208b3d444108eb84c3a21440f7, 2679c688fad51e71ce3175af3c0197733e9d2aaf, f329711205ef3365ac50c8b328dd869982f6661a, bdc822ed78b6f20cfe89196ac66782009d1c3fa1, 87bb19e22b84eea848b14c4fd5c645bbb11b1305, db509c43c84c035a730dc56f888037c4c6288e7d, f6e5a91c0ab2a81bf258fadfd029d7d432411610, a1fccabc76acdfa12cd457f0ab9e257f0e2418af, 00b9fa9d7426e4120e2ffeba61c44b52f0d3d388, b8869da002b1e3306b6c347ac13d87cc05cf0cd8, 2dd7ac2c3e7de34ee308642eae1f95546124000b, 77456ce13aa27d27bc2704ef42cdbceed987e231, c2b08817bb526bc0d34dd596c649e002abeb690e, b263bd60dc8a88e46c42adb71bc0bc4bb5aaaedd, ad6ab06233511c22f3bea3f23b2aabba63a967c0, f8147cdd666907b11af7a5fbee9fcd6d68da7948, 822ba8963380540420183ee9d4d9b591828bfdc2, aea3a3a3fe71d3232b7e53e04617e0d3cc7ab116, 7026c591e3ad9d85ece35b821128b2b399255884]","38","2","dc25ae33c6010ae512b714fc130df358c114a783","4e62f262e09016b02df1399dc8ff50d1e7477355","ba96593881fea6e4b5a7cf8d505089bb58661f46"
"https://github.com/alphagov/e-petitions.git","35","1","[33633e88d17a9e6008c89f247e74ba736ac8e006]","4","1","33633e88d17a9e6008c89f247e74ba736ac8e006","da6286096df026ee0894bef4525b4dbb4349022b","e3d971a31a8ca7b9669de913ef507533df01b515"
"https://github.com/alphagov/e-petitions.git","41","8","[d9f5b18b0ca7423fd1a9a39aea83dc299f1c69fd, d2a7c9e448856ea32e1c31d58bc79d7b9e14456e, 67438cfeb1c28c3cbd0b3e730bcc2accf225c5d8, da3bb64858c3a5e8a5a662235526a4577a9a856a, c248d3ed7f22eb46fc7bc96a61009d5f6185b3bb, 178da448df0574bc9668988dd41bcf18d096ac4c, 0138c10db4142705425ac8774596576be45e16cd, a965a3ae31ca3e26b76c477c256b0d2acfe9c401]","50","2","d9f5b18b0ca7423fd1a9a39aea83dc299f1c69fd","8a36c9e630fb806aafd326e02d92c6d8bd2b6571","ef014f1d50fab7925f65e0b3af09fbf95af9487b"
"https://github.com/alphagov/e-petitions.git","42","1","[ff19eb4b9e80f6754b3148f63098e588c5bb08c4]","5","2","ff19eb4b9e80f6754b3148f63098e588c5bb08c4","8a36c9e630fb806aafd326e02d92c6d8bd2b6571","ef014f1d50fab7925f65e0b3af09fbf95af9487b"
"https://github.com/alphagov/e-petitions.git","44","1","[fddf1fae45888ade095308a92e0d305b0f3fd24a]","2","1","fddf1fae45888ade095308a92e0d305b0f3fd24a","bab8b81dd708168a3788bdec9859599869e38299","1b26d3399826f5e8ed74a623e958df829bda0395"
"https://github.com/alphagov/e-petitions.git","45","1","[10bd535d008f2f5f8e3e51e09e491e5ebd0edad1]","29","1","10bd535d008f2f5f8e3e51e09e491e5ebd0edad1","5a63ca4385b27c2ef5f0003bf7ad3dd2ccab1c8b","2099ad2418970b454ef0b893a164f7596dc06582"
"https://github.com/alphagov/e-petitions.git","46","1","[2b754cb9052835278ff6a258ca6eb44a509fd0fc]","6","1","2b754cb9052835278ff6a258ca6eb44a509fd0fc","5a63ca4385b27c2ef5f0003bf7ad3dd2ccab1c8b","2099ad2418970b454ef0b893a164f7596dc06582"
"https://github.com/alphagov/e-petitions.git","49","4","[535ac1c704956b2d63b540be68db9c9a1a4958a6, 8229a6e9eec4a81b7a463b667fa4089f6f5e7f4e, 308ba54ddbd7afe0fc1a5c06b467c603418f0cc3, 4eb0750749505ce961494e45d402eb64d4490823]","6","2","535ac1c704956b2d63b540be68db9c9a1a4958a6","c9e23f5c989aed7890e69817bfd5f6be7eeebca1","4a860c1f5d37bfe973d51e0865d79cafc1110ad2"
"https://github.com/alphagov/e-petitions.git","56","1","[64a7878810bd9e1434f2bbe24829621cffd3e6b6]","6","1","64a7878810bd9e1434f2bbe24829621cffd3e6b6","42f08f473c9226455a11aeafb293e596d2237ba3","285fef86d27d4c4acd0918f56f6706bf1455b31b"
"https://github.com/alphagov/e-petitions.git","59","3","[98733ab4ddc81ec81c5415014cbaf9036f75bfd5, 013465d39cdcbe7bd4ed96db5b6b05ac30baae62, e3411579c5874707ffed7c8a5ba611966bf9e4af]","5","1","98733ab4ddc81ec81c5415014cbaf9036f75bfd5","ac91cbb4421580f667c22a5bab4624d898c6c44b","721cfce6f3290e427899b9d1678e78ff249c66d2"
"https://github.com/alphagov/e-petitions.git","60","2","[721cfce6f3290e427899b9d1678e78ff249c66d2, e5918b04cf611275a39dbaf5b95e21a2699f6a76]","5","1","721cfce6f3290e427899b9d1678e78ff249c66d2","3851c5ae9915b14deef2f07adba7301a0cca35e4","5bbbc683401fb7d2e6c366f14301f28a8c6269bf"
"https://github.com/alphagov/e-petitions.git","71","1","[b7b6cd3cf9c7166b4981bc5a1abd525b5a3005e6]","3","1","b7b6cd3cf9c7166b4981bc5a1abd525b5a3005e6","b15d1652b88366d01567d17ce1d11300cd09dc20","eab39cd7b0e6c06dd8f66af822877a1f3998726a"
"https://github.com/alphagov/e-petitions.git","73","2","[1ef17b6820e0cdfa6847f03f326807ac67a47100, 7dbca44da4584672aa80fdb32b782d32404b70c0]","2","1","1ef17b6820e0cdfa6847f03f326807ac67a47100","6888f89cce024117ec333dc6c57be1d331adbd22","eab39cd7b0e6c06dd8f66af822877a1f3998726a"
"https://github.com/alphagov/e-petitions.git","74","1","[7ebc824b182bc5b5b3b968c1a32031ba20f6e97d]","3","1","7ebc824b182bc5b5b3b968c1a32031ba20f6e97d","6888f89cce024117ec333dc6c57be1d331adbd22","eab39cd7b0e6c06dd8f66af822877a1f3998726a"
"https://github.com/alphagov/e-petitions.git","75","4","[83a6817a5711322e920df631b975f5e8214eaa1d, fdb77f9b3766c7f655212df6addd092bf5157d8f, a582f761cf86ea24fafdafe051bb01b61387ee2a, 0cb0fc72550d42410f20647abdeaa59b9aa38f72]","2","1","83a6817a5711322e920df631b975f5e8214eaa1d","eab39cd7b0e6c06dd8f66af822877a1f3998726a","f613538d74affb7725bc2f199e0a748ac6a0ac80"
"https://github.com/alphagov/e-petitions.git","76","1","[6219617d621734a2c58dbe12bd9006d0bc7a03db]","2","3","6219617d621734a2c58dbe12bd9006d0bc7a03db","eab39cd7b0e6c06dd8f66af822877a1f3998726a","f613538d74affb7725bc2f199e0a748ac6a0ac80"
"https://github.com/alphagov/e-petitions.git","91","3","[36058a181db24775e052d4eb28964d290e69061d, 7d171346f20f56f29aa63cfe2423f5e67726989f, ee024989400ec90d0f6bd5ac5584cc136796baca]","7","2","36058a181db24775e052d4eb28964d290e69061d","da66a6e1e5084c67603ca49ea17ec324ec871a02","789a7547d3d18113849df255b1f42b11caec5f70"
"https://github.com/alphagov/e-petitions.git","92","1","[789a7547d3d18113849df255b1f42b11caec5f70]","19","2","789a7547d3d18113849df255b1f42b11caec5f70","2d098fc595f3e225103a1a471a8e5e229dfcb54f","adc720a58ff1f52b869a4cc7b254856988f5e950"
"https://github.com/alphagov/e-petitions.git","106","2","[5d8222120c84ea8f28765d00308fcbe0698dadc5, 275bbfb02b0f5718a7478a5e93ad2a37632f435c]","5","1","5d8222120c84ea8f28765d00308fcbe0698dadc5","d901598f7709034ec06f1d17a9ae4331b29af993","8026a9cb785eb04452c13df400f6a7b712c17144"
"https://github.com/alphagov/e-petitions.git","108","1","[76a7ee38aaac47dd30eeb10e7301771639aec500]","1","1","76a7ee38aaac47dd30eeb10e7301771639aec500","8026a9cb785eb04452c13df400f6a7b712c17144","ccbb1a25033054285975cde6cff777871cceef32"
"https://github.com/alphagov/e-petitions.git","110","1","[3e1f3a2a52e6b886921acce826091a27612ed558]","1","1","3e1f3a2a52e6b886921acce826091a27612ed558","cc62d1cbdba41a83446792704fc13596c459ee3f","ccbb1a25033054285975cde6cff777871cceef32"
"https://github.com/alphagov/e-petitions.git","113","1","[c87be15a031abb1f468f87bc430a5c85a96bc317]","4","1","c87be15a031abb1f468f87bc430a5c85a96bc317","4620ad8e641b54d3afedd2f1b76125a4befc0b29","ccbb1a25033054285975cde6cff777871cceef32"
"https://github.com/alphagov/e-petitions.git","114","5","[eef9358dae436361e3698f41d4adacdfb807a572, 2a676086d95dd5dbeddd1fff397aa9eaefc5d8b8, fe262a334c464603f27d7304848c7495f5b02bb9, 0b6c287a61ccbefb67c60733f4474c00fe62003d, 72b17f8ec5ce118f0ff13973e2491c6053d14b40]","5","1","eef9358dae436361e3698f41d4adacdfb807a572","ccbb1a25033054285975cde6cff777871cceef32","6f20e64eab030e512f994e0e4117b0d06bef63b9"
"https://github.com/alphagov/e-petitions.git","122","10","[10ea56b0a03c7e7c6e60bc7a4e150e179169ee54, 5cee2231e02cf5edd4cd38f1e387d27e9c2df78e, 90e4528fdb8742d8e363e0d01f63c90021e48ad9, f0e6ef87da582f474495b29e18e269af1a7de874, 29fb82f65d588e288905c13c807cabd1884dc11c, abf0b5c983c0e3461d28825e1092aac1b3ed1878, 09f67782affbba1da9d6ef42747e8ddac30b387e, 75da6f4c35ffa9934a66481030e877ff429fa7a1, d420d39c5106fde31e590a78e76c919322115913, b0bfa909d3506c24b70a0fcbac620371dcbcf6f8]","7","3","10ea56b0a03c7e7c6e60bc7a4e150e179169ee54","7074e7ebce1641fe4b691e378b3aadcb52709514","46661c36bfcd13c4b4bfaddae3c4b97a37f26bc4"
"https://github.com/alphagov/e-petitions.git","126","1","[11fc547b2e0887ed754eb59640f591c07567e643]","3","1","11fc547b2e0887ed754eb59640f591c07567e643","261a33c25f564b65de10eac829cf3c8a8234fd3a","83162465f627f85afa578d1fcb574da41dc606c7"
"https://github.com/alphagov/e-petitions.git","145","4","[630149da7446ac76dd8c46fb8cfb1c84cf9180fb, b4863e640cdfbacb162af285043b08739a5b7c7c, 15cd3088db8d835a97068ff0c343ce9a4c5eef73, 73e954c7a7019f9f8dc2a6b054354b3e7c652264]","6","1","630149da7446ac76dd8c46fb8cfb1c84cf9180fb","ffdc8942ca8d30bc15ae9aace23e47d8431174da","25d6e6bc7df335cb41093c46091a077aa8d51d13"
"https://github.com/alphagov/e-petitions.git","148","14","[29699705f65b9d7958f87fa2aa1427b65cc8cfd3, 24efc06a4371eb0eba354b4957a79af9eb75eb5e, d585e99d2ca35360bfe3dd5e6b04883d495ac57e, c7b912d382beaf9fd07a19c2afa322b3a74b83dd, 23958ba99bb32aff504f3ec85f0f35edf55618e7, dde54cd392bc7e4320b8e732f55ddd34cbb5288d, 3580e35097d77b9147f6c264724fc2bb31f72114, de7de0bebe6409c8cd14f45be367f7513afaf836, 71772b2ebbeb6ce74581eb09fb62197ca4e4138b, aa1c3c613e761909d23ecd178867c7da028319b1, 7ef2d04ee6aed5cf0c2f8ad7b78ee4e5989ad729, f705fe10eb81dbfde49d6be49c2a1369b30db884, bceec4f91b6a333e8d4b792dd7c535f9725c6917, 9d5525dd78a51da6a0c5dfccab7dc81a5db8de03]","14","1","29699705f65b9d7958f87fa2aa1427b65cc8cfd3","27f8481ed49ca724690e09701d3488738e5f0bb9","29abb34bfb10d2a37a041cca1119715e2f5322cb"
"https://github.com/alphagov/e-petitions.git","149","13","[8c4482a23d2143818eebbb9231ebecd3ab057f09, 84dc9225025f353d70ca730664f0e2463660a78a, fb88edc9ae49efd65c42f6b66dc4b64bd20c1b1d, 1514c42270a9153f9e840c52902635d7953a581b, 6727c798c0fd77546c6b7032bd4e11bd17672aad, c55ef19fd8ff24db32af2adac47c90100e69b0e9, 7736969c2e08f2da9baa79dc7be32134948dbfe0, 3451f102c64564a01b587ea49858183cf109916d, c35829cf664ea1e00411b3521be904015625e88a, 97727c2b7eb48691f357e2d6f68621aaa3fe3a9f, fac6ce7ecf7bb8ab1daa297868b49d505b1fc5ed, 0f7d92b80ef2d169cd1129fa15d5a5356bfd783e, 830df4a9506bdaede0268f2adea24715cb05adef]","14","1","8c4482a23d2143818eebbb9231ebecd3ab057f09","27f8481ed49ca724690e09701d3488738e5f0bb9","29abb34bfb10d2a37a041cca1119715e2f5322cb"
"https://github.com/alphagov/e-petitions.git","150","1","[046113e0c696a852fa8bfd239719d3cdbb03eb03]","3","1","046113e0c696a852fa8bfd239719d3cdbb03eb03","5a768efd036bdfcded0a4724249d8d184c8e4c5b","8c093a71456bd26d157c4bc24b5717e3d4103069"
"https://github.com/alphagov/e-petitions.git","152","1","[a84d3d222a739444404caa364d111230538e1ed2]","2","1","a84d3d222a739444404caa364d111230538e1ed2","572c7f87bf08b122a6b90e7376a62f9880e9d227","1ed58e9acb0e1703be598eb47a6eb684a16fffe3"
"https://github.com/alphagov/e-petitions.git","153","20","[c5340d874622c54b398cce1055c6d0f055f3e0ae, edddd2fabaf9cce7d8066441a7500d2b74f147ea, 42bb1df7e2f4dafe1b5bb3c5f2211b72de36782b, e7dba58774fe9305f3f0e165bb46edb5ef86e47b, 736a23dbd0c8f4003cbebde9f9de648d3016f20b, 15223000cd9197574062f7b85ffc965b56d34fe5, 55a3d00e0b2c8b22d5df845b085d9089492bd6af, 382eef57340a57f34c2dd14fb6692f9185307cff, 120d3150c4054415e56614dd2bf09ccaa567297e, 21664cb7d8dc6c91a7ca09374b7a4a859a4cb445, 91e8de7606a94ccc56bb175140a032b8347e216e, d09bbba7b401ef1f4816e0c4d9191ffc8724a0ac, 2049e5dcfcfcd61930905bd3f98a53b78845e47b, 442cddd1e740e9288656bf4aa2742db9d8aedd76, 341eee92758bfe922be6e76fe45999bd505cc390, 77520d4fb2a72b651ccd9f941e9307ad2d82a11f, cb5ec43c0ba84dd1d6fb531038bba09c1e9b4418, 7df9bc6af68b1857b6e2f7dceff9b9216fefa1ce, 633730e151eea645f92cd32931b5eddc9f3e0e0d, c6023892cfb555a53fd3e6d495f5cd12e5331929]","33","5","c5340d874622c54b398cce1055c6d0f055f3e0ae","fd37dda12111b4b3bf396268843b08841d99bcd2","6e45634339f6ec7b1b2eaa4547969fc53831301f"
"https://github.com/alphagov/e-petitions.git","155","4","[157645baabddec50d3ee08b6c190fe24d2b079c0, 6efa8218854302d9ec72bfa50ed3523e72c10f62, d2a32a9a1ade7975016de3a95d76cdaa2b54ce9f, 6f83dbc04fef86d9b72c645c7ed61ccaaa490773]","7","2","157645baabddec50d3ee08b6c190fe24d2b079c0","37220fc373c34085149ece2b166e328cd7932caf","36382a821e8a3408b61658fdb5f79c58d196f295"
"https://github.com/alphagov/e-petitions.git","157","1","[182539451f7d154a16341c83b4827b9e3747c603]","1","1","182539451f7d154a16341c83b4827b9e3747c603","343737a805e0b6301fa17d1d603b52f82eb528be","3245469a49db91e2cd220b10b75ce62e829c685d"
"https://github.com/alphagov/e-petitions.git","159","7","[48263469d8690139428154753bb83e7e4fbebbb0, af7b474c0ba338d0097c48c274b94df4620f1438, b0a7a06bb402ca7250b7afe1e1408a2155a19312, da869b569a5e46a57afbbe7d5054b69c93f87e0f, 17807da3ed1e1dee95d0a736f55c1eb7e6baa2f7, b77f352d9d90bb4cf7cf04af516406b2febe5c18, d201383952d8c55034c5d4494ac1897eae7c5fc4]","6","1","48263469d8690139428154753bb83e7e4fbebbb0","bf1ae40b5968c0375d45dc91aa837e82ea40e6b9","d1aa8a3723cd1b14976138077ca63bfea9cc75ce"
"https://github.com/alphagov/e-petitions.git","165","1","[af3fe776a1dd4679e0e9a57b928291c8879e42c2]","7","1","af3fe776a1dd4679e0e9a57b928291c8879e42c2","fda8d56ea278b48c4d7dbc08d42572bd36159fa8","e9166b00916eb9a01435aa1c576baebc7fafdc10"
"https://github.com/alphagov/e-petitions.git","169","1","[7721490a645d5ecdbc2a87426cc4d673a8ec1eee]","10","1","7721490a645d5ecdbc2a87426cc4d673a8ec1eee","8895db95b68851b8503da237525d7a6a95e4a240","c742d7ac74b1fbb963e1ab14983581f782c9c022"
"https://github.com/alphagov/e-petitions.git","171","9","[f716fce538cc4928a099682c9264ce744b9cd140, a76d28c114d734996afebcc3bedb227ad34471e5, 0afe2cb0252cdef6a2297fe2de9b746186b062e1, d3b3fccaea229d15d670263b87a18be6e51d02ee, 08166da0b2cbf9ac18aaa6fb0cba2e51fbaee249, fe8e54fab95cc43381df46a0662db62e59c59872, bbf4dddb2226dc5ab488995ebb323cf2b535c1ac, 988cf7e888ba8dbe60fd8277c9b6a4a55212e4ac, 7c2b3cc128b1e8edafc113b4c53d91cd0d8307c0]","25","1","f716fce538cc4928a099682c9264ce744b9cd140","8a7f5d774cde5c61aeb28e1dd5df3d02659f4956","c742d7ac74b1fbb963e1ab14983581f782c9c022"
"https://github.com/alphagov/e-petitions.git","172","5","[8da610fac9e537db72f8aaa7b40e9255779a13b4, 1a4a3683f49150261df5dff41f36b12703ab7ab8, 8e651b4486341f6e6aaa71f87124398504a9d9a2, 2f7677ad90afff30f4aed5ada025422c7b8074f6, 86adab671c50948d61631231bcbfaef1cdbbe6a6]","6","3","8da610fac9e537db72f8aaa7b40e9255779a13b4","6b54fd04def2a3b03557de33e283723a85733727","ec4feae7efe367a0f900d64762d030aa54d1c54e"
"https://github.com/alphagov/e-petitions.git","177","2","[be4cb3b6cadf5e2b3be79d0051aa3a8dba6d00e8, 31793816305c8d357dc82df52ff71572af37496f]","2","1","be4cb3b6cadf5e2b3be79d0051aa3a8dba6d00e8","af8299f85c7639592f64a43be608a87421d7e12f","4db911a3fecaa61a05aba9ddb7a215e4151b885a"
"https://github.com/alphagov/e-petitions.git","178","6","[7d12e1beb945e3754d1a59f1fa56f642fe151747, 8d8339e33ad70d1a8e46777c5670c9f7191c67fe, 23c7a4ec67a45ac36c732154aad1473df4fcb73d, 5e7454487429d77ab10f6448a1d932bbc2181ad4, e0683384888c238bd123d482e2e0141a39264d13, c3d96d141e7d41504d072df9e1e68bd5fa4b1f34]","6","1","7d12e1beb945e3754d1a59f1fa56f642fe151747","73bd48da2b30cc760c42f6d4dbbcad7dbdd67c24","4db911a3fecaa61a05aba9ddb7a215e4151b885a"
"https://github.com/alphagov/e-petitions.git","214","3","[e9e5356278204395d65f5be9468e0ad6dacfbe7d, 54668571126c83d94575aa92b766f625e4927668, 0493c38fa681061f9e48d6786aade1313b69b751]","5","1","e9e5356278204395d65f5be9468e0ad6dacfbe7d","b9f9a2a82d1eeb44f810758fbec199efeaaaf5e1","34cb7232adbab27bfbb9189f403465efafa71224"
"https://github.com/alphagov/e-petitions.git","215","9","[70f5c8ed32934c916b0087432bd51b6f9c4b4c61, 2e1bd7a6c0b2d26828c3dbfa65e166e0e32b10a1, 05243acddbec700610390dc18b880491593d31d2, 8bda66400b33f7c796fbe7b4e5650779a3d4d537, 15a44babc15ea40df659bbf7aa1aa91da3714d8a, 97b03c3400122b5cba01f25debbaca8c7c905e4b, 6647ad9ba381d0ee4ec1be07ee2ad379650358c5, e9e2d1b90380cae71140455f27650928359d217f, d1574db238b50992dbc13a677355890ea7ab4bc1]","8","1","70f5c8ed32934c916b0087432bd51b6f9c4b4c61","b9f9a2a82d1eeb44f810758fbec199efeaaaf5e1","34cb7232adbab27bfbb9189f403465efafa71224"
"https://github.com/alphagov/e-petitions.git","225","19","[a5fd3940274eee92f28d49abf6019834596796d1, f3b75b42ca96035e8291fa319e7a2691b51a928d, 22a2f6237a7ded6dd39ead4df058dc9d26d53e72, 7144e2abb27e966f5bbabe6f32816bb13a4da4ab, a12c5d053a0488c0f9a5f5d6226d0b8fbed674c4, d31cbaac2f96fc48b44794240169c3a4e5b98492, ff1600356d02c3c676d402c1814014c87a5ac530, 91f501d62b0bab8eb76042730fca6521922b9767, ab9a012f43c5bff2e82fd428890240fa75913fae, 13bb8d315e795e6e70748a2525ff7a6d0b906478, 3fe92bdf399a5f66e529b2a8c3584192c0fb1895, 8441b65dc5adf7f48eae9c3a4aefeac49c6cde30, 7df83ad1e45a094202236cc9377e017b439143ee, fab37276d09cae68a72b1fa783668709ae3a36a2, a715a5939a8e6cb262b749e63cfd08e570bcc32f, 2cc6cb80f26eae60d3ccf1f73dc5c98fc87c8b24, a63cfb38a2583b6ecf216fdc9ae018a19df1dc01, 04e4ae271723d47a91a8fe1506138a8a51a8acd7, f5f3c92e88c2d4eaabac38c82a31a5a0dc4dc8c6]","19","4","a5fd3940274eee92f28d49abf6019834596796d1","fa2d7fdb5cf7ab1d3628dc9f921a32e6f3564101","2bb5fec2a7712118927690e226ef25a011ac3b7e"
"https://github.com/alphagov/e-petitions.git","231","16","[e4da92edcc01ff7b7707c9c1ad7cccebeb60f52e, ef6448ab8eb23c42d9590a4b92715c7d0c7f1314, d6c9dc11944748be5004d5450a299e51e6f1e97e, 9d09a62fb17acdf8367d497eee1ba96e3e00d153, 7f06e4b77d06d373b0afa4998d0a99b84cdc78b6, f0a79868e4c4fbd914ac70e92d6d18dfd138ac13, 4bf00d6e2f4da0f0af666220b5841761e2a9db1f, fd5ed80688349f94100b13b2fd677dab8465ee20, 807638776df8b3236f851acea1b86fe691424699, 52b523f5b829fbf9b79807c54b98832e307a86a4, 7b7e37ad28688fd8cc50ca756d38245115fcbc39, daff8f64f6ffe466465e3eac62c3962513a6e3c2, 98dcfe04c5df218275742bdda1132f550e296824, 741a58ff88e2fd14debad1db2aacdb599aa5cdae, 394a084c995f5b4424e017e0c2055df9b92acca9, 9d33178d8569ffe041cc6036caa86a8abfeb7b52]","18","1","e4da92edcc01ff7b7707c9c1ad7cccebeb60f52e","68bb673bb86d3a2564d0aabd26835adbbb5983ce","64270bd57d2e460f8f5a311ec209338b7a52dce9"
"https://github.com/alphagov/e-petitions.git","236","19","[5074f4534eb4c8ccee316434017ba1765f7d07d6, aaa97e0ff7046d6bd21516ff1257c0aa4715f632, e816e567d640b5b90c17388742401daa0835ddab, c64698ea0d171b9849cd0437bb70cb24f3ec632e, 267bc984520248b46583f590903f6dbf548e1b75, 244914bc78d1c5c12476059ae66e0793db8d00ef, d113a29bd2159952148d6ddbf96c9d19746874ee, e1f789ab7bfcdb172e78254c262b4152e1b6b9db, 0a826305abdc4a5f9e0efdbf4d6d5e840968688f, ec9b07887287278e5deba502cdcb706dea903218, e55d63a12835e39573f653172c7cc455fe1737e2, 5554d21a50658523b0a8851f089527c12580f56b, 367f96c2c994ffbf43580658d3913a2e0ab949c5, 763cd81c16c293fb84be1e20d372365bdd583abc, 0bd5c2e9f98cddbfbaeb742b718cba166a3808bf, 62e37ffcf7f5b3a0f85befb2f84aafbc7172d54f, e8a3c0ab80d6b814fbcff0c8b582e5cfedc62650, bb4f8748f1cd31ef41caeefb896d86fba38fd467, a02b93ab65b893f918ded6d25766448ce3bb51f5]","26","13","5074f4534eb4c8ccee316434017ba1765f7d07d6","dc840d0f72439c1cb078c1d49c958d58bc88bcc8","b670dae9fb4e7ae69d6a251a85fee34cb7659516"
"https://github.com/alphagov/e-petitions.git","242","1","[dcc3f3051028a876da12f9f5e6bd8dee5888b9db]","2","1","dcc3f3051028a876da12f9f5e6bd8dee5888b9db","6aa53867d8f5b1f7b1fbb4dfd9bbd3aa2ecc6106","93fc7baa5ec76d50f0d2fd02258bedf8a0ffb0f7"
"https://github.com/alphagov/e-petitions.git","247","4","[1ad0b8e2924bb3c2771c935e057c3ff6ebe00b61, 6d82dc0db5d754947dbf003d967e13da98d9f582, daf44048a865a9545065fdabec139eb8569a98e4, d2c68c657448cd4f1ffaedb03b41ae6b065d6b85]","1","2","1ad0b8e2924bb3c2771c935e057c3ff6ebe00b61","bda059103045a48c007da72cc5ca1e696ba8186f","3b9dc952b1f13b54ef7d789e91ec42976c3f8feb"
"https://github.com/alphagov/e-petitions.git","249","3","[87404ae94e51d0a92cdf3eb1ff52e6f6cc8d2cf4, b12f69b92daff7d8cda60f1d9b2fe85c222bbff3, a4cb92b2561c8a7b664a4d0f39bbd70247d42944]","4","2","87404ae94e51d0a92cdf3eb1ff52e6f6cc8d2cf4","c0bd50bdd435ae32044cf9b41a2d2369928c5891","3f76f7042215597cc6f0c8596b7d76d09009e451"
"https://github.com/alphagov/e-petitions.git","252","2","[c9afd67fd657990328e31b9003803a6d673d0781, 5d821d3f752a24a59dbb4e0652ae82eb8c070a3e]","1","2","c9afd67fd657990328e31b9003803a6d673d0781","6bdac7526ef45b6beaf9a74bedb45af898abfda9","7e5bc521c5af8795bcd0429a818c617a9c38e8ef"
"https://github.com/alphagov/e-petitions.git","254","1","[220638fb13864714418b6c85dec92cb887aab776]","4","1","220638fb13864714418b6c85dec92cb887aab776","e1ba581b0ba1820155c22a4b1f3cee01c741287d","7e5bc521c5af8795bcd0429a818c617a9c38e8ef"
"https://github.com/alphagov/e-petitions.git","256","8","[5b356a34867b4fe364dbdc0b99e4a490db54d60b, 1f17330abc225f545e917fee49538909daf4d4ee, 5ad259f78552a85a1a12364d6283d5d8c3ec5efb, 24decb3c2d3ed9cb0f58af8d526adbb3c225a02f, cb8a3d879aab1a8d1054a1de21ac3250225d0755, 96887ab3a1e7a8596eb264b1561f89c375f36dea, 829dc25a1ce3a79334ef6be1e2a247c41717e022, 7af196cee76c617021716d0365cbd3fedad8a99d]","26","3","5b356a34867b4fe364dbdc0b99e4a490db54d60b","a1b900145b3f14d7b26ae2a17b37e12072dae4b0","5f8cb63c96f498e37f1c0dc8fb33a26b047fd818"
"https://github.com/alphagov/e-petitions.git","261","1","[6121d86e667b30f76a752c4623bb9a048b34e8a4]","3","1","6121d86e667b30f76a752c4623bb9a048b34e8a4","5f8cb63c96f498e37f1c0dc8fb33a26b047fd818","004d481060ed6244b1a27decf468d1066c4b7f4d"
"https://github.com/alphagov/e-petitions.git","263","1","[f05e204441773ff1f655b57a4067df476303bfb2]","1","1","f05e204441773ff1f655b57a4067df476303bfb2","bb728ae325dd503fffc3694c7bba185d34163312","8d18669c179d2f7e99816c7659b3600c064107f4"
"https://github.com/alphagov/e-petitions.git","267","12","[28a02265722117235e77becf799328959cdc7cc2, ef23a05d4bddeeb39e3cfe60e4cf95482a0bcd92, f05444dc1e24479ba8c8ce5e5faeff71430e262d, 543e087661b13bbc17c4c18e5be03ee9f5ebc3d5, 16c7d228100a53322e5dc5f1e57c14c304a7a0ad, 9b4718c116d18fac5291cebe6ad5a03a6e43d509, be5f46aaa6315ad162ae6cabb2a3e257e2672d4c, 9cdf97d5c7f4f2f828caf938f147c74728b91c7e, 2846c1bf816902dc290e984b6efc86401a96d37f, 7b41985e97fa8b239a03eac37839efe1a4adb7fa, 572b3b9a9bd92e3f187b901263ed4fcd87448a3b, 71cf2f650a7bb7a39b0a52d9b6f9f6e8a68ef4b5]","37","3","28a02265722117235e77becf799328959cdc7cc2","157e4716852ba0877cf546cecaadee6b5c174c50","63eb71d39d9501ec3a7fccb2cd201d981090fec8"
"https://github.com/alphagov/e-petitions.git","271","4","[059309b02993cf9adbaa21df5a5a1992db63bbe2, f31ec4a01fe893f66abf537e5edcdf1a2be6f559, 4f758f66c02b05be3932d49e26e78955b57d69ce, 4ca0bc2fa3513995d0583cd92a05d7ebecbc803b]","3","1","059309b02993cf9adbaa21df5a5a1992db63bbe2","068284f82bb5f51145a76110caa7c484eea91e32","81941817b8c9c55d0548178b367b39bbf47767dd"
"https://github.com/alphagov/e-petitions.git","272","5","[5acdcc94bd7dd89b0299fd354beffb62d15a9bad, d39e5f180089854ff7c0c6a383db529d7ad67257, 6978e5608e12af736cc85755a0a77ae800d7e771, 3db4a00bde197dda07a1f9da5f69ad7c26393a04, 3902efdc84bcfdead101b1bddd81171863446a9a]","1","1","5acdcc94bd7dd89b0299fd354beffb62d15a9bad","f3ebd465cbd2ef42a013c7e6f0f0245d6596f20a","81941817b8c9c55d0548178b367b39bbf47767dd"
"https://github.com/alphagov/e-petitions.git","275","5","[93d8e2db1c6b3fe90ff9925f9a5ea2d701707102, 7d7a2ed3f1ad1a846147a30eef02cb7fc475584f, 8ceb924c1c70cbad0d7f7c81d4d1855f1c30bfd6, c0de2f495c1828212ea4c98cc2c8b8c8d925ef95, 3ef90aca0c9db344ad7e06f05b2eaf0c86f9bd38]","5","1","93d8e2db1c6b3fe90ff9925f9a5ea2d701707102","e6e68f1c7a8cd1f8cd2967a5d27f2a38d157458e","c6238a41d084c8c7d2866884671710c93781b587"
"https://github.com/alphagov/e-petitions.git","280","5","[ef6f322e6327a2a7c86e74477d9d6f689def4a66, d38c632110f3b972e1c8b6eebfd313398ab722d8, 276b1b7f5dff6e411710a8e4001452e876bb4c59, 301e4dd028310d2940a771cf16f9f10e25869290, 2f2abdcbb6fa072727d93ea2218e2126a2a1f954]","6","1","ef6f322e6327a2a7c86e74477d9d6f689def4a66","ada534235ba8392dc0425d3d95a427a3c524fa19","dd788dba73c278aee01bc5284c78b74772501e8d"
"https://github.com/alphagov/e-petitions.git","287","18","[4a71c3855988c38cd7f0dea79609cf04f4029713, 6a9c0f58a71fd052f345d9490ce2cdf5c6e5ac82, 9647d37fbf80d396234490117e213e1e2b23b21c, 6467d417f7a3697ea63109543397ec50ca79a1bd, 0c0e1eee3ba2af66f58aa7310f42d5600361b69d, 09046997cb50e2de342209a8448e1d68facd2064, 1a1e9e6a1c52b0ee22522b7c19d8ce65f86df969, b641e20842c9373390c4e988f66b5ecbd98b7ba1, 95c9b9b2e6f2917db6567e00e5c4e0b8437eaffe, 23ce997a37bdecb303d904b9ef0df38257dd9ae2, ec6e5e2b701bd3f28731c395ff076cfbb439bc36, 4477f6f86397c2c9c687f391fd43b83b3231a362, 952006674694ae5065db68a399cf5d48dddb1178, 4ea946e0f41af9bc5b507dba6a0949f5cf267245, 7dfa6636b33fe5a8ec250ff3dd017896315fe53c, 4bdb01ac81f52e9f7d6b48da7cb727293517a5af, 9784dae0c1707ffd4ec248c3e7e25d5c217f506b, 6385ca67670df967f8f7427258d22e5d85af1c38]","55","7","4a71c3855988c38cd7f0dea79609cf04f4029713","85e901ef51805903380e56f1964323228bb67583","10cf81f4bb05bddc6b68878d20defb58604da10f"
"https://github.com/alphagov/e-petitions.git","292","3","[666dda56335a8791ee02581668950b9ea336334d, e5ccc35a382ed2b3e101d25b5a94e2608d4caf5d, 0a87a3d14e47c05d48f5828ed10eb8d8e507a79a]","2","1","666dda56335a8791ee02581668950b9ea336334d","6ac3356f9977e72e7a35e9deef39e4489fc56dbd","d16cd8c196a033682ec6264ae6ca47893b36b257"
"https://github.com/alphagov/e-petitions.git","295","1","[cb2b8812f7c3e1349160781f551de7938d67f673]","8","4","cb2b8812f7c3e1349160781f551de7938d67f673","c450849f79e074645fe1fdee4fa4b29dba5c74e2","95a75f715fa5c0154372a00b3c50d1857f2d1337"
"https://github.com/alphagov/e-petitions.git","296","8","[95a75f715fa5c0154372a00b3c50d1857f2d1337, c7feab306d4c336c9a4ff01e582609819ff76e81, 58c53668f7791aa032af7daeea0f960de6e8f31b, 30ecb7fa75fb52b1445aa3645e3a17cce7c8e95b, 0de7a0037e3b04d3ed4aeaa619d09372b2081e9a, 5af4654b7d1e1517e52a2404fc0289f93ac1e469, d021546a45e4fac055d1ae5dcee6e7d8a864862a, 1e6d28f041d38fc0b8d442dd70a648b3af760627]","9","3","95a75f715fa5c0154372a00b3c50d1857f2d1337","c870dc709c8bf81b7af29645f5a420dea54b6023","6174458ed766e774a039e4f304a68a77c9e11839"
"https://github.com/alphagov/e-petitions.git","303","6","[cb9c65998c2c5b08cf1daa06bde2667e5b91fd66, 5a9fd843c61f11ebd8f33eed9376393d5d92c01c, 80ed2fd414c017bf724b38ae3adff94d1268d741, 6a9b7075dc4a03229aee7264fc2a406886b19c82, c0c143a022eb03b89236201a5eea9baa92a769d4, b8ebc93314d8a66edbee321074fd495000a8efe5]","9","3","cb9c65998c2c5b08cf1daa06bde2667e5b91fd66","7fe2b9e92f76ee14a39d11ef8b3f47dd593efc30","5c8f5e878e6701adaf2d5890b058d444c79911b1"
"https://github.com/alphagov/e-petitions.git","304","1","[4d2386f68fc1e0e426e9734153b31690d0661bad]","2","1","4d2386f68fc1e0e426e9734153b31690d0661bad","78681ebe80d4f4b3d671856c1b054e056cbd5458","37d417e0822a27b188940dc1d6c24bc49b8404ce"
"https://github.com/alphagov/e-petitions.git","307","14","[ce7c4bfb0fedb8f4fdece48933f922be3eb61f95, 4924a50e2ba078ea40aeebe5a549cc4de3e269b0, 24da54840d2a71dfc6209db3cb0c14d6b2b17d00, 13ebd5354f819cdd24b9e8b54ffdd0860974a262, edf3ee5701b1d306cb14e55319216b3a4d926ca5, 317231ba13d97b61de37ebac2c8a8ba0adcf0679, 4ac350e34c83adc1e8cb7ad3ccef0987b4410a09, 94654f3694f5adf2662a610926cc188bb9ac34a9, aedfe4f86e791650c22f257e63625572e3ce37f6, d307c34d9f7089541e97b2583be2e615dcd8f5b2, 183938093ba919ed977d0725866958010a79d981, 5b64c7b7e32a94d050903845e295d4b7dee1bc0f, 61a0c4bd74256a71dc21aa448cafffe12bba9ccc, 5359090c1e59789de41851638a222490fe8179bb]","18","6","ce7c4bfb0fedb8f4fdece48933f922be3eb61f95","37d417e0822a27b188940dc1d6c24bc49b8404ce","d4be57e63f0c6e453a7e44f1f34cd7bf532ca639"
"https://github.com/alphagov/e-petitions.git","308","4","[a4a9a57f9791d51bd2e101bb7be1ba155506b3f5, 56751c525da7ce5a5aa235fc572154ade05a3299, fbca93838ef25557d161360a0dcd39eb31e199f5, dd644edd6c8aebc77c72c7c6e19504b25d0ce452]","5","1","a4a9a57f9791d51bd2e101bb7be1ba155506b3f5","37d417e0822a27b188940dc1d6c24bc49b8404ce","6a22d76ffd60f6c076c4ee30439511d4bb5f266f"
"https://github.com/alphagov/e-petitions.git","309","6","[86bd481b1bc3fc1f8d79f66081bc2fa5cc140b05, 5f93012ccc4335298bb3fa2239cb6f7b372073a4, 2aa727834bd550498cd5bd44eb8e200ebe811fae, 4b261acaf7ca644e908309ea56896b7595f79b70, 4ffebcf10e08c8c5bed1fc61f89a1ab5a298d17c, 4135d170320908ae062616b4c87bf9704b1c080d]","20","2","86bd481b1bc3fc1f8d79f66081bc2fa5cc140b05","d4be57e63f0c6e453a7e44f1f34cd7bf532ca639","db4a5266c7063f8ef36f22b963a5fdb9bf1162a5"
"https://github.com/alphagov/e-petitions.git","311","3","[e3d8123c568dea2db150945da853abc8696dafe6, 6ac2971c9baa99d1c46ff6574d2353229e4a4fc5, e0bfb8ade399d0db8757b44d7bbbea579a9f454b]","5","1","e3d8123c568dea2db150945da853abc8696dafe6","b22038f059a664151af9b871a1eff03c61538860","0a854b554cd3c49752180b23fa24ed80c748ee5e"
"https://github.com/alphagov/e-petitions.git","313","13","[38ffac54f00795fbf07959e1747b7846701ea54c, 3bde4f17c4f9ef49e8a72992f1ba531fbb65a8dd, d15c56bddb6601af685f2b64e390c8ba654b4d87, ac46cacda76ae2f9715779f3406cae9ce1a80002, 23fd759183c82c42bc94169bb0903e902df8014f, b1a493fddaea51a231d3f4342cfb21a038dd32d4, 8e8f5b90baf6a494e9b49d7a3635148e48ac59c5, 7c3e072ebf8ea2c37698fbb0de325ea5ac95d8d4, c68fd8ee00e9f23081043e5dc86b7657c5e30ff6, 0a854b554cd3c49752180b23fa24ed80c748ee5e, ebd9bdc4d55fee27b5a5b3567790dade8573f5b9, e6b1a132ed0c52856fad31961100146224033968, 6a22d76ffd60f6c076c4ee30439511d4bb5f266f]","6","2","38ffac54f00795fbf07959e1747b7846701ea54c","fa02e240c94d8713717897e202964f9e6034b7fe","518c447a7dae796e557e3d88c5b26c7d38110834"
"https://github.com/alphagov/e-petitions.git","314","3","[de80aa361f6d3a8167adc44c8ce8015a1430bc5b, d69027475ebd9a6e82d7c140e8508db115e47364, d2f08d460cb9bff80a59c0b55ef954fb92d9812d]","1","1","de80aa361f6d3a8167adc44c8ce8015a1430bc5b","fa02e240c94d8713717897e202964f9e6034b7fe","518c447a7dae796e557e3d88c5b26c7d38110834"
"https://github.com/alphagov/e-petitions.git","316","7","[0836611886a1fb1fb73c5360522f2cdc13e365d1, 47419add05f43c15470927a809a39c5f184fcbec, 5e6463077248c799079a7df285daf87f0887da1c, f6949395b6851aa81ae342f279d8f96fe8fbeca3, d607c346eeac03b65b05c9e5c17f217445c6ee6b, b23f8512c3570662d85c3434d5285e561cf5c306, edbc4dc915e66852a7c43fd7dfdd842c377df60c]","4","1","0836611886a1fb1fb73c5360522f2cdc13e365d1","7d81af57f7a2deceb67753afa0e5de55aaa5b1c6","c894d4723b3855d785cfb914c9cb82d788200df9"
"https://github.com/alphagov/e-petitions.git","319","4","[42dd70894b9dfab2a14f7fce7b62c9a682de6696, 235fdd6d33e119baacfdec98149cade0828c3a4a, 54034c470f73ccd2ca5aa44a0371316b012ba8bb, 1080796761d6e01ec12207caf8b0a5c114140cf0]","5","3","42dd70894b9dfab2a14f7fce7b62c9a682de6696","c894d4723b3855d785cfb914c9cb82d788200df9","fad2a22559e22ee36367aa56eabd328883039a80"
"https://github.com/alphagov/e-petitions.git","321","1","[9c198df44d81e9a6f4453f53d09771ba96060b25]","1","1","9c198df44d81e9a6f4453f53d09771ba96060b25","9916944cb2edb46538c47b85a1d3ee3dc15da8aa","54a9cba450c1f5d2736851ef1b53b3262f4e2105"
"https://github.com/alphagov/e-petitions.git","322","6","[8c1c0f7601406802123fa4d2d3722c68fd20d04f, a96b9de93d37612e8058eab6ca3998e23c116085, 14680cefdf5b996ec27a240221044d402b158327, 156622c4487c04c08826fb5f68cb80efe3b19a5d, afc63401a7d5a210a3624cfa3359a24487762d9b, aaa065a17634938c4848064cd79e3e894e84e050]","10","1","8c1c0f7601406802123fa4d2d3722c68fd20d04f","2480241c3ec1b5187ebc1aeef6abac5af987fcf0","03dafa99d41aea96bda6fa55d546e42385268250"
"https://github.com/alphagov/e-petitions.git","323","1","[d1222020b692738a5afa91eb890df03a5c03dc04]","3","1","d1222020b692738a5afa91eb890df03a5c03dc04","4757aaa296e40468cf645dc031b4790244083e12","54a9cba450c1f5d2736851ef1b53b3262f4e2105"
"https://github.com/alphagov/e-petitions.git","328","16","[8f8350e36a02e6348d5fc76b1d4258f1e741c97c, 3447ed797535aeb74ed2f979704723d5f741b7ec, d55c3a8ebc7b13460a4a0157343386e09d0bbf0f, 734e17b5475ed7f1f25d2db44afc943a04b482f7, 30a5cc5c0a6ab00095a5dfb3c5465b846f49d442, d0f338aa44b30123f8902a717447f61cd21ef843, a2ef32604d69550acf4472114413cac76b47a265, 68a98079cfd16130d0429bf4f18ec8768261947b, 471565a105a4c2925ae513be87a607ba2a67ed6a, 2e5b1ef7066d440d7ea745b19decdb9b1d203715, 1a0997372e72fe45c303dc5cb8a07ae2cdd37dab, 123d679d27fc06c73452f4e634a441d223c89075, 9a8baaca6d2014c379fbed7a1c913878d0b140c6, 20cf9b8255575a4701368b5714bae5abd6f5f985, a65291e3f5d8371d7544bb89fd89de96a7d4542f, 99238a76540a0ee25b8df089d66683df9d58d53f]","12","2","8f8350e36a02e6348d5fc76b1d4258f1e741c97c","03dafa99d41aea96bda6fa55d546e42385268250","ae186d44cd0a174ca459113d5412b55db4283f4b"
"https://github.com/alphagov/e-petitions.git","329","1","[6a5849d0ddda7db8a96f0b60f809e33359eb9cc4]","4","1","6a5849d0ddda7db8a96f0b60f809e33359eb9cc4","03dafa99d41aea96bda6fa55d546e42385268250","8814ab414396e195adeb70fe4d70e8ec77385c65"
"https://github.com/alphagov/e-petitions.git","330","1","[21b2d7e2939ce174f37f7b9c71602bcb936eea13]","4","1","21b2d7e2939ce174f37f7b9c71602bcb936eea13","ae186d44cd0a174ca459113d5412b55db4283f4b","1af390c27980d4330d1ff721d7663acec725fd2c"
"https://github.com/alphagov/e-petitions.git","332","5","[e5a2d1aa2ad0967d2c219f29c772eb67d9c15550, 7179009060f90c9bb90bdd7cdabf501743c5d199, 4cae9a0611b4bfdb3f8db96970f62e7beabfb311, 4d34cc81bd937067ce46a23cbf604e0b78847bc0, 40b04724c283f8b88ae60f5b34d753130dc923f7]","15","6","e5a2d1aa2ad0967d2c219f29c772eb67d9c15550","8814ab414396e195adeb70fe4d70e8ec77385c65","006e2715c41dafd8c01557b1d9c594c38bcda06c"
"https://github.com/alphagov/e-petitions.git","333","4","[210030d63dd31017064416cfb9a7e55d10a080ab, b645232e1ca869a1b68fa8a4b484e811cdddda19, 1873764fadc44bbe78a496d336749318918c5a48, c6ca10d19064b56e74433ca9765002fefe3c056c]","60","8","210030d63dd31017064416cfb9a7e55d10a080ab","006e2715c41dafd8c01557b1d9c594c38bcda06c","e8f4cf1862312df5400d409f1f14653d6c222474"
"https://github.com/alphagov/e-petitions.git","337","2","[06c191a3611a6d138ca2fdc30f65d0fca827afe2, 814b9861ff1c4c09b01d1c5675285592533ee99f]","2","2","06c191a3611a6d138ca2fdc30f65d0fca827afe2","e8f4cf1862312df5400d409f1f14653d6c222474","f46b04c1ff6dcf1adf8587b034716526c943b29a"
"https://github.com/alphagov/e-petitions.git","338","4","[faf98ec466ea758a6cb1b3b784fbf71caeeb8b32, 88641d4b6ecd884f1e13c4424d7bdce4322780c7, 96f5f6a10e10a7dfeb2b9b83d55b1f187b53af0e, a19cf2258eecd4ff882b2afa10714fb0ded44078]","4","1","faf98ec466ea758a6cb1b3b784fbf71caeeb8b32","f46b04c1ff6dcf1adf8587b034716526c943b29a","ebfd2b5bbca325a2763800c574121f3ac7b1bfd4"
"https://github.com/alphagov/e-petitions.git","340","3","[f3183ea841cb04741b68988eb56a2b33741133f5, 9e1e9ca8d392c5ae3c97db6d9797397f521d9647, b892d6b9a7a2048be674c6a9c988f7707bb78422]","3","4","f3183ea841cb04741b68988eb56a2b33741133f5","5ab951c3043d02ac8d2400ce17b4fe2dce84a7f3","08ddf5a8540fc4d9e5aefda3e6558916bc98d649"
"https://github.com/alphagov/e-petitions.git","342","5","[7d39b953a24e5d6d773accd475f9355b10ec030f, 15d230d4e959d5b32446c0291e5e88f17a36f393, 016df3b6da5d037ee1335ad061de2170e57595cb, 534eda4869cf45be9baa25e0f9a9dfb636a99966, 06b9ee242f6d02c8b8b846dfee014a652050bd9f]","45","10","7d39b953a24e5d6d773accd475f9355b10ec030f","ebfd2b5bbca325a2763800c574121f3ac7b1bfd4","78beb77506de0c44636c5b92d01c84e0257cf9e4"
"https://github.com/alphagov/e-petitions.git","345","4","[488c1da77b24c8a5722d77f6053f06f8852b186b, a2d0941efb2e985d8ccb0bbc0404a9829ad607d7, 62eec27963496e60a4e1e4b78eaa47d8e66bd273, 8bba467a5f4b72e9751bcc9765e0614a7d35dc18]","3","1","488c1da77b24c8a5722d77f6053f06f8852b186b","5b1dc2de1430d726587d2ea71a7d335c352814bf","01c117e51519ddf4d927bd28e4bac9d24ce7ea94"
"https://github.com/alphagov/e-petitions.git","347","3","[8b0d23532b64c54dc8c68d4f436bab5a8687f7ab, f14205782c90f6947d9ca6584c39c74e703620e8, e6c8c8916ec8af9b0da80c82a2ffed1fa360e300]","9","1","8b0d23532b64c54dc8c68d4f436bab5a8687f7ab","ab3637e3ba130e1ffa74fb5bb5771069161270ac","956a315add20a81f14f01c3b4c240f24f855f2dd"
"https://github.com/alphagov/e-petitions.git","349","2","[5cf9616d949dc933d3855293cfd3984683a08542, 55bbef3a754181b8f9b919c8443cd5abd1e18b4e]","4","1","5cf9616d949dc933d3855293cfd3984683a08542","9e4ea663e7d6060ed178c4fd1f9f86d08fb3ad81","01c117e51519ddf4d927bd28e4bac9d24ce7ea94"
"https://github.com/alphagov/e-petitions.git","351","6","[741bfa74937b25daa6944c80e33960d2a0018581, 4c525e8579dc7e138492c3c78636f186cd92408d, 7d82c4f935d03cea864be08c1da2bc63b031c2fc, d18d16c643e7565c251ed9c3a575b8dbb27a8144, d10637fbf3a5cf8e7029fe63d25a7b45f9588617, 132bb1e41afe7bffa5017476325b4657d4c3e081]","13","3","741bfa74937b25daa6944c80e33960d2a0018581","bb6751664e23d54e9ecb7268afa8a6ff9726b3d7","ddb00bafa7523740e780207b4c86c06e718d63b4"
"https://github.com/alphagov/e-petitions.git","354","5","[01c117e51519ddf4d927bd28e4bac9d24ce7ea94, 9f1fc6da3b6def550f5ddcac3cb85d0d1d6ff7fc, ba5f44b74096d38603f59e1aaa44332441c0f7fd, 89416819c8f18c2c68282f70de596d598411ed07, ef207d66b280b14a317d38cbb892b65c38a59853]","1","1","01c117e51519ddf4d927bd28e4bac9d24ce7ea94","ddb00bafa7523740e780207b4c86c06e718d63b4","4b428b81dc901392fd5fd83b7183d509087a1d10"
"https://github.com/alphagov/e-petitions.git","355","1","[aa2b741c9802e6a4490d63eb861b8f9d82623322]","3","1","aa2b741c9802e6a4490d63eb861b8f9d82623322","ddb00bafa7523740e780207b4c86c06e718d63b4","c87f0396a2b2ac97f8dff85f84752da347918f69"
"https://github.com/alphagov/e-petitions.git","356","31","[cd56b2b5d11c4cf5d59ef66aec94385325ab24d4, 1f9f7ed3d33f1299b5d9aa91a385b46966b1eaa3, dc887bdc7c3df0572e7b0248a3f92babf1aa6fe4, 0bce26aec2da651b8d1a5e383a0e832d4d5f6c53, 9a0f23f0a3a49bea2e59df13f497e421fa529740, 258694cf644b01b68568deb724ed9f7da9187e95, b1dcbdbd7867e590ddbf5c9ab8f18aa2674041e8, 9a12fb6f865750f15c171bd56f915ac26cfee27f, 7b8badfdfd934b5a562466c0b73b31c888c9788f, b2efd9eb09ee9e0a4365467b90f858263f56ae7d, 55935d3cd709cf4c05df67683e24fc74f1fce894, 5266fc1e99d88571f880a1feac80fa69d24a6a8d, 5c13417cbfa43b845ca76bb46f0fbbcda9f67d7d, 5d75710c01503cdca8aa63587d6a15f4c8a87589, 028310d1df96e946409beca75dd0065aaaeeeeea, 496a4bad7e69e415c9e42387397e4a17ac75c869, f161bea93e6c1635027e4e62a56f1ffa50e3e40b, 9cb96cfa7e1bbb13a8b4304fb39cd752d4bc1764, 34445202620fd9190acf25df45d4d8426c87b970, 1ec3a6332fbd3b776c64145276f4376e2eb8931a, 3beb5c6a68e9252758a5c3734406a1b9000b5bfa, 26cf1760eab64c5d0a665b71b73b1c7bd8ed3fea, 48999d03ff4e15ba0a3e5cfc5e55d96e17b51084, 404a646d68118773750ef4b5dfeed91e487518de, 3b62718e00d932f60a073ac7256a38e48f1eed8a, 2c70ed8028d893dcce06641dd605cd0bfc14c95b, 5e5704a0cc9ddb37622f0e2c9c1c07b85e34aabf, 24b3cf5b0b319a21c0b090951ceeb98c0b1c81e8, f003930d3d415c549befe76bb59c5d8332ef2d33, d27c4f3a3731d3b5827edae3e193013a51ea02a5, a33b193ca18b1b1895100d94cfba8faf7de0b839]","17","4","cd56b2b5d11c4cf5d59ef66aec94385325ab24d4","4b428b81dc901392fd5fd83b7183d509087a1d10","6a9a1d75954ad96c84f4f7c280b12540920cf142"
"https://github.com/alphagov/e-petitions.git","357","4","[edad9024d450b4348c6d36dd83477e1695a05a21, 03257b557060ba3b308ad0edba1a55a0e6d05084, d3880ae892e873011b9eb484ef5113c569510689, 7e2d0f72463476fea0683cc72225ad68a3432163]","1","1","edad9024d450b4348c6d36dd83477e1695a05a21","4b428b81dc901392fd5fd83b7183d509087a1d10","6a9a1d75954ad96c84f4f7c280b12540920cf142"
"https://github.com/alphagov/e-petitions.git","359","14","[c87f0396a2b2ac97f8dff85f84752da347918f69, f204adc95a6ee03d69eaee0bf5c9a3983caa19b7, a238515a6398f82e391706ae210d774ec68144a6, a754d9f8810bbb991b7abfc4b9ee3e3bfec438b0, 11378c1b8e0b448f687aca84eea0e98d3b62cf35, c0cedaf5c6a78cba477230d3a819e85c8f6465c7, ab95116e7020a6dc4f89bd656c703f974267f2a1, ff81d9d5ed4ce3553bc1beb84448a4cde908599f, 1ff71cf842922aa412cfd7e3597078451e8b9664, 6b11d5d76164b3147a2c9d974405699d1501becd, 1152d36606b1a9600a25fca10def44b61edaf49c, db33af4d5f23f93a9b6cb28df30739365b19a03e, 661e6e7c80b174a9c7e622c10bf8cad809251ee6, fa82fae095ae1729ec7f38b096316c50ac548004]","24","1","c87f0396a2b2ac97f8dff85f84752da347918f69","8970f0ba284dc9f30f680b7b525d0ae055e5b3df","c42a5f1bb82a319d42255c745d0fbbdcf8c4b97e"
"https://github.com/alphagov/e-petitions.git","360","1","[724f79ec2c56e032d22fe1dfe0b4ba71854f82cf]","1","1","724f79ec2c56e032d22fe1dfe0b4ba71854f82cf","8970f0ba284dc9f30f680b7b525d0ae055e5b3df","c42a5f1bb82a319d42255c745d0fbbdcf8c4b97e"
"https://github.com/alphagov/e-petitions.git","361","26","[2d8a142db989829b3de7b7a33fd25dd2546075a5, 5b26e9c8b28a4f3b6349252b475b5a86929ae766, d2d505498f670d4cb824859c4b7b3b680fe975fc, 320b3d4fe608832ce2f0c94671c8ca801f4cca7e, 7feaed6107e823c7668f57252a5d43ea7a696058, e52c6a1921620c9cff7ad2acb32b483d86571c23, 44a7c4297afa7d3a63f5cc28fda0724f3e26fdca, cbb968d7d0f3396d5aae35683b379e8665674856, 53057bbc64b0b42b09624acbba2dfe9c6bd59ce0, 8aab9ba5ac92ddc9126aceb5cec575870ce45633, 1389fc8ca2e6068d363c4136039637721e9d39f5, 8ba4926b5b6535eb3173a3b86cab975152d14fd5, 46c6d688d3b1a0cba5faf56f60ccaca20337e089, 01fa3fcc7585be23799f3590247f3168e1c35d9f, bb85791e005727933abd42bcc0133df87ecdb50f, 10ff209df4258ea0e125da13ee90c8c7d9d047d6, c58b88894b7b82bf1e7e76d0ce92539ed63fde1a, a89c59c8a81bc5822a6a0703ff2d5d321c410575, da10e67b90bc918640fa73d9c37c20e29e1de4e2, 4ffdd8c1bfb5a9ad92ef7f7a847c7b1c245b8d94, 067fb3b6b841fa2046937a69b7935f84277f115b, ad03ec11f24d2894aeefa25477541e5689c81d04, 7b364575871f07826fff9e486145cb9c2deea9b6, caab4a6388710f0e239d7fa8790f76b95dde67c0, 02627f966fbdfe12c640eeafd82a5f26c0f7c5a0, 9b6e334473338b64067788f11692a92cdaa6f7fa]","18","2","2d8a142db989829b3de7b7a33fd25dd2546075a5","520076f34f6bcfdb628dbccbeaa0d1d1e2fd00dd","ba09a4293fe033d1108bb5c3fe603718ae7564de"
"https://github.com/alphagov/e-petitions.git","365","1","[a03210b09910a51e7fb714ca3210e209bc2b5f89]","2","1","a03210b09910a51e7fb714ca3210e209bc2b5f89","ba09a4293fe033d1108bb5c3fe603718ae7564de","09e0049679e77b1ed29da7f0112d61359806bbb2"
"https://github.com/alphagov/e-petitions.git","371","3","[e83ad6e3557d5650db468135ab43a1d4e7fc515a, 59d7592ab6a59c92fc66ee58a84c474f847718b5, adb0e3c2a6234a7edd80f44ae821d05a6fc7660c]","6","1","e83ad6e3557d5650db468135ab43a1d4e7fc515a","720d8d492d6ca1cc671fdb1359c4a50466cbea1a","6f3ec08f4e693f07b86778748c9047ab52ea025b"
"https://github.com/alphagov/e-petitions.git","375","13","[7ac844627c74312345145548393e1a01a062fe85, fbad565844139f59baaa9f1de9cc6c07fa20e013, 8f90740c30a83b8986d47f24612b9069fad63d55, 7773c3625183f9ed2bf89e44db1ea5589257cb2d, e96eabbad191e0a8f8802cb524e3a8c2024fa9fd, 492a4e8dd07cead0b795220f2fe68d6ef071d165, 353a37c6513b3739990bdebd91465ecf2e2b7ecd, 8908a9d227bb8a34f12c7437c3d05f382d71feea, 4cc82f58ab019e47537428c272169772fd88d573, f50041ad4e96680be01e4814b002577389d07531, 3dc8d8cfb504bf3b38a802d22cb210855aefbdb2, f388e9728554f5317e85c61f4a65dca95060628b, c1b947bf932c48878c18edf316fb98b38c5e8341]","16","4","7ac844627c74312345145548393e1a01a062fe85","30ac3d9048390631f72af56eb6183eb9387cbc27","ab5d5d54904452edf92ea25bbad0e8bc45f911be"
"https://github.com/alphagov/e-petitions.git","379","2","[0e4412423004e153e7ac0285795d6c987d084de2, 163e45733c2bb00ffe5a420146577510c10c8ee1]","1","1","0e4412423004e153e7ac0285795d6c987d084de2","360168585028aef4e248ad01f89079fbbf3515a5","79f578c4a0f53f7022d3fc18613f0b80e7216726"
"https://github.com/alphagov/e-petitions.git","380","4","[44d9e637a57d0061f3d0b6809c1249dc1bcb2955, 5746df50045f74126cad294d3203c5a9f00daeaf, 2c482fd09f31e1392d5609cc6bdfd6fcb267b35b, 42feea6a61960ed058048dc8accf4d127cff42df]","1","1","44d9e637a57d0061f3d0b6809c1249dc1bcb2955","8d44c5e39bd63bc22f5ee931b00de38a52547f96","7688062a5dd860403f960eb4471d4e258411b6f9"
"https://github.com/alphagov/e-petitions.git","381","2","[a3f655ba732fcd3ef4b185d461e99a0c4ba09f00, b25bf3e808edc4bfc42be902b46efb7dd3c45040]","2","1","a3f655ba732fcd3ef4b185d461e99a0c4ba09f00","2fb51e5808ee508fce489c2681eea2e2bd92fb9a","7688062a5dd860403f960eb4471d4e258411b6f9"
"https://github.com/alphagov/e-petitions.git","390","5","[b59fa9988e0a67ba6f9dcc400a3a5d38944789e9, d381c094934cfef165db3451f43096f36e607873, 426c61a16b2db7d441c2bc35ae354fb76cf23915, abc5d4bd5f63e73f9c6f0db5ec2128df5982946a, 26a8db5294c4568e012bb8086ad274f1ad3a1016]","5","1","b59fa9988e0a67ba6f9dcc400a3a5d38944789e9","05010bf454c2c94c791d9abc0fa34e1036735f08","511fded36ee37b2de6992373a8f1243707bd0d99"
"https://github.com/alphagov/e-petitions.git","391","4","[148f3029943e949f6b865720b652b9132f62bc5f, da91b43909c846568b08c45b8b867c7b0c98f39e, 80f959e1400fc86f84d7ff4e99fd264d51d0940c, 7f05699726d4170d51190949204227e78615ecc6]","6","1","148f3029943e949f6b865720b652b9132f62bc5f","5ac8bf74fd090f76587184eed4b2eb91b11bc201","d6785f115e1ceca83304a25450b3876e1f58e48e"
"https://github.com/alphagov/e-petitions.git","392","2","[0a8abd446e9cefc96f3d7af6ce95d185792898cd, ad5a7e1d588582c3c7af6c6512a9f643aa7550be]","2","1","0a8abd446e9cefc96f3d7af6ce95d185792898cd","398dcae74a88a4d5ee978905179860f220eecad3","1795ef8d36d9718cdc225c0d0579df6461e776da"
"https://github.com/alphagov/e-petitions.git","394","4","[3b23e761e3eb40fe744afce003e04632caeb9bba, 046f5e6716c729f9125d5b0afb275b4771ca4f63, 0fd2edfe027fbcaf5389055075a85b7fe38ead5f, 417f1dfa10c247742ed1d861dffe4afd250a40bc]","7","1","3b23e761e3eb40fe744afce003e04632caeb9bba","1795ef8d36d9718cdc225c0d0579df6461e776da","1acf9895313c1314e953f9b7cfec6e624cbdab4a"
"https://github.com/alphagov/e-petitions.git","404","13","[11fd0be971675cb1eeda3d622d710abfa26aacd7, 5828b4805dbf3a9798c37cd80d69aff23d52e60e, d30c6dd5450fbe01685871672522b0e2126ed90e, ef08d810a4324e055f1a5821652c46c12fcac434, 98e0ad4e5720729e3218eb8413fbe85d87739178, 140b8363978e6fa2e765e4b9ab3147b7197d01eb, d0f046fd514e65bd3574cc8da1bcee94e734f1a4, 734fa4e9e8be7ce26c2a01bb6b7466041950847a, 964e888ca504784b391416f28bcd22fe8d5de0d5, 70c7ffcc7efcc8cde049a1a95f4ae28b56717a60, 6b98a3f108298097e16beec099a3a9715f22948f, 38933a56081f89577c8fa88b5b9893fa53e1df1c, 845617dac348a1e108711ea133d660fb6b55c991]","9","2","11fd0be971675cb1eeda3d622d710abfa26aacd7","d6785f115e1ceca83304a25450b3876e1f58e48e","a310d8bc6de48c4d1507823160c5d6d9eff83fd5"
"https://github.com/alphagov/e-petitions.git","405","3","[146be21d4d0ba08872a22af8e5e26d8b466fdd82, b72bd1a9e7d4288aaebe7e3f4f735a69785ea739, 1099c74c74f3b97aff27b0eb4911f2c97b37785a]","3","1","146be21d4d0ba08872a22af8e5e26d8b466fdd82","d6785f115e1ceca83304a25450b3876e1f58e48e","a310d8bc6de48c4d1507823160c5d6d9eff83fd5"
"https://github.com/alphagov/e-petitions.git","406","21","[41d74368a6a621c4e652c8fdeae91f3ef4386d38, 329dfe662d34e64850b0a2b2fb8d3c4ebeb7ea81, 67dedcb256444ed9881250940fab37c19de8215c, a9843de6ab11b9978e7ef005c08d5a6d8cd5b46d, eb79e19ca1c661e3c856e468eb8c3ea72e7d73d3, 8108bc300c31c63f6a4914d5d1b1143cf69c6b4e, b77e5e66562355772c0eceadc8fbc902e37d253f, 55d13d2a5417b280a2e7d0613b15e2d93c4f953a, 9699a208bdb9a827835ed6726b2f1ecbacfbf1db, 99f7d429cbc34d2e414b4f7a831d9b6240bccd52, 990a0fbc4e03927df4a023d690c821cefa976537, b50af414f179405f376bdec403259b66e04ed833, 5280f00010b6b8674ef87c832e19ad3c1073100d, b8226496388dd99aab09cf4f47291b15e4afb767, e5e174e598ce87bc0c27468bd305aeb5be9d4d07, 94e34623e19680c74364c0481c925124e1a06998, 7eff69ac976e113856fcb3f3ebf5ec12789ff608, 2bc228a7957a6cb1a2e855d6b90ee1e8c7371a5e, f2de1f7fa4254449cf1e068984ff22e2e07802e5, fdb4283632113454be70e262389c945f7130fe8f, fb4dcb1c3934a3337e123c27207921abae32e54f]","10","1","41d74368a6a621c4e652c8fdeae91f3ef4386d38","2b6832856d4d1a684b2847ff1435ad2743b2f4ce","aa99fcbe0b6f9875e00fa01c7620da60c6f7f9b3"
"https://github.com/alphagov/e-petitions.git","407","9","[88a516ef02863d660824ef7be77c4ee2797fc586, 7a5f2ed1a1c04f362fff741cbbb638bc3b437b19, 5304fd6810c46cbde7cc0e28f363c3523ca63103, 0207b1db391b59cfe17ea1311d3882f57925524d, 3f61f9dcffc1e972168b7af2d50f0e5a2a6b547d, 81296743ab04513539467a86c6c04ed70e280e64, c091fa30f8c662681afe9e14a9f5e316139f931b, a4ab0c0d74bafca091d0f9ce6912e4269cee2c7b, 3b5ec3ec49521d83bf90035a50bd96a93d5df294]","4","1","88a516ef02863d660824ef7be77c4ee2797fc586","2b6832856d4d1a684b2847ff1435ad2743b2f4ce","aa99fcbe0b6f9875e00fa01c7620da60c6f7f9b3"
"https://github.com/alphagov/e-petitions.git","411","9","[f7b89f92757f3e8f20ae3c7538622747f52de8ce, d428b9ebf2055cfd724159e3fd186b2fc60e231c, 45bf8e31408a8c6bda47266fc58359b71381f5cd, 424b3e380209ebd8ed305b37df5ef611e00e2178, 816e1aa8c7a65e133f5cc0c4c033a50e8346056b, 1698b6bce4d1034ddbfe9cf7dc14def871cdffd6, 1e267cab8a0d322c97a4392e8240d4510b885c02, 43ea4850484182f70eec5102285f87a5ec558bc6, edebb98bc98e6de5ef1dcb47da5e983678cac8cb]","7","1","f7b89f92757f3e8f20ae3c7538622747f52de8ce","e3d0e7857d1f5676e9cd2a10a40aee0e259e899c","4a356bf04f0475d29c9cefc810b9a5e044c79428"
"https://github.com/alphagov/e-petitions.git","413","9","[9a89f783887efb3026cdb5e3a0fe1831ec005d2f, e9b84fb0ea3cbb719c608a0f45b60266c0915c78, f860913f7dac6225180e6265fc92ad0d7768010a, e613ab80a6b87935b1e1e6b6eb7e767a388458ac, d42635b3aedd84e63a4460da23e06ab5109673b4, c0e0e1eabfa38232ccf3ed877e564b65db6b5cb4, 3a951211671d886d163a3381bca8e3d298145ff6, aa21458555736d821a8094137caa80da67237c0e, 9b0de4334f16fc77647744f627fd86bd5268ea81]","3","1","9a89f783887efb3026cdb5e3a0fe1831ec005d2f","1b5dbc129a6639f1a0cd4c682816578329ca8ec2","27b50753cfd21cb0b4438ff3190fc515c2a57cc6"
"https://github.com/alphagov/e-petitions.git","416","9","[f7bae406b7682c8daf74f92f1205c30209dec6a5, 6f732f2ee419da13b71282481b9ed278095f3b6c, e092aff1af42d69f99f50f1f62a1bb1c83b1c410, 02204595a1b7e820e8a48b4bf3801c65893be1a1, 3a7f027a1bc044cc1fda68caed696fb869848f88, a2cbef641869d434b9ddabe9144adda4f383a5e5, ecec7411455d14907e5825ec0dc9d7f4e4eedb9c, 7bd521f83f65de61ac658903baf9cb825801971a, e29ed64293952a4a75715413696ce0aa886f33bc]","43","2","f7bae406b7682c8daf74f92f1205c30209dec6a5","27b50753cfd21cb0b4438ff3190fc515c2a57cc6","cceefb15841d14b051f5ea9bf19773a28f2ba16f"
"https://github.com/alphagov/e-petitions.git","418","5","[28542403693a1c5a1eb983d285135ef168401faa, b96db5211deeefb91c886b863ceacb68445ca3dd, 80c40680e2f9fe92bd76c5b2d6ca1054cf67c398, 758348d2d2a3453a48d9a80e061ed90675862990, bc0cf0b7511d0331ae7a7e836b4e64c9d6f33fbe]","2","1","28542403693a1c5a1eb983d285135ef168401faa","503940779c5dad364745249f09ec9c524fdaf557","0afc1845983b5bb3a21ea67c262cf18d031a54f0"
"https://github.com/alphagov/e-petitions.git","419","2","[0afc1845983b5bb3a21ea67c262cf18d031a54f0, a41b923c16d11abf439d6be740777a84c18ebdba]","2","1","0afc1845983b5bb3a21ea67c262cf18d031a54f0","1dbed764b4914a3e874b1057f86868b5abd2e548","e0b5f8e6b5787f1099c92cc501f9f3cf82fd9216"
"https://github.com/alphagov/e-petitions.git","420","8","[5343e6751f954b166594e42d6a317a03bb51713c, 53820ea5d49b3fc3960948430ad8f95d28465a77, 71a42cd6aaa38a19fb1b276ce1d93bcab0489961, 67e2ac3f26e950d5efb01edec97b26114075056f, 1a074e1547736a491557bd5b474707a1a876b08c, c8ad98daa9a8ce4309853acf4d0b0e04af8b1988, 20ececddf5260a75db9636b7438fc9112e8b7a16, a66e2cb8aec26588f07c4f3cbe510cfaabe3980a]","14","17","5343e6751f954b166594e42d6a317a03bb51713c","1dbed764b4914a3e874b1057f86868b5abd2e548","e0b5f8e6b5787f1099c92cc501f9f3cf82fd9216"
"https://github.com/alphagov/e-petitions.git","421","7","[f0fa82050de747b7ddfeb2c705411f5aa51c272c, 7c4521739c03bad7670f412aa13daf07ebc35d13, e388f6b6de237142d41d30af617418c338582579, f071f760094dc7d8911462b2ef9e7be3105e01c3, 03db360b4c45b89c71dd361dc86a3afe5672e2b0, ab0f001a66607fcaf781eccea07122ce0403da39, f552f6f98fd13cb196a004228d4ace76cc8c0ff4]","18","2","f0fa82050de747b7ddfeb2c705411f5aa51c272c","a18e1739338a7e533bbf509bf2b50a2ed0d2b19c","948f5da8371b97da1f244e55faf4ca7c6ad33a20"
"https://github.com/alphagov/e-petitions.git","422","9","[355c76b9df37abd548db2a8e760141b42cfee4b7, d2b402faca83442d67e47c5a5829c95d83e9ea29, 02435db39f09814ddb469ee8f3d9e1070c33f1f2, 7ffe89d2097faa6884e9576c49ba49a3d01ffe00, c696a05106bb04d7f89c29850d8012bf2376c72a, 5afe536bfd16cde7c9ce35e33d0d7494cc4775e8, 84e554ca0d5943357a0a811f09b7cc636d600e17, 862cda9767859699f871da93573b137624f89d45, c566b77924fd2801c6bb921425aa6337bf77fe92]","4","1","355c76b9df37abd548db2a8e760141b42cfee4b7","05aac01c71c5cf2f0b1227d5267e3242591e6ee4","ebfedcae56f32c918dc16e228d118152310a9eec"
"https://github.com/alphagov/e-petitions.git","426","5","[e344cf65848c6ce8fa5047b5835eded15d9bdd60, e1c616215125dbc1aa9caf41e6aeccfd033fef32, 19c277a8bf4ad5dce0a07241a168da82baab8e7b, 0e196388892c97474fd7d4597cf1defc672cf074, 0362cb9a63b27cc2a0f376ef612e33718cb02ef6]","13","3","e344cf65848c6ce8fa5047b5835eded15d9bdd60","6cace1001af7a03d62e2c3dc0acf527013a3dc87","481b8df196f5dbec65aa4c30f2ca0543aebde233"
"https://github.com/alphagov/e-petitions.git","427","2","[4bba956155bc37adb835e0030066733db29695b5, 0f87143db1bf9c3a858e63a45ebf3f558018d8e8]","3","1","4bba956155bc37adb835e0030066733db29695b5","6cace1001af7a03d62e2c3dc0acf527013a3dc87","481b8df196f5dbec65aa4c30f2ca0543aebde233"
"https://github.com/alphagov/e-petitions.git","428","21","[6bc9374d306abc0ef12864976a8c0323a2519dfd, bd9f7af1fd4bd60ac6deac183b3e0bee933f6782, 7491f5fabb10e967be0c53766193a500dae3431a, 15b36ddccc7f4177d38f30a789ccb5e2bda98bcf, 63967cd2747c637f804903672300771e7223832a, 851d0a7d45ecf71e997668bb6ab37bd338ce8e30, c44a0d5554236a580368f2128a1f82405e1db8a7, 3236b6fd57efb2b726aabee9f0881fde1b80334a, 835e37f7ab875f7023ef6d5c03f5a990929b62e0, 97da00eddf9889f72fc459c42f8e426e8d95bbbf, 579c56664e9cc43328725754fb09be03d98565f4, e99a8c8d41ac7b91ee8a59cc5734f4aeb98a33c6, 009b6094955d5001aea3dbf086ed2c7317cd2830, 541a5f695aa944750ddd55ef5b2043bd2599c131, 6bcb5b153988826d86de40807bfe74005b8ecdbd, 897d916b41f2a8e1d464055fa5df610d3dd33276, ad473659d7acddfe8b46a73cc04273fa0fbbd25b, 4d112d6359f639d5ac7b6bd10aca104d50dceb3b, 7a0af5e864ba37a8e47c9763cd0309db3c45543b, b5bde472b9d4ad0c40ea283ec6d7b23c2d907823, a5e22bec86706dff4d27b32cb123feef5e9d53c2]","20","9","6bc9374d306abc0ef12864976a8c0323a2519dfd","481b8df196f5dbec65aa4c30f2ca0543aebde233","78780c06d480ba5ab287d7a4d4109efce13a6d6e"
"https://github.com/alphagov/e-petitions.git","430","2","[7c42a9687dcd4929f4dcc2365760068e86761e9b, 38fd6e6ef0bb17df71dc76b3b177b89dc341f29a]","7","1","7c42a9687dcd4929f4dcc2365760068e86761e9b","420c2090af7b38a6ee78577bb553777fbd5b8a31","de7e81ae83360c2a5b52a2400ef99dcee7cb3613"
"https://github.com/alphagov/e-petitions.git","431","1","[24c133dc76f3b113ecdc9e77548c5c7bb9711042]","9","1","24c133dc76f3b113ecdc9e77548c5c7bb9711042","7aeae45b489f44d4a7b1d6d3f7c9c2b47b37623f","73e29ebcaef4b377a128f35fc57db9a42f5f6b68"
"https://github.com/alphagov/e-petitions.git","432","1","[7b7d93636e672f9802a381ddd9244fbbe4466b7f]","1","1","7b7d93636e672f9802a381ddd9244fbbe4466b7f","de7e81ae83360c2a5b52a2400ef99dcee7cb3613","afb21b71123c736f524225aa1cbb43d15bf007ba"
"https://github.com/alphagov/e-petitions.git","433","34","[73e29ebcaef4b377a128f35fc57db9a42f5f6b68, 3e40de3be98f1a9c4810e010d901384d2a773589, d018af46d404b16ac07ee265c36340f83010bdbe, ea65a13f4bb2175275fd9cb0cb1881390ed5f3b2, 49a43525eadd72aef84aba650a681a31e9e2eb03, e3ce52b4898ecbc20117ac8dd3408c1dfd067092, 81cc6d0ee5c99ed122c24b1dc0a04ef95085c16e, 26ffd1771e4e00c4987ba7289860a75ebcee5a3a, a69ce2989c94715a3b5dd8f17581a09353fa4122, 5c21af92b2c6c487a349b8ef87526377e33bad59, 105322415a803801f4027d1afd0f77ef98cf6b5b, 35a7a3ae879ae1bcec19d50d11dc663ee19d4e52, 737e0a4fb7d05273b036e1d4c20fe9969fdef4ef, 3b70d21d73a73a5df1d258f3a464d2aca7f709cb, 3a09b00c5d10d03ff0be9030f611eb7715dd06b2, 458237cb32f0b8500a62bb5e9a9534416aea3f38, 97cfebf046f52d13fbd3ac814eff4c180195a1ca, 4a2f75e99fd0e28d377559d46e571bc94ed6a299, 941aa300a6169cbcd3a77ec89b0a078892971455, f7d3076c11a792251f0345013db187b3952321bf, 346881d6a86a20c216f820885f021e762603b818, ffda497eaca55ab082f78534cb6f41e18296a926, 96acf660fc53d73ed8b48d07773adb9570f5ee38, d5220988e952e0e3e8f26439646f93aba6de494c, 83ecd7ae5a1bf7ee68f21343ddda93edc8f43f77, edbb298714ea10524b0c112fb7945eafebb888d6, 82f8980870c670d7e320209032afbf181861baed, 9672802d8fdde40d720fd4cc8a266f90553cfb21, fe593eda19ac9ded8cdd6a1a10c309ef942e06c2, d4c532317eb3e6e12aad4559e29fa199aec12ba3, c2f5660da7e10b8bd51e028238f8aa88f1976d29, 75f06cf22fd6cb4562c2cc9acb5362274ff965a6, 7af769520da0f5d577c4f0ce016d853d0fb0a347, 7758956473d2b612ca0fbc87072c2bdec8c51d9b]","36","5","73e29ebcaef4b377a128f35fc57db9a42f5f6b68","20bec5abdf1f5c31de6dff2b763e621f737ff66e","afb21b71123c736f524225aa1cbb43d15bf007ba"
"https://github.com/alphagov/e-petitions.git","435","1","[ff36cf3582b07070a91d39cea03402093f9e6b62]","1","1","ff36cf3582b07070a91d39cea03402093f9e6b62","afb21b71123c736f524225aa1cbb43d15bf007ba","08e1fd24c7049dfd89f0baf56f8ba614a59dcb91"
"https://github.com/alphagov/e-petitions.git","436","3","[a9e7096a33177bbf60b76fe2840f9cfc005f0e51, 326326228c610ba3153c44da0c1b812293b3cdb7, fe736318bd91112973f84aea7a8316ae051b9a97]","2","3","a9e7096a33177bbf60b76fe2840f9cfc005f0e51","875cfae99cda978ea1a9a3f13bd3374f0c112b90","08e1fd24c7049dfd89f0baf56f8ba614a59dcb91"
"https://github.com/alphagov/e-petitions.git","438","2","[fbe90ea464604b748993285a33daf1d060c43947, 786b17f2f7c97d63c4bea092606761899f51aaed]","1","1","fbe90ea464604b748993285a33daf1d060c43947","08e1fd24c7049dfd89f0baf56f8ba614a59dcb91","763faca5524489ebbb0d55a68d8d20c7ebb8c11e"
"https://github.com/alphagov/e-petitions.git","440","9","[f748bd6d1ba745dfb9277beeee927d35a142bb90, 59db35e6353ae98abef233ec9d527ae98b623c5c, 0ee98eb5ded386f582311236c83c43e936ebe240, 1db36ae18e2ce268abd1818c20a8b22482b4bd5c, 5c2aea5e958d54adc65837a77da611483b3e6104, a382cca6ea9eadcdd9b4b9e3dd9e0e902f7a2ac8, e2aa04abb914606c376db4258b92b4ba8e53b4dc, 6b7e7494ea3f8a4b7b62b65f09397988c5d4cc5c, 349c0fae58c65db777322fa126d8edc3e2ec324a]","6","1","f748bd6d1ba745dfb9277beeee927d35a142bb90","763faca5524489ebbb0d55a68d8d20c7ebb8c11e","e1e300fd2174409fab1f35c44c9cea3ad8c5632b"
"https://github.com/alphagov/e-petitions.git","441","7","[3d242eb0db5e057d581d483d0165be307c4085e4, c095d0b9600bd656a8ced18bf0c1ed93968d80b1, f5196c91b2bd1568344f881845b7e5b107164661, 8f951b761e7630361576810d0f1c4b9c664f70e2, 5d59996f09ea908cc52875324e88d504b50ab82d, c2c12e902fe5a736fc3941b3d0ad259b0b24da92, 4bcee53175d693b64a9d6897ebf09e889d9ecd09]","3","1","3d242eb0db5e057d581d483d0165be307c4085e4","763faca5524489ebbb0d55a68d8d20c7ebb8c11e","e1e300fd2174409fab1f35c44c9cea3ad8c5632b"
"https://github.com/alphagov/e-petitions.git","442","4","[ea682e61ee46aa74e8c3cdcf82d6e6c525bad2f9, 2727a998081020e70e3f27fa993e26fae5e8a376, 12150f6006a6f758f3874ebec49f96528e09f49b, a64fcd0feaaa2f1bb1cdcca8e6bd94c8dc78efbb]","9","2","ea682e61ee46aa74e8c3cdcf82d6e6c525bad2f9","f2f86a5556a62ce88bd80181f3db48d732228947","aacc5504a1cf31b53f2f73f16d08c8a4f32fd9a8"
