"REPO_URL","TASK_ID","#HASHES","HASHES","#PROD_FILES","#TEST_FILES","LAST","MERGE","BASE"
"https://github.com/biosistemika/scinote-web.git","1022","6","[cd7ababab0b7525f76ad66e3d9abb7da5de45916, dfd488fa9646ca6a499870e1cecd99dcae8ea200, 663619044299afeba94113bc40420afe978a6905, 234ca71f0ac288c81be9ed1d9c8498509ccc6c68, 34478b5ce5abd64f2a1d56e2eea6a15f626aac24, 750c82a80f45f4c3d097aec55e38b65545cdde4a]","1","1","cd7ababab0b7525f76ad66e3d9abb7da5de45916","416ab8eee37a2c6df3c35b74ae0ef88ea3006139","738fc46080c73a4c3e83804dfd16c45162e573b1"
"https://github.com/biosistemika/scinote-web.git","15","3","[cd7460a4bdbcd9faa1a1fcc507d3c725b617632f, 94b220172d8db94328271ab89f39fa767e613c93, 3681df7b9f5395b1f0f7e8ef7dbf79daa05324fd]","2","1","cd7460a4bdbcd9faa1a1fcc507d3c725b617632f","cedb10f83ef8f6e311b4bdc945cd10f18078cf14","27ccf7b8fe846f44c792aaa1db1f1ad2122c9e88"
"https://github.com/biosistemika/scinote-web.git","558","1","[cc5b4b75cc2134a939a189378cdbdd57486d8319]","258","5","cc5b4b75cc2134a939a189378cdbdd57486d8319","6deaa7235b2e09ec5657b7f645dd60af0f610077","147e74b4a56c55458d56ad54c8a42008becca0d6"
"https://github.com/biosistemika/scinote-web.git","578","9","[0b33775419f12b348d57d1edd2d71862b4b87651, f7654b6e2350824a3edc754e1820b3e69ab38722, a065913e6ea0c820750e14c57014994d8b3fb275, 8e4d122027abd177b3efc446f2e5b25c5706b4d1, 73c3801404f92b7e9527a1207e9a0b4ffdd6fb2a, 30caff5d64a54a893794762640381baf22b78f13, 69d1f0511fdad589d70f7b688da63215f6bf9bef, cea18a44d5dab3a061d791acfc982a43f7623a07, dac44acf2a27e3e9ae39b63697fff9602e11c0a8]","2","3","0b33775419f12b348d57d1edd2d71862b4b87651","f972676f8d4e4d19d0a7bfb956d33fe8002418f4","2ac04ee476803856c63e0340386a2e825c5ef896"
"https://github.com/biosistemika/scinote-web.git","609","4","[10cd494936eb9df6782d4a026ba2279102677808, c17c8f94154f37284eb41538bc8cc043b3a4d9b0, f01cfc296807c1e299b9485a0c358a1c30637a30, ed27a7a62a453692d7c0de6c868feaa275499f9b]","42","3","10cd494936eb9df6782d4a026ba2279102677808","b771149477c3ea7eee63ad1160799d132647f6bf","b5649f0574786ad0bdffae2f315cbde72022d638"
"https://github.com/biosistemika/scinote-web.git","611","4","[13f9ec30b85403a823aef585d3736d562fcb4efb, 48f8b19ef6a1e727a0c1dd29f394fd11aec91ba7, ed03ed0c074baa176160ba2fd950a44e3e75a3f8, 7df40e56c7f0b88c70d59b990eb558c60d5a71de]","39","3","13f9ec30b85403a823aef585d3736d562fcb4efb","b5649f0574786ad0bdffae2f315cbde72022d638","a6275062b7d0b55d32a91e4a95cce7e39deb613d"
"https://github.com/biosistemika/scinote-web.git","625","5","[ca022fead701199b9a74738c0420df9fcac1edd7, 491416a0f7afa2081d3b13c694f143d317a1872a, d78bf166febd2fec68aa9f301e958f9e371983b5, f97477f3f0987a1af4005cdb4bbeb7114fc7ae1e, 763d934aa7510ccbfdeedef0d4c0549ef9ba4b72]","14","1","ca022fead701199b9a74738c0420df9fcac1edd7","d2c0ae241e87d7d6c428fef1d87e826b2fe71dfc","88d5ba369d634c2a749634a87aac50199c16325e"
"https://github.com/biosistemika/scinote-web.git","629","3","[97d619ab51a1ba69c2997bc91bf44af98b1fd23c, e077c7dbf62b34413e3b03acb9ea1ef85991851a, 9e11f3b220f7e694f128508aa2626589480c8152]","62","3","97d619ab51a1ba69c2997bc91bf44af98b1fd23c","88d5ba369d634c2a749634a87aac50199c16325e","cd04596c620c54e6ac3e0f99f729cf0f12b93643"
"https://github.com/biosistemika/scinote-web.git","724","2","[5c773066881c969853a828e3a42115fe57095dd7, 86a8afd90703ee58405675b1569d644d362f6dc8]","1","2","5c773066881c969853a828e3a42115fe57095dd7","311b2dac5abcb8a36948aa7e1b527820d33290b3","ee0311536164fff63d250e8be2508b468e70775d"
"https://github.com/biosistemika/scinote-web.git","725","2","[d8cf3b1f070115a18f68885a932fee6bb666e1d3, 8fe173e831dd99883ab63a1edae5fcdde77ea59f]","1","2","d8cf3b1f070115a18f68885a932fee6bb666e1d3","ee0311536164fff63d250e8be2508b468e70775d","a61231e005e9b2fc2c49770c4c6d865a024d36b1"
"https://github.com/biosistemika/scinote-web.git","771","2","[5124af6cfb428bfaab271b2e75f0aa747e1aa9b1, ace78cfb58b06bf6f2a8e04a7aad442039a6e548]","1","1","5124af6cfb428bfaab271b2e75f0aa747e1aa9b1","0583979cf9cbebc582a425e8e9842f39b41d9c4b","128f15f984c28667f78c0b5f6a842655c9391606"
"https://github.com/biosistemika/scinote-web.git","791","2","[34f5076b0493ac504ec23a3f469360b487cafb12, 029d69b033c0599491015f6fd075d059f9be2f41]","3","5","34f5076b0493ac504ec23a3f469360b487cafb12","ccab6887288f1d7332f98c0825c6eb7e4ffe3671","e8f6dc0d2433211c1128ebb016ddb2a97ff344b0"
"https://github.com/biosistemika/scinote-web.git","806","3","[1e407bd9c57f24384bab1ee885993c287905a803, c6f44e799cd2458f808bbd6725008ad698c5e57e, 88d742904185465d30cf974523ff1ab725cd5f4f]","1","1","1e407bd9c57f24384bab1ee885993c287905a803","4716fc77520b2cd7051272e138e3173251647d0d","f8a3fca2db93cdbcc8894746ffde747d1c785245"
"https://github.com/biosistemika/scinote-web.git","816","2","[30c05a06b9f1744b94381cfa8a9dd795203c92e0, b59815c611212d7e1992f6b094f77b709b634f21]","1","1","30c05a06b9f1744b94381cfa8a9dd795203c92e0","8394055fbabbd63d0f2654faa9d66ab634f2d59b","ebd354e4d58b91f3f336c5907f293eb1bfb26bca"
"https://github.com/biosistemika/scinote-web.git","895","1","[9678d2a50ddc96a3367901cd037ba04a924f381b]","3","2","9678d2a50ddc96a3367901cd037ba04a924f381b","dfb2689fbf8f4645d06b69ae90bffc035259f558","327e27e123e6d01fbf5a79d422c8f20970f363dd"
"https://github.com/biosistemika/scinote-web.git","897","5","[16d432701026f760824ae208b38a5b6511623972, b3a8f8b5e2c7d79f91e2bd01c2d714791d315ffd, e02f63276eddc152deef4fd6f89efdf6e7f50880, 33ebe1f7487509472f0a5f4c747f93f9fe6e5343, b036452d8c331a81812a2ac2b11ac6815e219e78]","3","5","16d432701026f760824ae208b38a5b6511623972","327e27e123e6d01fbf5a79d422c8f20970f363dd","9a875070c7374d492a4f6819a26a6be20bea5242"
"https://github.com/biosistemika/scinote-web.git","902","2","[a3245eecffd339ce98aeb168bbd5657bd9ef3ea0, f2246292590975fc5a8aea84ad14612c0019fe64]","1","2","a3245eecffd339ce98aeb168bbd5657bd9ef3ea0","4e92065ea02f7edb0f239455e52dc5bcab688628","e2af987b80a2ae3ed5c1903521fa21254e2ce6a5"
"https://github.com/biosistemika/scinote-web.git","906","3","[605674bf6b1838d4c786626ea8a60bae4d2dce18, 2118b317623fb011769e78769f6a29f696898afe, e5a01f7a573e6105ebb56e626a52323b910a8d28]","1","2","605674bf6b1838d4c786626ea8a60bae4d2dce18","e2af987b80a2ae3ed5c1903521fa21254e2ce6a5","a769cb85631af335319f9cb32fa6a5a9d177539e"
"https://github.com/biosistemika/scinote-web.git","914","2","[e17f945d8ab7c3c74b029e91d93ec684d2535bc9, 5ded81829187e536823334739f0ad4e5053d8a24]","1","1","e17f945d8ab7c3c74b029e91d93ec684d2535bc9","460bcd498023301b5a74fa1a872a8f38c368a20c","5538805faabcb3a2c36a2efd51ee3e87b154c1dd"
"https://github.com/biosistemika/scinote-web.git","915","2","[a769cb85631af335319f9cb32fa6a5a9d177539e, 22cf72e0548e340dd0fbb3cb584e289565145b79]","1","1","a769cb85631af335319f9cb32fa6a5a9d177539e","b1f4d578f09bbc9b2a860efa290771cbe20f82e5","3158fc4a8a8ea561b9c2cb96ded7b8aa67583611"
"https://github.com/biosistemika/scinote-web.git","921","1","[62dfd6a71380397f0c4d0b96f5f677f2e13361d6]","1","1","62dfd6a71380397f0c4d0b96f5f677f2e13361d6","3158fc4a8a8ea561b9c2cb96ded7b8aa67583611","324ecf1bb4b7e6a9552bc7d36fba7c9a8b7523eb"
"https://github.com/biosistemika/scinote-web.git","922","8","[a60e4c28bb5abcb6e8f7c30976e5058c710b0a18, cbe3e6740243e7c8240916108be598812ce00f97, 0eea1e3def15d08b5a82808e48906c898c3551fb, 998519066c35e6c19e9bd0d3766ca8eeb986f75d, 823ed7589823e752cbfa8f66104199f5c9bc22e8, c026b60790b1a0c2161b79e559628c443278430d, ceb11c143fc2e0691a557f9a2d3415fc8a4cb4b5, 463d17ace1ea476a53d6f4a5c3022feaa5057cc0]","3","1","a60e4c28bb5abcb6e8f7c30976e5058c710b0a18","be2c3b807f1131dcb9fa0fb0d5a613da779ab19c","82f982e9830a557985bd431ae97b3f2ad5b85b8d"
"https://github.com/biosistemika/scinote-web.git","923","2","[9c3c32a36642b1f32e16531b3836f62d124f3082, 550c5ad6f6b0c0d8b911713cd9e0e34928282c4a]","1","2","9c3c32a36642b1f32e16531b3836f62d124f3082","324ecf1bb4b7e6a9552bc7d36fba7c9a8b7523eb","20379dc62a7bddfd9a39d2ec6c9798a7dc941ec2"
"https://github.com/biosistemika/scinote-web.git","926","6","[20379dc62a7bddfd9a39d2ec6c9798a7dc941ec2, 6fe48a07ae067b647172187bfbacd6332c8811a7, c5978f2d866ec4434b292c3720a7997d49fd507f, bdc1051cbbd3d071daa10c3b8072f30afaed17f8, e5ebedb428fdd504fe880e36e94c2e9823479cc2, dccf4e34ff6d092eddc76dba222c14ddfcf8091e]","2","2","20379dc62a7bddfd9a39d2ec6c9798a7dc941ec2","a0eaec214b034dada58af8606c46f9f9eaea04e0","3740e89ca097425ca5c76f5c4ed37ff3dd47003f"
"https://github.com/biosistemika/scinote-web.git","952","4","[abe0b8adcc1cb51cb3bfd4e998105fd9695918b9, 9e2b589e4b1df2bcfb5202ec7aa59256a572afb6, f71ff8589d066ec9e440768f38baa6db72da6110, 9e1622ccd2511c7cca324155e97c0ef0fef240fd]","1","2","abe0b8adcc1cb51cb3bfd4e998105fd9695918b9","3740e89ca097425ca5c76f5c4ed37ff3dd47003f","35f467c5fddaa8cd3e34bde989e5f2e6fef9f403"
