"REPO_URL","TASK_ID","#HASHES","HASHES","#PROD_FILES","#TEST_FILES","LAST","MERGE","BASE"
"https://github.com/bountysource/core.git","1","3","[1a837fdf1ef4e3c87837fb4fd1ca4166bbb8f403, 7c8af782a206caa377e33e0f998ea3357ea0396c, 58915e6c571aa4c8700c30a8401c283029229e39]","2","0","1a837fdf1ef4e3c87837fb4fd1ca4166bbb8f403","70e7ed1758e96a0bd6c01bcc8428f63986dc6389","59ffc0a3beb827d1b4d69afa739d759823585a4e"
"https://github.com/bountysource/core.git","10","1","[a5becb50bfd91d7086e10850fbcf7b1e4c0f6777]","2","0","a5becb50bfd91d7086e10850fbcf7b1e4c0f6777","48ba58a21db51493573f5ca187e154b6a3917649","ecdf97ac713496610f5159f378ba9db730d95535"
"https://github.com/bountysource/core.git","100","1","[6241d7d30366a4d4173325ad72c4c00422fab92b]","1","0","6241d7d30366a4d4173325ad72c4c00422fab92b","ce5dc7479526a2c1e4442a79124d37ab6bf36f87","0c53bc4485e51c565ccaed122d90b9ab5afd0926"
"https://github.com/bountysource/core.git","101","1","[0f8cda001879324ccb0032e35e610b129c30fbb3]","0","0","0f8cda001879324ccb0032e35e610b129c30fbb3","ce5dc7479526a2c1e4442a79124d37ab6bf36f87","0c53bc4485e51c565ccaed122d90b9ab5afd0926"
"https://github.com/bountysource/core.git","11","1","[3977953277aeb79c65e3f24a7b9dd2cc7896ccb9]","18","0","3977953277aeb79c65e3f24a7b9dd2cc7896ccb9","842eb1a63c4e4190f446597e525e283f98208252","9429b7999155412a78a090e80b010be8f241a1e5"
"https://github.com/bountysource/core.git","12","1","[ab43defb816a997fd5bc47611715bb7027a6820d]","191","0","ab43defb816a997fd5bc47611715bb7027a6820d","842eb1a63c4e4190f446597e525e283f98208252","9429b7999155412a78a090e80b010be8f241a1e5"
"https://github.com/bountysource/core.git","13","1","[19530e8ff4c25dcfb62ed191ec903eca28896bf1]","2","0","19530e8ff4c25dcfb62ed191ec903eca28896bf1","8202a461c152619a89f95c188b467daaca19f520","2639e96aac8a77a3466fc157f83dff8d940176f0"
"https://github.com/bountysource/core.git","14","2","[ef48d9df5978aa5e9ac9be023f0b3c9b84165583, 288f7be8c5907acb2944b2309934e3720cd16e41]","3","0","ef48d9df5978aa5e9ac9be023f0b3c9b84165583","8202a461c152619a89f95c188b467daaca19f520","2639e96aac8a77a3466fc157f83dff8d940176f0"
"https://github.com/bountysource/core.git","15","4","[ef15c53a948851a8a28b864be6e0b597a828c1d3, c2052e6ba04b57c4e57f7d9bb2677c3066f9094d, 45ca1319cf4b0253abedc55ed186d702c73eec2b, d7025f0caa97c1a9fe2822a7ff0668f5adb9a1c1]","183","0","ef15c53a948851a8a28b864be6e0b597a828c1d3","30b429a1c3667e394622b39612d9bd1d2ee3a4a4","828a05fc9aa3040899bb74d58cb3901b00effacf"
"https://github.com/bountysource/core.git","16","1","[3cd83825c07e988d9101818497a4ff5d93237dfa]","6","0","3cd83825c07e988d9101818497a4ff5d93237dfa","30b429a1c3667e394622b39612d9bd1d2ee3a4a4","49b976e76c376ee984e7405918055bfa566276ca"
"https://github.com/bountysource/core.git","17","1","[aa7e9696d077e812676c355d3502374c9f06442e]","1","0","aa7e9696d077e812676c355d3502374c9f06442e","49b976e76c376ee984e7405918055bfa566276ca","2954bb933e1d26497f65cf9c5fc443f74b99357b"
"https://github.com/bountysource/core.git","18","2","[1d959523787bc78095c25dbd6f8b6f8fe3cdc77c, 447bb35f377ec68eca05d1b44ea20b55f4846a12]","1","0","1d959523787bc78095c25dbd6f8b6f8fe3cdc77c","8cb6e50eff84e3661517502ea54bf7202e439e23","2954bb933e1d26497f65cf9c5fc443f74b99357b"
"https://github.com/bountysource/core.git","19","2","[1ad4c6983fbe62958358375a83461df17d1f9c2d, 08cc0f085c8450af9e51f41e6c17f78ae61d5849]","363","0","1ad4c6983fbe62958358375a83461df17d1f9c2d","50abb33ffa89ae90edd82ee0ea1cae17bee07c99","22f06d4183e37f08c4edde4ca4bd2af9bb5382ac"
"https://github.com/bountysource/core.git","2","22","[f311963f093b6a93021fbcca4d0df61abafc5937, 33f31e0a9507082d98887cbbf7d23fb92e359627, 21651379d4a2e83ea762ea56455559ea5192839e, 3948cba9f04727937dd1efcc39c343e612c29222, 0d707e23deb60f6f60cfed121da7187997c47cff, 904d2618e82115d3db1d8585118f1e244d53085f, a85aadc12fd82b42917de314232fe34568a6723d, 6d322b1e25248d6654f92215c5e322db156fac2f, 7fc31c42b918936d7724b0ddf9bca3b28e23c7af, 1e2cdfbcbe29dcf964392f913c414af76f9289e5, 08ad9333f36ecc9ba90f04d5ed83bc2c865fe8a1, a23ac93b6031b686d93e93c6e0539c52ae04c1b3, 7c932221a8217d80c974fcf304527ca30ead07f4, ac9b1f4301264a7933fe4e8d8c4068361cbb219e, b8dddfc8a69efc8e66511ee8ca0cf205a5fac0e4, 6bb8effbc66d132af11ba491c28f7197c7883866, 18007b90279e2f13fd0a7c678b53141e0d46d6ad, 6bb8bbd2a661cf786806da0968b9c2a33dca99e9, be1a365760b26892dbc970bc794d15a4a02d07bd, b3a93a8cef22922f04e68dac1d52aecb5ddb4f7b, 29224269e9f3ccd4bb16ec7ced2cde7fd1ccd650, 7c74034c03b23609502c972b989f3ddf43a27b90]","44","0","f311963f093b6a93021fbcca4d0df61abafc5937","70e7ed1758e96a0bd6c01bcc8428f63986dc6389","59ffc0a3beb827d1b4d69afa739d759823585a4e"
"https://github.com/bountysource/core.git","20","10","[2954bb933e1d26497f65cf9c5fc443f74b99357b, 6a3056c174df9e297323439922c0f2421e938d2e, 5eeaaf43e613d72b34ce2c39d7482030c25ea7fa, 8254af27c3ef9d01939cf0f6fd2afcd7be9f8cbb, db684dc9626ecfa53ef4a17be88388d67fd3208b, c82efc344294a6a71e690f16d41bf458c8af3805, 92d9eab9c8355e5a1702e2c995d0b019f383d907, 0968ea18fa5412094184e6832183d965abc0b1d9, 24afd9f8556e787ae00cff2b8512e86004451657, 79e655c6290ce1bf672406704067ffe43ad11aea]","25","0","2954bb933e1d26497f65cf9c5fc443f74b99357b","50abb33ffa89ae90edd82ee0ea1cae17bee07c99","4db559ed592464f68cb0d5e59f217b58896c7c71"
"https://github.com/bountysource/core.git","21","3","[bf0e5756129eafcaa6da70ea044a9d7e0f06064e, 2db12cbdcd82b1d24cc534454b3276aacf825cc1, 6404eb3913199f116dd084af959c1e3d84741ac6]","1","0","bf0e5756129eafcaa6da70ea044a9d7e0f06064e","4db559ed592464f68cb0d5e59f217b58896c7c71","828a05fc9aa3040899bb74d58cb3901b00effacf"
"https://github.com/bountysource/core.git","22","2","[0aca6f9ccfed2d1c3e0a3d01387d4fd1f1d07960, 2f06c75934308953cdb49a6b386abc16f67cf437]","4","0","0aca6f9ccfed2d1c3e0a3d01387d4fd1f1d07960","4db559ed592464f68cb0d5e59f217b58896c7c71","62a3abd3596d5aa4687b29a9753c37e7e1121615"
"https://github.com/bountysource/core.git","23","1","[8b9c49a844ff3443fd67026c547e11db11716652]","1","0","8b9c49a844ff3443fd67026c547e11db11716652","828a05fc9aa3040899bb74d58cb3901b00effacf","77368e6843188e2e26bd538896774b09de51296b"
"https://github.com/bountysource/core.git","24","1","[ec7ead07407f22c7493f09574f2c6366995419c2]","1","0","ec7ead07407f22c7493f09574f2c6366995419c2","a6dcc1d82466b714bd7b9e9e7a9ade62662402d9","84f2b4690999b1c8695e6e8e91695474721911d2"
"https://github.com/bountysource/core.git","25","1","[77368e6843188e2e26bd538896774b09de51296b]","1","0","77368e6843188e2e26bd538896774b09de51296b","a6dcc1d82466b714bd7b9e9e7a9ade62662402d9","84f2b4690999b1c8695e6e8e91695474721911d2"
"https://github.com/bountysource/core.git","26","1","[a8752432d3db84f07e4bdc42232b369708137f01]","1","0","a8752432d3db84f07e4bdc42232b369708137f01","51e8db1cbf5dea1ffe248804715e7a5e5ac7f645","3c65acde4a1d46d00f7045bcfa23e72422063357"
"https://github.com/bountysource/core.git","27","1","[e61d96c785f6cf91f2a6f4da5e7eba529d73ad51]","2","0","e61d96c785f6cf91f2a6f4da5e7eba529d73ad51","51e8db1cbf5dea1ffe248804715e7a5e5ac7f645","25663b06d0d44ccd3802a3467a6df21aa2706a2c"
"https://github.com/bountysource/core.git","28","2","[d43eee04c49f14676d10390fbf5832454d0f0a0a, b9ff53dc318e6387ab85c236cc4d232a23d83737]","2","0","d43eee04c49f14676d10390fbf5832454d0f0a0a","3c65acde4a1d46d00f7045bcfa23e72422063357","a95435fe86bf7e766064b5461de6860677970b2d"
"https://github.com/bountysource/core.git","29","2","[62a3abd3596d5aa4687b29a9753c37e7e1121615, 484c08d42e1bf4ab23d53e05366c46602c5aa44d]","3","0","62a3abd3596d5aa4687b29a9753c37e7e1121615","3c65acde4a1d46d00f7045bcfa23e72422063357","25663b06d0d44ccd3802a3467a6df21aa2706a2c"
"https://github.com/bountysource/core.git","3","18","[20482c7e9165eeda90013f2441459a377592d85d, 67711f2c6b7828028336e4f4786787638e1be8db, 1721479dc1f42928594a894af852b2c2fc2321a8, 88efea49f77f3af6c846c1a346726da75972e946, b2d31f047f6347e886ef5075917e77f2ebe6645c, 7d96511dd2ce307a409e9d5c9df20242ab01ef10, d9df8fd0620d5d4359140891b6641982d79df67e, d1bddd687046344df25e3538a2b6bdd0bdbb4540, 7042f031c62f6261c748b2a599186d9fc52b7b2c, 4327017cc59e0d5a1a43f7629a71192436b942c5, b55c3717ca804ce02788e1647a2b72d1dfa55750, 9b34c17e9beacbed73e602c7e4a7e55ac9502084, 96e0c8568b2a296226b77174d20745f7c258e802, df191b85462df06ad7dcfeb90663193c2a60b8d8, 22015daa42ac74b197126fab2a936e01e2977ec9, 147f82ba4d6b7d4448c8128b0c4b511f72c147a5, faf00397a4b874e56b1b59e676bf4bf836205f22, 19f564bbbc3c31ec28b36bea467880fc0fcec52e]","64","0","20482c7e9165eeda90013f2441459a377592d85d","f0896c14adc57e9a7c99286b08825bc0ef614835","c509f522f3f972a29bfba536f2bc4c0e33577490"
"https://github.com/bountysource/core.git","30","1","[f0c682dfd2f23903d485b1768694e9464c1766f9]","1","0","f0c682dfd2f23903d485b1768694e9464c1766f9","a95435fe86bf7e766064b5461de6860677970b2d","7bdae5fcc115bcf7ef98494b378a049a3077d978"
"https://github.com/bountysource/core.git","31","2","[7bdae5fcc115bcf7ef98494b378a049a3077d978, 5388d15a5c39dcfeca61983826b531fc5c5c379a]","1","0","7bdae5fcc115bcf7ef98494b378a049a3077d978","57c4400c2fd43bfbcf17b7766c87d13228ac709e","25663b06d0d44ccd3802a3467a6df21aa2706a2c"
"https://github.com/bountysource/core.git","32","1","[b49b32338f5730e17b7cd5d8427d8ccd71affe5b]","2","0","b49b32338f5730e17b7cd5d8427d8ccd71affe5b","57c4400c2fd43bfbcf17b7766c87d13228ac709e","25663b06d0d44ccd3802a3467a6df21aa2706a2c"
"https://github.com/bountysource/core.git","33","4","[7aa4b84b406b42dd8853cde7ece816bd0d9ea175, 004979572f3ace354b5ef06b8059dba5ac4f8e2f, c6b2e7c789cd1848a293e08c3977656aba29c2f0, e76a40e6bb433b1ae377c549a22ece50f9dbcab2]","9","0","7aa4b84b406b42dd8853cde7ece816bd0d9ea175","1942141549280041bc13f31e2f223860d7868e9d","9bbd3b47ead96107087e30fa96488fb844693750"
"https://github.com/bountysource/core.git","34","1","[f5071ed785538efecfc7c51d878ec5539b7f398c]","5","0","f5071ed785538efecfc7c51d878ec5539b7f398c","e165c5d86ac71dd2ba38481240b311e76a759baf","fdf02edd1899086ede48e5559230eb17e955f068"
"https://github.com/bountysource/core.git","35","1","[c36a4222c975f3031baba8feae7d900766725f76]","0","0","c36a4222c975f3031baba8feae7d900766725f76","9bbd3b47ead96107087e30fa96488fb844693750","96231e5d9d7866eca34da922f25730be4a3d36f2"
"https://github.com/bountysource/core.git","36","1","[ea431a71f2e3cd0edc339a0f2c1c9e2eaa31989b]","4","0","ea431a71f2e3cd0edc339a0f2c1c9e2eaa31989b","92bee05ca594b4589d2895a4927d72479a0c44f2","bf7bae5c6068d3f5866d83bfa8366f37b2e4fec1"
"https://github.com/bountysource/core.git","37","1","[b647144376d6d2319eeb4817759e2f3f4eea0d98]","4","0","b647144376d6d2319eeb4817759e2f3f4eea0d98","b17f8099a231f77dcd0811005e2ecff1498ae86e","53a3e90a74364b09f92f353351eb1b2c6193e1b0"
"https://github.com/bountysource/core.git","38","1","[39bbc43ba97ceef73a51fb50db676e4e6de4e2f1]","0","0","39bbc43ba97ceef73a51fb50db676e4e6de4e2f1","b17f8099a231f77dcd0811005e2ecff1498ae86e","53a3e90a74364b09f92f353351eb1b2c6193e1b0"
"https://github.com/bountysource/core.git","39","1","[4c9b9a6fc55a857a0adb2f624e8ba47b40470f30]","4","0","4c9b9a6fc55a857a0adb2f624e8ba47b40470f30","53a3e90a74364b09f92f353351eb1b2c6193e1b0","96231e5d9d7866eca34da922f25730be4a3d36f2"
"https://github.com/bountysource/core.git","4","7","[1faacf06ae10db7daa1c3bb91679f0cad549764d, 835275b848ccedc62c1489c38319dd51c90c4f81, 7cac8e29d424cc82902002d300867353a98b4550, 45cf9a26c9be4d976643e9848376cf53c7a4074b, 0f70632871b2f3a74512b9f24c2cd6099bc68016, b149e911a5818e9dcc0e291764ed8fd3a22ad9c4, 1612d1e90d6da78e99106253acd12bc10e053e21]","7","0","1faacf06ae10db7daa1c3bb91679f0cad549764d","f0896c14adc57e9a7c99286b08825bc0ef614835","3cd83825c07e988d9101818497a4ff5d93237dfa"
"https://github.com/bountysource/core.git","40","1","[fdf02edd1899086ede48e5559230eb17e955f068]","8","0","fdf02edd1899086ede48e5559230eb17e955f068","53a3e90a74364b09f92f353351eb1b2c6193e1b0","7481c60c62d8d6d4759a0cfcc8495ec833415d32"
"https://github.com/bountysource/core.git","41","1","[e35e1cb2844c9898353f9d32bd1b3524ec9246ed]","8","0","e35e1cb2844c9898353f9d32bd1b3524ec9246ed","7481c60c62d8d6d4759a0cfcc8495ec833415d32","2595b9944cd87202f9dcfb897ce643c938501e39"
"https://github.com/bountysource/core.git","42","3","[b5af475b9b9079fbb186f16e4b48c7b65f34dcc4, 73a89ecee277e2d8cbac5a5e23cfae309f4c99d8, e45a046bff746b958661e627aca1a6c5678d4b49]","0","0","b5af475b9b9079fbb186f16e4b48c7b65f34dcc4","aeef34e0360caacbbbbb5dfcbda8630347d71bce","96231e5d9d7866eca34da922f25730be4a3d36f2"
"https://github.com/bountysource/core.git","43","1","[1a581fac7ce6410cf78ea29bf1bbee2aa11904d3]","0","0","1a581fac7ce6410cf78ea29bf1bbee2aa11904d3","aeef34e0360caacbbbbb5dfcbda8630347d71bce","96231e5d9d7866eca34da922f25730be4a3d36f2"
"https://github.com/bountysource/core.git","44","5","[e804b20da3d4a8759c39d68cb81355bf0b6ad27a, c29689c88e4d58c55a245aecee70bf0e0712be02, 47dfa7100a9f29416f243fe0aa491097b7785c76, cea43a297412f5f7871e98799af8d450cb6e39c9, 5cd3eec93d9f46423b1a78f532e301c2a02aa542]","292","0","e804b20da3d4a8759c39d68cb81355bf0b6ad27a","1a9bdb3173cac7f65ccf2052a04dc079bfe7c996","8c89582a1f5ca39a48e87b97cdef15fd294669f3"
"https://github.com/bountysource/core.git","45","1","[0166609178da74b5358114784eec8f5888294e3d]","1","0","0166609178da74b5358114784eec8f5888294e3d","1a9bdb3173cac7f65ccf2052a04dc079bfe7c996","dff154ce4dd8f697f638894dbc2acccc068dae65"
"https://github.com/bountysource/core.git","46","57","[43869a7917dbebc9067f5eb103b7650152c5a042, 24481e0e27007915319b3730b20b2d0ca477e99c, 085332b5b1381578e02dd6b3e611cdf8909ba6a3, 6e6214ab55236be3d893fcc6891b70beb4717b20, ad38ae147be408a99b606d75eeb704315b7f1815, 0508a9bb59acbf2b581fc6fc02f4ad7ab593456d, 163cf3629ee10e4274b575f0b7d94e78c3eb6939, 4c3911af932b3d36a0cff5925634bb504a976650, b74c921aade2c1b65092f3cf84a94f7e9fbf1722, 8a65f614b719ea6f3ff6753f9115576777d9d526, ddd716b266b02b0ee785ea26cc759c4ff58683cb, e8fdce4edc018520901ea898a649d1a2d1888544, b386975fd72057c37342d199ec5b6969c2df9a20, 3031f69750a6eac6ed7e63c4fb1eb56fd8d0e0c8, 492e7bb33215460775490769f76d7a93046e920e, 931ed1e506264fa7dfdb30e71f2aff9ceff64e98, 73238c52ec482e8c608db5c88e985d0dff7f556e, 0304ebaaa186ade3297c9d2b189dc15a8361fc6a, 1c4cb9a327eca923d87ed2145669d97e7315b861, 1b7ca0fc9e3f3f9b29a5c4f663ce8c3736a256b7, e15aea0579b9610c29e758b589cf210bac7ea42f, 687df0849c451a2abf3eb1bac0639c2c2d4ddea0, 129d5e4b3cc50168462179b3f296e8182e2feefe, 1d2375489707c6b1b0645a2a1e1368f1f04d798f, ca0d12175bf9a337146c6c63e58b793476ae2ff3, 179b027122d8a7cf219cd4905cbd29d7a6546d02, d7e33a27f5ea52b4649fe9d36c4e68db7d5c58c5, dcf6f6e94ee90c93971c132fda15aadc2747e4a5, 3b7edfa2e68c386a7c890b7a80b152277cc25724, 9e1e8cd738e8dcf6b368345d5baef7d79d2fd528, b15029aa764dada197f72f8e8d1cf43f2cf2bbe1, 6fed51f1bd3bb8433b793c8fa1197d9aaae642b4, 8a803630ff418700de48f8a38ec262fcb2d3c66f, f977885a8dbb3b1bb564f34ee615f1e5e8757179, 08467493f349accd961d5967d4077f3b12e64ce1, 9a436dec00a5e9d36c9d33b3cc75d36c6d4b9d06, 871a1a897a2580715f5a191561b033e6a24a19d8, 281b3d011a68aada50f7f62af2dc347188064333, 9490689bbff3e1aca1420dfd6208a7e2b6d61ae2, 4c0b5ef10915dab9cdf185b2742aebcfdce142dc, f15d69358fd12c29618e6fed3a442642064418d9, ce74601d14a9fcf58e9d2552c3f30253b977b8fd, 05aa177e0c8405034bbd368b12e95cfd774d2cfe, 0feeacd4aadb9dc4a317b279e50960cf531cb719, 8ec8815de48ff16be12f13c200250f38e3a2990f, 040b739c1982f04f849c4ac0ac39e9edd972ca0b, fcbb22737ba9d111b0569663378171139573fecb, fcaa2768364071d7f278e46b866b03da893f3238, b5270a552aba64c8afcc3f94cbab5603d67ebf06, 4256480a06638611bb0a3a35639f576080668e03, 8a66a20023c6c02bccdb8b13523697d30df056c7, f4c28502f133e67d61ac52a9da5dde6e84f1ffd1, d8898ad2529ae5b35b22b39845b623264eea6b95, e1fdafc00358229a67fc4017839c9ccfcf4a7376, 74bf9136c6585b0d6495f54a6755920112368e51, e4f1678bda897846036783835d6ba437c7322749, 5f49f5645a72dd7b749fce6dfd3ff9a8db6ec228]","292","0","43869a7917dbebc9067f5eb103b7650152c5a042","8c89582a1f5ca39a48e87b97cdef15fd294669f3","6db76e964b622eda149a63d67c252d14cbb9ef7d"
"https://github.com/bountysource/core.git","47","1","[57c7ca551e72ed06586d4be05850feef2e721e1d]","1","0","57c7ca551e72ed06586d4be05850feef2e721e1d","dff154ce4dd8f697f638894dbc2acccc068dae65","1ab7c949920acbb60b59e203cd86c69a4cfaec1b"
"https://github.com/bountysource/core.git","48","2","[98eeeb31bd73ad0d0ab9889d997c53d45fc5f598, d568dac771e4d91d7439489ed01b1e35955c8dda]","1","0","98eeeb31bd73ad0d0ab9889d997c53d45fc5f598","0b5725679f12154f4f9e22f25f1458f9148bbe7e","6db76e964b622eda149a63d67c252d14cbb9ef7d"
"https://github.com/bountysource/core.git","49","1","[d6820b88dee3713b15110007ebc40c5c81a4890d]","1","0","d6820b88dee3713b15110007ebc40c5c81a4890d","0b5725679f12154f4f9e22f25f1458f9148bbe7e","1ab7c949920acbb60b59e203cd86c69a4cfaec1b"
"https://github.com/bountysource/core.git","5","7","[d82a8962de71aabfaa16594db865d4bfb6b3091c, cf89af70923aeddbd0792449bd0aaac0df2db751, 64bccc3bdb9806cc2dc018b12dd61451ec7fb328, 31b8187455a648020c2a44ee80451963dbcb7582, b03dcd4125dc4716b0be68ff3449f7a560fd2f6d, 4cace06c84415541828ee374a1f5bb320429d8e2, 72952093abf2a4cae53077ebdeb11cb13c136317]","8","0","d82a8962de71aabfaa16594db865d4bfb6b3091c","c509f522f3f972a29bfba536f2bc4c0e33577490","159f4af52813c98d1b4b0db4ff5032c5ce591394"
"https://github.com/bountysource/core.git","50","1","[16d456d0ea45cf1ca667902228bd022fef8d6a4e]","2","0","16d456d0ea45cf1ca667902228bd022fef8d6a4e","6db76e964b622eda149a63d67c252d14cbb9ef7d","1c2b5181f5a4fc5100cc44565968e998dd121a32"
"https://github.com/bountysource/core.git","51","1","[592bbda1275665deb1480a39e3ec8c9768a9c729]","6","0","592bbda1275665deb1480a39e3ec8c9768a9c729","4c5f997ab356641df3a6b442f0273bb2db6189df","dc1a9c6813dcaa32cad50fb7e9f7d5b798b86774"
"https://github.com/bountysource/core.git","52","2","[1c2b5181f5a4fc5100cc44565968e998dd121a32, 036bc5a34e65ddf5170217fbefdec3f5d1fd2ab9]","3","0","1c2b5181f5a4fc5100cc44565968e998dd121a32","1daf43b3bc7ec65d9523fd1fc9d6a10ad150b62a","5cde274b28513eda426d8ea36edfe2f197e607f4"
"https://github.com/bountysource/core.git","53","1","[a133359e52ef34f9f8d1600d021b94369e5e9a84]","2","0","a133359e52ef34f9f8d1600d021b94369e5e9a84","1daf43b3bc7ec65d9523fd1fc9d6a10ad150b62a","0d6cb65f32470751962576833b62463e8e071718"
"https://github.com/bountysource/core.git","54","1","[26e8dd896c3ad8c1145a23f01d3de923e8ec674b]","1","0","26e8dd896c3ad8c1145a23f01d3de923e8ec674b","5cde274b28513eda426d8ea36edfe2f197e607f4","1ab7c949920acbb60b59e203cd86c69a4cfaec1b"
"https://github.com/bountysource/core.git","55","1","[f04bd9df3f9256058623beb4512502023fde3a4e]","1","0","f04bd9df3f9256058623beb4512502023fde3a4e","56f686d5ad8169354de2f1c12005ffbd327fbf76","821fc7d3e91ac18f62dcd68022579575a3eec2ae"
"https://github.com/bountysource/core.git","56","1","[3198f14b0c5e4dbac1813442b78508f3985a6cc0]","1","0","3198f14b0c5e4dbac1813442b78508f3985a6cc0","58e1585d27e3605a6696b8cade0685ed996acc99","2595b9944cd87202f9dcfb897ce643c938501e39"
"https://github.com/bountysource/core.git","57","5","[821fc7d3e91ac18f62dcd68022579575a3eec2ae, e3fdbe5c6fff0967f035dbea133c2d1506df45d6, dc1a9c6813dcaa32cad50fb7e9f7d5b798b86774, 9fb98a162e186472f27d1423383d9715e3b076fd, 2595b9944cd87202f9dcfb897ce643c938501e39]","12","0","821fc7d3e91ac18f62dcd68022579575a3eec2ae","1ab7c949920acbb60b59e203cd86c69a4cfaec1b","7a5a3953476e8cf2ec01a68ed898241061b7a54e"
"https://github.com/bountysource/core.git","58","1","[428b9d2fbc5caa9105a05614280dcc1d28b926bf]","2","0","428b9d2fbc5caa9105a05614280dcc1d28b926bf","1ab7c949920acbb60b59e203cd86c69a4cfaec1b","7a5a3953476e8cf2ec01a68ed898241061b7a54e"
"https://github.com/bountysource/core.git","59","1","[95809149a1aabf8abe074be31b8e0df281a3dd35]","1","0","95809149a1aabf8abe074be31b8e0df281a3dd35","b09c14a5fcaec23f8555d88d248913f6c1d28b49","bf7bae5c6068d3f5866d83bfa8366f37b2e4fec1"
"https://github.com/bountysource/core.git","6","4","[8a5610ed8a050627fc3edeeac60d499441ecf6aa, acfd1a49178125b8d3a01a58f5eee2fd58146712, 5b018f19a2ead4f1b9c60b512da4f1f22e694854, 3d802e7c1eccef59e5b96bfb60d3f6fcb49b94ed]","3","0","8a5610ed8a050627fc3edeeac60d499441ecf6aa","c509f522f3f972a29bfba536f2bc4c0e33577490","159f4af52813c98d1b4b0db4ff5032c5ce591394"
"https://github.com/bountysource/core.git","60","1","[87f3aa62b108906e960fbe6b2864a3bd59cf0fde]","0","0","87f3aa62b108906e960fbe6b2864a3bd59cf0fde","9aa88e7b1cb5f2f9c5b22e2f78eb1dcbc63f13fd","5450712bfb72b320eaf0f99ff4ca4c20cd71f62a"
"https://github.com/bountysource/core.git","61","6","[e292df7d3af4b3dc96e2b914e181b659e2e44bea, e7411b75bdfd036391fb9e79a495724952e9ca7b, 7efc5b996dc39d584f80f3b6f77a338092b8117c, 010e004197acf1d47b5812b161607da94580ef13, c3a0dc0cf632a08eb28c02305d01b5e984e8bf7c, f405475bc50574808f2a27f665d2af3c81c3c438]","8","0","e292df7d3af4b3dc96e2b914e181b659e2e44bea","2dc24382eae18144ca7c9420724ae55531b98549","0d6cb65f32470751962576833b62463e8e071718"
"https://github.com/bountysource/core.git","62","1","[0cfaafa8a7d59750df337a0bfcab6cc0a9f5c94a]","4","0","0cfaafa8a7d59750df337a0bfcab6cc0a9f5c94a","2dc24382eae18144ca7c9420724ae55531b98549","b45574c384474b5f7d59aad1592ff26ce95597cb"
"https://github.com/bountysource/core.git","63","5","[eb3823d7bf135113212ab1a5f8c306e9290163c3, 397e5a36cd74290dc7dd598f1a454155f6deea31, 8d6f6c39f4a234eb065a4006c1dad33248538499, de58657e3cc974b4c4ad78142bce88d8bf14a848, bf7bae5c6068d3f5866d83bfa8366f37b2e4fec1]","9","0","eb3823d7bf135113212ab1a5f8c306e9290163c3","0d6cb65f32470751962576833b62463e8e071718","4fe9f7aaeb630c5cc7bf354957788ebfddd2079b"
"https://github.com/bountysource/core.git","64","1","[2f36391ba1ae34a7cd7a41d067d3a0066afd8fdf]","2","0","2f36391ba1ae34a7cd7a41d067d3a0066afd8fdf","0d6cb65f32470751962576833b62463e8e071718","767909feb9432f5a98358cb1b34e1870b01e9993"
"https://github.com/bountysource/core.git","65","2","[6fbeeb38664e89adeafec489e6a6effd139c450f, f8efd4f801ff71b9e26347fa869af29e27ad7576]","1","0","6fbeeb38664e89adeafec489e6a6effd139c450f","4fe9f7aaeb630c5cc7bf354957788ebfddd2079b","767909feb9432f5a98358cb1b34e1870b01e9993"
"https://github.com/bountysource/core.git","66","1","[6d879895353e17f48da90f9df07baae232088e5f]","2","0","6d879895353e17f48da90f9df07baae232088e5f","4fe9f7aaeb630c5cc7bf354957788ebfddd2079b","767909feb9432f5a98358cb1b34e1870b01e9993"
"https://github.com/bountysource/core.git","67","3","[b45574c384474b5f7d59aad1592ff26ce95597cb, 3eb95c433ed967dbb6b4ccf3b6b7e96309c294d4, 5450712bfb72b320eaf0f99ff4ca4c20cd71f62a]","4","0","b45574c384474b5f7d59aad1592ff26ce95597cb","767909feb9432f5a98358cb1b34e1870b01e9993","07336296cf1842b0013c43568245070543f92405"
"https://github.com/bountysource/core.git","68","1","[11584900a0e82f0bc99254e8b9b531e646323488]","5","0","11584900a0e82f0bc99254e8b9b531e646323488","767909feb9432f5a98358cb1b34e1870b01e9993","128a80d28ca30e26c6719d5645f1cb345d20ca42"
"https://github.com/bountysource/core.git","69","5","[128a80d28ca30e26c6719d5645f1cb345d20ca42, 32e6a2ff31e634ce9b7cf19939a9a758461a9f20, d864c2aaa81b835a5fc4f34222c38988afe65117, 451706fd4a9ef1e056bf0309f3d18aec5b176dce, a69afaabf07594b7cd91db3659eb703f49724ab1]","6","0","128a80d28ca30e26c6719d5645f1cb345d20ca42","07336296cf1842b0013c43568245070543f92405","10919e07e945e1d5bd813891cf627fae85c06c81"
"https://github.com/bountysource/core.git","7","1","[5f203c75a96e515b872d0ce11fe6865aec6b1218]","1","0","5f203c75a96e515b872d0ce11fe6865aec6b1218","6e1ec64bebcf151cc021fe865eacec8af80ac5d6","52aa0b54db9b3dfd43c763eb62290917cddb993e"
"https://github.com/bountysource/core.git","70","7","[daf3076a31dc13a353e591c5e66167c97111ee27, 8a9078f14803284baed355b3cf778d973cec785f, 8d5644c0ffa40e232f08a70e0d902989ee058801, 727f2a3925c9cc5180d881e71d1b5bc9afbf1422, 9c2d1cc332538497bfd049d6d3b5c34f0e544c85, 1967dfb410cab76f927b9acdec31556ac56df405, 221e483d789d575bda3dced66299c5af57398518]","3","0","daf3076a31dc13a353e591c5e66167c97111ee27","07336296cf1842b0013c43568245070543f92405","71dbb6dff5b4f7f6419768e9388b3487acfcac7a"
"https://github.com/bountysource/core.git","71","1","[155985ff1db9f4fdd76d5ce2ff624d40f10d76f7]","9","0","155985ff1db9f4fdd76d5ce2ff624d40f10d76f7","10919e07e945e1d5bd813891cf627fae85c06c81","ee97eb4af6eef2997fb1e2f04640c85c584ef493"
"https://github.com/bountysource/core.git","72","1","[f39f8538449d131f2782149b457597105972d9a4]","0","0","f39f8538449d131f2782149b457597105972d9a4","10919e07e945e1d5bd813891cf627fae85c06c81","ee97eb4af6eef2997fb1e2f04640c85c584ef493"
"https://github.com/bountysource/core.git","73","2","[f4b2fb6fed1f1ac9b712e16ef70388b424964afe, d2bfc8b1651b630c0aeab0752115ec95c9816632]","10","0","f4b2fb6fed1f1ac9b712e16ef70388b424964afe","5db93c87fc114056acc80b8e0481cd89fb290398","6d43cd95eea96d2b784e7cd053db7f43746cc6cc"
"https://github.com/bountysource/core.git","74","1","[57a26b0234abc2661f43a063287e44c1ca820071]","0","0","57a26b0234abc2661f43a063287e44c1ca820071","22f06d4183e37f08c4edde4ca4bd2af9bb5382ac","71dbb6dff5b4f7f6419768e9388b3487acfcac7a"
"https://github.com/bountysource/core.git","75","1","[6bf123c54f1fb8f5243851577da22e36123f81fa]","0","0","6bf123c54f1fb8f5243851577da22e36123f81fa","71726b7d1fd2b71c9488335355e67f6c623d9637","bf585b85d24c88bcaf181dde1a09c5b4908265cf"
"https://github.com/bountysource/core.git","76","2","[281d8b2ce89fa8e449324ff99b2750e0c883f0a0, ed80a12d5ea3cbd52da931f5da3b7a87df98cec0]","3","0","281d8b2ce89fa8e449324ff99b2750e0c883f0a0","2e233492c62d36f965b884543d05b4d14fd8a2f4","6d43cd95eea96d2b784e7cd053db7f43746cc6cc"
"https://github.com/bountysource/core.git","77","1","[18fce630e41bd8fd4cf2be92390369ac4a4f7f8b]","0","0","18fce630e41bd8fd4cf2be92390369ac4a4f7f8b","2e233492c62d36f965b884543d05b4d14fd8a2f4","6d43cd95eea96d2b784e7cd053db7f43746cc6cc"
"https://github.com/bountysource/core.git","78","6","[ac216e0c56fd39910e6cad92a593503900c3484b, 6036ddee97424a49666201feef5057a0f5ba1c4d, f2013980cecdc88d4541a65dbc84d2d2906cf908, 84c1dd9deccba6e1148369a35d7780c5c2979429, 4c00a6cb669e6cbb5f7faa99552575b44f7071c3, ff2f3082379db716624079e563fed1b3f221819f]","2","0","ac216e0c56fd39910e6cad92a593503900c3484b","3fcce334488e985aacc74ec517628565dc3793eb","c4581298b736f9759999707d8f17847c066478f6"
"https://github.com/bountysource/core.git","79","1","[bf3a6039cd308ce2ff667f85c962c85604fe8854]","2","0","bf3a6039cd308ce2ff667f85c962c85604fe8854","bf585b85d24c88bcaf181dde1a09c5b4908265cf","4c4ca6bd30848bf95ea675eabdc6e52970a3f6ba"
"https://github.com/bountysource/core.git","8","1","[547a54e659f8adb32105a49a7eea43a2dd0f0bbe]","2","0","547a54e659f8adb32105a49a7eea43a2dd0f0bbe","6e1ec64bebcf151cc021fe865eacec8af80ac5d6","52aa0b54db9b3dfd43c763eb62290917cddb993e"
"https://github.com/bountysource/core.git","80","1","[397a89d1eaf7ce2285dbcf7efbd92821eb458e50]","3","0","397a89d1eaf7ce2285dbcf7efbd92821eb458e50","bf585b85d24c88bcaf181dde1a09c5b4908265cf","4c4ca6bd30848bf95ea675eabdc6e52970a3f6ba"
"https://github.com/bountysource/core.git","81","2","[8327ca11a22cd205dc90f915d2a7bc1f1a3cfc0a, 68b200bd284b869a395a490e66290f6198924bdc]","1","0","8327ca11a22cd205dc90f915d2a7bc1f1a3cfc0a","6bc07c46532d3f1db614a6c19c414584418c147f","c4581298b736f9759999707d8f17847c066478f6"
"https://github.com/bountysource/core.git","82","2","[cb0acb0a1a89445387ee2df5ded1534c0b2e0975, 52f7c995be9e929619cf4f53479efc24fd2d3f0e]","12","0","cb0acb0a1a89445387ee2df5ded1534c0b2e0975","2f0678414d3c0a24270861bac0a0ba68c8364c4b","50655aa969c237873c68e2cd922ed4f08baafb1e"
"https://github.com/bountysource/core.git","83","1","[50655aa969c237873c68e2cd922ed4f08baafb1e]","1","0","50655aa969c237873c68e2cd922ed4f08baafb1e","c4581298b736f9759999707d8f17847c066478f6","a99ec25621fc9cc9e1a50efeb90591e8a93baaa2"
"https://github.com/bountysource/core.git","84","3","[c07809c194e94fa50d6f846803966915e9fa80eb, 96326ed9c79ffc4fbdb6c5e7e26ceecd8641a753, be20f028460a635e692630f8bb0819ade969b1b1]","5","0","c07809c194e94fa50d6f846803966915e9fa80eb","c4581298b736f9759999707d8f17847c066478f6","a99ec25621fc9cc9e1a50efeb90591e8a93baaa2"
"https://github.com/bountysource/core.git","85","2","[853af84846290317798cb3cb80fb0fe8eaa3f88d, 6388335d864a2f89a3925afc1a80470db2f2520e]","98","0","853af84846290317798cb3cb80fb0fe8eaa3f88d","bc058d99252d127601553fe257d9e881a9c0cad1","0f410a0e285ee7cac3af18315145977bdc6bf408"
"https://github.com/bountysource/core.git","86","2","[3bf448bd786e476322176012c7dc694f3d4859c0, ed4e9e4f631c6e804fa7f4b71452be7d586b0355]","1","0","3bf448bd786e476322176012c7dc694f3d4859c0","bc058d99252d127601553fe257d9e881a9c0cad1","32de275e52bf8ab51ef3ba581b47f41e3af7c1d6"
"https://github.com/bountysource/core.git","87","2","[e22317a0bc5bf53ae19fa4874d03415a97cc8a7c, 5cf34ef80f3d2267f8234e6c0abaad400e5174a0]","97","0","e22317a0bc5bf53ae19fa4874d03415a97cc8a7c","0f410a0e285ee7cac3af18315145977bdc6bf408","32de275e52bf8ab51ef3ba581b47f41e3af7c1d6"
"https://github.com/bountysource/core.git","88","1","[b8ea2ca14c62d13222a902777079eb4df76a68a4]","0","0","b8ea2ca14c62d13222a902777079eb4df76a68a4","7a28e21aa852fc6267b0fc0286905e19613e0e5d","32de275e52bf8ab51ef3ba581b47f41e3af7c1d6"
"https://github.com/bountysource/core.git","89","1","[ccbdf9be78c1147dc0e6d9ec9c937655ebcaaeb5]","0","0","ccbdf9be78c1147dc0e6d9ec9c937655ebcaaeb5","7a28e21aa852fc6267b0fc0286905e19613e0e5d","32de275e52bf8ab51ef3ba581b47f41e3af7c1d6"
"https://github.com/bountysource/core.git","9","2","[5f3e1dbef8f0213db0e954032f39895e29f96907, 35c37441da7a9a863d1406fc56ab999d3a6546ea]","3","0","5f3e1dbef8f0213db0e954032f39895e29f96907","48ba58a21db51493573f5ca187e154b6a3917649","ecdf97ac713496610f5159f378ba9db730d95535"
"https://github.com/bountysource/core.git","90","2","[7790593156991423044ae14146fadd1f9410e351, 5fbe3d5d253d373b54f9ca62bef5f65f2a0e1246]","1","0","7790593156991423044ae14146fadd1f9410e351","5bb0f7b72507d3366dbc43ec06340039bac167e8","4442002f72d8e577085eaa1a39e7cf2eba749ae5"
"https://github.com/bountysource/core.git","91","1","[340bc7c4382c85b7ab90824d3a09d4635e51e401]","0","0","340bc7c4382c85b7ab90824d3a09d4635e51e401","5bb0f7b72507d3366dbc43ec06340039bac167e8","4442002f72d8e577085eaa1a39e7cf2eba749ae5"
"https://github.com/bountysource/core.git","92","19","[0d48d10761ec4050cf23b9985ef55840a2c07287, 8d0e5c75c28439ebbcb8712f6e4fd4964d450edc, 202c04df971e566c3fadc119d0bbcbb5942db8be, d08888d83d6d98255e1a1908aa320692911003ea, ac3c9122f4c206acf5bdad2126fedd245433f91b, d6486349e63f58977dad6647fa9ca19ee86b727d, d660889f842d81aa85a4d1c0a3cda19fa983c2c4, ca5646023abc02f4a64c7117c6d19ddda90d506c, ff317a94097b68599f1c5dcbad57e6ea5a8f414d, 99b7f095284a6c22cfcee0378f771b85aeaa1e33, e852c6e0a3d5732eae83ac37af70ba059f931fb7, 61269758e305463d4e00d81d9b43fc0d12e97741, cc664a368e4845512db8686bf841b68b197c7090, d7939dd74e72d61f74e9b913fb037512e9d933d7, 4ff4fecc5b5518e6507c1d0f9a2de7a27af3029c, 3c109b52c6ac1937b661b4d02a96b7b898077677, 1a494dc46e9091f5afb69619e37adda82eb95237, 53109a47eeb28cc59101f282b00d711c5845086d, 0385035e1dcaef81ff13e85ad998e04594f29ec4]","26","0","0d48d10761ec4050cf23b9985ef55840a2c07287","0d2a057a02115f5ca8e735d67961ab01782a5091","71dbb6dff5b4f7f6419768e9388b3487acfcac7a"
"https://github.com/bountysource/core.git","93","1","[cfed2d93b8a6a014c4bfd52168ca51637563a533]","0","0","cfed2d93b8a6a014c4bfd52168ca51637563a533","0d2a057a02115f5ca8e735d67961ab01782a5091","71dbb6dff5b4f7f6419768e9388b3487acfcac7a"
"https://github.com/bountysource/core.git","94","2","[a413828ccb69afe4e6dd93ca23aef0bca3870601, 0fd06d9fb279b1fd2daba28accd94b8e73bf5ded]","1","0","a413828ccb69afe4e6dd93ca23aef0bca3870601","a3aebae3e4f7a09358bf933b7b47b6095f6cdd32","c347c5685777ca2b24de0e661e3ed59d3325fcba"
"https://github.com/bountysource/core.git","95","8","[55969e068843131f5aa6966b4d53ab2a63321ba0, 733cab03a81aecddc7158f94a85111523c974ec8, 15d632a95d21036b22f698e24890eb54bb18fe13, 6543119e23304a6f0954463bffac1225f5a650b1, b92c751493f09f48671c63a82370547efbbb5410, 49bbed6e8b6beb42097d818fa741f043f8283264, e24dbe0063fba96155f1dd093efde10bd237f687, 9996b265f9bc5a92363958026c1b6009c99c1eed]","0","0","55969e068843131f5aa6966b4d53ab2a63321ba0","a3aebae3e4f7a09358bf933b7b47b6095f6cdd32","c347c5685777ca2b24de0e661e3ed59d3325fcba"
"https://github.com/bountysource/core.git","96","1","[abc1961637f35f3d79f437f2a505f80adc34ea9f]","8","0","abc1961637f35f3d79f437f2a505f80adc34ea9f","c347c5685777ca2b24de0e661e3ed59d3325fcba","88186275b50f06a8650b5633cee49fc35aa82a0e"
"https://github.com/bountysource/core.git","97","3","[3d14e8653d7301d1366cdfbb151615a0b319168f, c9b25720cb966a06d3ccfca0eec1eca29fa3b5ce, 737f51e18a2fed2f0b04b2a2c266e48b103aaeef]","1","0","3d14e8653d7301d1366cdfbb151615a0b319168f","fc8fdc5286a2e974c00beafd2e9e68573e89111d","6a882c8347b91841e548722d33556c452e922f0a"
"https://github.com/bountysource/core.git","98","1","[6a882c8347b91841e548722d33556c452e922f0a]","0","0","6a882c8347b91841e548722d33556c452e922f0a","88186275b50f06a8650b5633cee49fc35aa82a0e","66be7cbed66a1b6ad4ea00e9051b468055a9f8b1"
"https://github.com/bountysource/core.git","99","1","[41544d1be346e98589f961e14b1b73aa491eff22]","0","0","41544d1be346e98589f961e14b1b73aa491eff22","88186275b50f06a8650b5633cee49fc35aa82a0e","66be7cbed66a1b6ad4ea00e9051b468055a9f8b1"
