"REPO_URL","TASK_ID","#HASHES","HASHES","#PROD_FILES","#TEST_FILES","LAST","MERGE","BASE"
"https://github.com/BTHUNTERCN/bsmi.git","1","3","[e2d1663f25c8a5ece318cdb06ad2663c2799b01d, 20e3429b149ab20d3251863c98799c1a35033dc7, 0ac5f6fb63d5769691124ba0614ba8ff12a4dc9b]","3","0","e2d1663f25c8a5ece318cdb06ad2663c2799b01d","a4927684495aae2383871dd7368139c2dc87097c","f7bb7c3f2df773a516a2577d7415c1acbadbb740"
"https://github.com/BTHUNTERCN/bsmi.git","10","2","[cf327c360725ebf2161df92d2856eda836f60c08, 0ba556caeca8288e40330369e3ad655f34b01634]","4","0","cf327c360725ebf2161df92d2856eda836f60c08","315fcb4f240b13c59e92375f5f17c197c2b67758","ae76fc465acf65e426e1797bf263be36ac909058"
"https://github.com/BTHUNTERCN/bsmi.git","100","1","[62452525fe137ae76a0a519eb9712b5e65d81403]","1","0","62452525fe137ae76a0a519eb9712b5e65d81403","91a1d069d2a3d98066123d6d0e37f7de687cec90","60ad06ed58515d1b69570d794acb45c76836250f"
"https://github.com/BTHUNTERCN/bsmi.git","102","1","[c3ec77d2d847ff4f11c9e89cdcf1f1ce03d400d6]","0","0","c3ec77d2d847ff4f11c9e89cdcf1f1ce03d400d6","60ad06ed58515d1b69570d794acb45c76836250f","1d6f5cff250ff270e3b0b76f3369c6373f60e1bc"
"https://github.com/BTHUNTERCN/bsmi.git","103","4","[63f0ad1964fb089422ed80da1598ff48e4a6156d, 4783dfbcae36c8bf5905c063f8751ea1df151246, b0cd836eacebd5c9a1f3906b8fc3317e0f50bc8c, 5994f59c24da9d5ebe1f560dbc31380b8d6bb661]","1","0","63f0ad1964fb089422ed80da1598ff48e4a6156d","60ad06ed58515d1b69570d794acb45c76836250f","b26ba537a02862e92df36057e8b0f9beeb5af2a2"
"https://github.com/BTHUNTERCN/bsmi.git","104","2","[9676249982216b69934ba984bd2b0f78b9020ef2, 5fab4a8349e62e5e9d8cfa8cb6b71d36067b9b60]","1","2","9676249982216b69934ba984bd2b0f78b9020ef2","1d6f5cff250ff270e3b0b76f3369c6373f60e1bc","98778368731277d472b839755f290d698e5c9580"
"https://github.com/BTHUNTERCN/bsmi.git","105","7","[f14d22f11aff6bcb2c4b25565ba137dea07fd0cc, 53a3a278906f09241051997f1ddb7d9e8166c161, 9eb74a4442bb0f1a038a14a17f371b63133e1f63, 3b21d1c0c699e9438c27204c65c8efa0f48bc1c9, 4317bb25ad8be2f49f88ebaa610c87abd057d2a7, fd22a2f32ab5456aa9bd6507374c7666cfc48d7e, f03e2d07bfb8b0c73a22cab6ed568e16fde0c773]","0","0","f14d22f11aff6bcb2c4b25565ba137dea07fd0cc","1d6f5cff250ff270e3b0b76f3369c6373f60e1bc","962c504c8c1dd6c98e9651441a597af61ee60d5c"
"https://github.com/BTHUNTERCN/bsmi.git","106","2","[7511c64198b9ec1cb093ab181b900a2f5b121f37, 1f16110aaf07d827a7106ec2d235a5733437ad96]","8","0","7511c64198b9ec1cb093ab181b900a2f5b121f37","2a6fc0ec59fd740e1b56f741efed734e6df00914","3195dca8d805991cde6a8ae38fa2fc809833cdb6"
"https://github.com/BTHUNTERCN/bsmi.git","107","1","[9676249982216b69934ba984bd2b0f78b9020ef2]","1","0","9676249982216b69934ba984bd2b0f78b9020ef2","2a6fc0ec59fd740e1b56f741efed734e6df00914","5fab4a8349e62e5e9d8cfa8cb6b71d36067b9b60"
"https://github.com/BTHUNTERCN/bsmi.git","108","2","[07b21aa8c0f019d93647709743b74c646b4b089a, 94b8fe25580b2f53beab4c6f32073f67cdac7c69]","1","0","07b21aa8c0f019d93647709743b74c646b4b089a","f9e701b0e7f6e0c2c7defb3a41f1401e5d846281","9ebfcbbd496c608dbf053d037fb515be29d142cc"
"https://github.com/BTHUNTERCN/bsmi.git","109","1","[8375679e455da99194c0010f6ca9e3cb6ee96beb]","0","0","8375679e455da99194c0010f6ca9e3cb6ee96beb","f9e701b0e7f6e0c2c7defb3a41f1401e5d846281","608e7b90eec7a27aecc34208a47397d29a2d7828"
"https://github.com/BTHUNTERCN/bsmi.git","11","1","[712ce66ce66dbd03cb6704154f79d8d949972014]","3","1","712ce66ce66dbd03cb6704154f79d8d949972014","93f21ba9acecc06beddcb15d12f69b97177d1f15","b3c573f0477a0e5d6521a0b24fb3afc01682e56f"
"https://github.com/BTHUNTERCN/bsmi.git","110","3","[e18220b48e67a5f8ebe4dddc69fac2320cea536a, 9c27950ebb1f72559fc22789014b8916760f6e6f, 8d45f6cfc34770f77fb84b8a014e9602e021f7b9]","3","1","e18220b48e67a5f8ebe4dddc69fac2320cea536a","3195dca8d805991cde6a8ae38fa2fc809833cdb6","962c504c8c1dd6c98e9651441a597af61ee60d5c"
"https://github.com/BTHUNTERCN/bsmi.git","111","1","[5fab4a8349e62e5e9d8cfa8cb6b71d36067b9b60]","0","2","5fab4a8349e62e5e9d8cfa8cb6b71d36067b9b60","3195dca8d805991cde6a8ae38fa2fc809833cdb6","98778368731277d472b839755f290d698e5c9580"
"https://github.com/BTHUNTERCN/bsmi.git","112","1","[7e901117b9faaeab35433fb61172998a2130683f]","0","0","7e901117b9faaeab35433fb61172998a2130683f","98778368731277d472b839755f290d698e5c9580","b26ba537a02862e92df36057e8b0f9beeb5af2a2"
"https://github.com/BTHUNTERCN/bsmi.git","113","1","[b26ba537a02862e92df36057e8b0f9beeb5af2a2]","0","0","b26ba537a02862e92df36057e8b0f9beeb5af2a2","54e3a9e80ee2a0e9f39185c6022f9e70468bda6b","608e7b90eec7a27aecc34208a47397d29a2d7828"
"https://github.com/BTHUNTERCN/bsmi.git","115","1","[4fd2025710c283ebeb4c1f0bf4aac8fe79d2e641]","0","0","4fd2025710c283ebeb4c1f0bf4aac8fe79d2e641","608e7b90eec7a27aecc34208a47397d29a2d7828","962c504c8c1dd6c98e9651441a597af61ee60d5c"
"https://github.com/BTHUNTERCN/bsmi.git","116","1","[e3b2d3d8b05341c6b8aec82ef4f6b0a9cb7007ef]","1","0","e3b2d3d8b05341c6b8aec82ef4f6b0a9cb7007ef","608e7b90eec7a27aecc34208a47397d29a2d7828","962c504c8c1dd6c98e9651441a597af61ee60d5c"
"https://github.com/BTHUNTERCN/bsmi.git","117","3","[24ac9b4c07764d01a157b1de2b3efd035e317202, bf653ebdd7777bcd4151f8084e8277a58c6eb25f, e7f102174136afd98fd039f8dad6ebc31b174b54]","4","1","24ac9b4c07764d01a157b1de2b3efd035e317202","9ebfcbbd496c608dbf053d037fb515be29d142cc","df55014ea43916d4ab8fb7dda5a014e916e0df9a"
"https://github.com/BTHUNTERCN/bsmi.git","118","1","[962c504c8c1dd6c98e9651441a597af61ee60d5c]","2","2","962c504c8c1dd6c98e9651441a597af61ee60d5c","9ebfcbbd496c608dbf053d037fb515be29d142cc","8f5ed1d3f77eefcc8e2379c6991412c1810057fe"
"https://github.com/BTHUNTERCN/bsmi.git","119","3","[14556b08bcdf12987fc5ef531b480d86e1e6484e, edb74f440a30a4fd25af220d9763713c2bab5b1c, ed4f6e2ebf9da0affb43ac10a3c4467cb61070e8]","5","0","14556b08bcdf12987fc5ef531b480d86e1e6484e","8f5ed1d3f77eefcc8e2379c6991412c1810057fe","0cbfd7a887a5618cbeaec5f62e81641d84167cfc"
"https://github.com/BTHUNTERCN/bsmi.git","12","2","[ae76fc465acf65e426e1797bf263be36ac909058, d04f40389baaf8fc6f96cfe45df2db0ddd7b9a01]","1","0","ae76fc465acf65e426e1797bf263be36ac909058","93f21ba9acecc06beddcb15d12f69b97177d1f15","28918c147890d883367b6211b1fe431264684ea0"
"https://github.com/BTHUNTERCN/bsmi.git","120","3","[1b8863a213de1bd78bbabf80e8b3c81998f6c10d, 7e6175a0096f72a66be04d136176669561de85ad, c9d833dc0049c703ed9ba41c7dcb8b396f7da4f3]","0","6","1b8863a213de1bd78bbabf80e8b3c81998f6c10d","8f5ed1d3f77eefcc8e2379c6991412c1810057fe","43f101aaade4d43f926f61789aa0b1498befed61"
"https://github.com/BTHUNTERCN/bsmi.git","121","1","[10aeb96ac253d5f0854874e2e4754d47fcb1c299]","8","0","10aeb96ac253d5f0854874e2e4754d47fcb1c299","df55014ea43916d4ab8fb7dda5a014e916e0df9a","2f46926d0f012b88f14913a8e3598135b4fcb27a"
"https://github.com/BTHUNTERCN/bsmi.git","122","9","[1b8863a213de1bd78bbabf80e8b3c81998f6c10d, 7e6175a0096f72a66be04d136176669561de85ad, c9d833dc0049c703ed9ba41c7dcb8b396f7da4f3, 43f101aaade4d43f926f61789aa0b1498befed61, 124602165589fe3cd87d8a056262c2f00da41a35, 0d0dacd6e95c503933287ebf925def62a70c77d8, b3e623618d2aa031b654a2a6444a5e9502e1056a, b13f77bd2deb54bcd9a4887dca8cbdee1c3bf7a3, 6d6ce8e239ec185636999762a598b92654bbb937]","0","6","1b8863a213de1bd78bbabf80e8b3c81998f6c10d","df55014ea43916d4ab8fb7dda5a014e916e0df9a","f5e449356b6216743fc07b56bc91b7ff7febf4dc"
"https://github.com/BTHUNTERCN/bsmi.git","123","2","[e403585e946f252461d77cfb64fe0e28bb3c1e5f, 5ad2b426f97e7fbc1fb90c0684a74dec3ea660fb]","9","0","e403585e946f252461d77cfb64fe0e28bb3c1e5f","0cbfd7a887a5618cbeaec5f62e81641d84167cfc","af6d05b00faa107f5f30923345e5d036a2df7a1e"
"https://github.com/BTHUNTERCN/bsmi.git","124","6","[43f101aaade4d43f926f61789aa0b1498befed61, 124602165589fe3cd87d8a056262c2f00da41a35, 0d0dacd6e95c503933287ebf925def62a70c77d8, b3e623618d2aa031b654a2a6444a5e9502e1056a, b13f77bd2deb54bcd9a4887dca8cbdee1c3bf7a3, 6d6ce8e239ec185636999762a598b92654bbb937]","0","0","43f101aaade4d43f926f61789aa0b1498befed61","0cbfd7a887a5618cbeaec5f62e81641d84167cfc","f5e449356b6216743fc07b56bc91b7ff7febf4dc"
"https://github.com/BTHUNTERCN/bsmi.git","125","4","[cd3b83d4ff68ec013c712349e6e426825de9c299, f628f83a24cc55c10523c8c62b277ee43edc91a4, af6d05b00faa107f5f30923345e5d036a2df7a1e, fdf3f03011dd37a2677af9158ebb822e575c5897]","8","1","cd3b83d4ff68ec013c712349e6e426825de9c299","f5e449356b6216743fc07b56bc91b7ff7febf4dc","141d3ffb9e0e588e40f1f322da9d51a65fac93e2"
"https://github.com/BTHUNTERCN/bsmi.git","126","10","[7aa508ec6cadebc23fd3d0d308431ca37d5460e2, 87b774efb002a2bc2e2f8822076811283e3a92d0, 40d25c6f760732a06ff2ccb779c967503a474f77, c71ccdddd12c0ac850dea1f123a04913af0351d8, ef3d24c524970018054c068e1ce53aeb5a679d45, 2bae70c1815bc58c6695e1faa6e80a0b1b82c924, b987263223fce8e621b43a6c7ccec3b2a8b7e6ac, 9d4acf1cf3f8cdaec4d0ae513aaa94e4511c7dca, 8fb570a9a168daf5391e07fc6e394e4a6109b2a8, ab736d2b4675ca2fc44d6f3226b1f61791dee4c0]","5","0","7aa508ec6cadebc23fd3d0d308431ca37d5460e2","f5e449356b6216743fc07b56bc91b7ff7febf4dc","beb698718956f2eeed411c0f088e81e67a649de4"
"https://github.com/BTHUNTERCN/bsmi.git","127","5","[0018e075f8d6439133aaa5ccb36a4a7b89ddcbcc, ec5b84c25951c3282496193abd7383b0b0d3d6b3, a27a07547b014d49ad3c5bb052d50f3dcb80d0c4, 1c24be2265b6a26237785dd38e77a8aa571bf4b3, 37dea56e0fbb3d2e68160665a6d733c32bd73c41]","1","0","0018e075f8d6439133aaa5ccb36a4a7b89ddcbcc","beb698718956f2eeed411c0f088e81e67a649de4","001cb0dbf32a841f6e9d9f98f311516e48730254"
"https://github.com/BTHUNTERCN/bsmi.git","128","1","[34fe0c0f3e0f65b3d0034b2ffae0b06184016468]","5","0","34fe0c0f3e0f65b3d0034b2ffae0b06184016468","141d3ffb9e0e588e40f1f322da9d51a65fac93e2","5cf63f045793d7901e84e8624b1c8235ef5d6c0a"
"https://github.com/BTHUNTERCN/bsmi.git","129","1","[6365af1dfa5c4f87a4a91456c6e87c8d810189e9]","11","0","6365af1dfa5c4f87a4a91456c6e87c8d810189e9","141d3ffb9e0e588e40f1f322da9d51a65fac93e2","b7a6f9cee43adc9011e188ee2be0c768a4d906b4"
"https://github.com/BTHUNTERCN/bsmi.git","13","1","[a14d048d74350e8696ed0653cff1e3f3b2a720b6]","1","0","a14d048d74350e8696ed0653cff1e3f3b2a720b6","28918c147890d883367b6211b1fe431264684ea0","adef0c3b87d7b7ac3229cc4058d01dfb554b0df3"
"https://github.com/BTHUNTERCN/bsmi.git","130","1","[e7f0efa1a07b4c7bd6924215a96c1dccbc40d84c]","1","2","e7f0efa1a07b4c7bd6924215a96c1dccbc40d84c","2f46926d0f012b88f14913a8e3598135b4fcb27a","fc9b7b328236d16a120aea9290a415643e58d7ae"
"https://github.com/BTHUNTERCN/bsmi.git","132","1","[c029520c83cfcc309ce511357041d1b8c508cde8]","3","0","c029520c83cfcc309ce511357041d1b8c508cde8","5cf63f045793d7901e84e8624b1c8235ef5d6c0a","051bb0bd5f6a747e8bfb878adfd4bd19aa4bf725"
"https://github.com/BTHUNTERCN/bsmi.git","133","1","[b7a6f9cee43adc9011e188ee2be0c768a4d906b4]","3","0","b7a6f9cee43adc9011e188ee2be0c768a4d906b4","5cf63f045793d7901e84e8624b1c8235ef5d6c0a","051bb0bd5f6a747e8bfb878adfd4bd19aa4bf725"
"https://github.com/BTHUNTERCN/bsmi.git","134","1","[868cfa5ef7f540185049b3bf4026ecb8898d9730]","4","0","868cfa5ef7f540185049b3bf4026ecb8898d9730","36ec2e8bcf2fe556bebf480639d1518c0e57901f","d418b6c2570e300e71fef2bff7e58fb8103bbb6c"
"https://github.com/BTHUNTERCN/bsmi.git","135","4","[6d277068abc62a3c03b84070e6bd9475f0af1ba4, e07bdae20a9883b89c71de877b6d150e80e1e65c, 6f6d216673222ada7245296924aac9bf7fc77f82, 282512684adce8f98331ac9adcdde23d13eeed10]","5","1","6d277068abc62a3c03b84070e6bd9475f0af1ba4","420c5cbc0a24c1d5f1e6cf16c5bcacd002e7851e","2d49aa005ddf230773c90fec3c8df1a5f10665e8"
"https://github.com/BTHUNTERCN/bsmi.git","136","2","[d418b6c2570e300e71fef2bff7e58fb8103bbb6c, 78f7571ae048c4eaf352a977898a544a50d113d1]","10","3","d418b6c2570e300e71fef2bff7e58fb8103bbb6c","420c5cbc0a24c1d5f1e6cf16c5bcacd002e7851e","c4a733b9e69f9480c5eeb6063dd969612ba8e875"
"https://github.com/BTHUNTERCN/bsmi.git","137","2","[2d49aa005ddf230773c90fec3c8df1a5f10665e8, 14f71539cab8325d803bd6d522ed855ad494d124]","2","0","2d49aa005ddf230773c90fec3c8df1a5f10665e8","c4a733b9e69f9480c5eeb6063dd969612ba8e875","9e8a55eecb79eb56070e881c66e43cb4697fdb9a"
"https://github.com/BTHUNTERCN/bsmi.git","138","1","[5d1346d4d8e7e7b88dee74db1cf3fd6782e1436b]","1","0","5d1346d4d8e7e7b88dee74db1cf3fd6782e1436b","069baed34c9988c8dd9125b83fb0e2a599f1af40","b50bb5b7dcd28beb755915a0beda2e0cb8b02dbd"
"https://github.com/BTHUNTERCN/bsmi.git","139","1","[04c20cd7f3d82828769116e19c7841d05fd4df5e]","0","0","04c20cd7f3d82828769116e19c7841d05fd4df5e","069baed34c9988c8dd9125b83fb0e2a599f1af40","b50bb5b7dcd28beb755915a0beda2e0cb8b02dbd"
"https://github.com/BTHUNTERCN/bsmi.git","14","1","[2b68b8f24420f073d5032ece5a07bf2576f63c76]","1","0","2b68b8f24420f073d5032ece5a07bf2576f63c76","737679768245b0835b04b15af98071f6b6b9a3b6","b484dd510dd5636d101cf23d3aae90ef1da04a01"
"https://github.com/BTHUNTERCN/bsmi.git","140","2","[279938b79bf827f1252692b036168e0e644e1366, 89723eace4c81860d2ad4fb2b5e662c5ff6804e5]","1","0","279938b79bf827f1252692b036168e0e644e1366","9e8a55eecb79eb56070e881c66e43cb4697fdb9a","b50bb5b7dcd28beb755915a0beda2e0cb8b02dbd"
"https://github.com/BTHUNTERCN/bsmi.git","142","12","[a2da33500a347016becd8c421393c1d0ba6a9939, 44b69b9da76b3b68776c594f560f8b5003ade8bf, 67660951f188bcf4d05fbf3035625cdebaa41a79, 0d5667a9f289b22e9c909a98a8633f1582e0410a, f7dab39a47df24be7510ed69a0e453bae72aa72f, f33ab5aaa83d212783b2bd6ac673be49439fac79, 2db79592cda0502bbc9acec69b719be5d739142e, 3de1f99e10c04a82bc5237e80965526429d58657, 5aff1c635b34f4aa0a30b6f78206f1a040e7651c, 4ec20f790d38b5c5e43dac298dabc0b895ddfc9e, 454feaf32fd7d8c28916cc57f13a26493bb01701, 8e7675a12125c2439dbb92c9621af40873fbdc7b]","2","0","a2da33500a347016becd8c421393c1d0ba6a9939","001cb0dbf32a841f6e9d9f98f311516e48730254","d65e8f09b9fec6ab7c2b8839a6da33ae2650c48d"
"https://github.com/BTHUNTERCN/bsmi.git","143","6","[b50bb5b7dcd28beb755915a0beda2e0cb8b02dbd, 9c2a32da50c0d10683c1b7c6ad2ae2bd44a9669a, 5952e37d7acc71176a325d27861f292170aee0a5, af1db2e1c9d2f1428e4433e6e53e2e873deca225, 85320e354db7f8ec7b5d231c3b74e47e234933f3, 6bbfcfe7a013d2efd5fb05854df7852464e84c9c]","1","0","b50bb5b7dcd28beb755915a0beda2e0cb8b02dbd","001cb0dbf32a841f6e9d9f98f311516e48730254","d65e8f09b9fec6ab7c2b8839a6da33ae2650c48d"
"https://github.com/BTHUNTERCN/bsmi.git","144","1","[9b3be25fbe4afd329f88a480e94eb9b644fa439c]","1","0","9b3be25fbe4afd329f88a480e94eb9b644fa439c","d65e8f09b9fec6ab7c2b8839a6da33ae2650c48d","9459d34c1c4fc66ffe2296d87476a9654c79c326"
"https://github.com/BTHUNTERCN/bsmi.git","145","1","[55d4653add3b6a36b2f403ecd382f0b0954e65bc]","0","0","55d4653add3b6a36b2f403ecd382f0b0954e65bc","30a3662a3affa5201d5c949b2889ac94e352e4b9","7b0b15757503c2791713b0f4ba54664ca3816923"
"https://github.com/BTHUNTERCN/bsmi.git","146","1","[a739b4cce22724a4859a2faa329e353913482020]","3","1","a739b4cce22724a4859a2faa329e353913482020","9e21b37f82adadbcfb1f3873519a242df3798dfb","91376aa2f4528d2fec23d174b7feb32178491f41"
"https://github.com/BTHUNTERCN/bsmi.git","147","2","[9c23a9056072c065497571372acc1602c02cbead, 7b0b15757503c2791713b0f4ba54664ca3816923]","4","0","9c23a9056072c065497571372acc1602c02cbead","9e21b37f82adadbcfb1f3873519a242df3798dfb","b796474cd29503390ce149c8d330f703a91fd264"
"https://github.com/BTHUNTERCN/bsmi.git","148","1","[9c23a9056072c065497571372acc1602c02cbead]","3","0","9c23a9056072c065497571372acc1602c02cbead","fc9b7b328236d16a120aea9290a415643e58d7ae","7b0b15757503c2791713b0f4ba54664ca3816923"
"https://github.com/BTHUNTERCN/bsmi.git","15","2","[4b747125eeb883c3bfe9123b28cf5574a5b72efc, 80f8f6dbcdcc648fff63b1fbb803c026e91785bd]","4","1","4b747125eeb883c3bfe9123b28cf5574a5b72efc","adef0c3b87d7b7ac3229cc4058d01dfb554b0df3","4de8f772cbfb8cf84913a4fea9ec0c775bdf65f8"
"https://github.com/BTHUNTERCN/bsmi.git","150","1","[643550c58eac690662612b334edd6132b4c04fdf]","1","0","643550c58eac690662612b334edd6132b4c04fdf","b38071f57d3cca8fc132d07d079fac16fb741b62","373a37c82c8f9a9b1f51e935047e80d686bc059c"
"https://github.com/BTHUNTERCN/bsmi.git","151","1","[7b0b15757503c2791713b0f4ba54664ca3816923]","1","0","7b0b15757503c2791713b0f4ba54664ca3816923","b38071f57d3cca8fc132d07d079fac16fb741b62","b796474cd29503390ce149c8d330f703a91fd264"
"https://github.com/BTHUNTERCN/bsmi.git","152","1","[306adcc3ec50a3c0346626c1744592d106747952]","3","0","306adcc3ec50a3c0346626c1744592d106747952","b796474cd29503390ce149c8d330f703a91fd264","2592efc00c5957cf2c0c97577493357893666539"
"https://github.com/BTHUNTERCN/bsmi.git","153","1","[373a37c82c8f9a9b1f51e935047e80d686bc059c]","0","1","373a37c82c8f9a9b1f51e935047e80d686bc059c","b796474cd29503390ce149c8d330f703a91fd264","4f1ed102d7b5c4a24da9b1b9726b66cc9efed6ce"
"https://github.com/BTHUNTERCN/bsmi.git","154","3","[4fd0a853d2f79a553bccbb726aac05eca0e2b2ab, bafe1200e0f07a266652ec649cbb198ee8f6a8b4, 8b7086c23c8957b58d2fc27e326ecf12b003c438]","0","0","4fd0a853d2f79a553bccbb726aac05eca0e2b2ab","4f1ed102d7b5c4a24da9b1b9726b66cc9efed6ce","8ff07811ee6c80e0faaed6355771cb4e285a5b44"
"https://github.com/BTHUNTERCN/bsmi.git","155","1","[424cee8d543dc7f348276c349a7266fc8fd7a254]","0","0","424cee8d543dc7f348276c349a7266fc8fd7a254","4f1ed102d7b5c4a24da9b1b9726b66cc9efed6ce","8ff07811ee6c80e0faaed6355771cb4e285a5b44"
"https://github.com/BTHUNTERCN/bsmi.git","156","1","[a43dfba006ff2f38ccf215adafc76f91b3583a2a]","1","0","a43dfba006ff2f38ccf215adafc76f91b3583a2a","8ff07811ee6c80e0faaed6355771cb4e285a5b44","2592efc00c5957cf2c0c97577493357893666539"
"https://github.com/BTHUNTERCN/bsmi.git","157","5","[25624ef39dc416d77ad237ec38d4ed1553a25c4f, 5be80bcf6a5103792f176a63b4e22606863c8246, ad2ae6100639b6c844d9c3b6e060aa4c7a3b09c9, 908e78f091396d8e67c8fb18a004e68fa0dee7a2, 650ca0250b4ec763eed52333d251fa039591adc1]","3","1","25624ef39dc416d77ad237ec38d4ed1553a25c4f","9798703f139b605f921da49521db3afcd6c5ca91","02d762b83e626c647f19c0b7406bc1ba2de2d89d"
"https://github.com/BTHUNTERCN/bsmi.git","158","1","[58747624370223ad600c6736b223abdfc2c6b587]","0","0","58747624370223ad600c6736b223abdfc2c6b587","4bf079a672a63ec0b3e3ea4bd446012f7cd172f4","17549e8a179a308c7187e9b874eb8c5e3643bf9c"
"https://github.com/BTHUNTERCN/bsmi.git","159","1","[91376aa2f4528d2fec23d174b7feb32178491f41]","0","0","91376aa2f4528d2fec23d174b7feb32178491f41","60c7cc34f0790a94ca94ddcffa0d45714e67c188","efc10c0c3f6f5de696cccf38694a215d6d954008"
"https://github.com/BTHUNTERCN/bsmi.git","16","1","[68ba5064c288fbeb4e752053c318b92ee023a885]","1","0","68ba5064c288fbeb4e752053c318b92ee023a885","67b5b369ed652e57170a5d195f3c61ce511c565b","1fc40fdc8c00a75a399047cdac1db79919a672bd"
"https://github.com/BTHUNTERCN/bsmi.git","160","1","[5fd3d3abbbbc30ec45c9c3a2b87253cfbea3b065]","1","0","5fd3d3abbbbc30ec45c9c3a2b87253cfbea3b065","aa2505c61895bd27b2562cf1dbfce7a5352c29f6","93e9ec47cb1e40851a815e07fa5c8166e8832331"
"https://github.com/BTHUNTERCN/bsmi.git","161","3","[9d0db02a9a15b1cbe70183f7f1264719e2ca9172, 56f238aeacea0c8d02126e4867117f42d29ef270, 6599db9b5d090b495bac217b68d7302ef4864d2c]","4","1","9d0db02a9a15b1cbe70183f7f1264719e2ca9172","aa2505c61895bd27b2562cf1dbfce7a5352c29f6","8deb75224202deb786f65407e8157bfe42c09014"
"https://github.com/BTHUNTERCN/bsmi.git","163","1","[85f0418f8d87e38ece3307379aef0eca523e6b1a]","0","0","85f0418f8d87e38ece3307379aef0eca523e6b1a","32f152c827c0026f5dda48d4c1955b15833a3409","080af5cb93d2486002465db044bf4a707448cb20"
"https://github.com/BTHUNTERCN/bsmi.git","165","1","[d255c42d937a6aabc4ed290c214db18ebb7e8ae5]","1","1","d255c42d937a6aabc4ed290c214db18ebb7e8ae5","17549e8a179a308c7187e9b874eb8c5e3643bf9c","02d762b83e626c647f19c0b7406bc1ba2de2d89d"
"https://github.com/BTHUNTERCN/bsmi.git","166","1","[c15c93a1999673227ed150fb60fc5870d8faf784]","0","0","c15c93a1999673227ed150fb60fc5870d8faf784","17549e8a179a308c7187e9b874eb8c5e3643bf9c","02d762b83e626c647f19c0b7406bc1ba2de2d89d"
"https://github.com/BTHUNTERCN/bsmi.git","167","2","[fbc6a325d7a7dfa6c8c0df5bce22bef7f255db92, 62ece1755cecf6254bda338eee2bf14fb56b6480]","3","1","fbc6a325d7a7dfa6c8c0df5bce22bef7f255db92","326003b8f8aabaad65434bd256db0abd057cfbd9","8386227b95380ec89c05bdf4ce202f36616459f6"
"https://github.com/BTHUNTERCN/bsmi.git","168","1","[02d762b83e626c647f19c0b7406bc1ba2de2d89d]","0","0","02d762b83e626c647f19c0b7406bc1ba2de2d89d","326003b8f8aabaad65434bd256db0abd057cfbd9","b4e4ee0bbd71bd5d5f0946b3fb8dc56086ce1bbe"
"https://github.com/BTHUNTERCN/bsmi.git","169","3","[21b50f67cd6f53d8c8975a25b822c18e44fca05c, ee6b3187771d2e54be9c21e03939eef70a8ce34d, fbfed87c84af92db08903316c145911b59e9381d]","5","1","21b50f67cd6f53d8c8975a25b822c18e44fca05c","8deb75224202deb786f65407e8157bfe42c09014","aec7f5714237f96defd12b60bc6e37be9773c4cb"
"https://github.com/BTHUNTERCN/bsmi.git","17","2","[9d989e1810439b512fa54973954b7d1048713e5e, 9aa83435546d529e1e6c6c60d1d04b57346aefaa]","0","1","9d989e1810439b512fa54973954b7d1048713e5e","37d38403f55fde847a8eaac9383ddc5174355764","e0214c15c32f3b87686c3019be0d55c6b2db6e11"
"https://github.com/BTHUNTERCN/bsmi.git","170","3","[02d762b83e626c647f19c0b7406bc1ba2de2d89d, b4e4ee0bbd71bd5d5f0946b3fb8dc56086ce1bbe, 394027a2e05036184e226a5c551d69761a6dc65c]","0","0","02d762b83e626c647f19c0b7406bc1ba2de2d89d","8deb75224202deb786f65407e8157bfe42c09014","e58a15e5be5155c8ad714ffd354c6e48c0f03b38"
"https://github.com/BTHUNTERCN/bsmi.git","171","1","[d9c1fc990a925c052e05f35ca7ff68397fc52234]","10","1","d9c1fc990a925c052e05f35ca7ff68397fc52234","8386227b95380ec89c05bdf4ce202f36616459f6","e7f7cc8f8c7ac205ff539e35dae729066618cb02"
"https://github.com/BTHUNTERCN/bsmi.git","172","4","[b4e4ee0bbd71bd5d5f0946b3fb8dc56086ce1bbe, 394027a2e05036184e226a5c551d69761a6dc65c, e58a15e5be5155c8ad714ffd354c6e48c0f03b38, 98751897732334a4aad36467a51cc191295fda9c]","2","0","b4e4ee0bbd71bd5d5f0946b3fb8dc56086ce1bbe","8386227b95380ec89c05bdf4ce202f36616459f6","5aaefa2786e790c8d895a97eca01889b78002b55"
"https://github.com/BTHUNTERCN/bsmi.git","173","1","[9596b77f66dfc5974c2ad3d40be0471878c41919]","0","1","9596b77f66dfc5974c2ad3d40be0471878c41919","aec7f5714237f96defd12b60bc6e37be9773c4cb","15271ca3e820bc829a6d5e2ee8e6f3bb6dd239c8"
"https://github.com/BTHUNTERCN/bsmi.git","174","2","[93e9ec47cb1e40851a815e07fa5c8166e8832331, 2bab2f36e9e11db32c2269e38ce5247aae5636da]","13","3","93e9ec47cb1e40851a815e07fa5c8166e8832331","aec7f5714237f96defd12b60bc6e37be9773c4cb","47ed08b2a17074cc64b1d10ba896b8fd368f0f83"
"https://github.com/BTHUNTERCN/bsmi.git","175","1","[f03319fd68f03006694c65acf1a5f0b3617fd190]","0","1","f03319fd68f03006694c65acf1a5f0b3617fd190","15271ca3e820bc829a6d5e2ee8e6f3bb6dd239c8","8cc9c7aefd88119ee37fc8475beff57bb4cf4174"
"https://github.com/BTHUNTERCN/bsmi.git","177","1","[3db5172b4b3f55f9e37485a04d532f1fdab061ba]","0","1","3db5172b4b3f55f9e37485a04d532f1fdab061ba","8cc9c7aefd88119ee37fc8475beff57bb4cf4174","c4d3481e3c9614dcb66f09a48d460b359927cdb1"
"https://github.com/BTHUNTERCN/bsmi.git","178","2","[e58a15e5be5155c8ad714ffd354c6e48c0f03b38, 98751897732334a4aad36467a51cc191295fda9c]","2","0","e58a15e5be5155c8ad714ffd354c6e48c0f03b38","8cc9c7aefd88119ee37fc8475beff57bb4cf4174","5aaefa2786e790c8d895a97eca01889b78002b55"
"https://github.com/BTHUNTERCN/bsmi.git","179","4","[ea1718309f4a4e6d6fdfda9a8e78a93c88dd85e9, 07829087814e7b37f17af4f5a7e4e74d4d9ca0b5, f51cf5c5403e44fd87eeed3994a100bd127f6514, 68e90eeae74942369406ffefeefaa62317729e5a]","12","0","ea1718309f4a4e6d6fdfda9a8e78a93c88dd85e9","c4d3481e3c9614dcb66f09a48d460b359927cdb1","6b359265032085ea37e98406f3b049d818583433"
"https://github.com/BTHUNTERCN/bsmi.git","18","1","[b484dd510dd5636d101cf23d3aae90ef1da04a01]","3","4","b484dd510dd5636d101cf23d3aae90ef1da04a01","37d38403f55fde847a8eaac9383ddc5174355764","7e9fdc10ea45663b7378995390bfc68fdfc4b930"
"https://github.com/BTHUNTERCN/bsmi.git","180","7","[59410b070c8e0bf9397e1a38f8d2bdc1f271dec9, 44d3e58e102d4a9df020ec156b32f6691c5e1c7b, 143309bcaf49c6d62b847561b2520264905079c9, 2523bdc178a81ea226c424e9ae6908d2f1a93dc0, b5fe9c08ce889ffbde6a046bd135cb80357a1cf1, 9ccd3c0db6d08eefdc2bacbced15ea970dce4b0a, 29a153172f2eb04aab6fd95c1697149726385b7f]","6","1","59410b070c8e0bf9397e1a38f8d2bdc1f271dec9","c4d3481e3c9614dcb66f09a48d460b359927cdb1","23f680fa0698e3756fc4876375210da7a6976c10"
"https://github.com/BTHUNTERCN/bsmi.git","181","9","[9a240d4e8333376f6056e0130224fda3ad3d2a78, f94531cace03d7339c06a991f7e4f3447802fe39, 59410b070c8e0bf9397e1a38f8d2bdc1f271dec9, 44d3e58e102d4a9df020ec156b32f6691c5e1c7b, 143309bcaf49c6d62b847561b2520264905079c9, 2523bdc178a81ea226c424e9ae6908d2f1a93dc0, b5fe9c08ce889ffbde6a046bd135cb80357a1cf1, 9ccd3c0db6d08eefdc2bacbced15ea970dce4b0a, 29a153172f2eb04aab6fd95c1697149726385b7f]","6","1","9a240d4e8333376f6056e0130224fda3ad3d2a78","5aaefa2786e790c8d895a97eca01889b78002b55","23f680fa0698e3756fc4876375210da7a6976c10"
"https://github.com/BTHUNTERCN/bsmi.git","182","4","[305e53589aaa3347a453c443a88d0711f81b0a64, 6761cee4f3fe31b4627a15b94cf741b63c910ade, 9acae222dcdecbd10eae55cafc95ae81a486e1c1, 116325a6645a7e6291f5078afe4cd82fbedb6248]","3","0","305e53589aaa3347a453c443a88d0711f81b0a64","5aaefa2786e790c8d895a97eca01889b78002b55","87c43177063a003e2baa2b83b4c912439c087992"
"https://github.com/BTHUNTERCN/bsmi.git","183","1","[5e96eba08e01ca233540590f1afc412509fc22da]","1","0","5e96eba08e01ca233540590f1afc412509fc22da","6b359265032085ea37e98406f3b049d818583433","d12bcad59442325132d3333c7fd3337b55634899"
"https://github.com/BTHUNTERCN/bsmi.git","184","2","[f7725f24cb20d3b751abf025757280042634e78e, 22264f3b797c0b096f4de574c0dc2c65b2472bbd]","2","0","f7725f24cb20d3b751abf025757280042634e78e","6b359265032085ea37e98406f3b049d818583433","16c6032aa33877a3bd63c3ef9178c54f64e47858"
"https://github.com/BTHUNTERCN/bsmi.git","185","2","[82f39fe85086641c1cb8dfd5ca7f9b4b84c006c5, 4e28f3494dfcda7a3a616b27c616c14f005fd6c2]","3","1","82f39fe85086641c1cb8dfd5ca7f9b4b84c006c5","d12bcad59442325132d3333c7fd3337b55634899","080af5cb93d2486002465db044bf4a707448cb20"
"https://github.com/BTHUNTERCN/bsmi.git","186","1","[3681b6fcd70baf81b5b472b5f87802ad4cad1e77]","6","0","3681b6fcd70baf81b5b472b5f87802ad4cad1e77","a063b23b954646dd35266f5a004fb95ee9adb6f4","862c70443e3e67da2c4bb192210081fa3eb342d6"
"https://github.com/BTHUNTERCN/bsmi.git","187","2","[9f01a3c16c79f9264a66c114ca2331e788a863c9, 87c43177063a003e2baa2b83b4c912439c087992]","2","0","9f01a3c16c79f9264a66c114ca2331e788a863c9","a063b23b954646dd35266f5a004fb95ee9adb6f4","059cac0cab31d66b0ada1ff4987805c01887c96a"
"https://github.com/BTHUNTERCN/bsmi.git","188","3","[7fdb66be9b25e0c7d155bd588553ca575a50bbdd, f7725f24cb20d3b751abf025757280042634e78e, 22264f3b797c0b096f4de574c0dc2c65b2472bbd]","3","0","7fdb66be9b25e0c7d155bd588553ca575a50bbdd","47ed08b2a17074cc64b1d10ba896b8fd368f0f83","16c6032aa33877a3bd63c3ef9178c54f64e47858"
"https://github.com/BTHUNTERCN/bsmi.git","19","1","[e0214c15c32f3b87686c3019be0d55c6b2db6e11]","0","0","e0214c15c32f3b87686c3019be0d55c6b2db6e11","7e9fdc10ea45663b7378995390bfc68fdfc4b930","53578383a5807ed1b3d3802679c08ef532703049"
"https://github.com/BTHUNTERCN/bsmi.git","192","1","[ddca0f2a8fae4963024cf355cf5a7e440d136776]","6","0","ddca0f2a8fae4963024cf355cf5a7e440d136776","16c6032aa33877a3bd63c3ef9178c54f64e47858","725a9ad545c9b534a6d92e0914547a554474f67c"
"https://github.com/BTHUNTERCN/bsmi.git","193","2","[68db19a4736666095aae8de884e5445df71cb05e, 4bef24748a1a30a51ad71786bd6a54202803403a]","6","0","68db19a4736666095aae8de884e5445df71cb05e","16c6032aa33877a3bd63c3ef9178c54f64e47858","3e1a4ef9dcc85894fd41b12d01ba730e2b08e6b6"
"https://github.com/BTHUNTERCN/bsmi.git","194","3","[080af5cb93d2486002465db044bf4a707448cb20, 01e288e461c7fb90f3377dea1ad0fe38b77cf529, 83048a91aae97b4b227352455540eb8ac56cb67f]","1","1","080af5cb93d2486002465db044bf4a707448cb20","059cac0cab31d66b0ada1ff4987805c01887c96a","8cbb2fc6b6b91a4a757034734776570c3df0e3f9"
"https://github.com/BTHUNTERCN/bsmi.git","196","60","[ba2e60e6139e8aa2c5f2b9d5f81ab9f2227b58aa, 77c7cbb158b270bfe2fbac4842f6e05197b41c8d, 7bcb804820b6a363d7ec723dc8efa6b53db7e2ae, bc56d856551cc33458259d90a20d3189f3075d11, cb72548cc854323187dcc70e862f243ef471d77b, 8a171ea1058cefc97fa24d9a2a9cbec1d8ca1225, 240598185bb14ff303e48d673c2eaa8ad982d0fd, f917927a741d9ae2e5569169c02d8976f5aebdda, 2a44b157ac0fc92dae050c9a44c342df4fa22b65, bca1d72e4004e2c10730e3fbe0de85378883f8cb, 8ae3dc87c636b71cadcda96df8944413165f966f, 6908763671e29391aeb09fceb47f8eb18a91b14e, 311ef7e19a5b7fd9c5cbcde6068a1b970faf7c25, 846ebaab0fac365962f3dcae9a73260eced45b80, f505117341da7db92caf100730f18bd284486d54, a9d11345a9bbf40fc3e23777d0b6daccec0f3134, e037bedac755512aafdfad0bf2852219833721d9, f62820ab554ff822851773095fd32a75c2029778, 466b8341094c53ec71c9064cbd14f8db0cb5e97e, 18983ef14c29f21e7b5f08cff9b25d70454859e3, 5f6a90792352fde2123df6ff1ddcc5174c12334b, 48a40a0e8fcfa52f43e3780af1b0f1fd1e825119, 518f32d379dfa9b28f36bfcd92fa3ab77a0807b3, 1708d0609e76ff363ba9f27086166d15214bd281, 12a9e9b4ea040be1460897d9f42d163ca53356c3, 8d354e2ffdc30681134b30ee69bfb05b27922551, 1a1b25cf074413440ecc463cf39a86b042539b3d, 7025854ed80e0ad5f72fe115d735477b862d572f, 337ae63ee6b19454620a92095b7dd4fabe1a8fb1, ef3756d1f920a659a41d7715fbe3c5fd87c08eac, 558b08f4183f364e2483fcff9768528b3713ae68, a1a0fb5b7e0378ee30f80889a966d44d054fae95, 73a0054811130254e0e03ef3d2f4c75c7e865ab1, 84434c3d8f63142e49d8378e8536917a84712c15, 466c47bc21c1be03c36049098447091615ec421b, 61a0a849624216e7a91e4e8ca5320b74e38db5ab, 7d0a8b6fba037c629dae809858d678416b00f76e, 9d9db5da4365d4f8a70536a79c6565480f41247b, 905f6780ac63ad219f6f5805607da1946f8cdb3a, fe6f3b99a2b3c0c3e6837e448ab0d4714132b0c2, 569b9d3e52bddf7b481454202d08a401e267a6c1, e038035b2a9f3d0d292de563416e9c34ec5e1946, 5cc635c0b30d83b77f10d1cb2f9beb335cfdaef3, 0dd8c330563881093f5e08cc1a59b8485919398e, 51a3e76f4387eaa6a37affb9d282fd18eced2c19, 216dbc2f817ea7c3f4440311ee9cbfedc6aac4d1, 9dcb07437f3ad0550c6f45a16e72711384de8903, 9f1d0516403fedca712463e74f42c47f2e8d41fe, d1b4ac6b9526654cdad4623e8230960c1c874d53, 2ed681bf6771c45326be0f5cf65ef59e4935a901, 0e540da3f72e92b9a36b9e40620f67893fb47f73, 58126e1a7a039cc70b69cb967c1815a5af790ca4, 4784e25288e470aacdbdcfb085f747a337f79359, 09d767e45edf744cbf37662816e27c6b25e9bf2e, 3416644f25a78c2f3f00cea66e60d82a77064338, bdc104e232b1b8ba85dcbd662d42205941e0674d, 07cb31dd787e7f63b8ac9f439c4235ee01b424a5, eb808cf89a235ac3189b96045f2afb4fb17ae968, 7d6b66b776a163e7079331e857e3b466ab7dfe20, bddff94da2c324bbf4ce9d039144d685ccc87fd3]","13","0","ba2e60e6139e8aa2c5f2b9d5f81ab9f2227b58aa","7d84d7383cbb9e28653616080f9b4a79340b4471","33c0d92d3e052fc67e3a0f25a2b5949c0548dd72"
"https://github.com/BTHUNTERCN/bsmi.git","197","23","[089308d1fb01b6a0f4de7b02c84dc262ab1626da, 9350ae2a0de6badd81d587537cd3648ba5f8088b, 8703982aed26f9dbf8e73c434dfcdc9b749acfbb, d150bcdf0263eceb994d8ac8c8c8a7c0bdd8d696, 60614d9844043b8d3b4eae4c829c695278f9f37e, 29b9f5aa229fb509166f3e85eeb6790cbb17c4b9, a48be18a3192a36f72734ebb3808766c62ef2c21, 4ed8288900c93feafbad6dd9b670f1dad0bc76cf, e9f1ac8d7e3f4c6e0df5014f11f45d54230886c0, 84c4805ffd956aff182661bd04ba25200c7af70b, 26d45dbbcf6746a43366ae3ce891b1cf8bb7c23d, 80d78f5717cdefebe7201a68dcf3ba754663d5d9, 7adea999f708415894ff2ae9129a87f4f6ad6481, 92cf6e938231ba4031578319afef0251ca73b617, 3e74db58a37ce27bb6e8310eac96c069e8d894d5, cfdec4225bd18e28ce93d3bceda1ff3f4ac2ef21, f3a29e93f9415d68b170a2076f6aa636e3b3bd93, 0c0aee64a84230a0b8d017fa2bafbd08787d038c, 7b3eb60fd010c4e7343ec148c6d956c1d8221185, 224cd89a76a82d29d699c050e99f65d75697c886, 4be020a4479a4d93f93797ce55aed11129ee1791, 13039ea94df9bb34b935651398fe3c41c8e642b2, 95db8281d5b76f5157b2f7ed9891c6c7a266dd3b]","22","1","089308d1fb01b6a0f4de7b02c84dc262ab1626da","8cbb2fc6b6b91a4a757034734776570c3df0e3f9","7d26ea2f13cf186c8875222e1dbfa1dd6ad5b59d"
"https://github.com/BTHUNTERCN/bsmi.git","198","2","[33228a782921088ee644a0fd7bdbc7fd47bd5bf1, 4599cee0a71c6482a5b41a043ac3c5037567aa1c]","0","7","33228a782921088ee644a0fd7bdbc7fd47bd5bf1","8cbb2fc6b6b91a4a757034734776570c3df0e3f9","71166a0b076732f4cb2d828dd05c5f28a0dbfc73"
"https://github.com/BTHUNTERCN/bsmi.git","199","7","[68db19a4736666095aae8de884e5445df71cb05e, 4bef24748a1a30a51ad71786bd6a54202803403a, 3e1a4ef9dcc85894fd41b12d01ba730e2b08e6b6, 95b6ed8ac21c3c911610928fdc8877e3b9d1d0f5, dca26555bba473162b5b71b308b510a27c8c476e, 04034735f977a101c5cef4851c75ccd8d4912987, c94bb6c80b577ad42ab12703ee89f7e42f49c906]","15","0","68db19a4736666095aae8de884e5445df71cb05e","b44569db8e0edca6e77d8b330a5d5e0820c2ef62","346c063ce7f6f5625d1a8ffa375c78e9c456a89b"
"https://github.com/BTHUNTERCN/bsmi.git","2","1","[c5e7dd3c586e49eee99f262f4e8ed1f162d0bcf4]","1","1","c5e7dd3c586e49eee99f262f4e8ed1f162d0bcf4","a4927684495aae2383871dd7368139c2dc87097c","2e422c193c1440a4a27fb5c0cb6e1f756086cdfc"
"https://github.com/BTHUNTERCN/bsmi.git","20","1","[0943fb72930b7cf112f70dcee8419789132994d5]","0","1","0943fb72930b7cf112f70dcee8419789132994d5","ef3361570a7ea2324710d4d5ce28204830fe219a","b0222ce0dc74d930a7fd0a4ccbce511daf773c1e"
"https://github.com/BTHUNTERCN/bsmi.git","201","1","[f153baa4c5bace2988ea8ce605bac7e49fb18528]","8","1","f153baa4c5bace2988ea8ce605bac7e49fb18528","e7f7cc8f8c7ac205ff539e35dae729066618cb02","3a4000ba1e3dfd8080bb10787e7cf886b109fc55"
"https://github.com/BTHUNTERCN/bsmi.git","202","1","[33228a782921088ee644a0fd7bdbc7fd47bd5bf1]","0","1","33228a782921088ee644a0fd7bdbc7fd47bd5bf1","e7f7cc8f8c7ac205ff539e35dae729066618cb02","4599cee0a71c6482a5b41a043ac3c5037567aa1c"
"https://github.com/BTHUNTERCN/bsmi.git","203","1","[f8a39b88c37c157d2f64afa2095cfca08dbf4fb5]","3","0","f8a39b88c37c157d2f64afa2095cfca08dbf4fb5","3a4000ba1e3dfd8080bb10787e7cf886b109fc55","7eef380f66a23dcadee51289418b755c3fe7cf99"
"https://github.com/BTHUNTERCN/bsmi.git","204","1","[4599cee0a71c6482a5b41a043ac3c5037567aa1c]","0","6","4599cee0a71c6482a5b41a043ac3c5037567aa1c","3a4000ba1e3dfd8080bb10787e7cf886b109fc55","71166a0b076732f4cb2d828dd05c5f28a0dbfc73"
"https://github.com/BTHUNTERCN/bsmi.git","205","1","[5f057efcedd6e9a8463853f439a7adc5e0ce94f0]","13","0","5f057efcedd6e9a8463853f439a7adc5e0ce94f0","725a9ad545c9b534a6d92e0914547a554474f67c","1221b610ac0850c8cc2242fea8b45ce63723a914"
"https://github.com/BTHUNTERCN/bsmi.git","206","5","[3e1a4ef9dcc85894fd41b12d01ba730e2b08e6b6, 95b6ed8ac21c3c911610928fdc8877e3b9d1d0f5, dca26555bba473162b5b71b308b510a27c8c476e, 04034735f977a101c5cef4851c75ccd8d4912987, c94bb6c80b577ad42ab12703ee89f7e42f49c906]","13","0","3e1a4ef9dcc85894fd41b12d01ba730e2b08e6b6","725a9ad545c9b534a6d92e0914547a554474f67c","346c063ce7f6f5625d1a8ffa375c78e9c456a89b"
"https://github.com/BTHUNTERCN/bsmi.git","207","3","[7d26ea2f13cf186c8875222e1dbfa1dd6ad5b59d, f16c72b32f590f9bdc657ca875e9730045f52440, 56e24439d26fcbb5ad598ebe3bdba5bc5f97c126]","2","0","7d26ea2f13cf186c8875222e1dbfa1dd6ad5b59d","71166a0b076732f4cb2d828dd05c5f28a0dbfc73","b398979504d09f4944834cd50f55c052fa1ec5ab"
"https://github.com/BTHUNTERCN/bsmi.git","208","2","[394cd0d003e8414a6ca48bac1921ab355f0c130f, 0dd6b06f124dc523465242482ea80712b6e8cfd7]","0","0","394cd0d003e8414a6ca48bac1921ab355f0c130f","7eef380f66a23dcadee51289418b755c3fe7cf99","eaf52cb4788d3a4f8d1601d17acd98b84c72c5ad"
"https://github.com/BTHUNTERCN/bsmi.git","209","4","[33c0d92d3e052fc67e3a0f25a2b5949c0548dd72, 41537e7e9aa981549a8c88c7e576533b1866b00d, 6edf257e669b1398a5d41a8d75ce689b5a3fc934, 63dc8c5f6353d63755334fddac64ab32632a3c3e]","2","0","33c0d92d3e052fc67e3a0f25a2b5949c0548dd72","eaf52cb4788d3a4f8d1601d17acd98b84c72c5ad","4c7214250041981c241dcf589ced8c27d1a4e225"
"https://github.com/BTHUNTERCN/bsmi.git","21","1","[53578383a5807ed1b3d3802679c08ef532703049]","1","1","53578383a5807ed1b3d3802679c08ef532703049","ef3361570a7ea2324710d4d5ce28204830fe219a","fe85b10710508edfc39d530ac62b2ce33f977362"
"https://github.com/BTHUNTERCN/bsmi.git","210","1","[2f29a7e2a2c892080828ab6312c6de8f65d14737]","0","0","2f29a7e2a2c892080828ab6312c6de8f65d14737","1221b610ac0850c8cc2242fea8b45ce63723a914","346c063ce7f6f5625d1a8ffa375c78e9c456a89b"
"https://github.com/BTHUNTERCN/bsmi.git","211","4","[b398979504d09f4944834cd50f55c052fa1ec5ab, e2a4a8d4b6c23324ad6a6825af0f46e59e3c4658, 7c644b797096999df066dc388d11d14ae295998c, 464c4667113e86fc89a881d510f84e5026543327]","6","0","b398979504d09f4944834cd50f55c052fa1ec5ab","1221b610ac0850c8cc2242fea8b45ce63723a914","6914f59997d5e163c90fdd33090f2ba41ff7dd85"
"https://github.com/BTHUNTERCN/bsmi.git","212","6","[8ce3abdd4734d2142ef7a90f30168bda88253440, 270e51d7a38764ca9a020e30c4ac53eec493eefc, b57f797a47966e5c09614bb586673c04dcc7aeb9, 46ad7c9ec533b650b9c692d7034e67261478b615, 75f39a44a7d68d9c966970fa7460f292eb8dd9a5, e7c002a9b1ce35bf6dc486a3bfb6f56095432d74]","24","0","8ce3abdd4734d2142ef7a90f30168bda88253440","6914f59997d5e163c90fdd33090f2ba41ff7dd85","346c063ce7f6f5625d1a8ffa375c78e9c456a89b"
"https://github.com/BTHUNTERCN/bsmi.git","213","1","[7becc29927a59a048607315b484e6821db35fe20]","1","0","7becc29927a59a048607315b484e6821db35fe20","a48bf55deef915a67fcbbb6cc856b7f02c8af687","a53e99e603b873071657f403e0a2f50e2b991f31"
"https://github.com/BTHUNTERCN/bsmi.git","214","2","[346c063ce7f6f5625d1a8ffa375c78e9c456a89b, 639a32fa78193050016c485fcee6bb161087d7d0]","2","1","346c063ce7f6f5625d1a8ffa375c78e9c456a89b","a48bf55deef915a67fcbbb6cc856b7f02c8af687","558af735358366f204ddcca5347753ee28d64f3b"
"https://github.com/BTHUNTERCN/bsmi.git","215","2","[1873c45726c8a64118743940a90ceae529920d5d, fb4db2e9e590476d48a43cede3a51a77895a5823]","6","0","1873c45726c8a64118743940a90ceae529920d5d","558af735358366f204ddcca5347753ee28d64f3b","8fd1257173f3da0ca735c70c233c01732dcbca71"
"https://github.com/BTHUNTERCN/bsmi.git","216","1","[4639faeec54fe9ca5b3ca73599ab3683eb9d2f57]","0","1","4639faeec54fe9ca5b3ca73599ab3683eb9d2f57","558af735358366f204ddcca5347753ee28d64f3b","a0f0613cfe2e2acaa5b3181b1a9668529e1177d9"
"https://github.com/BTHUNTERCN/bsmi.git","217","2","[af956e9c6c2978f39cbbec08a8d0d946e554a8a1, 040c9c57991a1f4d287cf58845bfb9136b19c1f7]","2","0","af956e9c6c2978f39cbbec08a8d0d946e554a8a1","4c7214250041981c241dcf589ced8c27d1a4e225","759f04ee6586a400ff90ec1107077053c58d47d4"
"https://github.com/BTHUNTERCN/bsmi.git","218","1","[234f0007eba9e0d064e8127f3a78c9d74c249e45]","0","0","234f0007eba9e0d064e8127f3a78c9d74c249e45","a53e99e603b873071657f403e0a2f50e2b991f31","def332f4fae1bc74b2c208fd2d6b5d230eb4215c"
"https://github.com/BTHUNTERCN/bsmi.git","22","2","[0e863118df3b5cd2ba369a3ff6e78e9d0852fae9, 8442f64d14a7f01507983cfdeb814545c99ceb6f]","3","1","0e863118df3b5cd2ba369a3ff6e78e9d0852fae9","b0222ce0dc74d930a7fd0a4ccbce511daf773c1e","9db181b13f6d82cda8b0d5eb503c798f522bed0d"
"https://github.com/BTHUNTERCN/bsmi.git","220","6","[87436fa6528233a9d7bf53e8e6425c47d0a48afd, 3992bfb94df70a9e9d15576cbe21812fe9f352a1, 37ab5a9392b193c4d732770853d4e9d142be86ae, 1a2fa2ed85834a55a1af1deec691e37048d34e8b, a8e4f80da09aa87f223509a863eeb193bd8d05c1, ff1f83f2319b7b8247d73b4fbef24fa15e87529b]","5","0","87436fa6528233a9d7bf53e8e6425c47d0a48afd","8fd1257173f3da0ca735c70c233c01732dcbca71","def332f4fae1bc74b2c208fd2d6b5d230eb4215c"
"https://github.com/BTHUNTERCN/bsmi.git","221","3","[a0f0613cfe2e2acaa5b3181b1a9668529e1177d9, 130e63de50b3f3e6d991fad1e2450f855a0ed281, 096e57860da273d6f0ec11d66c113a2ca5e2881f]","8","0","a0f0613cfe2e2acaa5b3181b1a9668529e1177d9","8fd1257173f3da0ca735c70c233c01732dcbca71","def332f4fae1bc74b2c208fd2d6b5d230eb4215c"
"https://github.com/BTHUNTERCN/bsmi.git","222","2","[a377c33445ad016961aa0c3901dc4477ffa19f09, 9dcacfcf9e445932d36c6073a752210bbfcccf30]","0","0","a377c33445ad016961aa0c3901dc4477ffa19f09","759f04ee6586a400ff90ec1107077053c58d47d4","339c58328c73e676377fbde6a4d7a4f81be60075"
"https://github.com/BTHUNTERCN/bsmi.git","223","2","[d1f34d4d8e8c4a9f4dd162aa6379dc788241bf40, 86b5f048dd108e9b363475bf7f676597115602f4]","5","1","d1f34d4d8e8c4a9f4dd162aa6379dc788241bf40","964d4ac443b4fc4f438cb3a3fc59b2b9d555b37c","08a56a8e3cdb38f8050b373db018131d9a53c423"
"https://github.com/BTHUNTERCN/bsmi.git","224","1","[653a231aa06d0032e2e6bb777fd0f625abf6448b]","0","0","653a231aa06d0032e2e6bb777fd0f625abf6448b","964d4ac443b4fc4f438cb3a3fc59b2b9d555b37c","8df6ca9ab074c04cd950f29bb771634cf06c256c"
"https://github.com/BTHUNTERCN/bsmi.git","225","1","[a0c2aa99a1b56ab11e53c4d0803e8d0b64ba9962]","0","0","a0c2aa99a1b56ab11e53c4d0803e8d0b64ba9962","15b9510997b814e8aedfe85d1979cc4ca10cf11c","940c0941e84ec6a237d424dc9d8004372dc15cd8"
"https://github.com/BTHUNTERCN/bsmi.git","226","2","[8df6ca9ab074c04cd950f29bb771634cf06c256c, 0103cda329432353ab7ee1a98168707bc4c64f60]","1","0","8df6ca9ab074c04cd950f29bb771634cf06c256c","15b9510997b814e8aedfe85d1979cc4ca10cf11c","1e7211ca2fba3f2c3953b315dedf21b70207c915"
"https://github.com/BTHUNTERCN/bsmi.git","227","1","[355f5a6c9ffcf1909d5a84f85f5ebd3a7e8716e2]","3","0","355f5a6c9ffcf1909d5a84f85f5ebd3a7e8716e2","1e7211ca2fba3f2c3953b315dedf21b70207c915","49ebba7e59bd897283a5c2f2deb3246a5486a075"
"https://github.com/BTHUNTERCN/bsmi.git","228","3","[d5c05058584547afb91f734d0838b1f8cb66748a, c2809eb0bdbc664805cf2dabeb2eb3683054893f, 3ceef3aabe42e7c4b958e5650c8561f9d6506e8c]","4","0","d5c05058584547afb91f734d0838b1f8cb66748a","1e7211ca2fba3f2c3953b315dedf21b70207c915","e08d22b2d9b9f531219d6cb1699af02854696579"
"https://github.com/BTHUNTERCN/bsmi.git","229","1","[23bdc4c09cdb629febe97cae42df845e823e9b80]","2","0","23bdc4c09cdb629febe97cae42df845e823e9b80","940c0941e84ec6a237d424dc9d8004372dc15cd8","d5c05058584547afb91f734d0838b1f8cb66748a"
"https://github.com/BTHUNTERCN/bsmi.git","23","1","[fe85b10710508edfc39d530ac62b2ce33f977362]","0","0","fe85b10710508edfc39d530ac62b2ce33f977362","b0222ce0dc74d930a7fd0a4ccbce511daf773c1e","fbd18cfc29d932d56731d3dfe212999a64188620"
"https://github.com/BTHUNTERCN/bsmi.git","230","1","[5c775406571008e219a851afbe1e09e008c2ed97]","0","0","5c775406571008e219a851afbe1e09e008c2ed97","a2867bf3066f11698339bccb2b2f56b3cac886ab","e6cfa72126e411659cf24ba898a59381fd3f293e"
"https://github.com/BTHUNTERCN/bsmi.git","231","1","[a97a12239af614db093e66447be1d7c820196325]","0","0","a97a12239af614db093e66447be1d7c820196325","a2867bf3066f11698339bccb2b2f56b3cac886ab","e6cfa72126e411659cf24ba898a59381fd3f293e"
"https://github.com/BTHUNTERCN/bsmi.git","232","2","[8f1199d112275a768bf703f37b46d81359b1bec5, 5c775406571008e219a851afbe1e09e008c2ed97]","1","1","8f1199d112275a768bf703f37b46d81359b1bec5","357093a7a00e8202cad9823c821c60352f810cae","e6cfa72126e411659cf24ba898a59381fd3f293e"
"https://github.com/BTHUNTERCN/bsmi.git","234","1","[49ebba7e59bd897283a5c2f2deb3246a5486a075]","2","0","49ebba7e59bd897283a5c2f2deb3246a5486a075","e08d22b2d9b9f531219d6cb1699af02854696579","07ae705bf5a198b3e7cc2a46bd075b5f7e9907ab"
"https://github.com/BTHUNTERCN/bsmi.git","235","4","[5c775406571008e219a851afbe1e09e008c2ed97, e6cfa72126e411659cf24ba898a59381fd3f293e, 0d0bb5a40669ca32c08ed7794bc1f5aa3ebe60e1, 24e15051dc9c908b94334f0ad3c13bf5ec2d9b65]","2","0","5c775406571008e219a851afbe1e09e008c2ed97","e08d22b2d9b9f531219d6cb1699af02854696579","d22798ca9c58c0770402a7099aff0b8b05db2ead"
"https://github.com/BTHUNTERCN/bsmi.git","236","8","[a30ae7132ced812da6ca315931994d21d59b535f, 2e5b56a16a843d66f27b564c38e65b561d072413, 56187a2b87fe246cb91326908e7c0161c839df71, 09bfb263a60288a78cad2cfc6f75966219ecd228, 949f8b49dfb9d7e4956c8c05a8442d680ba09357, 7bb1e0d948f1240e0a97dc9690b5f674c9ac6fca, bcbb557db1420a4024af2f7c173a75b493b57d45, 0676f03e43ad053374e794b402e68c6db33eb59b]","0","0","a30ae7132ced812da6ca315931994d21d59b535f","339c58328c73e676377fbde6a4d7a4f81be60075","02d93b9886d67abe3e34c091c9d235fd7c0b594b"
"https://github.com/BTHUNTERCN/bsmi.git","237","1","[268186aec3b0b541c8f00ce1d446916b2b61da50]","0","0","268186aec3b0b541c8f00ce1d446916b2b61da50","4c52fe11040c7565dc920b7c1611e819dc74e596","e613a97221a78558a9fddac1fdd2e79eb1f1cb8d"
"https://github.com/BTHUNTERCN/bsmi.git","238","1","[8bd0e14f20bb6d48bf381821aebb2521d264da79]","0","0","8bd0e14f20bb6d48bf381821aebb2521d264da79","4c52fe11040c7565dc920b7c1611e819dc74e596","e613a97221a78558a9fddac1fdd2e79eb1f1cb8d"
"https://github.com/BTHUNTERCN/bsmi.git","239","3","[b4a0ca178c3835f3bccb43dfde533bc0c604daa3, ed6b09a37d4dce5426a58a52ab1f2cdef023ea80, 3777c37a1dabdeec0c18ecd01a5fe2cf355a6426]","1","1","b4a0ca178c3835f3bccb43dfde533bc0c604daa3","02d93b9886d67abe3e34c091c9d235fd7c0b594b","7d012ca4a961858988b8ad86d09248ae08229add"
"https://github.com/BTHUNTERCN/bsmi.git","24","1","[fd15e017c561ac05bd92af0f6bf415faf3616e51]","2","1","fd15e017c561ac05bd92af0f6bf415faf3616e51","fbd18cfc29d932d56731d3dfe212999a64188620","64fe81b593ab3391697d732875034a0a8ca67705"
"https://github.com/BTHUNTERCN/bsmi.git","240","1","[e613a97221a78558a9fddac1fdd2e79eb1f1cb8d]","0","0","e613a97221a78558a9fddac1fdd2e79eb1f1cb8d","02d93b9886d67abe3e34c091c9d235fd7c0b594b","a59d2d411f6baad2653956e5633c37ac9ae1852c"
"https://github.com/BTHUNTERCN/bsmi.git","241","7","[1852f5e1e4ef2e30c27058d896e5be6ffb292981, 760972764f8fbfa943bd8476a12a28e18d482bd6, e24365a3889f61c851e02f63c54ae61862161b7e, 6a5170dd920971cf6616f3dada9a4a8385c9579c, 20c0a6ba7d5752821fe515b4edaf693c94ab562f, 71d8a64f5e12c9c255017803a8609d29d54de8ab, 368886fbcf4b165c8e30e5c66fc881c6b12c6c73]","5","0","1852f5e1e4ef2e30c27058d896e5be6ffb292981","7d012ca4a961858988b8ad86d09248ae08229add","a52f0ba57871f6462e91151efddeb1caece048a6"
"https://github.com/BTHUNTERCN/bsmi.git","242","2","[cd665c59f72790065be61eb40cd863507d95ddcf, 88e0a8e924b62d70594537be1cb48e2e38670653]","9","0","cd665c59f72790065be61eb40cd863507d95ddcf","a52f0ba57871f6462e91151efddeb1caece048a6","e6cfa72126e411659cf24ba898a59381fd3f293e"
"https://github.com/BTHUNTERCN/bsmi.git","244","8","[a2e6e0e8966261cbf662238cb1cd15979e1c11f3, 00562afd86a5f34167a803f1037c37383d87af33, ed52ea6c8e0110c919354db605203e5d67d0b44a, 1b62e3cecdcdf4aebd6c5f2cc300beb5fb9e1d15, 31a7e801c82a18a040f56443cffa999724496623, 32637cb1819b516fd60fb7615b6e4c7203c4d100, 07bfa1ec7840e6895a5a763152e2fdfab881b26b, 5c01dce61af7c285d7234d079d5a9bda055aeea1]","18","0","a2e6e0e8966261cbf662238cb1cd15979e1c11f3","d22798ca9c58c0770402a7099aff0b8b05db2ead","c3fa549ed705c80151a5b84003853c3732b5edd0"
"https://github.com/BTHUNTERCN/bsmi.git","245","1","[41a1ceea5e0ee9579a07ae3d40dd9c203028f456]","0","0","41a1ceea5e0ee9579a07ae3d40dd9c203028f456","d22798ca9c58c0770402a7099aff0b8b05db2ead","c974a2ed8e2b9f334c0748e1be421f39a95932d7"
"https://github.com/BTHUNTERCN/bsmi.git","246","2","[b2b410e2ae704186cbfdbb212520cc0d3e075e1f, d9ba120bf856e4ba5e1776e401d347a841f60cea]","3","0","b2b410e2ae704186cbfdbb212520cc0d3e075e1f","07ae705bf5a198b3e7cc2a46bd075b5f7e9907ab","829ecb7ae9a6dd6f86a122c6b1d15c87c73ada7c"
"https://github.com/BTHUNTERCN/bsmi.git","247","3","[00562afd86a5f34167a803f1037c37383d87af33, ed52ea6c8e0110c919354db605203e5d67d0b44a, 1b62e3cecdcdf4aebd6c5f2cc300beb5fb9e1d15]","7","0","00562afd86a5f34167a803f1037c37383d87af33","07ae705bf5a198b3e7cc2a46bd075b5f7e9907ab","31a7e801c82a18a040f56443cffa999724496623"
"https://github.com/BTHUNTERCN/bsmi.git","248","1","[715812f0012aec95c63f45983a4410da139a2d45]","2","0","715812f0012aec95c63f45983a4410da139a2d45","829ecb7ae9a6dd6f86a122c6b1d15c87c73ada7c","6e175091f64cbe39dc9f538c594904404ba144f3"
"https://github.com/BTHUNTERCN/bsmi.git","249","4","[31a7e801c82a18a040f56443cffa999724496623, 32637cb1819b516fd60fb7615b6e4c7203c4d100, 07bfa1ec7840e6895a5a763152e2fdfab881b26b, 5c01dce61af7c285d7234d079d5a9bda055aeea1]","16","0","31a7e801c82a18a040f56443cffa999724496623","829ecb7ae9a6dd6f86a122c6b1d15c87c73ada7c","c3fa549ed705c80151a5b84003853c3732b5edd0"
"https://github.com/BTHUNTERCN/bsmi.git","25","1","[7cf99965508c385afde085311af216505ae0062e]","0","1","7cf99965508c385afde085311af216505ae0062e","fbd18cfc29d932d56731d3dfe212999a64188620","765655a7e0a5c18e47a53bb6dfee9a0f6cbe4eb8"
"https://github.com/BTHUNTERCN/bsmi.git","251","1","[60276227f5d1acdd1266d61be3efc5619f133cb1]","2","0","60276227f5d1acdd1266d61be3efc5619f133cb1","733bc0e8dcd310e4c7baef6fa9d35e6b23073455","065fd8701c40cae35f863d8dcc09a667499784a6"
"https://github.com/BTHUNTERCN/bsmi.git","252","1","[c974a2ed8e2b9f334c0748e1be421f39a95932d7]","0","0","c974a2ed8e2b9f334c0748e1be421f39a95932d7","733bc0e8dcd310e4c7baef6fa9d35e6b23073455","7e0153f3c4871691e9f6259d30d87fff8d0f8990"
"https://github.com/BTHUNTERCN/bsmi.git","253","21","[fb1446d06052dde435ce8d1d8ee774e278d60396, 31edf5c8bf108165f2331f9810ccfb04acd7e4cc, f636684b3d95657d51591461736207be86ea03e8, 0f894a78107b0bcd172f2f99b76f4aa92db68c09, 153666a4b3c343c43a5b26a01f2e7fe78c00a8da, e4b8769a8f993f3419f726c92bfabc80744c7235, 4c0249cf6986a08447e2e4948bd0825669271676, ca7155d67c11ab0cb95c0363c2cbb95c2577d413, f12c90bab79f9370f732da29d1fc3b2b6f9aef98, b25c9ef6d3ed94ba46fdd4819d5571f2e46c8c6a, 77ccaa95aad89890461eb796b23a1753c1647d23, b1c9ef9c3eb8bb69b8acc2bb568ba31e602fdcc5, 30e7e6d749893920874941db79c56310b7b536d2, 58e3d5971a9a5f7fae3634859069c53db4c5482d, 9d4cdaaaa5bb6c4e2066e6b11b1cab623fbff6f7, 679b2305c1b4768291496370eca13966de7ebe29, 173013cb037e255c8153a8fd49e4560b8b15c0ae, 9d62501de3d2e553b801febf063fc0894033de9a, 2748e58fa1b8a74ba3028b98a1ab7c700ae6e391, cdcc280481f08ab8d7d06d2d5ae80ee75b303cbe, 1403829ffdd9e6377ac752e68a1a319b13e4f9f0]","19","0","fb1446d06052dde435ce8d1d8ee774e278d60396","c3fa549ed705c80151a5b84003853c3732b5edd0","834bc84d08a0043eca7efffd174c30967576e1cc"
"https://github.com/BTHUNTERCN/bsmi.git","255","6","[93c66b087589f38117c48be4a481bc2c4448e836, 4f9b77cde6533677ae2b274bec473ae8a830bfe1, 5388fc29c6758f530629bea2a4fc6bfa199e1d5b, 72c0ef4b3551906bfcc8aa6ae31363c819513d71, 3ca22f3bc1ee2b2f24bffc9ecb4e61253911fe6e, eb68457aacc1cadf152f9e17e245d96b557be1a9]","30","1","93c66b087589f38117c48be4a481bc2c4448e836","7e0153f3c4871691e9f6259d30d87fff8d0f8990","9f06cc7a66aa5e9ae72b986c4f5edf15aceb29d5"
"https://github.com/BTHUNTERCN/bsmi.git","256","1","[adaec6f0b135cc2a3482e2d6b6683b8da98485f2]","0","1","adaec6f0b135cc2a3482e2d6b6683b8da98485f2","065fd8701c40cae35f863d8dcc09a667499784a6","7011e166e5a4b25100418c4efdd2229ec5876698"
"https://github.com/BTHUNTERCN/bsmi.git","257","3","[6bf46eb2495ae5796b659fe021dde318475226cc, a4d53ed28d2c4a3635c06f66e1e5694d28ab3a2f, abb34800021f362a4aac87ab63014a841581bd9d]","1","0","6bf46eb2495ae5796b659fe021dde318475226cc","065fd8701c40cae35f863d8dcc09a667499784a6","834bc84d08a0043eca7efffd174c30967576e1cc"
"https://github.com/BTHUNTERCN/bsmi.git","258","2","[f68babe92efaa8ae0d38ec5a1754199bbf55b8cb, 1efe60f20117923c14addd0dab1e463ee6db149d]","0","2","f68babe92efaa8ae0d38ec5a1754199bbf55b8cb","7011e166e5a4b25100418c4efdd2229ec5876698","5faf3bb9c3fb124d58fa170df08872c65356a379"
"https://github.com/BTHUNTERCN/bsmi.git","259","1","[834bc84d08a0043eca7efffd174c30967576e1cc]","0","0","834bc84d08a0043eca7efffd174c30967576e1cc","7011e166e5a4b25100418c4efdd2229ec5876698","1350e949479bc353a8b829542ff9e08258b31c69"
"https://github.com/BTHUNTERCN/bsmi.git","26","1","[d43821c554a26b6a6c1e6fefbdb2df57b42817b0]","5","4","d43821c554a26b6a6c1e6fefbdb2df57b42817b0","765655a7e0a5c18e47a53bb6dfee9a0f6cbe4eb8","ab91dd711e18cd0ba042fe52d68bd7f7025e386e"
"https://github.com/BTHUNTERCN/bsmi.git","260","1","[00e7bef5ac23289b61dbbf6a8af9f48eba5cf233]","0","0","00e7bef5ac23289b61dbbf6a8af9f48eba5cf233","5faf3bb9c3fb124d58fa170df08872c65356a379","378558c546b417e5c1204426b96430c886349f10"
"https://github.com/BTHUNTERCN/bsmi.git","261","1","[92dbe7ab9a4294923334d382e3244a4a4bd83a3e]","0","1","92dbe7ab9a4294923334d382e3244a4a4bd83a3e","50cf7f73142fcea0129164a30cdd1958c12c69de","4026cffd80d5a95cf043a3e1ea173be8596da0c5"
"https://github.com/BTHUNTERCN/bsmi.git","262","1","[035b267e3ad04f7e96f85972543b0ba43e863104]","0","0","035b267e3ad04f7e96f85972543b0ba43e863104","50cf7f73142fcea0129164a30cdd1958c12c69de","d75737ce4a17e2e213d475c300a023fb27a08efa"
"https://github.com/BTHUNTERCN/bsmi.git","263","2","[00e7bef5ac23289b61dbbf6a8af9f48eba5cf233, 378558c546b417e5c1204426b96430c886349f10]","0","5","00e7bef5ac23289b61dbbf6a8af9f48eba5cf233","1350e949479bc353a8b829542ff9e08258b31c69","d3412c6fd19fd8ea3841bd72929e6f9a592342af"
"https://github.com/BTHUNTERCN/bsmi.git","264","3","[30e2270c5c97ad658553fd97339025eb59a5caf9, 2e22f788021a85da7f1c9f72415e009c8b6cf27f, 60908b4437d4f71c5340996c240ca34934cd3807]","1","1","30e2270c5c97ad658553fd97339025eb59a5caf9","1350e949479bc353a8b829542ff9e08258b31c69","f819490bdbe1980c802d5203200d0f8775e21e3d"
"https://github.com/BTHUNTERCN/bsmi.git","265","1","[562008ca595bd1b1e7f2d2ef4d02cf1397c3f88d]","1","0","562008ca595bd1b1e7f2d2ef4d02cf1397c3f88d","d75737ce4a17e2e213d475c300a023fb27a08efa","d8cb53ece09339890d2d843af6861aa5399ed288"
"https://github.com/BTHUNTERCN/bsmi.git","266","1","[4026cffd80d5a95cf043a3e1ea173be8596da0c5]","0","1","4026cffd80d5a95cf043a3e1ea173be8596da0c5","d75737ce4a17e2e213d475c300a023fb27a08efa","9da62363b0e18aac300bee4ceff5219592ef8621"
"https://github.com/BTHUNTERCN/bsmi.git","267","3","[91441e760f7d2947ad766e47ff5df8e121ba36f8, 15a6718a278bd8703377b9eed98eeb1cb3f7d1d5, 852abc9530e105aae2bc2211ae5ce3ff29fc7038]","3","0","91441e760f7d2947ad766e47ff5df8e121ba36f8","f819490bdbe1980c802d5203200d0f8775e21e3d","d3412c6fd19fd8ea3841bd72929e6f9a592342af"
"https://github.com/BTHUNTERCN/bsmi.git","268","1","[378558c546b417e5c1204426b96430c886349f10]","0","5","378558c546b417e5c1204426b96430c886349f10","9da62363b0e18aac300bee4ceff5219592ef8621","d3412c6fd19fd8ea3841bd72929e6f9a592342af"
"https://github.com/BTHUNTERCN/bsmi.git","269","1","[946d0b7230739dd4a2cfe1bddd8db1a05ea63378]","3","0","946d0b7230739dd4a2cfe1bddd8db1a05ea63378","d8cb53ece09339890d2d843af6861aa5399ed288","05ad864c96095f59c92b072851abb1fb1722514b"
"https://github.com/BTHUNTERCN/bsmi.git","27","1","[fb68b953c903917685f6c72166ccf0a26b8e0ec4]","0","0","fb68b953c903917685f6c72166ccf0a26b8e0ec4","64fe81b593ab3391697d732875034a0a8ca67705","b3c573f0477a0e5d6521a0b24fb3afc01682e56f"
"https://github.com/BTHUNTERCN/bsmi.git","270","2","[9d84a522dbe3cecd7781dec564cf8f4e0f029450, 79af752b21ff0133abdfb89c93f0545beed5d583]","1","0","9d84a522dbe3cecd7781dec564cf8f4e0f029450","d8cb53ece09339890d2d843af6861aa5399ed288","05ad864c96095f59c92b072851abb1fb1722514b"
"https://github.com/BTHUNTERCN/bsmi.git","272","1","[0ed6afe69ce7842819c61fc977b827cb98512f1f]","0","0","0ed6afe69ce7842819c61fc977b827cb98512f1f","fac78b7b45dec15458f2a75c3f772a5aa8d754a5","7c37faedcac9bc6d2c1dd9213a8c2e0cd6f3996e"
"https://github.com/BTHUNTERCN/bsmi.git","273","7","[05ad864c96095f59c92b072851abb1fb1722514b, bb4583d9adf50b13f55e718da6f15acabd8f5f99, 6e12f30c0b37763775638c9ed4124667c52c7ea0, 455a29b6bb37c9e2cf2cdd19391656b5767d0d01, fc0c72e4939a05ab04aa90be250f69024c1e5956, 5aa7c932ab96b17d99fae473ecbf42a89eab1639, ebcb82ca02a9ae27cfcd1088c907fef987e2c489]","3","0","05ad864c96095f59c92b072851abb1fb1722514b","fac78b7b45dec15458f2a75c3f772a5aa8d754a5","ef410dd03e369d7f00e1cbc86bf6abba106efc5c"
"https://github.com/BTHUNTERCN/bsmi.git","274","1","[15e1cd6539a615245f2dd00ee7fe1cf191734ed6]","0","0","15e1cd6539a615245f2dd00ee7fe1cf191734ed6","ef410dd03e369d7f00e1cbc86bf6abba106efc5c","d2a87d194da0cd6ffa90163b35c883c3add8a44a"
"https://github.com/BTHUNTERCN/bsmi.git","275","1","[ce176202f4fc40700e0c17bbfd82ab20de32cad4]","2","0","ce176202f4fc40700e0c17bbfd82ab20de32cad4","ef410dd03e369d7f00e1cbc86bf6abba106efc5c","d2a87d194da0cd6ffa90163b35c883c3add8a44a"
"https://github.com/BTHUNTERCN/bsmi.git","276","1","[9f06cc7a66aa5e9ae72b986c4f5edf15aceb29d5]","8","0","9f06cc7a66aa5e9ae72b986c4f5edf15aceb29d5","d2a87d194da0cd6ffa90163b35c883c3add8a44a","5f64172e8c34137cea4979f44ab8639f719a92f1"
"https://github.com/BTHUNTERCN/bsmi.git","277","1","[5f64172e8c34137cea4979f44ab8639f719a92f1]","0","0","5f64172e8c34137cea4979f44ab8639f719a92f1","4230f3490bf8b8864e960e2756767311bce5cb7f","462c10cf145f91821986c6dcf57f57de45044e1d"
"https://github.com/BTHUNTERCN/bsmi.git","278","1","[cec681bff938797f7bca24f1d9b1be417cf8b663]","2","0","cec681bff938797f7bca24f1d9b1be417cf8b663","ee159be790ade197794235eaf36faa8485e95b23","d90e8126b9cc5ab8f1c6b4861a35b4d6f072f2ae"
"https://github.com/BTHUNTERCN/bsmi.git","279","1","[462c10cf145f91821986c6dcf57f57de45044e1d]","0","0","462c10cf145f91821986c6dcf57f57de45044e1d","ee159be790ade197794235eaf36faa8485e95b23","7c37faedcac9bc6d2c1dd9213a8c2e0cd6f3996e"
"https://github.com/BTHUNTERCN/bsmi.git","28","2","[aadd062a48e17e9007f498782d9de1fe2b0afb2b, 85c757e0b8cf17c1422356e743def3c7821abc89]","0","2","aadd062a48e17e9007f498782d9de1fe2b0afb2b","1fc40fdc8c00a75a399047cdac1db79919a672bd","4de8f772cbfb8cf84913a4fea9ec0c775bdf65f8"
"https://github.com/BTHUNTERCN/bsmi.git","280","1","[a502083d30b45193323de2545b1568f4cf64143d]","1","0","a502083d30b45193323de2545b1568f4cf64143d","d90e8126b9cc5ab8f1c6b4861a35b4d6f072f2ae","809e08dbf89b3ef837c7b2393073c50cc47e7ef1"
"https://github.com/BTHUNTERCN/bsmi.git","281","1","[e83f1451cf3f21dd0aaf46db3be1a70ec075e1c6]","2","0","e83f1451cf3f21dd0aaf46db3be1a70ec075e1c6","d90e8126b9cc5ab8f1c6b4861a35b4d6f072f2ae","809e08dbf89b3ef837c7b2393073c50cc47e7ef1"
"https://github.com/BTHUNTERCN/bsmi.git","29","7","[b3c573f0477a0e5d6521a0b24fb3afc01682e56f, 0d08cbf9b8ab60ff7e9f75d8c6b70eb4d5066072, 19cab3d5db02692a9b52e044bb08ed9fa2756bea, 63bd954a344ea0524533c75db90de9ca6848335a, 4e6d6285af55fd17773ff4bbbe0a0223d111dae6, f2d8dd8a84be3f9c723b69cde7e3672d6beea0f5, 7712b19715877bf8df6e4446fb8a6670d78a9096]","3","0","b3c573f0477a0e5d6521a0b24fb3afc01682e56f","1fc40fdc8c00a75a399047cdac1db79919a672bd","ab91dd711e18cd0ba042fe52d68bd7f7025e386e"
"https://github.com/BTHUNTERCN/bsmi.git","3","4","[a02948bbf21d72cb9cb0b825b71bf2e4aa70f470, 1d043d8c9959c212a1e08fb15147ceb3a542b1e0, 3709fe05573b3b68f548a79aa2ea53fed7586227, 8ba5e384e341a688657b607e6ea493a1bb3c1198]","2","1","a02948bbf21d72cb9cb0b825b71bf2e4aa70f470","2e422c193c1440a4a27fb5c0cb6e1f756086cdfc","c7154161f6b51edb58ae784415037ac7d8baf360"
"https://github.com/BTHUNTERCN/bsmi.git","30","1","[ab91dd711e18cd0ba042fe52d68bd7f7025e386e]","2","1","ab91dd711e18cd0ba042fe52d68bd7f7025e386e","4de8f772cbfb8cf84913a4fea9ec0c775bdf65f8","e15902630532edc1fb80a3e35364ebb1ecfd83ca"
"https://github.com/BTHUNTERCN/bsmi.git","31","12","[d8437823ff9e718c172088a9bbc508d4ec58d34c, 3a32a9950979a23e6fc8dd53cb35b57a85bba2bb, f59c38e0a1049b65b6c43c3735429517dca1106f, 358bde399bf7c90bcc6b5a1ed0d7e414d275f825, 791bf614695427a874b62a00c37b933f7209c395, 1d7a7f0abf643d6a3185ccd935600317a12caa9a, 299b007f551c502d2a182ce9cb8b8450d8e5d4be, a6c2e8c0506e4e26b0a06b398960db9a90962173, e6907b56d531fd6594da3a9e183733842ed6adde, 26830533be000078f96dc349898a8fd6f2a52cb9, 0297c63f32cabe31452c22a96bc4786bc0832bb8, d37e0b0303a8eac32c8ce1e77716a595e8ad554d]","8","1","d8437823ff9e718c172088a9bbc508d4ec58d34c","4de8f772cbfb8cf84913a4fea9ec0c775bdf65f8","d5f381861ab65d0009e191c20c4204f0c6d94cb4"
"https://github.com/BTHUNTERCN/bsmi.git","33","3","[4cd98d0651a91a563cbc42c6d01dfd9e794e6a98, 5a6703db3b0684978400e88abefb34cf4ec7944d, 6f2016ce8c0190ee7b40f7f63769e4b3e3224a45]","4","1","4cd98d0651a91a563cbc42c6d01dfd9e794e6a98","e15902630532edc1fb80a3e35364ebb1ecfd83ca","6dafa787d12d17ebecfae312517d87d27b2da63e"
"https://github.com/BTHUNTERCN/bsmi.git","34","2","[9aeb8c154044b46666bd1af4118e9b2b1103d854, 4678eaa30a373ebed1f84c60a69cdcdc1f0df235]","2","0","9aeb8c154044b46666bd1af4118e9b2b1103d854","e15902630532edc1fb80a3e35364ebb1ecfd83ca","5560e49046aa1228760f77fcf0b1a6292f6564ce"
"https://github.com/BTHUNTERCN/bsmi.git","35","1","[6dafa787d12d17ebecfae312517d87d27b2da63e]","0","0","6dafa787d12d17ebecfae312517d87d27b2da63e","5560e49046aa1228760f77fcf0b1a6292f6564ce","d01391aac2f546bdacfd2bf7bb255fe7cad3209a"
"https://github.com/BTHUNTERCN/bsmi.git","36","2","[d01391aac2f546bdacfd2bf7bb255fe7cad3209a, 57394d45131b25d6aba5622667c652766e8e9a53]","2","0","d01391aac2f546bdacfd2bf7bb255fe7cad3209a","209218be50943828af7cde2cbd95c9afb5d5e748","6199312aeec7a82281e402eddc4eee9008e006ae"
"https://github.com/BTHUNTERCN/bsmi.git","38","1","[6199312aeec7a82281e402eddc4eee9008e006ae]","1","0","6199312aeec7a82281e402eddc4eee9008e006ae","45082cf73bcdf5f35df60582b7c59d5eab9df58a","443c83429050adbfc288a691a7cc74de00eb48fc"
"https://github.com/BTHUNTERCN/bsmi.git","39","1","[a749524f2c5aa0b6509271d5100c88eebb2f773c]","9","0","a749524f2c5aa0b6509271d5100c88eebb2f773c","a771a8ebf69f3618eb82f519b5c4a9679afedc6c","33e37e64b2f37c2c0714fde31b1f5fd7f0edf1a1"
"https://github.com/BTHUNTERCN/bsmi.git","4","9","[f7bb7c3f2df773a516a2577d7415c1acbadbb740, a76a04a08bb39692c083de0cbbcdcaebfcdb1a84, 17c8b43b6df8d4c245687867c5b9863a39010e31, 140d4c706d6aa5b66c43de06df36573fc0d06c63, 83a754f931d7c29b80a53b20921458638130e9a1, 1fe6aab4ed62950a8af00d71c82b65ef579ff341, ebe74df44421adf73b61a61330229067cb6e3de3, ba99306735db0dafcc765a4105362373cf667137, 511b3c6ec390e17fe723452e0096347fb7bd6d69]","6","0","f7bb7c3f2df773a516a2577d7415c1acbadbb740","2e422c193c1440a4a27fb5c0cb6e1f756086cdfc","c7154161f6b51edb58ae784415037ac7d8baf360"
"https://github.com/BTHUNTERCN/bsmi.git","40","2","[443c83429050adbfc288a691a7cc74de00eb48fc, 5a8ad9740d3c41ae6c500771caa24e39a5ff84d3]","4","0","443c83429050adbfc288a691a7cc74de00eb48fc","a771a8ebf69f3618eb82f519b5c4a9679afedc6c","b63fc75495ebfad7ff84e6dd482eb9a0a2a2fbed"
"https://github.com/BTHUNTERCN/bsmi.git","41","2","[bea268bbfcc79991d397eda09964566a77a52e80, 38133c3cca7e2861acc132bea5d401815075c53d]","1","0","bea268bbfcc79991d397eda09964566a77a52e80","d5f381861ab65d0009e191c20c4204f0c6d94cb4","b63fc75495ebfad7ff84e6dd482eb9a0a2a2fbed"
"https://github.com/BTHUNTERCN/bsmi.git","42","3","[6199312aeec7a82281e402eddc4eee9008e006ae, 443c83429050adbfc288a691a7cc74de00eb48fc, 5a8ad9740d3c41ae6c500771caa24e39a5ff84d3]","4","0","6199312aeec7a82281e402eddc4eee9008e006ae","d5f381861ab65d0009e191c20c4204f0c6d94cb4","b63fc75495ebfad7ff84e6dd482eb9a0a2a2fbed"
"https://github.com/BTHUNTERCN/bsmi.git","43","1","[a8bad3758d223d358e266535ec9d4e82290cb302]","3","0","a8bad3758d223d358e266535ec9d4e82290cb302","b63fc75495ebfad7ff84e6dd482eb9a0a2a2fbed","a0ce4ca1e57f17a2fe660327c75a91a6f981c6d7"
"https://github.com/BTHUNTERCN/bsmi.git","44","1","[093a87ce19e3b7335b53c5f80e281186d2b3adf0]","0","0","093a87ce19e3b7335b53c5f80e281186d2b3adf0","33fb05e8e080103d522fe55e9276113c32fa96c1","ace523af0a888fd520bf8df3640f8dccd641d311"
"https://github.com/BTHUNTERCN/bsmi.git","45","1","[a0ce4ca1e57f17a2fe660327c75a91a6f981c6d7]","1","0","a0ce4ca1e57f17a2fe660327c75a91a6f981c6d7","33fb05e8e080103d522fe55e9276113c32fa96c1","cbc118afac45c0997878335acea246c8aa646363"
"https://github.com/BTHUNTERCN/bsmi.git","46","1","[dfd9e5a5f1bab2cfb4491037a8601ba152f942bb]","2","0","dfd9e5a5f1bab2cfb4491037a8601ba152f942bb","cbc118afac45c0997878335acea246c8aa646363","53035e1466349c9e25773df755602307373401aa"
"https://github.com/BTHUNTERCN/bsmi.git","47","7","[f66ee8024f4048674f0892d31b5cd3efb3b777bd, bbfc33285664a6501a577663ccddd595cc7f9a91, 4934519a50ee74fb9362aeab9876a6bc395ab6d6, 25ced4f4e0eeac40828f9119d5c4fa95ffa0d401, e4a4a3056db3853d110acc1e39ba12cf006df7e2, 511aff6db81028803c8679ab997744cd2ff59b5f, 60e5c2f92d0b3f00f522f9def5d72b182aaea64b]","9","1","f66ee8024f4048674f0892d31b5cd3efb3b777bd","ac598b5cc3c1f15ea9d674deb0e11a9895bac02f","204bb8836a3ac16da7762d12a07157fb802f5355"
"https://github.com/BTHUNTERCN/bsmi.git","48","3","[904e1c29b7ed885d814815424b1330c21605d9ac, 432eed18752fec8a5647d5ee747b2a983e807f78, d31585d5fa437141c2189894d086f6a2b4669441]","5","0","904e1c29b7ed885d814815424b1330c21605d9ac","f562c99e9069cbcf0fe04d5055aa352366e27d23","7cb2330ec81a5d0fefe739041c1ce62d1657de22"
"https://github.com/BTHUNTERCN/bsmi.git","49","2","[0379875bccd3937f0ef466a3237df388c6c33d37, ba18ad79b8a18448b7f24a642ceeb6efd854b34c]","5","3","0379875bccd3937f0ef466a3237df388c6c33d37","3a02141cfdbff108559be8d76c320ba1a9ce3ec0","2f84cd31133a7338f90780079c95f6feee7c2b64"
"https://github.com/BTHUNTERCN/bsmi.git","5","1","[89641f8464e1218c5eca7bda2ee9e89d0bf34945]","2","0","89641f8464e1218c5eca7bda2ee9e89d0bf34945","2eec5be2145970a5aea401ebebff3935cf7ca710","805fcd7fde72a6616ca8df812bf795dec0866312"
"https://github.com/BTHUNTERCN/bsmi.git","50","2","[7cb2330ec81a5d0fefe739041c1ce62d1657de22, 671eca9fe1480b777aa987b2e3fb67359c813d04]","2","0","7cb2330ec81a5d0fefe739041c1ce62d1657de22","3a02141cfdbff108559be8d76c320ba1a9ce3ec0","8c4b1bde246c352b2f2af51a31410dbc77290eb4"
"https://github.com/BTHUNTERCN/bsmi.git","51","2","[52186d2761b776ce807b04a79e066b94fb14963a, 7f308636a9de968148b29b262fad627ed3041f4d]","6","2","52186d2761b776ce807b04a79e066b94fb14963a","8c4b1bde246c352b2f2af51a31410dbc77290eb4","8c9f9eb8e09d20c21d8062b84f7b6181bbf2806a"
"https://github.com/BTHUNTERCN/bsmi.git","52","1","[58bc9d826aea066348bd2a9080c9b28c631f1a8c]","0","0","58bc9d826aea066348bd2a9080c9b28c631f1a8c","8c4b1bde246c352b2f2af51a31410dbc77290eb4","8c9f9eb8e09d20c21d8062b84f7b6181bbf2806a"
"https://github.com/BTHUNTERCN/bsmi.git","53","7","[f4f36af0883063e1b6b3a1c8bdc6428ef0dc4711, 8d2935d3d312355daec558f03b855f20fd608cc9, dce8341ed3d046bc8d086bd5e3a13f3658f47ff4, 5dbc6cfcd3cbf23d81ef69ab172914cceedc64e7, a9f626448e30f6a0a9ffe841f0c8bb54cc70e498, bf91fcf556f5bee58548490021208291f2aae12e, a21b4340f7111c5160e00602cef4545c69fb7e9f]","3","0","f4f36af0883063e1b6b3a1c8bdc6428ef0dc4711","204bb8836a3ac16da7762d12a07157fb802f5355","6cfa3a04d80a3d414393f43141889cd7f7bdbd87"
"https://github.com/BTHUNTERCN/bsmi.git","54","1","[e7e7a50486db8c80a52403fcf2cbeab0abf51068]","1","0","e7e7a50486db8c80a52403fcf2cbeab0abf51068","2f84cd31133a7338f90780079c95f6feee7c2b64","2c83701b52ae8c5c97851649320d085c6e902bd6"
"https://github.com/BTHUNTERCN/bsmi.git","57","2","[ced488407b59dbdb883def3f66112f250668e728, 7f44c5f20c74133b5d59256949d4563eb2b10c6c]","3","0","ced488407b59dbdb883def3f66112f250668e728","9399f924e116e0b2d453090fd5062b576afeadbc","6cfa3a04d80a3d414393f43141889cd7f7bdbd87"
"https://github.com/BTHUNTERCN/bsmi.git","58","1","[3c2b1e3c1a6d6c72973b712d9ef9ea44213982e2]","0","0","3c2b1e3c1a6d6c72973b712d9ef9ea44213982e2","8c9f9eb8e09d20c21d8062b84f7b6181bbf2806a","6cfa3a04d80a3d414393f43141889cd7f7bdbd87"
"https://github.com/BTHUNTERCN/bsmi.git","59","1","[484cc1ff95684fff0f46cb2da857ca5e403d5ef3]","3","0","484cc1ff95684fff0f46cb2da857ca5e403d5ef3","2c83701b52ae8c5c97851649320d085c6e902bd6","1df77a5f2cfd457367050566718d3d90d35e38ec"
"https://github.com/BTHUNTERCN/bsmi.git","6","1","[de21213e64a8ff46853a6486a7cf3549d2485d08]","2","1","de21213e64a8ff46853a6486a7cf3549d2485d08","2eec5be2145970a5aea401ebebff3935cf7ca710","805fcd7fde72a6616ca8df812bf795dec0866312"
"https://github.com/BTHUNTERCN/bsmi.git","60","1","[e0115fbab2ba07b596486c5324ee26ee3794bd5a]","5","0","e0115fbab2ba07b596486c5324ee26ee3794bd5a","2c83701b52ae8c5c97851649320d085c6e902bd6","5f401730886034630b3f8e78b5256445b0e0efd3"
"https://github.com/BTHUNTERCN/bsmi.git","61","3","[05a3c9922e150f34cac0e372cc525d5cadf33663, 85b9a4eff51a28883c04d42650d4a96ef8120093, e3dc312b306a6a3d80e9b13169804f9ca76c5e8f]","19","1","05a3c9922e150f34cac0e372cc525d5cadf33663","33e37e64b2f37c2c0714fde31b1f5fd7f0edf1a1","baaddc5e40c475e7cbacf922df336e7139d33551"
"https://github.com/BTHUNTERCN/bsmi.git","63","1","[2d5aebfc599691980025ff4c2a9bcbc80cdd0618]","1","0","2d5aebfc599691980025ff4c2a9bcbc80cdd0618","53035e1466349c9e25773df755602307373401aa","b301d797ecdb18a24c06777feb3f718065109e73"
"https://github.com/BTHUNTERCN/bsmi.git","65","1","[5c6b177bc78ac1c06d8f2f8420a9d8001f5433bf]","4","0","5c6b177bc78ac1c06d8f2f8420a9d8001f5433bf","b301d797ecdb18a24c06777feb3f718065109e73","e237380a0d629e5ac12c11f4e12be6e56670885f"
"https://github.com/BTHUNTERCN/bsmi.git","66","2","[85b9a4eff51a28883c04d42650d4a96ef8120093, e3dc312b306a6a3d80e9b13169804f9ca76c5e8f]","15","0","85b9a4eff51a28883c04d42650d4a96ef8120093","b301d797ecdb18a24c06777feb3f718065109e73","baaddc5e40c475e7cbacf922df336e7139d33551"
"https://github.com/BTHUNTERCN/bsmi.git","67","3","[23f32e3192184cc695e55cb865d5bf61fa927e9c, 88b20fde2435ea1fa063fc8a75bf82121f389966, 4038057ae0b14e51c109e1c79d091582b55e7f04]","0","0","23f32e3192184cc695e55cb865d5bf61fa927e9c","e237380a0d629e5ac12c11f4e12be6e56670885f","aa328b0c339a8bec81f882b495e21ce2fb4efb9d"
"https://github.com/BTHUNTERCN/bsmi.git","68","1","[8a90a076a413175cd3c8df4d65c79339d657e2af]","5","0","8a90a076a413175cd3c8df4d65c79339d657e2af","5f401730886034630b3f8e78b5256445b0e0efd3","6cfa3a04d80a3d414393f43141889cd7f7bdbd87"
"https://github.com/BTHUNTERCN/bsmi.git","69","4","[ea5227343f4d2d178a2ec297fbd0f1e94dc9969b, 84bdff50a4d721cc92865aeebda1520f3db5d212, 9305b159c566662a9cbaa6fcbb21bc01a3b1bd85, c33032ff730547cbcea76fed2e72d1dcf1d338c6]","14","0","ea5227343f4d2d178a2ec297fbd0f1e94dc9969b","baaddc5e40c475e7cbacf922df336e7139d33551","4b1100e09f0a64e294c5b24a4818a8930fb4f0f6"
"https://github.com/BTHUNTERCN/bsmi.git","7","1","[8af2043bff0840552bae90fab3e792359c793a78]","1","0","8af2043bff0840552bae90fab3e792359c793a78","520fd560e375da66214431d243b47119a74c7b6f","ea9c2b151c3f66e3dabf3b487ef2d3a5d0248bdc"
"https://github.com/BTHUNTERCN/bsmi.git","70","2","[1b4c71ab79e47236795c72de31df4335560f169b, 1cf1b2d8eba7706199006a7457633851cef11600]","8","2","1b4c71ab79e47236795c72de31df4335560f169b","1df77a5f2cfd457367050566718d3d90d35e38ec","dec247cbf4c4b6a63743748d6cdbbc55ef67a3f7"
"https://github.com/BTHUNTERCN/bsmi.git","71","1","[6cfa3a04d80a3d414393f43141889cd7f7bdbd87]","6","4","6cfa3a04d80a3d414393f43141889cd7f7bdbd87","1df77a5f2cfd457367050566718d3d90d35e38ec","dec247cbf4c4b6a63743748d6cdbbc55ef67a3f7"
"https://github.com/BTHUNTERCN/bsmi.git","72","1","[fb25e0c069cda1603cbe6a399d7a8d48a1d3d839]","3","0","fb25e0c069cda1603cbe6a399d7a8d48a1d3d839","4b1100e09f0a64e294c5b24a4818a8930fb4f0f6","04d7eb9c598e8802d2f2a7e1480197cab3151b42"
"https://github.com/BTHUNTERCN/bsmi.git","73","3","[b4856cc7aec4b4b8997e85ba2f1f4acf55373f07, 9ff0f5d5c9509d7b01ab2235ab3a81281ef06651, 53ed44a631c99ca90cf1b4c1a089d6cb4847bfd5]","5","2","b4856cc7aec4b4b8997e85ba2f1f4acf55373f07","4b1100e09f0a64e294c5b24a4818a8930fb4f0f6","5082427863801b18951e2d0e8358fe0f65d51f45"
"https://github.com/BTHUNTERCN/bsmi.git","74","1","[3597d3b8971db77c0de0d9d9a01312cf2bc5e3bf]","5","0","3597d3b8971db77c0de0d9d9a01312cf2bc5e3bf","04d7eb9c598e8802d2f2a7e1480197cab3151b42","fec88438262d4c0f2053f4c2f23806c6042b2f52"
"https://github.com/BTHUNTERCN/bsmi.git","75","1","[5082427863801b18951e2d0e8358fe0f65d51f45]","4","0","5082427863801b18951e2d0e8358fe0f65d51f45","04d7eb9c598e8802d2f2a7e1480197cab3151b42","8e49c74d766f74f575de4f33cc9cddcdcd9eec8e"
"https://github.com/BTHUNTERCN/bsmi.git","76","1","[8e49c74d766f74f575de4f33cc9cddcdcd9eec8e]","5","0","8e49c74d766f74f575de4f33cc9cddcdcd9eec8e","fec88438262d4c0f2053f4c2f23806c6042b2f52","e7ea5fbd0518ab3265e4d693bf1978841b5a4b94"
"https://github.com/BTHUNTERCN/bsmi.git","77","2","[e4524b41d77968c2616ea918f34c96c0a60a2907, 6b09f5e1a6058a94b43fcd00556409185995adb2]","6","0","e4524b41d77968c2616ea918f34c96c0a60a2907","2b2531919041b1edb318cf3796c807eacd2e8c65","3554f1638bb8553fde52584c8267395ff365da06"
"https://github.com/BTHUNTERCN/bsmi.git","78","7","[e7ea5fbd0518ab3265e4d693bf1978841b5a4b94, ea9551da35a359b5dc8ad18e4d4c153a6d25e9dd, 091a0dbf50eae45162bab3f2dce4eaf3bbf10e93, 6f9d8308b2c75ce4992c97a027efed6f23bbacee, 4fc483b6aa43d0acaaeb6e17fca0e84e92769a9b, 74db311852a63b346f5f291e3e195443db7f32ac, f9275e4c9517756bec0ae16c4ccbba02634be3e9]","6","6","e7ea5fbd0518ab3265e4d693bf1978841b5a4b94","2b2531919041b1edb318cf3796c807eacd2e8c65","401016b61693e506f54666d7f0c4fc8b3f36b2ed"
"https://github.com/BTHUNTERCN/bsmi.git","79","1","[de9b62cb01cdb33d6635ddcc3673f33e3a11d174]","2","0","de9b62cb01cdb33d6635ddcc3673f33e3a11d174","401016b61693e506f54666d7f0c4fc8b3f36b2ed","8129c08637f5740866fa253f17a4f6746f844937"
"https://github.com/BTHUNTERCN/bsmi.git","8","1","[76e19c3209c21064a36c6b5b4a7880760d7f2c7b]","3","0","76e19c3209c21064a36c6b5b4a7880760d7f2c7b","6c72202047fb86f2fabaddb85ebeafeed62ac477","315fcb4f240b13c59e92375f5f17c197c2b67758"
"https://github.com/BTHUNTERCN/bsmi.git","80","1","[ce28deeea64ba90cba410cac437ee39b52ac27ba]","7","0","ce28deeea64ba90cba410cac437ee39b52ac27ba","3554f1638bb8553fde52584c8267395ff365da06","9775e3e25376975c9a7f46572ed1f079b470244c"
"https://github.com/BTHUNTERCN/bsmi.git","81","4","[267d5c762f265ab1b3addb883265786bbfd671d9, 23b2ba0b37cb25273f663c301f94f90a8ffc515e, e631fd69d6d87a21480b5e32013c1a88e9428f31, 0bd59f6963efaecff337816f63d95ddfd8980d61]","5","0","267d5c762f265ab1b3addb883265786bbfd671d9","8129c08637f5740866fa253f17a4f6746f844937","e95162b3c297c6682d451a5c008414d58d2f6d98"
"https://github.com/BTHUNTERCN/bsmi.git","82","1","[aa747291d1af22ce264ac87ee41596043eff8fe4]","6","1","aa747291d1af22ce264ac87ee41596043eff8fe4","8129c08637f5740866fa253f17a4f6746f844937","6a42366f90287b877b9ba9508cc06f2401804354"
"https://github.com/BTHUNTERCN/bsmi.git","83","1","[386ee371778e595a923dd1a9f9eaffa2ebff3ab9]","1","0","386ee371778e595a923dd1a9f9eaffa2ebff3ab9","a9bf065ce10b74f8f801644c58a5ae48dd889f8c","f8c61bf261935323b16d3a676d49ae3077ffd226"
"https://github.com/BTHUNTERCN/bsmi.git","85","2","[a768a71df648c4d9d49eb2a20ec7dbff833382a6, 7fa0bb2de76cb7bbb68095354d1db212bf28aca5]","3","0","a768a71df648c4d9d49eb2a20ec7dbff833382a6","e95162b3c297c6682d451a5c008414d58d2f6d98","16c5eec2adeccf3d1ae7b68378fd34a34f09d38d"
"https://github.com/BTHUNTERCN/bsmi.git","86","7","[6a42366f90287b877b9ba9508cc06f2401804354, 5966bb40c2424d4abb76f9eb3fadac3b479e4027, 478ad80ec74d1b5bb2b86f2bbfe381a94b41753b, e0128990a04f2a48438c38406ed6a7fe149d0bdf, 3cbe898c20c0c4f04222e00d26fe65b820ed1ae8, 0c604f8ca914662da6524493f9556c37283ae49c, 2b392d603c2b6e76894daaf650e43f340ba489d8]","9","0","6a42366f90287b877b9ba9508cc06f2401804354","e95162b3c297c6682d451a5c008414d58d2f6d98","54cfc2c65a7c0c8773c132c204913cbf87495041"
"https://github.com/BTHUNTERCN/bsmi.git","87","1","[2e5adfd3278fbe7aa893f2b0ee5769ed19179ebf]","2","0","2e5adfd3278fbe7aa893f2b0ee5769ed19179ebf","f8c61bf261935323b16d3a676d49ae3077ffd226","57926fe6315af5dad2aa086f93cd73e12e30d421"
"https://github.com/BTHUNTERCN/bsmi.git","88","4","[54cfc2c65a7c0c8773c132c204913cbf87495041, a00a9c1fc3141566f63aabb9b531dbaa202380ee, ed333464c5c22b8f7be6c3d1fc617901b8a5c592, f03dc7e32bf4eeb3e0fd91a327832aa3747573fe]","4","0","54cfc2c65a7c0c8773c132c204913cbf87495041","f8c61bf261935323b16d3a676d49ae3077ffd226","153450e7438cdb3ed511c5aae6ff2f41af2e95ad"
"https://github.com/BTHUNTERCN/bsmi.git","89","2","[f72abef5057e219ede1f5e72e25429c0beb00e03, 9216b0124ad0a3e8a5f8fe52c07ce79b83d76a9d]","11","0","f72abef5057e219ede1f5e72e25429c0beb00e03","16c5eec2adeccf3d1ae7b68378fd34a34f09d38d","ed333464c5c22b8f7be6c3d1fc617901b8a5c592"
"https://github.com/BTHUNTERCN/bsmi.git","9","3","[ea9c2b151c3f66e3dabf3b487ef2d3a5d0248bdc, e3a4223fcf5a6269bcaafa61010d8535dfcd915e, d1caca5d4686f9e526539f42e76bc34a4740e18e]","2","0","ea9c2b151c3f66e3dabf3b487ef2d3a5d0248bdc","6c72202047fb86f2fabaddb85ebeafeed62ac477","315fcb4f240b13c59e92375f5f17c197c2b67758"
"https://github.com/BTHUNTERCN/bsmi.git","90","2","[54cfc2c65a7c0c8773c132c204913cbf87495041, a00a9c1fc3141566f63aabb9b531dbaa202380ee]","1","0","54cfc2c65a7c0c8773c132c204913cbf87495041","16c5eec2adeccf3d1ae7b68378fd34a34f09d38d","ed333464c5c22b8f7be6c3d1fc617901b8a5c592"
"https://github.com/BTHUNTERCN/bsmi.git","91","1","[6fc0d5386aa3899392d302a3051e55f2a67fd922]","0","1","6fc0d5386aa3899392d302a3051e55f2a67fd922","153450e7438cdb3ed511c5aae6ff2f41af2e95ad","5ddc17b2d3d33854f0585e58edeff94406751744"
"https://github.com/BTHUNTERCN/bsmi.git","92","1","[b3770daae6ff47081c0672e61632dec9d3315ef6]","1","0","b3770daae6ff47081c0672e61632dec9d3315ef6","153450e7438cdb3ed511c5aae6ff2f41af2e95ad","441e4b7a378174b16600810c43809f98526c2fed"
"https://github.com/BTHUNTERCN/bsmi.git","93","2","[a4f58c25b892afe7161f68d9bb087e04b6f67586, cf8bb67a05d9174df6dcecab202c480adf9b0bec]","4","0","a4f58c25b892afe7161f68d9bb087e04b6f67586","441e4b7a378174b16600810c43809f98526c2fed","4ecff30744ceeac23dee3eb02191c6efab2f112f"
"https://github.com/BTHUNTERCN/bsmi.git","94","9","[9775e3e25376975c9a7f46572ed1f079b470244c, 46189af6e363b69571dcbda44e544b38b0131457, 525fc164ee13699a79ad29425cf53af28eab681b, 54a54eb82b912c4a2d118978e488d900fcee6025, abd027a0fa1e3d7276d4466ddb24c729ec5bf62a, 7f9c5a0689c80168d363258b921515d8b60135e6, 3dafc8c36ff357a1a54eef9762293620b2b0ac1e, a844500f2438a2c98809975c7cfea51e8b276bc7, 7d85e2a64bead602bb072272b495b33f0072749a]","15","0","9775e3e25376975c9a7f46572ed1f079b470244c","441e4b7a378174b16600810c43809f98526c2fed","9fa15e9987e480a5f68cc701086ebf94f5b31744"
"https://github.com/BTHUNTERCN/bsmi.git","95","1","[9fa15e9987e480a5f68cc701086ebf94f5b31744]","0","0","9fa15e9987e480a5f68cc701086ebf94f5b31744","5ddc17b2d3d33854f0585e58edeff94406751744","cbda0afeda1e44d8f6f32a1e88bc30df98bf9d31"
"https://github.com/BTHUNTERCN/bsmi.git","96","2","[75a0b9547c14dc4e07166fef22341f31838675bd, fe1799df2c0f06d1919e29390f693aaa2d17624a]","1","0","75a0b9547c14dc4e07166fef22341f31838675bd","4ecff30744ceeac23dee3eb02191c6efab2f112f","0584bf1265c3198de7902e9205092b5c1bee538d"
"https://github.com/BTHUNTERCN/bsmi.git","98","11","[0584bf1265c3198de7902e9205092b5c1bee538d, 8a320bc5bae1d5328d3ae34a8519909249c6e7be, 72929433bdd97d972460be6e8cc3eaa30aab5cc6, 1f07952cd758f4564d31d5eddbcd5887d33283b3, beed4a66b1efcf7033e6c9828422750f0fae5e05, c2b3d8933cbb535a90d5bf87ff7a8c8c4ac01b39, 65fd77e7229dcf756700e03046b99d8596c71d33, f85292abc1a6cea0f09507325986a7c685600d07, 03dcbff23e5abdafc55fb5ffc4534d13594d0967, af850db65b578b2e9b6fc1b81286d8c1be9e398b, 2297cce6757f5f5d49776b96c7b173d318129c7e]","5","5","0584bf1265c3198de7902e9205092b5c1bee538d","cbda0afeda1e44d8f6f32a1e88bc30df98bf9d31","60ad06ed58515d1b69570d794acb45c76836250f"
"https://github.com/BTHUNTERCN/bsmi.git","99","7","[6c723f95ac04a63c04d206675c0f8b7bedd35ee9, c5960198c0f8a22ba9a56d0e18d893b1ebd42db9, 6bba2459e0e156117b1939bbf90172487f5c1bd6, 5bbd48eb9f8d042997f3dce85c9ba58809760300, 478f0f49b68157dbbc447ed57e9f1d002b0a343b, 3efbd21ed27ace4aa9b88c1699c59d6eb9545753, 135b01e141202103677f99e418d01e0c02512914]","2","2","6c723f95ac04a63c04d206675c0f8b7bedd35ee9","91a1d069d2a3d98066123d6d0e37f7de687cec90","63f0ad1964fb089422ed80da1598ff48e4a6156d"
