"REPO_URL","TASK_ID","#HASHES","HASHES","#PROD_FILES","#TEST_FILES","LAST","MERGE","BASE"
"https://github.com/BTHUNTERCN/bsmi.git","104","2","[9676249982216b69934ba984bd2b0f78b9020ef2, 5fab4a8349e62e5e9d8cfa8cb6b71d36067b9b60]","1","2","9676249982216b69934ba984bd2b0f78b9020ef2","1d6f5cff250ff270e3b0b76f3369c6373f60e1bc","98778368731277d472b839755f290d698e5c9580"
"https://github.com/BTHUNTERCN/bsmi.git","11","1","[712ce66ce66dbd03cb6704154f79d8d949972014]","3","1","712ce66ce66dbd03cb6704154f79d8d949972014","93f21ba9acecc06beddcb15d12f69b97177d1f15","b3c573f0477a0e5d6521a0b24fb3afc01682e56f"
"https://github.com/BTHUNTERCN/bsmi.git","110","3","[e18220b48e67a5f8ebe4dddc69fac2320cea536a, 9c27950ebb1f72559fc22789014b8916760f6e6f, 8d45f6cfc34770f77fb84b8a014e9602e021f7b9]","3","1","e18220b48e67a5f8ebe4dddc69fac2320cea536a","3195dca8d805991cde6a8ae38fa2fc809833cdb6","962c504c8c1dd6c98e9651441a597af61ee60d5c"
"https://github.com/BTHUNTERCN/bsmi.git","117","3","[24ac9b4c07764d01a157b1de2b3efd035e317202, bf653ebdd7777bcd4151f8084e8277a58c6eb25f, e7f102174136afd98fd039f8dad6ebc31b174b54]","4","1","24ac9b4c07764d01a157b1de2b3efd035e317202","9ebfcbbd496c608dbf053d037fb515be29d142cc","df55014ea43916d4ab8fb7dda5a014e916e0df9a"
"https://github.com/BTHUNTERCN/bsmi.git","118","1","[962c504c8c1dd6c98e9651441a597af61ee60d5c]","2","2","962c504c8c1dd6c98e9651441a597af61ee60d5c","9ebfcbbd496c608dbf053d037fb515be29d142cc","8f5ed1d3f77eefcc8e2379c6991412c1810057fe"
"https://github.com/BTHUNTERCN/bsmi.git","125","4","[cd3b83d4ff68ec013c712349e6e426825de9c299, f628f83a24cc55c10523c8c62b277ee43edc91a4, af6d05b00faa107f5f30923345e5d036a2df7a1e, fdf3f03011dd37a2677af9158ebb822e575c5897]","8","1","cd3b83d4ff68ec013c712349e6e426825de9c299","f5e449356b6216743fc07b56bc91b7ff7febf4dc","141d3ffb9e0e588e40f1f322da9d51a65fac93e2"
"https://github.com/BTHUNTERCN/bsmi.git","130","1","[e7f0efa1a07b4c7bd6924215a96c1dccbc40d84c]","1","2","e7f0efa1a07b4c7bd6924215a96c1dccbc40d84c","2f46926d0f012b88f14913a8e3598135b4fcb27a","fc9b7b328236d16a120aea9290a415643e58d7ae"
"https://github.com/BTHUNTERCN/bsmi.git","135","4","[6d277068abc62a3c03b84070e6bd9475f0af1ba4, e07bdae20a9883b89c71de877b6d150e80e1e65c, 6f6d216673222ada7245296924aac9bf7fc77f82, 282512684adce8f98331ac9adcdde23d13eeed10]","5","1","6d277068abc62a3c03b84070e6bd9475f0af1ba4","420c5cbc0a24c1d5f1e6cf16c5bcacd002e7851e","2d49aa005ddf230773c90fec3c8df1a5f10665e8"
"https://github.com/BTHUNTERCN/bsmi.git","136","2","[d418b6c2570e300e71fef2bff7e58fb8103bbb6c, 78f7571ae048c4eaf352a977898a544a50d113d1]","10","3","d418b6c2570e300e71fef2bff7e58fb8103bbb6c","420c5cbc0a24c1d5f1e6cf16c5bcacd002e7851e","c4a733b9e69f9480c5eeb6063dd969612ba8e875"
"https://github.com/BTHUNTERCN/bsmi.git","146","1","[a739b4cce22724a4859a2faa329e353913482020]","3","1","a739b4cce22724a4859a2faa329e353913482020","9e21b37f82adadbcfb1f3873519a242df3798dfb","91376aa2f4528d2fec23d174b7feb32178491f41"
"https://github.com/BTHUNTERCN/bsmi.git","15","2","[4b747125eeb883c3bfe9123b28cf5574a5b72efc, 80f8f6dbcdcc648fff63b1fbb803c026e91785bd]","4","1","4b747125eeb883c3bfe9123b28cf5574a5b72efc","adef0c3b87d7b7ac3229cc4058d01dfb554b0df3","4de8f772cbfb8cf84913a4fea9ec0c775bdf65f8"
"https://github.com/BTHUNTERCN/bsmi.git","157","5","[25624ef39dc416d77ad237ec38d4ed1553a25c4f, 5be80bcf6a5103792f176a63b4e22606863c8246, ad2ae6100639b6c844d9c3b6e060aa4c7a3b09c9, 908e78f091396d8e67c8fb18a004e68fa0dee7a2, 650ca0250b4ec763eed52333d251fa039591adc1]","3","1","25624ef39dc416d77ad237ec38d4ed1553a25c4f","9798703f139b605f921da49521db3afcd6c5ca91","02d762b83e626c647f19c0b7406bc1ba2de2d89d"
"https://github.com/BTHUNTERCN/bsmi.git","161","3","[9d0db02a9a15b1cbe70183f7f1264719e2ca9172, 56f238aeacea0c8d02126e4867117f42d29ef270, 6599db9b5d090b495bac217b68d7302ef4864d2c]","4","1","9d0db02a9a15b1cbe70183f7f1264719e2ca9172","aa2505c61895bd27b2562cf1dbfce7a5352c29f6","8deb75224202deb786f65407e8157bfe42c09014"
"https://github.com/BTHUNTERCN/bsmi.git","165","1","[d255c42d937a6aabc4ed290c214db18ebb7e8ae5]","1","1","d255c42d937a6aabc4ed290c214db18ebb7e8ae5","17549e8a179a308c7187e9b874eb8c5e3643bf9c","02d762b83e626c647f19c0b7406bc1ba2de2d89d"
"https://github.com/BTHUNTERCN/bsmi.git","167","2","[fbc6a325d7a7dfa6c8c0df5bce22bef7f255db92, 62ece1755cecf6254bda338eee2bf14fb56b6480]","3","1","fbc6a325d7a7dfa6c8c0df5bce22bef7f255db92","326003b8f8aabaad65434bd256db0abd057cfbd9","8386227b95380ec89c05bdf4ce202f36616459f6"
"https://github.com/BTHUNTERCN/bsmi.git","169","3","[21b50f67cd6f53d8c8975a25b822c18e44fca05c, ee6b3187771d2e54be9c21e03939eef70a8ce34d, fbfed87c84af92db08903316c145911b59e9381d]","5","1","21b50f67cd6f53d8c8975a25b822c18e44fca05c","8deb75224202deb786f65407e8157bfe42c09014","aec7f5714237f96defd12b60bc6e37be9773c4cb"
"https://github.com/BTHUNTERCN/bsmi.git","171","1","[d9c1fc990a925c052e05f35ca7ff68397fc52234]","10","1","d9c1fc990a925c052e05f35ca7ff68397fc52234","8386227b95380ec89c05bdf4ce202f36616459f6","e7f7cc8f8c7ac205ff539e35dae729066618cb02"
"https://github.com/BTHUNTERCN/bsmi.git","174","2","[93e9ec47cb1e40851a815e07fa5c8166e8832331, 2bab2f36e9e11db32c2269e38ce5247aae5636da]","13","3","93e9ec47cb1e40851a815e07fa5c8166e8832331","aec7f5714237f96defd12b60bc6e37be9773c4cb","47ed08b2a17074cc64b1d10ba896b8fd368f0f83"
"https://github.com/BTHUNTERCN/bsmi.git","18","1","[b484dd510dd5636d101cf23d3aae90ef1da04a01]","3","4","b484dd510dd5636d101cf23d3aae90ef1da04a01","37d38403f55fde847a8eaac9383ddc5174355764","7e9fdc10ea45663b7378995390bfc68fdfc4b930"
"https://github.com/BTHUNTERCN/bsmi.git","180","7","[59410b070c8e0bf9397e1a38f8d2bdc1f271dec9, 44d3e58e102d4a9df020ec156b32f6691c5e1c7b, 143309bcaf49c6d62b847561b2520264905079c9, 2523bdc178a81ea226c424e9ae6908d2f1a93dc0, b5fe9c08ce889ffbde6a046bd135cb80357a1cf1, 9ccd3c0db6d08eefdc2bacbced15ea970dce4b0a, 29a153172f2eb04aab6fd95c1697149726385b7f]","6","1","59410b070c8e0bf9397e1a38f8d2bdc1f271dec9","c4d3481e3c9614dcb66f09a48d460b359927cdb1","23f680fa0698e3756fc4876375210da7a6976c10"
"https://github.com/BTHUNTERCN/bsmi.git","181","9","[9a240d4e8333376f6056e0130224fda3ad3d2a78, f94531cace03d7339c06a991f7e4f3447802fe39, 59410b070c8e0bf9397e1a38f8d2bdc1f271dec9, 44d3e58e102d4a9df020ec156b32f6691c5e1c7b, 143309bcaf49c6d62b847561b2520264905079c9, 2523bdc178a81ea226c424e9ae6908d2f1a93dc0, b5fe9c08ce889ffbde6a046bd135cb80357a1cf1, 9ccd3c0db6d08eefdc2bacbced15ea970dce4b0a, 29a153172f2eb04aab6fd95c1697149726385b7f]","6","1","9a240d4e8333376f6056e0130224fda3ad3d2a78","5aaefa2786e790c8d895a97eca01889b78002b55","23f680fa0698e3756fc4876375210da7a6976c10"
"https://github.com/BTHUNTERCN/bsmi.git","185","2","[82f39fe85086641c1cb8dfd5ca7f9b4b84c006c5, 4e28f3494dfcda7a3a616b27c616c14f005fd6c2]","3","1","82f39fe85086641c1cb8dfd5ca7f9b4b84c006c5","d12bcad59442325132d3333c7fd3337b55634899","080af5cb93d2486002465db044bf4a707448cb20"
"https://github.com/BTHUNTERCN/bsmi.git","194","3","[080af5cb93d2486002465db044bf4a707448cb20, 01e288e461c7fb90f3377dea1ad0fe38b77cf529, 83048a91aae97b4b227352455540eb8ac56cb67f]","1","1","080af5cb93d2486002465db044bf4a707448cb20","059cac0cab31d66b0ada1ff4987805c01887c96a","8cbb2fc6b6b91a4a757034734776570c3df0e3f9"
"https://github.com/BTHUNTERCN/bsmi.git","197","23","[089308d1fb01b6a0f4de7b02c84dc262ab1626da, 9350ae2a0de6badd81d587537cd3648ba5f8088b, 8703982aed26f9dbf8e73c434dfcdc9b749acfbb, d150bcdf0263eceb994d8ac8c8c8a7c0bdd8d696, 60614d9844043b8d3b4eae4c829c695278f9f37e, 29b9f5aa229fb509166f3e85eeb6790cbb17c4b9, a48be18a3192a36f72734ebb3808766c62ef2c21, 4ed8288900c93feafbad6dd9b670f1dad0bc76cf, e9f1ac8d7e3f4c6e0df5014f11f45d54230886c0, 84c4805ffd956aff182661bd04ba25200c7af70b, 26d45dbbcf6746a43366ae3ce891b1cf8bb7c23d, 80d78f5717cdefebe7201a68dcf3ba754663d5d9, 7adea999f708415894ff2ae9129a87f4f6ad6481, 92cf6e938231ba4031578319afef0251ca73b617, 3e74db58a37ce27bb6e8310eac96c069e8d894d5, cfdec4225bd18e28ce93d3bceda1ff3f4ac2ef21, f3a29e93f9415d68b170a2076f6aa636e3b3bd93, 0c0aee64a84230a0b8d017fa2bafbd08787d038c, 7b3eb60fd010c4e7343ec148c6d956c1d8221185, 224cd89a76a82d29d699c050e99f65d75697c886, 4be020a4479a4d93f93797ce55aed11129ee1791, 13039ea94df9bb34b935651398fe3c41c8e642b2, 95db8281d5b76f5157b2f7ed9891c6c7a266dd3b]","22","1","089308d1fb01b6a0f4de7b02c84dc262ab1626da","8cbb2fc6b6b91a4a757034734776570c3df0e3f9","7d26ea2f13cf186c8875222e1dbfa1dd6ad5b59d"
"https://github.com/BTHUNTERCN/bsmi.git","2","1","[c5e7dd3c586e49eee99f262f4e8ed1f162d0bcf4]","1","1","c5e7dd3c586e49eee99f262f4e8ed1f162d0bcf4","a4927684495aae2383871dd7368139c2dc87097c","2e422c193c1440a4a27fb5c0cb6e1f756086cdfc"
"https://github.com/BTHUNTERCN/bsmi.git","201","1","[f153baa4c5bace2988ea8ce605bac7e49fb18528]","8","1","f153baa4c5bace2988ea8ce605bac7e49fb18528","e7f7cc8f8c7ac205ff539e35dae729066618cb02","3a4000ba1e3dfd8080bb10787e7cf886b109fc55"
"https://github.com/BTHUNTERCN/bsmi.git","21","1","[53578383a5807ed1b3d3802679c08ef532703049]","1","1","53578383a5807ed1b3d3802679c08ef532703049","ef3361570a7ea2324710d4d5ce28204830fe219a","fe85b10710508edfc39d530ac62b2ce33f977362"
"https://github.com/BTHUNTERCN/bsmi.git","214","2","[346c063ce7f6f5625d1a8ffa375c78e9c456a89b, 639a32fa78193050016c485fcee6bb161087d7d0]","2","1","346c063ce7f6f5625d1a8ffa375c78e9c456a89b","a48bf55deef915a67fcbbb6cc856b7f02c8af687","558af735358366f204ddcca5347753ee28d64f3b"
"https://github.com/BTHUNTERCN/bsmi.git","22","2","[0e863118df3b5cd2ba369a3ff6e78e9d0852fae9, 8442f64d14a7f01507983cfdeb814545c99ceb6f]","3","1","0e863118df3b5cd2ba369a3ff6e78e9d0852fae9","b0222ce0dc74d930a7fd0a4ccbce511daf773c1e","9db181b13f6d82cda8b0d5eb503c798f522bed0d"
"https://github.com/BTHUNTERCN/bsmi.git","223","2","[d1f34d4d8e8c4a9f4dd162aa6379dc788241bf40, 86b5f048dd108e9b363475bf7f676597115602f4]","5","1","d1f34d4d8e8c4a9f4dd162aa6379dc788241bf40","964d4ac443b4fc4f438cb3a3fc59b2b9d555b37c","08a56a8e3cdb38f8050b373db018131d9a53c423"
"https://github.com/BTHUNTERCN/bsmi.git","232","2","[8f1199d112275a768bf703f37b46d81359b1bec5, 5c775406571008e219a851afbe1e09e008c2ed97]","1","1","8f1199d112275a768bf703f37b46d81359b1bec5","357093a7a00e8202cad9823c821c60352f810cae","e6cfa72126e411659cf24ba898a59381fd3f293e"
"https://github.com/BTHUNTERCN/bsmi.git","239","3","[b4a0ca178c3835f3bccb43dfde533bc0c604daa3, ed6b09a37d4dce5426a58a52ab1f2cdef023ea80, 3777c37a1dabdeec0c18ecd01a5fe2cf355a6426]","1","1","b4a0ca178c3835f3bccb43dfde533bc0c604daa3","02d93b9886d67abe3e34c091c9d235fd7c0b594b","7d012ca4a961858988b8ad86d09248ae08229add"
"https://github.com/BTHUNTERCN/bsmi.git","24","1","[fd15e017c561ac05bd92af0f6bf415faf3616e51]","2","1","fd15e017c561ac05bd92af0f6bf415faf3616e51","fbd18cfc29d932d56731d3dfe212999a64188620","64fe81b593ab3391697d732875034a0a8ca67705"
"https://github.com/BTHUNTERCN/bsmi.git","255","6","[93c66b087589f38117c48be4a481bc2c4448e836, 4f9b77cde6533677ae2b274bec473ae8a830bfe1, 5388fc29c6758f530629bea2a4fc6bfa199e1d5b, 72c0ef4b3551906bfcc8aa6ae31363c819513d71, 3ca22f3bc1ee2b2f24bffc9ecb4e61253911fe6e, eb68457aacc1cadf152f9e17e245d96b557be1a9]","30","1","93c66b087589f38117c48be4a481bc2c4448e836","7e0153f3c4871691e9f6259d30d87fff8d0f8990","9f06cc7a66aa5e9ae72b986c4f5edf15aceb29d5"
"https://github.com/BTHUNTERCN/bsmi.git","26","1","[d43821c554a26b6a6c1e6fefbdb2df57b42817b0]","5","4","d43821c554a26b6a6c1e6fefbdb2df57b42817b0","765655a7e0a5c18e47a53bb6dfee9a0f6cbe4eb8","ab91dd711e18cd0ba042fe52d68bd7f7025e386e"
"https://github.com/BTHUNTERCN/bsmi.git","264","3","[30e2270c5c97ad658553fd97339025eb59a5caf9, 2e22f788021a85da7f1c9f72415e009c8b6cf27f, 60908b4437d4f71c5340996c240ca34934cd3807]","1","1","30e2270c5c97ad658553fd97339025eb59a5caf9","1350e949479bc353a8b829542ff9e08258b31c69","f819490bdbe1980c802d5203200d0f8775e21e3d"
"https://github.com/BTHUNTERCN/bsmi.git","3","4","[a02948bbf21d72cb9cb0b825b71bf2e4aa70f470, 1d043d8c9959c212a1e08fb15147ceb3a542b1e0, 3709fe05573b3b68f548a79aa2ea53fed7586227, 8ba5e384e341a688657b607e6ea493a1bb3c1198]","2","1","a02948bbf21d72cb9cb0b825b71bf2e4aa70f470","2e422c193c1440a4a27fb5c0cb6e1f756086cdfc","c7154161f6b51edb58ae784415037ac7d8baf360"
"https://github.com/BTHUNTERCN/bsmi.git","30","1","[ab91dd711e18cd0ba042fe52d68bd7f7025e386e]","2","1","ab91dd711e18cd0ba042fe52d68bd7f7025e386e","4de8f772cbfb8cf84913a4fea9ec0c775bdf65f8","e15902630532edc1fb80a3e35364ebb1ecfd83ca"
"https://github.com/BTHUNTERCN/bsmi.git","31","12","[d8437823ff9e718c172088a9bbc508d4ec58d34c, 3a32a9950979a23e6fc8dd53cb35b57a85bba2bb, f59c38e0a1049b65b6c43c3735429517dca1106f, 358bde399bf7c90bcc6b5a1ed0d7e414d275f825, 791bf614695427a874b62a00c37b933f7209c395, 1d7a7f0abf643d6a3185ccd935600317a12caa9a, 299b007f551c502d2a182ce9cb8b8450d8e5d4be, a6c2e8c0506e4e26b0a06b398960db9a90962173, e6907b56d531fd6594da3a9e183733842ed6adde, 26830533be000078f96dc349898a8fd6f2a52cb9, 0297c63f32cabe31452c22a96bc4786bc0832bb8, d37e0b0303a8eac32c8ce1e77716a595e8ad554d]","8","1","d8437823ff9e718c172088a9bbc508d4ec58d34c","4de8f772cbfb8cf84913a4fea9ec0c775bdf65f8","d5f381861ab65d0009e191c20c4204f0c6d94cb4"
"https://github.com/BTHUNTERCN/bsmi.git","33","3","[4cd98d0651a91a563cbc42c6d01dfd9e794e6a98, 5a6703db3b0684978400e88abefb34cf4ec7944d, 6f2016ce8c0190ee7b40f7f63769e4b3e3224a45]","4","1","4cd98d0651a91a563cbc42c6d01dfd9e794e6a98","e15902630532edc1fb80a3e35364ebb1ecfd83ca","6dafa787d12d17ebecfae312517d87d27b2da63e"
"https://github.com/BTHUNTERCN/bsmi.git","47","7","[f66ee8024f4048674f0892d31b5cd3efb3b777bd, bbfc33285664a6501a577663ccddd595cc7f9a91, 4934519a50ee74fb9362aeab9876a6bc395ab6d6, 25ced4f4e0eeac40828f9119d5c4fa95ffa0d401, e4a4a3056db3853d110acc1e39ba12cf006df7e2, 511aff6db81028803c8679ab997744cd2ff59b5f, 60e5c2f92d0b3f00f522f9def5d72b182aaea64b]","9","1","f66ee8024f4048674f0892d31b5cd3efb3b777bd","ac598b5cc3c1f15ea9d674deb0e11a9895bac02f","204bb8836a3ac16da7762d12a07157fb802f5355"
"https://github.com/BTHUNTERCN/bsmi.git","49","2","[0379875bccd3937f0ef466a3237df388c6c33d37, ba18ad79b8a18448b7f24a642ceeb6efd854b34c]","5","3","0379875bccd3937f0ef466a3237df388c6c33d37","3a02141cfdbff108559be8d76c320ba1a9ce3ec0","2f84cd31133a7338f90780079c95f6feee7c2b64"
"https://github.com/BTHUNTERCN/bsmi.git","51","2","[52186d2761b776ce807b04a79e066b94fb14963a, 7f308636a9de968148b29b262fad627ed3041f4d]","6","2","52186d2761b776ce807b04a79e066b94fb14963a","8c4b1bde246c352b2f2af51a31410dbc77290eb4","8c9f9eb8e09d20c21d8062b84f7b6181bbf2806a"
"https://github.com/BTHUNTERCN/bsmi.git","6","1","[de21213e64a8ff46853a6486a7cf3549d2485d08]","2","1","de21213e64a8ff46853a6486a7cf3549d2485d08","2eec5be2145970a5aea401ebebff3935cf7ca710","805fcd7fde72a6616ca8df812bf795dec0866312"
"https://github.com/BTHUNTERCN/bsmi.git","61","3","[05a3c9922e150f34cac0e372cc525d5cadf33663, 85b9a4eff51a28883c04d42650d4a96ef8120093, e3dc312b306a6a3d80e9b13169804f9ca76c5e8f]","19","1","05a3c9922e150f34cac0e372cc525d5cadf33663","33e37e64b2f37c2c0714fde31b1f5fd7f0edf1a1","baaddc5e40c475e7cbacf922df336e7139d33551"
"https://github.com/BTHUNTERCN/bsmi.git","70","2","[1b4c71ab79e47236795c72de31df4335560f169b, 1cf1b2d8eba7706199006a7457633851cef11600]","8","2","1b4c71ab79e47236795c72de31df4335560f169b","1df77a5f2cfd457367050566718d3d90d35e38ec","dec247cbf4c4b6a63743748d6cdbbc55ef67a3f7"
"https://github.com/BTHUNTERCN/bsmi.git","71","1","[6cfa3a04d80a3d414393f43141889cd7f7bdbd87]","6","4","6cfa3a04d80a3d414393f43141889cd7f7bdbd87","1df77a5f2cfd457367050566718d3d90d35e38ec","dec247cbf4c4b6a63743748d6cdbbc55ef67a3f7"
"https://github.com/BTHUNTERCN/bsmi.git","73","3","[b4856cc7aec4b4b8997e85ba2f1f4acf55373f07, 9ff0f5d5c9509d7b01ab2235ab3a81281ef06651, 53ed44a631c99ca90cf1b4c1a089d6cb4847bfd5]","5","2","b4856cc7aec4b4b8997e85ba2f1f4acf55373f07","4b1100e09f0a64e294c5b24a4818a8930fb4f0f6","5082427863801b18951e2d0e8358fe0f65d51f45"
"https://github.com/BTHUNTERCN/bsmi.git","78","7","[e7ea5fbd0518ab3265e4d693bf1978841b5a4b94, ea9551da35a359b5dc8ad18e4d4c153a6d25e9dd, 091a0dbf50eae45162bab3f2dce4eaf3bbf10e93, 6f9d8308b2c75ce4992c97a027efed6f23bbacee, 4fc483b6aa43d0acaaeb6e17fca0e84e92769a9b, 74db311852a63b346f5f291e3e195443db7f32ac, f9275e4c9517756bec0ae16c4ccbba02634be3e9]","6","6","e7ea5fbd0518ab3265e4d693bf1978841b5a4b94","2b2531919041b1edb318cf3796c807eacd2e8c65","401016b61693e506f54666d7f0c4fc8b3f36b2ed"
"https://github.com/BTHUNTERCN/bsmi.git","82","1","[aa747291d1af22ce264ac87ee41596043eff8fe4]","6","1","aa747291d1af22ce264ac87ee41596043eff8fe4","8129c08637f5740866fa253f17a4f6746f844937","6a42366f90287b877b9ba9508cc06f2401804354"
"https://github.com/BTHUNTERCN/bsmi.git","98","11","[0584bf1265c3198de7902e9205092b5c1bee538d, 8a320bc5bae1d5328d3ae34a8519909249c6e7be, 72929433bdd97d972460be6e8cc3eaa30aab5cc6, 1f07952cd758f4564d31d5eddbcd5887d33283b3, beed4a66b1efcf7033e6c9828422750f0fae5e05, c2b3d8933cbb535a90d5bf87ff7a8c8c4ac01b39, 65fd77e7229dcf756700e03046b99d8596c71d33, f85292abc1a6cea0f09507325986a7c685600d07, 03dcbff23e5abdafc55fb5ffc4534d13594d0967, af850db65b578b2e9b6fc1b81286d8c1be9e398b, 2297cce6757f5f5d49776b96c7b173d318129c7e]","5","5","0584bf1265c3198de7902e9205092b5c1bee538d","cbda0afeda1e44d8f6f32a1e88bc30df98bf9d31","60ad06ed58515d1b69570d794acb45c76836250f"
"https://github.com/BTHUNTERCN/bsmi.git","99","7","[6c723f95ac04a63c04d206675c0f8b7bedd35ee9, c5960198c0f8a22ba9a56d0e18d893b1ebd42db9, 6bba2459e0e156117b1939bbf90172487f5c1bd6, 5bbd48eb9f8d042997f3dce85c9ba58809760300, 478f0f49b68157dbbc447ed57e9f1d002b0a343b, 3efbd21ed27ace4aa9b88c1699c59d6eb9545753, 135b01e141202103677f99e418d01e0c02512914]","2","2","6c723f95ac04a63c04d206675c0f8b7bedd35ee9","91a1d069d2a3d98066123d6d0e37f7de687cec90","63f0ad1964fb089422ed80da1598ff48e4a6156d"
