"REPO_URL","TASK_ID","#HASHES","HASHES","#PROD_FILES","#TEST_FILES","LAST","MERGE","BASE"
"https://github.com/camptocamp/oerpscenario.git","1","2","[3615c4157cd9bab05416af358482659ee16fa6ed, bcfec9f7aa160794de8eab69813bee9a85c01972]","0","0","3615c4157cd9bab05416af358482659ee16fa6ed","f663be2c161ebb4da93cd0c860073620155e9c4d","d69d24ab2c430da0c29155a5d5629fc78175def6"
"https://github.com/camptocamp/oerpscenario.git","10","2","[25a2c56ed09a88290e83d570f01ef86881a53941, 6010f1e8766b33bbfd151c3cfac3cb1540e47edd]","0","0","25a2c56ed09a88290e83d570f01ef86881a53941","79184efd66be3a178bd428950ef95816c52ab8cc","7303318fa78c1dbdca91596753139f12c19c244f"
"https://github.com/camptocamp/oerpscenario.git","11","1","[c97672ff2debff37fa5adc9a58d95ad1ce47a171]","0","0","c97672ff2debff37fa5adc9a58d95ad1ce47a171","79184efd66be3a178bd428950ef95816c52ab8cc","7303318fa78c1dbdca91596753139f12c19c244f"
"https://github.com/camptocamp/oerpscenario.git","12","4","[60a748798f67332d390a3511c97ebfea33abd566, c8d153fb15c1994361344297b65488553a9d9243, 2c4f2fa46f98dd46779ea091cc4d2223e8a4e29f, f9f0a82cce2ca9fd7d851b53bf6b164cb3d25e85]","0","0","60a748798f67332d390a3511c97ebfea33abd566","7ce012df9fee8cdc16a6f5bf5ba3ec0db70e749e","4505083ee9cb76f2d41570e4458ede78c8c0a70a"
"https://github.com/camptocamp/oerpscenario.git","13","1","[16a0238f31a1b6efbfff985e72d15e984626d337]","0","0","16a0238f31a1b6efbfff985e72d15e984626d337","7ce012df9fee8cdc16a6f5bf5ba3ec0db70e749e","8b05b2dacf1ec6fade05b02a487121b20fa7db9d"
"https://github.com/camptocamp/oerpscenario.git","14","1","[1f229bd23f4d8ca820151db70d29b65d7444feaf]","0","0","1f229bd23f4d8ca820151db70d29b65d7444feaf","4505083ee9cb76f2d41570e4458ede78c8c0a70a","6d24e65ffdcec3157940da537aef16991cddc602"
"https://github.com/camptocamp/oerpscenario.git","15","1","[0df701d2cb94735610d2adff1ddff1094d6768df]","0","0","0df701d2cb94735610d2adff1ddff1094d6768df","4505083ee9cb76f2d41570e4458ede78c8c0a70a","6d24e65ffdcec3157940da537aef16991cddc602"
"https://github.com/camptocamp/oerpscenario.git","16","2","[d81ecc1f5cfad304350eecfa8d39e26bc37f5d74, 27d2c6292dd1b15b7aa43344d1348e4ddb55ca2c]","0","0","d81ecc1f5cfad304350eecfa8d39e26bc37f5d74","e443a617dc3c135c351ad4519b628648318ebe09","e86852b096c8eb909d021da28b1be57f086c3a01"
"https://github.com/camptocamp/oerpscenario.git","17","1","[90afd3a29c837c4c2c3de76653c9df37f4fe132e]","0","0","90afd3a29c837c4c2c3de76653c9df37f4fe132e","e443a617dc3c135c351ad4519b628648318ebe09","e86852b096c8eb909d021da28b1be57f086c3a01"
"https://github.com/camptocamp/oerpscenario.git","18","1","[8b23fcc8cb4a50b21cd8e912ed08dc42b3f16f35]","0","0","8b23fcc8cb4a50b21cd8e912ed08dc42b3f16f35","4f3b9b7f0d6e2bb1ed242eff95d9ea5c7a9898b4","2a3d1c3c29a0cf05d2501dcf926b970e85975370"
"https://github.com/camptocamp/oerpscenario.git","19","8","[f2e245d685285c835b92784cb819a97fe3bd3034, 6beaf4a119fc07423c05d263efdf28698dbce714, 38f86f1e2ba2bb0f0104eedfd70fab65fc1785c0, 522131123c5e9ffb6917c3d13c49f15dbfffb2e4, f4e556ba578eec039a964036fd289df61d9480ac, d522e1f76ffafeb1092ea1e70c513cac737855e8, 88087b9f5e6b3d9ff4a08d25c6d0d9e94399a91f, f642f4bdd1338b42b609f9deda00e87a87a1c738]","0","0","f2e245d685285c835b92784cb819a97fe3bd3034","4f3b9b7f0d6e2bb1ed242eff95d9ea5c7a9898b4","e9ef53a5402b17348c1461c277fcfb01faf3090f"
"https://github.com/camptocamp/oerpscenario.git","2","2","[db334f23ff0aa3a69653a83cc0f895469b839451, 9ae8938772cd7734b86a1aa4ff89646bbb6e15e7]","0","0","db334f23ff0aa3a69653a83cc0f895469b839451","f663be2c161ebb4da93cd0c860073620155e9c4d","d69d24ab2c430da0c29155a5d5629fc78175def6"
"https://github.com/camptocamp/oerpscenario.git","20","3","[7ff66b6ab2ee204360200ef8e6e520470ade37f4, c0a4032f2b55b34f665de5ac36de71e408322a52, 2b9967bf9c0b08766003085c141afe56483b30a1]","0","0","7ff66b6ab2ee204360200ef8e6e520470ade37f4","e9ef53a5402b17348c1461c277fcfb01faf3090f","ac68da357d4f11bd7f6376440f88d4ef110279ff"
"https://github.com/camptocamp/oerpscenario.git","21","1","[3a3ecbcc20f9004348ab53477f806d8ed62e55c3]","0","0","3a3ecbcc20f9004348ab53477f806d8ed62e55c3","e9ef53a5402b17348c1461c277fcfb01faf3090f","ac68da357d4f11bd7f6376440f88d4ef110279ff"
"https://github.com/camptocamp/oerpscenario.git","22","4","[aa6e80b90cf7124bfbb984b38c3b74460946a270, 71245bb8bc955c41c7bbc25cf6dd936b9a583cf0, eb52c01ae459e97fab9bac9f4278e7fac3836707, ded9b1036cde0c71add60d02e76566af0b2475c6]","0","0","aa6e80b90cf7124bfbb984b38c3b74460946a270","42d688460de94d862b73d4c19d6477cd7de8142d","893fd71fcaa39a68bdf2c2f1ea2b1873bcaf8b21"
"https://github.com/camptocamp/oerpscenario.git","23","2","[9a639fe7881ef0b2cbdf6b5264ffba0198d9584b, 04afd14a65fc33490558abf094644189a9899e42]","0","0","9a639fe7881ef0b2cbdf6b5264ffba0198d9584b","2a3d1c3c29a0cf05d2501dcf926b970e85975370","4c7e24a15746344df6076af04f1c64b02f2e9b0f"
"https://github.com/camptocamp/oerpscenario.git","24","3","[dccabdb63d79b2676ab26013ac0cf529442bcba5, 221802f58810eb5552c56a6887e9d19004f02e6b, 63c059d60dac0de527f506196087c13bf958a409]","0","0","dccabdb63d79b2676ab26013ac0cf529442bcba5","2a3d1c3c29a0cf05d2501dcf926b970e85975370","4c7e24a15746344df6076af04f1c64b02f2e9b0f"
"https://github.com/camptocamp/oerpscenario.git","25","1","[5dfcc8120d666e5c5f077f8f6053c2b12c47ee2c]","0","1","5dfcc8120d666e5c5f077f8f6053c2b12c47ee2c","6a072818c0df2a8a4de7f541e098716295810ebf","ece4ca6e1b79d1f27bada3c164796616fbaf8073"
"https://github.com/camptocamp/oerpscenario.git","26","3","[cf9b008134966a360e2ba477962c53445f3b60f7, bfeb4ef3772813251d562d823f9c1400c7279594, 6bfecbc134d41bca8d59b34551a363906978285e]","0","0","cf9b008134966a360e2ba477962c53445f3b60f7","b9f2f5b8538dfa445dcef640ae867df9c45828f4","ece4ca6e1b79d1f27bada3c164796616fbaf8073"
"https://github.com/camptocamp/oerpscenario.git","27","1","[9a7478cd55e938152ad2c1b094698999cebb1a00]","0","0","9a7478cd55e938152ad2c1b094698999cebb1a00","b9f2f5b8538dfa445dcef640ae867df9c45828f4","ece4ca6e1b79d1f27bada3c164796616fbaf8073"
"https://github.com/camptocamp/oerpscenario.git","28","1","[6568eb2a8517e4730b05a7ea801b297eec69874d]","0","36","6568eb2a8517e4730b05a7ea801b297eec69874d","893fd71fcaa39a68bdf2c2f1ea2b1873bcaf8b21","e22dd5efbf9368e0839406a39c8bb402807f0691"
"https://github.com/camptocamp/oerpscenario.git","29","6","[a76254d80c5a319e48bc1ab6a541808852bbf899, a3814c2a00bfc00850ed3abed11be70c08e9c0ab, 29484fe80402e4c3d81493a1bfc466922ddf1830, cb5f3fa6c3d12517cc598420e86e33c9c9c43969, b3e0c570c0313d8abdf84c67c80abbfc1c03c724, 7f36381fed367ae6016cf0d3acf1c63a9635d42e]","0","0","a76254d80c5a319e48bc1ab6a541808852bbf899","893fd71fcaa39a68bdf2c2f1ea2b1873bcaf8b21","a836cd220a279191d2193d87209b5288d236927a"
"https://github.com/camptocamp/oerpscenario.git","3","2","[b98399ed034536abc66e24d3b6170f4b0061e644, b75e1fa8a244b6677bcc0ae5b2ba53d104c8fa77]","0","0","b98399ed034536abc66e24d3b6170f4b0061e644","0cfdd7983f2db0906f49731228f5d5ef8059f471","d029206bf50326dc01e1c74c52350d52d459241e"
"https://github.com/camptocamp/oerpscenario.git","30","2","[1c276837df0525a0b313703b48f941366f2bc319, 24c267e608f87f4c59cf4335b84f67dc558ae7cb]","0","0","1c276837df0525a0b313703b48f941366f2bc319","e22dd5efbf9368e0839406a39c8bb402807f0691","1153c38132ce71fa54d594c153eb68d162fdb4ab"
"https://github.com/camptocamp/oerpscenario.git","31","3","[84f21cdc3ebd89509e71cb2fc44161c3d3b994d1, 2f76cb79846585bd08c7c5e76f513d2a588f1f0e, 35970dbef05c539d490751907c9d28b96ed5b098]","0","36","84f21cdc3ebd89509e71cb2fc44161c3d3b994d1","e22dd5efbf9368e0839406a39c8bb402807f0691","5dbc3237045c7067f90549b8846e15553ae5ffa3"
"https://github.com/camptocamp/oerpscenario.git","32","1","[5dbc3237045c7067f90549b8846e15553ae5ffa3]","0","0","5dbc3237045c7067f90549b8846e15553ae5ffa3","1153c38132ce71fa54d594c153eb68d162fdb4ab","ea3fdd163a96da2932e98f1efafab0be750e634c"
"https://github.com/camptocamp/oerpscenario.git","33","2","[d6ea88fc5ab20a96a69ea5920541c10ab5ab1f15, 124fd376d3db374b4b182b44d54a5b347eb93b4c]","0","0","d6ea88fc5ab20a96a69ea5920541c10ab5ab1f15","aa9d2f5274608dbe600f5a6bffc3714f9f68bc5b","ea3fdd163a96da2932e98f1efafab0be750e634c"
"https://github.com/camptocamp/oerpscenario.git","34","1","[deb51fdda008cd6de5bcc4476f1d34b0ad9c2ae6]","0","0","deb51fdda008cd6de5bcc4476f1d34b0ad9c2ae6","2057dd2dc528f9b011f3d82aec888281af61a188","ea3fdd163a96da2932e98f1efafab0be750e634c"
"https://github.com/camptocamp/oerpscenario.git","35","1","[a20a96fbe5de2e5f4839a6b424ece954b56c7381]","0","0","a20a96fbe5de2e5f4839a6b424ece954b56c7381","1542d665c9254f3307627a3741199a9687d45ca4","ea3fdd163a96da2932e98f1efafab0be750e634c"
"https://github.com/camptocamp/oerpscenario.git","36","1","[9ba037c826ec484330a271215c2315d969a1dc22]","0","0","9ba037c826ec484330a271215c2315d969a1dc22","1542d665c9254f3307627a3741199a9687d45ca4","ea3fdd163a96da2932e98f1efafab0be750e634c"
"https://github.com/camptocamp/oerpscenario.git","37","1","[60acf4c0582bde8108aea43ab0702148c6469b73]","0","2","60acf4c0582bde8108aea43ab0702148c6469b73","ea3fdd163a96da2932e98f1efafab0be750e634c","ec15f576cf3433bf88c902e50721ce424a749d8e"
"https://github.com/camptocamp/oerpscenario.git","38","1","[afec21108e9b93e1ca2e97d61679733c685cdb7e]","0","0","afec21108e9b93e1ca2e97d61679733c685cdb7e","78fa763cc4a7a0121c07a9d95fa43e07c43f9a2f","ec15f576cf3433bf88c902e50721ce424a749d8e"
"https://github.com/camptocamp/oerpscenario.git","39","3","[d922ad63c543ae9c948eacdb20d2a56ab32e3503, ed15b1ba3c978b6e0323499faa77eff5668c5b3f, 686c17595c8fc5af9d709c1a9984a597ed4b263a]","0","0","d922ad63c543ae9c948eacdb20d2a56ab32e3503","be2374866846997cc2132bfa0dae0fe85a7c6a32","ec15f576cf3433bf88c902e50721ce424a749d8e"
"https://github.com/camptocamp/oerpscenario.git","4","1","[d0ccad433ec52017fd8c4d78d18cebd62b13c78d]","0","0","d0ccad433ec52017fd8c4d78d18cebd62b13c78d","0cfdd7983f2db0906f49731228f5d5ef8059f471","d029206bf50326dc01e1c74c52350d52d459241e"
"https://github.com/camptocamp/oerpscenario.git","40","1","[2d3cb24280c45ce902c7d86ca3950e0567470761]","0","0","2d3cb24280c45ce902c7d86ca3950e0567470761","be2374866846997cc2132bfa0dae0fe85a7c6a32","ec15f576cf3433bf88c902e50721ce424a749d8e"
"https://github.com/camptocamp/oerpscenario.git","41","2","[24a6d8d2c735315b3d01ad349e0e9d3749b98b84, fb578d5388248f170490d1d332d7777341afc88b]","0","0","24a6d8d2c735315b3d01ad349e0e9d3749b98b84","ec15f576cf3433bf88c902e50721ce424a749d8e","a836cd220a279191d2193d87209b5288d236927a"
"https://github.com/camptocamp/oerpscenario.git","42","2","[24736b40fed4d434a34aa9364bab7b24f750af84, 56bd328569c15416c5d1d5c82776919182b911c3]","0","0","24736b40fed4d434a34aa9364bab7b24f750af84","3d501aaaa40031cd9272bef09ff62a20ce6277c8","a836cd220a279191d2193d87209b5288d236927a"
"https://github.com/camptocamp/oerpscenario.git","43","4","[2ffd6bdefa499969a81603ed7f11602a23a672c1, d708185ae3d30d1de026f410bb8475c996cc953d, 17c5ae075b3be600acb5938247259418a92c3254, ced4d5efa8bde5275244dd55db202426ba0d9b42]","0","0","2ffd6bdefa499969a81603ed7f11602a23a672c1","3d501aaaa40031cd9272bef09ff62a20ce6277c8","c66261d240bf75000a7ca763a1324d317df665f6"
"https://github.com/camptocamp/oerpscenario.git","44","2","[34db1ee9a14da2ead09fff8bf7f2f91a33dca8c1, 69ec3db8af2b996f4299a9d6922e22bb7b40e87a]","0","0","34db1ee9a14da2ead09fff8bf7f2f91a33dca8c1","a836cd220a279191d2193d87209b5288d236927a","c66261d240bf75000a7ca763a1324d317df665f6"
"https://github.com/camptocamp/oerpscenario.git","45","1","[60d8fe4ed29b7da2498486b24f9ecd5d3462666f]","0","0","60d8fe4ed29b7da2498486b24f9ecd5d3462666f","fe38e3c3bf0e51a42ac90f1a52aa6bbbb3328c59","c66261d240bf75000a7ca763a1324d317df665f6"
"https://github.com/camptocamp/oerpscenario.git","46","2","[c869d80c041383c0883490a2628fd11fbbf58d0c, a2f06edae8405c2dbe7daf594d9af5c89b3e2bc7]","0","0","c869d80c041383c0883490a2628fd11fbbf58d0c","fe38e3c3bf0e51a42ac90f1a52aa6bbbb3328c59","c66261d240bf75000a7ca763a1324d317df665f6"
"https://github.com/camptocamp/oerpscenario.git","47","4","[8effd0e223fe241016afe56cfda7d87a70a51301, 964f5841179c2130b3d51b67ad39ac393105ce5b, 5e2e3574df9f747799a24c7bddc7d05ccbc25375, 32af0f379fa96e3224b8bee4fb1f14f048d7fa17]","0","0","8effd0e223fe241016afe56cfda7d87a70a51301","c66261d240bf75000a7ca763a1324d317df665f6","3c19b9e7ed05a0766b406e09a4edc879f0d77919"
"https://github.com/camptocamp/oerpscenario.git","48","3","[e1b02e3b37f3db9000bd105eb3d5ac6c13b13fb7, d292732b5cb9f5ae8e876a90b9a96db95c67e060, b507df55afe6f54477f5b9340ac1c409f5deca70]","0","0","e1b02e3b37f3db9000bd105eb3d5ac6c13b13fb7","c66261d240bf75000a7ca763a1324d317df665f6","3c19b9e7ed05a0766b406e09a4edc879f0d77919"
"https://github.com/camptocamp/oerpscenario.git","49","4","[bdd972ab2475c29bf99dcb55df5402ea26b209c1, aa9332878b670abb867a938dba58cca86c8324d2, f4823805d32c046dbe8fcd79f9de674a32279d48, 91fdb34ca820fe0bdb969434d2e2cd01345d8040]","0","0","bdd972ab2475c29bf99dcb55df5402ea26b209c1","3c19b9e7ed05a0766b406e09a4edc879f0d77919","3f0d3dc5728d257cb5bcc5a950f08cbc984891b9"
"https://github.com/camptocamp/oerpscenario.git","5","7","[aa4d46d7fba33f59def4967d9b12707bde0fe5ba, 7cb4a300ee218efbf970c07ca4fa0ed7b6d5fbe1, bfd9d73c066390138fd0899b4bf974826909c8a4, 9bc15c6b2e2bacafd144aee6add24aa69d16c3df, 4676dfc576f2bfe6ffd922d7098220aedc46a6dd, f51d09126cc059d29f6fbab558477eaf6cb3adc0, 39e9c4c04ec433f7229dbc8622c6b3e41f8cdf9a]","0","0","aa4d46d7fba33f59def4967d9b12707bde0fe5ba","d029206bf50326dc01e1c74c52350d52d459241e","51db98cfeed321eff3ed989171a9dfeee4100585"
"https://github.com/camptocamp/oerpscenario.git","50","2","[2e3a3c4a7c94768af30ded46f2008bf234618337, 06e00060ebd7be82dccc5eec1e45f73eb402dee0]","0","0","2e3a3c4a7c94768af30ded46f2008bf234618337","8210cd4c3795553a12aad5ee1d4bd679b8bec0c5","83f8bbd68cf900852bc4c3d6279a997fe9b7bb74"
"https://github.com/camptocamp/oerpscenario.git","51","2","[d6ec85735133b449da03589aa901789630638536, 3043b8a4516e269acd2836ec0abcbcd6f3294669]","0","0","d6ec85735133b449da03589aa901789630638536","8210cd4c3795553a12aad5ee1d4bd679b8bec0c5","b972ae4b73f539dbcf80b327ecea6b19b983dcc4"
"https://github.com/camptocamp/oerpscenario.git","52","4","[1ac9606098149e1cb40b55e3501d93815390aefa, 0886c9439f720a5a13b88626705ee33f21ed4396, 72d76b7688f62c3e1e34f5119f3d8d146186cb0a, 677eaf5e5380cf5fd01e2525c06e0ec477c5064c]","0","0","1ac9606098149e1cb40b55e3501d93815390aefa","83f8bbd68cf900852bc4c3d6279a997fe9b7bb74","7eafb03375df0ea2c2309750d7f2e4a6dfa0cdcd"
"https://github.com/camptocamp/oerpscenario.git","53","5","[55ba84cbbd1d98f187eb022852c8c111072b3721, d0cbe8665f6dc9f8b22d3324468066088c73ea7d, 0ed450a5ce8bec171915e49ba4327dc891ab1585, c5ee4138eb374e24f53854e18f44ae064bb8315a, 2b06c9b2c09eb7dc6342571223cdbeeba57c3ead]","0","11","55ba84cbbd1d98f187eb022852c8c111072b3721","83f8bbd68cf900852bc4c3d6279a997fe9b7bb74","8b9131e981bf4b73eb1c23f379e73aa91667bc0f"
"https://github.com/camptocamp/oerpscenario.git","54","1","[045b293b0130ba5c3a089df2d7ceaaf19110d26f]","0","0","045b293b0130ba5c3a089df2d7ceaaf19110d26f","8b9131e981bf4b73eb1c23f379e73aa91667bc0f","2a791d94f04053e6edf7a1d408a98c81648f44fc"
"https://github.com/camptocamp/oerpscenario.git","55","12","[7eafb03375df0ea2c2309750d7f2e4a6dfa0cdcd, 3f0d3dc5728d257cb5bcc5a950f08cbc984891b9, 08d788430c54c7d7fb471ca18b3d9b5165e1bdd3, 6b3ac32f8e329c153ca212febde1103176816040, 87b79c81c9252e88f1d15778963f2d64fd05e9d5, 387e0ef3be8d1d8133e10d9e5dcbd23de9c73ce0, d3222ff1b61725a01e6682018d30e1da3ff2e5fb, 18ca320cdb218ee2c17c89a056890e79096afeed, 3fed9b45d0f4be6f1b11af48a024170b7f2687bc, db8b654335c60aa531173e00763cd8f55f604c19, 867a8acf27db269faad064d88b263a6070193058, cc3da870e4611742766e4e9bd1023a94baf158b8]","0","2","7eafb03375df0ea2c2309750d7f2e4a6dfa0cdcd","8b9131e981bf4b73eb1c23f379e73aa91667bc0f","2a791d94f04053e6edf7a1d408a98c81648f44fc"
"https://github.com/camptocamp/oerpscenario.git","56","2","[efc5af7310508e34cf01c903a9e917cc94c4325c, 8854a5ba8e59f238541a1c60ee4fb854acbf5a76]","0","0","efc5af7310508e34cf01c903a9e917cc94c4325c","b972ae4b73f539dbcf80b327ecea6b19b983dcc4","6b3ac32f8e329c153ca212febde1103176816040"
"https://github.com/camptocamp/oerpscenario.git","57","1","[08d788430c54c7d7fb471ca18b3d9b5165e1bdd3]","0","0","08d788430c54c7d7fb471ca18b3d9b5165e1bdd3","b972ae4b73f539dbcf80b327ecea6b19b983dcc4","6b3ac32f8e329c153ca212febde1103176816040"
"https://github.com/camptocamp/oerpscenario.git","58","4","[b3ca0003c0f65d8143c0dc789548d23e2ed18bcb, baf4ba6d4e164b3b9e8155a8483e1b9f26acd8e0, 1d0e1d1a502c92e81e497b7aa6b5acf4c3cc6761, c151ea5e94aa314d021a41a019e53957995d3785]","0","1","b3ca0003c0f65d8143c0dc789548d23e2ed18bcb","3e743f8039a8ce7d92f7f3f40f1266fb0477658d","53e2afd9bebd5d6142d54364ffd8798498f69b9f"
"https://github.com/camptocamp/oerpscenario.git","59","5","[60045dd206c57200d18e84eac3af101a312a5ab9, 75b9424a5210811c881f975f3fdbb86be7ea0dd7, abfb5042f5ca7cf2b0b7e012a0aa9051a7e237b4, 66be48b10ce99eafd6f9116c84d443fa110853a1, 44a9e9b596d3cdab2ba838d4faf8d6b6cdb2959f]","0","7","60045dd206c57200d18e84eac3af101a312a5ab9","4c0d6e4892050911d43f4b5124d49054ef1f2ab2","7a66b14aa4372a0589f409dbac50272547bc5f8b"
"https://github.com/camptocamp/oerpscenario.git","6","3","[d9b654bc8237d11b1a53b6743ee7f9e72f4c889f, d17cffd12e6dc3a5e720920a66e0669fba153641, ed93708a7c9edb4a485db4306b906e4037d9d08f]","0","0","d9b654bc8237d11b1a53b6743ee7f9e72f4c889f","d029206bf50326dc01e1c74c52350d52d459241e","51db98cfeed321eff3ed989171a9dfeee4100585"
"https://github.com/camptocamp/oerpscenario.git","60","1","[c5c6bc8e53b9cc9539800a771971e4110026d501]","0","6","c5c6bc8e53b9cc9539800a771971e4110026d501","4c0d6e4892050911d43f4b5124d49054ef1f2ab2","7a66b14aa4372a0589f409dbac50272547bc5f8b"
"https://github.com/camptocamp/oerpscenario.git","61","3","[5e2b3f7ee51b21918b542a0b3a4adc6a1e5c811f, 0f572d50463aec8a28cbf7e87cb0a59fd4fd334e, 3ad983fbabeabf3df7ac444912e38b26b0d262ca]","0","2","5e2b3f7ee51b21918b542a0b3a4adc6a1e5c811f","9a20f34186610a6c8c64fe4d0557f7c204b8ba93","3d289146506f1aba5800de0cb394b2bf0e837359"
"https://github.com/camptocamp/oerpscenario.git","62","3","[1e7dc0106471242a8c91ac864dfa8b9947effcec, 83ecd3c798f278e93459b305d2e7d721b7adca50, 3ab58887cf49fb161787d0669c8cfe40f13d1c3a]","0","7","1e7dc0106471242a8c91ac864dfa8b9947effcec","9a20f34186610a6c8c64fe4d0557f7c204b8ba93","3d289146506f1aba5800de0cb394b2bf0e837359"
"https://github.com/camptocamp/oerpscenario.git","63","1","[ee5ae7b762317684c7d31d374ab1e3ec8d1acce5]","0","5","ee5ae7b762317684c7d31d374ab1e3ec8d1acce5","91ceea412f5fc3b9a9ae36b9bffae0b95eef55a1","b23c5c978bc03f8c2e159fbf7b41b87635e817eb"
"https://github.com/camptocamp/oerpscenario.git","64","1","[233619a34422a7912fbc0aec04840a4148738a20]","0","1","233619a34422a7912fbc0aec04840a4148738a20","91ceea412f5fc3b9a9ae36b9bffae0b95eef55a1","b23c5c978bc03f8c2e159fbf7b41b87635e817eb"
"https://github.com/camptocamp/oerpscenario.git","65","16","[cdae7ac9dc45799e0ca41530fbf5c5be188f6afe, 172ab6d07adeb9f183a33ce473d8ea55ace13c4c, ea1fa94977084f628cf190686b612bef6dc1794a, b57558b896f30fea5ae15af736a1b0163647fc58, 08c387fb0e7a75384c8a9c535c08b7c36d36be46, 708c0d53070b756dc9d7f3022244335705496a93, e10d26b3cd4e39d8a360adffa726f952a4eafab7, 5c2fb84650a605b324eb7b13930b330ca0c5d308, 55b4fb36e518ff43b092f994059b8bcf347df7f5, a3fbccabe1effad30aebc99e5a1080e24395490d, d32562c06c8bcb5c13c10196ee380ed758e33f84, 61d92a725ffaa9144cb79f2dd9e1c02429fe2a8e, 68c8420f1c29f61192f334cc1aa25d74c99e52f9, 1ad3f268a2a37d5751b7f29816b165f026eb9fc6, bb5534128fefdb17221a1c1fe0067e636d14502a, c9f4331810abb8067c9792c0c67b8c01ef98de6b]","2","5","cdae7ac9dc45799e0ca41530fbf5c5be188f6afe","d30d368f9d373e77958fed74079c8c978f5d0ef1","ded9b3e5df9d5d4619d8a21353c909a63b2f38c5"
"https://github.com/camptocamp/oerpscenario.git","66","6","[7a8fcd01ad4665cf30eaf3d18523ea321b6759a2, 6fcc42e2322e99d3ec8d971380089313cb96cd17, d7671c0de3ac615ad9ddf23734a97122562e8169, 68f4ac2ebdd08c8dbab8287836d48a4776fafaa2, 5b97f2c7ebbdaef2b9ed07102686f62c79eaa8ee, f68f080abbeddc922899074eb5ac994a8edb72fa]","11","1","7a8fcd01ad4665cf30eaf3d18523ea321b6759a2","d30d368f9d373e77958fed74079c8c978f5d0ef1","ded9b3e5df9d5d4619d8a21353c909a63b2f38c5"
"https://github.com/camptocamp/oerpscenario.git","67","2","[01bf61467f72546b69c0f33065c6faf5fce256c7, 73c263c75db6f3523dba5530f64bd44f20972bd6]","0","2","01bf61467f72546b69c0f33065c6faf5fce256c7","ea7ca081ba27201a5d429e373c976b2ebb849234","be260be27a795c8f15575f5bd8852df0d76460e4"
"https://github.com/camptocamp/oerpscenario.git","68","25","[640ffa130cd6bcfe0ac28d1cdd1264f687d1d6dd, d76c846bb04d30f8c6620a523b3e60cef6d5ee81, 9544140998742b710a749285504c86f22381b0ef, 3e37909fee0552d86186f68c34890862b766f78b, e319261e603bdc2a8e35ce70dcfb063786d49064, 171b1aec27619ca11a30bd535c5df0c7c83d81be, 0b5b529dac3f83d280f8dbbeea207e63413e25a9, 6942b8812566b86684d1b72046886b04b6da943e, 5e06fc2376d064109854c78d4eea725d79b73c93, 1341307948c94ea78b535fb970650baf3df29ba5, 964168ae04caa0b513d30b660b4ba30603d9d0f7, feb08b0c5c903a20ea071e423e1bc2f0d66b5adc, e27e47808ef2a23e6717f12c3b6a8ccb4eeb0095, 091ee569298ac8b5cf7808630d06b453bfb1a121, 6d0bf0c0d682685dccd859be43e535a909047b0c, f21a05847e8bb96181aa5a7e6bb90e74c8b0dadf, 4147bfb72b54bf79417f6785405b08227e3ca138, 7070d6f3e2262212d2881a594e3a19df45fafcd2, 8afb14db742d9b1724bb577624fd92b665917902, 33c77a80ed2c9e1bba31f01303695efc9c0ba3fd, f45581e559caf2ab60b81178a4555919005553f3, c094cdbf5247410d9c31ccb7f789584e93a19599, b66bc6122c0744ad84a6aefb8e6f79a79291fde3, 1a637f0b7053993ed8e0ff8615e5166374b67871, a6c46056f8e1dd132b9916ef5dc62359a0c778fe]","7","13","640ffa130cd6bcfe0ac28d1cdd1264f687d1d6dd","ea7ca081ba27201a5d429e373c976b2ebb849234","15f5cf8208a0b9d505d0c1ed1ef29d299f532236"
"https://github.com/camptocamp/oerpscenario.git","69","8","[5616f5c892ecbe2f1a368cea05e0ab2cccc4dd93, 94c4d313484c350ee76a99dd2d764b97fc3107c4, 77b51399f98b65bf658225606498d24beba6125c, 74e0b31cea17b253c3a5a815ed22002d79159502, abb7d1c0187b137e72e92a9de817ea112954f548, 833526b3a71828d76ba90da8356d2041d07d515e, 752e4460999f54b9b63e6bd37c3108e1d447b949, 122971047999672f0f22fa8bc293502a2515ba71]","1","0","5616f5c892ecbe2f1a368cea05e0ab2cccc4dd93","be260be27a795c8f15575f5bd8852df0d76460e4","d28fcfcd15df1ac5ca977feb1b782e13c9cd278a"
"https://github.com/camptocamp/oerpscenario.git","7","1","[89cfab0ddc260e775050458c59f339a91435fbbe]","0","0","89cfab0ddc260e775050458c59f339a91435fbbe","0b268af8dd030ddcef18efb4c1297b7a4887e7ed","e443a617dc3c135c351ad4519b628648318ebe09"
"https://github.com/camptocamp/oerpscenario.git","70","18","[15f5cf8208a0b9d505d0c1ed1ef29d299f532236, 607f7d2681ed7e28e00faf7d28da9fe0d8ca0fa5, 624677a1155a4e867a806471c9bcd267ee3ef0df, fe8a3844b2e2f1fc05fcfcb75ae131bb22df26bd, 08a7687ec031f41b6dc5ed8ecf19c5e7718696e1, 282fd9cf6da37838eae4172db90a4798ab300389, a4528863e504c1958c27301057d04081b5d3f8b8, 424091625085a03d4bb819f23bc7287d8294059c, 279562909c3f6c4930b67176a38911cb142251b7, 01fd7409b994fe906a4661a2f42247439e5026e5, abddf1ec6d20df271f94660368391ea37bb7469e, 490d3cfa70b7bc2ef4a19602b22900e06b3f2e72, ed80361b07a067a0bb351a82f1e722846dd0750b, 80c443c1a386bc0bf0e6679cba778e2b7d979041, 81b91a7c82d14cdb899f109d7f99e958bfb1319f, 82177705f5c334f279adf043f8c6c047f114c8dd, c2be990c2581750df69486f88035dad99b623558, b698a0d805f7bc3725c84c4a15bdcc9180b991db]","4","10","15f5cf8208a0b9d505d0c1ed1ef29d299f532236","be260be27a795c8f15575f5bd8852df0d76460e4","2720c3b1dbb4e60a634a0b8ca182bb71a0365187"
"https://github.com/camptocamp/oerpscenario.git","71","1","[e3249c22ff0e048528f8f54156445cc5c6534481]","0","0","e3249c22ff0e048528f8f54156445cc5c6534481","d28fcfcd15df1ac5ca977feb1b782e13c9cd278a","ea96fab732eb45ebc8e8897baa3198706b23d48c"
"https://github.com/camptocamp/oerpscenario.git","72","16","[2720c3b1dbb4e60a634a0b8ca182bb71a0365187, 581a31e0a8f3aaa57c1415bb7029978bfe6eb2cb, e9affed3532e78c815d77fa5aa46670c9d93da50, 9c745e025fa448d606ae80ef0874b6b01063e349, 31dfb413fe006573d2ca3deef9a372141d417a2e, ebc36f5c6317fed96b07376b0c343bb8dfa5164b, d04ada134c2eaf05eb4b767bbe3e6d05fba53f7f, 2e7c836fdff63d1d56cffb0a08cac85f81dcb94d, 4dc75cf9898781a6d1944999bf0611c9077e402e, 12f71110dc04baf133f9f3b2ca69988e11466555, c25e5818e0a79eee595659354d46a23bd700ccc9, 60b18f2c9bf5d7a441a90db77e32c5af8083295e, 7baa120162f35caa78dfb21f83bfc62e86cf4f07, 2cc964c7bb4caf0556f2bb08f9cfdc3274edd465, 317d83d709731931778ce730f7f6ab01bad04ea3, 1816dfba56b90d8e4f2b267b458e4cfdd3428275]","6","3","2720c3b1dbb4e60a634a0b8ca182bb71a0365187","d28fcfcd15df1ac5ca977feb1b782e13c9cd278a","d42eda591edfda75a96309be067ff3f0aa6162b6"
"https://github.com/camptocamp/oerpscenario.git","73","1","[1785ef6fbbbae3254fadabd312048a10b8c66a54]","0","0","1785ef6fbbbae3254fadabd312048a10b8c66a54","d42eda591edfda75a96309be067ff3f0aa6162b6","de39e4c03b7c5dadb27aa3753d5da992cce1fed1"
"https://github.com/camptocamp/oerpscenario.git","74","1","[de39e4c03b7c5dadb27aa3753d5da992cce1fed1]","0","1","de39e4c03b7c5dadb27aa3753d5da992cce1fed1","d0b184d6a0e852771b0b37b1205e709310e690a5","e204a87fa8a4f17ace2cffe69cdfdc8cf845f501"
"https://github.com/camptocamp/oerpscenario.git","75","1","[fc6b561f9b0781f651f01aa304dda5e3c07ea3da]","2","1","fc6b561f9b0781f651f01aa304dda5e3c07ea3da","339f4c6fff3a72a112ffda733bf5b4c18b4ab5e5","0024e576b161b0c9a40218e106b82d1c20a6ea2c"
"https://github.com/camptocamp/oerpscenario.git","76","1","[e204a87fa8a4f17ace2cffe69cdfdc8cf845f501]","0","1","e204a87fa8a4f17ace2cffe69cdfdc8cf845f501","339f4c6fff3a72a112ffda733bf5b4c18b4ab5e5","0024e576b161b0c9a40218e106b82d1c20a6ea2c"
"https://github.com/camptocamp/oerpscenario.git","77","1","[59fcd16b0a05da65d94c214a6aee1ff46e043e9b]","1","1","59fcd16b0a05da65d94c214a6aee1ff46e043e9b","04d0df99bb8ab67513f0acb5ae3db43fb79ead73","664ce0764fa495f8f40216e115591f7c5918b2f2"
"https://github.com/camptocamp/oerpscenario.git","78","1","[ef1f02cefd7367014ea70caf0cac10ad545e5ac8]","1","1","ef1f02cefd7367014ea70caf0cac10ad545e5ac8","04d0df99bb8ab67513f0acb5ae3db43fb79ead73","664ce0764fa495f8f40216e115591f7c5918b2f2"
"https://github.com/camptocamp/oerpscenario.git","79","4","[856b70e33e682b084e261966f615ca46635e0436, adb99d329a0e2a929c1f14014d99a7a1694fc9a8, 3337d0fa1ee5e99e949940783a08d3d8fb2331b5, e6a719fa3ff9c74dc350c5579d001a7a46db511c]","0","3","856b70e33e682b084e261966f615ca46635e0436","a6626f9d928e82e7696f7298272e12672f13ec05","f0670a0ce93e1c32c13eb4a0d41b59d0f32b505f"
"https://github.com/camptocamp/oerpscenario.git","8","2","[2f39295f312541b8504c4af7a7e37c2f1eb47fce, e30049ca3c360a2fcf05769fdfabe3a93be825ee]","0","0","2f39295f312541b8504c4af7a7e37c2f1eb47fce","a4efa1cf76f76429a2a6c78a6d47ac2a509976d3","79184efd66be3a178bd428950ef95816c52ab8cc"
"https://github.com/camptocamp/oerpscenario.git","80","3","[ae72ffe0c5c8c41f32f7e2fd2643acf2a31ccef7, 4b53920946bd527344120b94fad0deea9276df52, 855e9eb78dd8f2702b737503b930664a5666602d]","0","2","ae72ffe0c5c8c41f32f7e2fd2643acf2a31ccef7","a6626f9d928e82e7696f7298272e12672f13ec05","67d26170e7c5008b67fcfdf59a7acf2cbe649b27"
"https://github.com/camptocamp/oerpscenario.git","81","1","[ce6a3b856479d55a7e44bf70a208389d3b9635c0]","0","1","ce6a3b856479d55a7e44bf70a208389d3b9635c0","67d26170e7c5008b67fcfdf59a7acf2cbe649b27","1b5976e075edf9b434a9cfa346d6b32f271e8e91"
"https://github.com/camptocamp/oerpscenario.git","82","1","[f0670a0ce93e1c32c13eb4a0d41b59d0f32b505f]","1","0","f0670a0ce93e1c32c13eb4a0d41b59d0f32b505f","67d26170e7c5008b67fcfdf59a7acf2cbe649b27","1b5976e075edf9b434a9cfa346d6b32f271e8e91"
"https://github.com/camptocamp/oerpscenario.git","84","1","[e6fe8b412d03e4860074d135ea3d8dbfe29f1a10]","0","0","e6fe8b412d03e4860074d135ea3d8dbfe29f1a10","f8a7a96c8421fa1e7bad887e402838776ef8be80","65321d41146aa83ad9177902334fd662d06b59d6"
"https://github.com/camptocamp/oerpscenario.git","85","2","[1b5976e075edf9b434a9cfa346d6b32f271e8e91, 117cddf9b27aa25a19e6b8a76d980fb8050794fe]","1","1","1b5976e075edf9b434a9cfa346d6b32f271e8e91","f8a7a96c8421fa1e7bad887e402838776ef8be80","65321d41146aa83ad9177902334fd662d06b59d6"
"https://github.com/camptocamp/oerpscenario.git","9","2","[a1a82c8495b890123acaed7f06770474190cef97, a60f01fe2ca3b040bbe1e16212be0d0f6931ec15]","0","0","a1a82c8495b890123acaed7f06770474190cef97","a4efa1cf76f76429a2a6c78a6d47ac2a509976d3","60a748798f67332d390a3511c97ebfea33abd566"
