"REPO_URL","TASK_ID","#HASHES","HASHES","#PROD_FILES","#TEST_FILES","LAST","MERGE","BASE"
"https://github.com/camptocamp/oerpscenario.git","65","16","[cdae7ac9dc45799e0ca41530fbf5c5be188f6afe, 172ab6d07adeb9f183a33ce473d8ea55ace13c4c, ea1fa94977084f628cf190686b612bef6dc1794a, b57558b896f30fea5ae15af736a1b0163647fc58, 08c387fb0e7a75384c8a9c535c08b7c36d36be46, 708c0d53070b756dc9d7f3022244335705496a93, e10d26b3cd4e39d8a360adffa726f952a4eafab7, 5c2fb84650a605b324eb7b13930b330ca0c5d308, 55b4fb36e518ff43b092f994059b8bcf347df7f5, a3fbccabe1effad30aebc99e5a1080e24395490d, d32562c06c8bcb5c13c10196ee380ed758e33f84, 61d92a725ffaa9144cb79f2dd9e1c02429fe2a8e, 68c8420f1c29f61192f334cc1aa25d74c99e52f9, 1ad3f268a2a37d5751b7f29816b165f026eb9fc6, bb5534128fefdb17221a1c1fe0067e636d14502a, c9f4331810abb8067c9792c0c67b8c01ef98de6b]","2","5","cdae7ac9dc45799e0ca41530fbf5c5be188f6afe","d30d368f9d373e77958fed74079c8c978f5d0ef1","ded9b3e5df9d5d4619d8a21353c909a63b2f38c5"
"https://github.com/camptocamp/oerpscenario.git","66","6","[7a8fcd01ad4665cf30eaf3d18523ea321b6759a2, 6fcc42e2322e99d3ec8d971380089313cb96cd17, d7671c0de3ac615ad9ddf23734a97122562e8169, 68f4ac2ebdd08c8dbab8287836d48a4776fafaa2, 5b97f2c7ebbdaef2b9ed07102686f62c79eaa8ee, f68f080abbeddc922899074eb5ac994a8edb72fa]","11","1","7a8fcd01ad4665cf30eaf3d18523ea321b6759a2","d30d368f9d373e77958fed74079c8c978f5d0ef1","ded9b3e5df9d5d4619d8a21353c909a63b2f38c5"
"https://github.com/camptocamp/oerpscenario.git","68","25","[640ffa130cd6bcfe0ac28d1cdd1264f687d1d6dd, d76c846bb04d30f8c6620a523b3e60cef6d5ee81, 9544140998742b710a749285504c86f22381b0ef, 3e37909fee0552d86186f68c34890862b766f78b, e319261e603bdc2a8e35ce70dcfb063786d49064, 171b1aec27619ca11a30bd535c5df0c7c83d81be, 0b5b529dac3f83d280f8dbbeea207e63413e25a9, 6942b8812566b86684d1b72046886b04b6da943e, 5e06fc2376d064109854c78d4eea725d79b73c93, 1341307948c94ea78b535fb970650baf3df29ba5, 964168ae04caa0b513d30b660b4ba30603d9d0f7, feb08b0c5c903a20ea071e423e1bc2f0d66b5adc, e27e47808ef2a23e6717f12c3b6a8ccb4eeb0095, 091ee569298ac8b5cf7808630d06b453bfb1a121, 6d0bf0c0d682685dccd859be43e535a909047b0c, f21a05847e8bb96181aa5a7e6bb90e74c8b0dadf, 4147bfb72b54bf79417f6785405b08227e3ca138, 7070d6f3e2262212d2881a594e3a19df45fafcd2, 8afb14db742d9b1724bb577624fd92b665917902, 33c77a80ed2c9e1bba31f01303695efc9c0ba3fd, f45581e559caf2ab60b81178a4555919005553f3, c094cdbf5247410d9c31ccb7f789584e93a19599, b66bc6122c0744ad84a6aefb8e6f79a79291fde3, 1a637f0b7053993ed8e0ff8615e5166374b67871, a6c46056f8e1dd132b9916ef5dc62359a0c778fe]","7","13","640ffa130cd6bcfe0ac28d1cdd1264f687d1d6dd","ea7ca081ba27201a5d429e373c976b2ebb849234","15f5cf8208a0b9d505d0c1ed1ef29d299f532236"
"https://github.com/camptocamp/oerpscenario.git","70","18","[15f5cf8208a0b9d505d0c1ed1ef29d299f532236, 607f7d2681ed7e28e00faf7d28da9fe0d8ca0fa5, 624677a1155a4e867a806471c9bcd267ee3ef0df, fe8a3844b2e2f1fc05fcfcb75ae131bb22df26bd, 08a7687ec031f41b6dc5ed8ecf19c5e7718696e1, 282fd9cf6da37838eae4172db90a4798ab300389, a4528863e504c1958c27301057d04081b5d3f8b8, 424091625085a03d4bb819f23bc7287d8294059c, 279562909c3f6c4930b67176a38911cb142251b7, 01fd7409b994fe906a4661a2f42247439e5026e5, abddf1ec6d20df271f94660368391ea37bb7469e, 490d3cfa70b7bc2ef4a19602b22900e06b3f2e72, ed80361b07a067a0bb351a82f1e722846dd0750b, 80c443c1a386bc0bf0e6679cba778e2b7d979041, 81b91a7c82d14cdb899f109d7f99e958bfb1319f, 82177705f5c334f279adf043f8c6c047f114c8dd, c2be990c2581750df69486f88035dad99b623558, b698a0d805f7bc3725c84c4a15bdcc9180b991db]","4","10","15f5cf8208a0b9d505d0c1ed1ef29d299f532236","be260be27a795c8f15575f5bd8852df0d76460e4","2720c3b1dbb4e60a634a0b8ca182bb71a0365187"
"https://github.com/camptocamp/oerpscenario.git","72","16","[2720c3b1dbb4e60a634a0b8ca182bb71a0365187, 581a31e0a8f3aaa57c1415bb7029978bfe6eb2cb, e9affed3532e78c815d77fa5aa46670c9d93da50, 9c745e025fa448d606ae80ef0874b6b01063e349, 31dfb413fe006573d2ca3deef9a372141d417a2e, ebc36f5c6317fed96b07376b0c343bb8dfa5164b, d04ada134c2eaf05eb4b767bbe3e6d05fba53f7f, 2e7c836fdff63d1d56cffb0a08cac85f81dcb94d, 4dc75cf9898781a6d1944999bf0611c9077e402e, 12f71110dc04baf133f9f3b2ca69988e11466555, c25e5818e0a79eee595659354d46a23bd700ccc9, 60b18f2c9bf5d7a441a90db77e32c5af8083295e, 7baa120162f35caa78dfb21f83bfc62e86cf4f07, 2cc964c7bb4caf0556f2bb08f9cfdc3274edd465, 317d83d709731931778ce730f7f6ab01bad04ea3, 1816dfba56b90d8e4f2b267b458e4cfdd3428275]","6","3","2720c3b1dbb4e60a634a0b8ca182bb71a0365187","d28fcfcd15df1ac5ca977feb1b782e13c9cd278a","d42eda591edfda75a96309be067ff3f0aa6162b6"
"https://github.com/camptocamp/oerpscenario.git","75","1","[fc6b561f9b0781f651f01aa304dda5e3c07ea3da]","2","1","fc6b561f9b0781f651f01aa304dda5e3c07ea3da","339f4c6fff3a72a112ffda733bf5b4c18b4ab5e5","0024e576b161b0c9a40218e106b82d1c20a6ea2c"
"https://github.com/camptocamp/oerpscenario.git","77","1","[59fcd16b0a05da65d94c214a6aee1ff46e043e9b]","1","1","59fcd16b0a05da65d94c214a6aee1ff46e043e9b","04d0df99bb8ab67513f0acb5ae3db43fb79ead73","664ce0764fa495f8f40216e115591f7c5918b2f2"
"https://github.com/camptocamp/oerpscenario.git","78","1","[ef1f02cefd7367014ea70caf0cac10ad545e5ac8]","1","1","ef1f02cefd7367014ea70caf0cac10ad545e5ac8","04d0df99bb8ab67513f0acb5ae3db43fb79ead73","664ce0764fa495f8f40216e115591f7c5918b2f2"
"https://github.com/camptocamp/oerpscenario.git","85","2","[1b5976e075edf9b434a9cfa346d6b32f271e8e91, 117cddf9b27aa25a19e6b8a76d980fb8050794fe]","1","1","1b5976e075edf9b434a9cfa346d6b32f271e8e91","f8a7a96c8421fa1e7bad887e402838776ef8be80","65321d41146aa83ad9177902334fd662d06b59d6"
