"REPO_URL","TASK_ID","#HASHES","HASHES","#PROD_FILES","#TEST_FILES","LAST","MERGE","BASE"
"https://github.com/carrierwaveuploader/carrierwave.git","124","1","[3e989fc3663d31aac79b638d2b2462ca040db9cf]","1","9","3e989fc3663d31aac79b638d2b2462ca040db9cf","bcbedf081016a6501e770472cc63e034d5ccb261","1578777fe3f30140347ebf27d1943471bbe4d425"
"https://github.com/carrierwaveuploader/carrierwave.git","245","2","[f360fe3854c50d4789babbb5bcda5b924851c057, 0d6864a84dbed16ef0ed149f332fa3b9f9bd35eb]","1","9","f360fe3854c50d4789babbb5bcda5b924851c057","e61a263707b4ab02420bfb2a711387ff0a54b3df","3d9f2cb8d0d2f472758049a15ecd3d31db728543"
"https://github.com/carrierwaveuploader/carrierwave.git","302","3","[2049cda05ebbc86bc2c9456d3fd8e96aa924f5d9, 7f4bb1c2d7c0ae5e98d820a54e16a78d349e2dfc, fe1de4f3d7b49805f821f77008d246f50cf5fc54]","1","1","2049cda05ebbc86bc2c9456d3fd8e96aa924f5d9","c56ecaac187b446863577a1a9fb537365057ae0c","efaafc49422984df90f4ca0961ad54959861b3dc"
"https://github.com/carrierwaveuploader/carrierwave.git","397","6","[a844a8747f9e4e579d75fd96a3004c7855c6ac1b, fabf627af5b06c138ee4f1d5c6f98034831231de, e5ac58d715c4322eb5e37f9bea135f35009f68b0, c5ef8e4aedf7824b5400fd0ade42b1059cc8dbab, b71326404bf583573914c6228a15911e17f5b7bf, c9b5cbbe03ba8aca397735e10ddf691f56d87eeb]","9","12","a844a8747f9e4e579d75fd96a3004c7855c6ac1b","b176ad00c9fcffc52c5cf8f59d110e4867f0beac","25167eccdea403bff789eeeea14766ba5aa0fac6"
"https://github.com/carrierwaveuploader/carrierwave.git","479","9","[7268185a0d649f2e0baf5a79b7b799414691b252, f8083aac850ef550df574b071a704b43762c2aeb, f152236066a33162c6f4b51215d469f483c2c779, 1feaef89ee42371a6f54f940ab429aa6b193c52f, 5a27c25cfa98bfd9e83cd35f2733f5fc8b52f4ad, 3717227fe31ad3d8963cec0fcd4ee092f2996a23, 39a65f5050dfc2e9770c1626674d13132c3cd1c4, 903a55768562c9cac68a97eb783b2c9e02cd34a4, e219b393cf4336ae1d72c2b028e77ee2f7172e3c]","5","1","7268185a0d649f2e0baf5a79b7b799414691b252","b6ceae17da1c9733d2449d5442be6b1668a50d96","eddcd9388b37dbc60e1f921dc626c101f11dc386"
"https://github.com/carrierwaveuploader/carrierwave.git","501","33","[0e505fd4fca8e8f8a47bcfca46d17f93c68b39bd, fd0de47bd0fb18af69977ebeae5dcf07243e40a0, 35bd130d6282ef2809c5180df17edf20b8fbe98f, 634bc0295fa068de78c7dec25a97e6cdafbe3c67, 7dbef837ec074e84a2c61c86b3233daa137dd08e, e9acd0214c5991d546a7272e66af02ef23054da8, 33d92f868419509b88f1f7f1e1c5401230bfb8f5, f5123b5c72962316b6a0764814895d97b3f4c60d, a571c3ee3534fd3995be861e47b7c2ffb7d99364, 01f26599b427e41ee514e046a28cea8ed09d124a, 1de5522a369b3878abbc3bd9b0359f5fb4a45972, 9c61ff69c682aeaa240f4c801e4c2f65f03f7a1a, 11a93b54429e652296e07972b2a9a21a825c7d5d, 06463a0d291da02ff91b78284c378e1886385d4a, d6b8ce3c5744975da310b023a550e413995735b8, a124572247edd3cc7972de9015f590ae9b269917, 3b518911f9033714ba82d44e1ce5a057d15ae52a, 2fcb412eee9c1e1f76cd2288929edd5a17a4b5d5, 4c2aa5d8727c435068206722069898310e12e63f, 310cb0e90dede5581c8933e52e9e6d20fc82b99a, 12b10235e4da0fd7a6c9268ad35a562b0473d52d, fbb90624bbb292aa72a5e4b34d46268a0b3c58a2, e2403e2188d0850e81274f0079715e2402180257, 5f13447db258574ecda0b9c0e872984826480bb2, 9192bdcf10c58f10f03b13d265e4b64abc273eb5, 907cf4b8223b8fcd4816e093a41dc0689a710194, 12ec2bce5cd149ad337927d15959397bd87fd6ad, 504ad02175561727b1d86c0db997e48387bb2068, 3d30727dd951efe41b619321fe4cd25ae0eeac44, 9fec74f62a0de94dbb436c02d1e1574171ee646c, b500125c00689bcac0472200c09e74da4587c077, 65b8b0ac5fa49f39a957d64f9d34835b4e25483f, d3608958bb8f383143b476f8ee751b784b843c8a]","12","11","0e505fd4fca8e8f8a47bcfca46d17f93c68b39bd","0a85c5eb72ae97a594a8048259d46b3b3932d9e1","b40abc8a624f088f5e7b456f447657597dd64973"
"https://github.com/carrierwaveuploader/carrierwave.git","511","5","[99af9174f6680babf697390a5c7b2fa41ca670b1, 8816188766a52e8fe60a37a4beb13c5943b79883, 76a7b7d3b7aef8afbb7e89bdc6e09a21119d33cf, 0c33b17633eca3bffc7c1b29bad6ee710fdc2d26, 55a0102b289d2b778fe92e3b0c4faf54e2102b67]","3","4","99af9174f6680babf697390a5c7b2fa41ca670b1","aa5e51d1066805f4a29125f72208f9dba2d19e35","7bd9bd3ebcbeea5225422957b85e78264175633a"
