"REPO_URL","TASK_ID","#HASHES","HASHES","#PROD_FILES","#TEST_FILES","LAST","MERGE","BASE"
"https://github.com/cufcq/cufcq.git","1","3","[44d8f1f1200d61e87a335fe8d693de55ed98aca7, 3e22f2ee6391b07093f7d38c87f7188781de959a, 8512efdf92bcc88c14d91c3fc03e4ca76601163b]","6","0","44d8f1f1200d61e87a335fe8d693de55ed98aca7","30fc0363d7530fbe0e424b65b30bb8c223acb4f6","82544697db1025867f6956affa1b282f8eacc5f0"
"https://github.com/cufcq/cufcq.git","10","6","[d2d96e5ccb14d6ce90c55d243a81a11ed0506b9d, 918b6b5222b2fcf6733d986033cda3f157fc0f00, 7c7643739b22588b1405ec15ddc2a8877796a146, e3a867419d58ea76978bd92fc82957b28f6af4ac, ee2fb260c33088ebdb86b7b66753fb9c08cf9688, a1973130604f846cf67de91573232f1c9d25b488]","6","0","d2d96e5ccb14d6ce90c55d243a81a11ed0506b9d","f76dc6404ce0839957ea1af1b2402a03ff4d344d","a14cb13745a89ce8265bf13c5fc901a39472bdf7"
"https://github.com/cufcq/cufcq.git","11","1","[1bc14aa7415f4ec9cdafbfda6e01edfa3cfc684c]","0","0","1bc14aa7415f4ec9cdafbfda6e01edfa3cfc684c","a17b8696913d9da3971c0d0872afc55a6936ea3e","dccdeda20067473a084e282021f956495b4e743d"
"https://github.com/cufcq/cufcq.git","12","3","[6b18616475fa047dcc379548dc0a8ffe6c9bfea7, 53154de2862e2a5568f68380d4e130dd2d637100, 950f02127a176a0c33e2719cd3c6da9d5c7efd42]","0","0","6b18616475fa047dcc379548dc0a8ffe6c9bfea7","a17b8696913d9da3971c0d0872afc55a6936ea3e","a0518b5b497e2a0aec12b342f1e8be02f401f59c"
"https://github.com/cufcq/cufcq.git","13","5","[e13bf4135054d090b32cf2b762aa0d67414a1de5, 5a39bd8ed40654e81794e3873317d0e4bf68d46d, 23bdfc5b06a480fddb7ee55261ccdcc771fe959a, d9ea70a41d32c57843381544a2fbec688563e7ba, de5df583621237341f8907ad94eacd7e243c69ac]","0","0","e13bf4135054d090b32cf2b762aa0d67414a1de5","a0518b5b497e2a0aec12b342f1e8be02f401f59c","ecf2fed2abc0f4da4403ac783cd7511dfc84519b"
"https://github.com/cufcq/cufcq.git","14","5","[dccdeda20067473a084e282021f956495b4e743d, e9197525ecf5bd0edd8d2209e4468b96c79b5fe6, 92fd904a96c4a17f98080277dfd5fa3e6025d851, 2cb617fbddb62e36c502182fbe732bd6e7f8b3d7, f2b8d585fd6fd63e36d05e75437df113af89bffb]","2","0","dccdeda20067473a084e282021f956495b4e743d","a0518b5b497e2a0aec12b342f1e8be02f401f59c","ecf2fed2abc0f4da4403ac783cd7511dfc84519b"
"https://github.com/cufcq/cufcq.git","15","4","[9a77068e5280f9c9592eafbb73bca9ee9e82d95e, 0fb46712ec923d5a7e78348ce94954ce529b9f0f, 03ee2ffc2057cab6fb5ff350d998aea285339791, bcf1b9b24d3acdfce97050fe0c4c737780e32f0e]","6","0","9a77068e5280f9c9592eafbb73bca9ee9e82d95e","28ea2dfeade06b3f405198b4993d6781b9c1c31a","120bb6721bfce9b9fb629ec7923f77c0545d7ea3"
"https://github.com/cufcq/cufcq.git","16","6","[b15373c96e33cd93931fa4ec08d07c003ecbc575, e50bcc853d4c69993810b27478483a7a7527ae5e, 6daf7dd7950f5faa783724741de10a399ab87639, 2efba820bc1fa7d25c051e4b26a3eb39880b13fe, ffb1685803b9a7e4e710e74ce398c545fa7ace0e, edd0968907e7aaba4692b0fcd51cdd861d048707]","0","0","b15373c96e33cd93931fa4ec08d07c003ecbc575","28ea2dfeade06b3f405198b4993d6781b9c1c31a","712e6454ec92eb044750f4f3e7782117737589bf"
"https://github.com/cufcq/cufcq.git","17","1","[3c7c24f5f780af03323ec13bd9135d42dca79fea]","0","0","3c7c24f5f780af03323ec13bd9135d42dca79fea","712e6454ec92eb044750f4f3e7782117737589bf","bd4a0697df0b94bc772469882982d4e880f792f8"
"https://github.com/cufcq/cufcq.git","18","1","[5c4183b66c48baeccfb15526e19e4d31b30872eb]","0","0","5c4183b66c48baeccfb15526e19e4d31b30872eb","712e6454ec92eb044750f4f3e7782117737589bf","bd4a0697df0b94bc772469882982d4e880f792f8"
"https://github.com/cufcq/cufcq.git","19","10","[4df810893aa9e31d5507704706365097408eb2d5, 63143765aa722645962e41edb6e0deae5fc9d96c, fbd5845ac258d5705ed82771d13cb989fd8318b4, 9000e098edbd19d6bd386bd74c3b65473d432611, 21c954bdbb481fc4a4ba612aaebaa05868f76c78, 8b2dcc43d80f6cd434d7e85944b2f64ceea60e3e, 10c28cdecd8531e50950db32c4022e810881e83b, 33733dd4421d9bbed37120fa52684b3d4f0bd91f, 7202b0fedc0f68448a0426e5fc6b28dea7b6f917, 3ee6078a432f0a8a876ff980904db87cb643a0d8]","6","0","4df810893aa9e31d5507704706365097408eb2d5","120bb6721bfce9b9fb629ec7923f77c0545d7ea3","71b0629b0b42dc5f8d91440a13d57deae1739bbe"
"https://github.com/cufcq/cufcq.git","2","6","[9a911765421b74fe5778ca64a4c44bd6eff429b3, f078227bbacfe8560fc84d7c8aed832c04443e36, e921813cce3bc559de1740ffdad1117297f16446, b290f5bff8fee6c865b1c5cf793c3215aba49620, 79327921b2ba8f08ac6358fdba9101bb2e6d31a1, 001c3381134a700405dd8f62060e0b7fb59edca5]","9","0","9a911765421b74fe5778ca64a4c44bd6eff429b3","30fc0363d7530fbe0e424b65b30bb8c223acb4f6","82544697db1025867f6956affa1b282f8eacc5f0"
"https://github.com/cufcq/cufcq.git","20","2","[918ca870de178c41ece5f5f78588f3d3a7b6ec9f, e2aabaae15005c6696ebad665b9f581d2216f21b]","0","0","918ca870de178c41ece5f5f78588f3d3a7b6ec9f","120bb6721bfce9b9fb629ec7923f77c0545d7ea3","71b0629b0b42dc5f8d91440a13d57deae1739bbe"
"https://github.com/cufcq/cufcq.git","21","1","[f3abf6da6146864a45b6104f1139aea35ea48f71]","4","0","f3abf6da6146864a45b6104f1139aea35ea48f71","90e77d24929a1cdb86d3f5a860537cdcc72f8e78","c1d4bf6759656c4628a087073188aae5ef363ca2"
"https://github.com/cufcq/cufcq.git","22","3","[99b357bc732a3553d3b72cecd8aa1e5e21b79230, c9ad9b2e580ae2693d3611eb35a9e4e1ea65bd88, 855f01ccfce3ce8d7dd553db5e440104538d61c0]","1","0","99b357bc732a3553d3b72cecd8aa1e5e21b79230","90e77d24929a1cdb86d3f5a860537cdcc72f8e78","c1d4bf6759656c4628a087073188aae5ef363ca2"
"https://github.com/cufcq/cufcq.git","23","1","[b09c364621f4675afb501516c33974f67bc3cf37]","1","0","b09c364621f4675afb501516c33974f67bc3cf37","119c91c443d003efa3bb562a4c27535aebc1cff0","6a8537ccc5acb55f9e0c9fff1529e8030ea1ad2a"
"https://github.com/cufcq/cufcq.git","24","1","[3f2d1a5817adfb3bc7ad70e1eec6203ad07c3e13]","1","0","3f2d1a5817adfb3bc7ad70e1eec6203ad07c3e13","119c91c443d003efa3bb562a4c27535aebc1cff0","ec1e48c6d755bb83e5b97ea5199e1d1a3732f8e2"
"https://github.com/cufcq/cufcq.git","25","1","[ec1e48c6d755bb83e5b97ea5199e1d1a3732f8e2]","4","0","ec1e48c6d755bb83e5b97ea5199e1d1a3732f8e2","6a8537ccc5acb55f9e0c9fff1529e8030ea1ad2a","86504a713cbf9f9a1c5b43521e0110c6c3141d4c"
"https://github.com/cufcq/cufcq.git","26","1","[4977bcbe0e2f02e14353691de34e6db082586598]","1","0","4977bcbe0e2f02e14353691de34e6db082586598","4b26f50fe95bc3eb2dbb67bb22a963f0c1eb802b","8752a1e56cc67ace86d9d09bdb4d2656fdaecc83"
"https://github.com/cufcq/cufcq.git","27","1","[86504a713cbf9f9a1c5b43521e0110c6c3141d4c]","1","0","86504a713cbf9f9a1c5b43521e0110c6c3141d4c","4b26f50fe95bc3eb2dbb67bb22a963f0c1eb802b","8752a1e56cc67ace86d9d09bdb4d2656fdaecc83"
"https://github.com/cufcq/cufcq.git","28","2","[1366b1176703766a00472911715798e28079d290, ce1e3f3dd0f2d35bbcfbba62b86720c761e469c8]","9","0","1366b1176703766a00472911715798e28079d290","2103cca09953152ecc8634091cf1d098eac62488","0daa5b99911b4c6ebce274bcfa71e0843820fc38"
"https://github.com/cufcq/cufcq.git","29","3","[4c2ec9d1d52c04e619318270c8b451d0e45db014, b481c4a716e293d8ab88ff0259db975af0c33bbd, 7dcacaf94462ff40763dcea850bdc3e72ee0aa5e]","3","0","4c2ec9d1d52c04e619318270c8b451d0e45db014","2103cca09953152ecc8634091cf1d098eac62488","05096e2496d6b364de7c11001d003419594f6bec"
"https://github.com/cufcq/cufcq.git","3","3","[52655d16bb716f37a6ff57b2fad7d46ef418e8db, ed8516ac8306d7fd1589614cc48287e2382f28a6, d25fdca53506d13c4d0c73bf798a46418860f714]","4","0","52655d16bb716f37a6ff57b2fad7d46ef418e8db","befd4fb4f14327168eee00a8d0e0a90b61d906cb","df560f781c186dd32c1b4fea5069d0a52c07afb3"
"https://github.com/cufcq/cufcq.git","30","1","[6fd4c3c28ba94c9a1814a80cd32ba3dccfa3e97a]","2","0","6fd4c3c28ba94c9a1814a80cd32ba3dccfa3e97a","05096e2496d6b364de7c11001d003419594f6bec","0daa5b99911b4c6ebce274bcfa71e0843820fc38"
"https://github.com/cufcq/cufcq.git","31","2","[46fdb3dc9a4aab24aaa3f322143deea1eecff9f6, 219e146a62ffcd0b455160844c92e5557514e542]","2","0","46fdb3dc9a4aab24aaa3f322143deea1eecff9f6","05096e2496d6b364de7c11001d003419594f6bec","0daa5b99911b4c6ebce274bcfa71e0843820fc38"
"https://github.com/cufcq/cufcq.git","32","1","[a14f381354d778eebd994184a5cc52e7541db3ab]","5","0","a14f381354d778eebd994184a5cc52e7541db3ab","834db1b37a18ad4bf59ca7b1d81c78de8dcbe515","fc971058afbfe67179a135aba22f93a60fd29e88"
"https://github.com/cufcq/cufcq.git","33","1","[cf458c10fd6303edd40e850f908688b4df31cf10]","3","0","cf458c10fd6303edd40e850f908688b4df31cf10","834db1b37a18ad4bf59ca7b1d81c78de8dcbe515","fc971058afbfe67179a135aba22f93a60fd29e88"
"https://github.com/cufcq/cufcq.git","34","1","[1e251061798b108de7e9e0d7b60c777df9551b91]","2","0","1e251061798b108de7e9e0d7b60c777df9551b91","f6427f1de3f7badf9fed898453ca22699ac66235","6a3e601bae673658c407cc85762443f730a171bd"
"https://github.com/cufcq/cufcq.git","35","2","[ed0663cb3d3e476e2d5c429b2af418383e938b50, 1c971a5eff48d300d668e043e49239611901e244]","2","0","ed0663cb3d3e476e2d5c429b2af418383e938b50","f6427f1de3f7badf9fed898453ca22699ac66235","6a3e601bae673658c407cc85762443f730a171bd"
"https://github.com/cufcq/cufcq.git","36","15","[2f4293cf99b9ec304ea850db9f6b1128e1b2151c, 1c8d92456efbb1ecf5b42794507b71c134137e3a, 1cd2017a722f0183096234981322b06e03ee9a87, 2113cc6ba12418c87ec091bee7c46250e711d14d, 788a54f133c48be08a32558dc23bd86926f4b735, 217d3fe8f900497168876943a2663e6fc57f3e8c, 653d0b65ab693757ed3805ec2b96c0d59c1d54e4, a78be44915d89b9338a89c0ea82a1d0eb55a9a1e, a1377ca6fa62afa656dc417af5af9fad48c5d8e8, ff3ae05846228f8de81af9eeb8587077e9310149, 7c69f4abe3f48648eca6e877e9ba0faff6c6e04d, 3297ec1e18f4f433c25727c957af5af4006d3309, e0edc8d5716844aece6b8921c2904a1d1dce63d0, a0b1a90ca7dc4ea9d21b566060005a27cd1c13fb, f075827ba4b24f8ae4e4132e94980c68848fad6c]","85","6","2f4293cf99b9ec304ea850db9f6b1128e1b2151c","8d9daadbf6bc52442ca4cfb749c6cdd8afaace18","78e2b2442962164b2dc3454f573d10c13bde2151"
"https://github.com/cufcq/cufcq.git","37","1","[4ab5e05bddee4c7f2771ae41204fe422b6e381db]","4","0","4ab5e05bddee4c7f2771ae41204fe422b6e381db","8d9daadbf6bc52442ca4cfb749c6cdd8afaace18","78e2b2442962164b2dc3454f573d10c13bde2151"
"https://github.com/cufcq/cufcq.git","38","2","[a3b6eefacd2a2b94bc718af0ecaffea2f21543e0, 3b63aaf38247cccd8925b06b3b7ff28c4f26150f]","1","0","a3b6eefacd2a2b94bc718af0ecaffea2f21543e0","26743dc44012fadd80c7ddf401ade61fa2c65d59","cfe170f1d5fc0bf62cbe6652c53a2476191c585f"
"https://github.com/cufcq/cufcq.git","39","2","[f64914227f5e5ecff5baf5874f96306baa3783fb, ca1b176283954ff74c9ab631a3e5ff183e984e47]","0","0","f64914227f5e5ecff5baf5874f96306baa3783fb","26743dc44012fadd80c7ddf401ade61fa2c65d59","e076e774161abc80b66ac83de5f054d6835d7ae1"
"https://github.com/cufcq/cufcq.git","4","2","[876a95e03fe1fb07d27d8258c28a09062971c701, 847da03ebde660eae9061b5b614a8e825905c0bd]","0","0","876a95e03fe1fb07d27d8258c28a09062971c701","df560f781c186dd32c1b4fea5069d0a52c07afb3","db4b4f91b1cacd9facfbd5dfab16b6426bdd922f"
"https://github.com/cufcq/cufcq.git","40","1","[cf10c8d01b5006b011364ba486fb8479f1ca894a]","2","0","cf10c8d01b5006b011364ba486fb8479f1ca894a","e076e774161abc80b66ac83de5f054d6835d7ae1","bd054566819bf3728944820f292a1b0f0f954816"
"https://github.com/cufcq/cufcq.git","41","1","[cfe170f1d5fc0bf62cbe6652c53a2476191c585f]","0","0","cfe170f1d5fc0bf62cbe6652c53a2476191c585f","e076e774161abc80b66ac83de5f054d6835d7ae1","bd054566819bf3728944820f292a1b0f0f954816"
"https://github.com/cufcq/cufcq.git","42","1","[ba4da53e015d3d2d925b1b051d91137ebac94c0a]","3","0","ba4da53e015d3d2d925b1b051d91137ebac94c0a","d0afa6505c279a828f3508089039f5e6a29fc55a","beb86c094147438ac7e3a79825ec9daa25d814a3"
"https://github.com/cufcq/cufcq.git","43","3","[b20d253ab83edd46cc938d1cd69fb2769ead1c3e, a01650042c0cfb9b340cb02f603bf447a6114e36, a8f40d59275bbbc2bd64a670d85c0e0f909a4619]","5","0","b20d253ab83edd46cc938d1cd69fb2769ead1c3e","d0afa6505c279a828f3508089039f5e6a29fc55a","beb86c094147438ac7e3a79825ec9daa25d814a3"
"https://github.com/cufcq/cufcq.git","44","1","[42431afd6266318e06b4554c9b6d7e2de88e158b]","7","0","42431afd6266318e06b4554c9b6d7e2de88e158b","4bf72033971b8d73f1278e094fbc8576ba3efc0f","72b23a0edf1e62dd329c17ab2300317dd391eb35"
"https://github.com/cufcq/cufcq.git","45","1","[62d2de3e89e129457bd2c6b5493bde943f4e4f75]","0","0","62d2de3e89e129457bd2c6b5493bde943f4e4f75","4bf72033971b8d73f1278e094fbc8576ba3efc0f","72b23a0edf1e62dd329c17ab2300317dd391eb35"
"https://github.com/cufcq/cufcq.git","46","2","[171f7f322e3e9e9b35a76dd25b2cbae7e2c7aa26, 688097b9706888d7b7f8feb96eb1411e2e7fcd52]","0","0","171f7f322e3e9e9b35a76dd25b2cbae7e2c7aa26","8b1c57c2382fd903fc4f718ba3dc0a51785ebed6","7b89912ecb0f8d69862853089a58f24c90b38607"
"https://github.com/cufcq/cufcq.git","47","4","[89133d2db6e5c27dd4dca530a520aecce747c2ee, af96ad64a13beec89995d53cd59ff35f04d25597, b43bf5104dfd5e9ee9770a22e9478d18ac80676f, af2c7b29406aaccc0c8c5639e7e8a882dc08dda4]","75","6","89133d2db6e5c27dd4dca530a520aecce747c2ee","8b1c57c2382fd903fc4f718ba3dc0a51785ebed6","7b89912ecb0f8d69862853089a58f24c90b38607"
"https://github.com/cufcq/cufcq.git","48","2","[98db6dbc06505b989e201528ce7d375bc70a107d, 6722b7d52bdaf8f11d31789c6b9453e3c88e4c63]","2","0","98db6dbc06505b989e201528ce7d375bc70a107d","68d48c60ff5a88278ba88546c552d04b03e8476a","f4d520ea6b98cd67422bc774bc1c2b136d1e0526"
"https://github.com/cufcq/cufcq.git","49","1","[3002ace4be31c0aae15030cd4a58b7d82d91b912]","0","0","3002ace4be31c0aae15030cd4a58b7d82d91b912","68d48c60ff5a88278ba88546c552d04b03e8476a","f4d520ea6b98cd67422bc774bc1c2b136d1e0526"
"https://github.com/cufcq/cufcq.git","5","1","[3cbe29e9d5deb01d81a429d6afbcb546c92b61ba]","0","0","3cbe29e9d5deb01d81a429d6afbcb546c92b61ba","db4b4f91b1cacd9facfbd5dfab16b6426bdd922f","87dbe691484a053067b5078c65eec979b0950a44"
"https://github.com/cufcq/cufcq.git","50","1","[755a8b1313594a8ed7ac2c15bb8c05e39b682b82]","4","0","755a8b1313594a8ed7ac2c15bb8c05e39b682b82","dbe8c79791913fccdc75a03efbd13c188d807fa0","c3a693e0536c8c18e2048090a65235ac5a3c16af"
"https://github.com/cufcq/cufcq.git","51","1","[7ce332e39e37132f5a921d3659709ec17f0b6c4f]","0","0","7ce332e39e37132f5a921d3659709ec17f0b6c4f","dbe8c79791913fccdc75a03efbd13c188d807fa0","c3a693e0536c8c18e2048090a65235ac5a3c16af"
"https://github.com/cufcq/cufcq.git","52","2","[0b1e17ce0533f9f39c1ad88e4fb8b4843a6f95a9, a463002403deb380bfc4b8ee06cdbe1a8a8f5e64]","0","0","0b1e17ce0533f9f39c1ad88e4fb8b4843a6f95a9","ebf75bf70cd4b2aa44289e291135ccc6fa116a38","0ed0cdecad47478f00847513801e28977084e65a"
"https://github.com/cufcq/cufcq.git","53","1","[4ea905671c1803024a79f82cec6a814167445c80]","0","0","4ea905671c1803024a79f82cec6a814167445c80","47ae18a9e67e4b6aa3fa22819e3834f37d789d92","aa67efaa4ac96b5536846e78453a1fd890db6bb4"
"https://github.com/cufcq/cufcq.git","54","1","[0ed0cdecad47478f00847513801e28977084e65a]","6","0","0ed0cdecad47478f00847513801e28977084e65a","47ae18a9e67e4b6aa3fa22819e3834f37d789d92","aa67efaa4ac96b5536846e78453a1fd890db6bb4"
"https://github.com/cufcq/cufcq.git","55","1","[a999cef3bc5a601adc65a9ab7c19cbc537dcfeff]","13","0","a999cef3bc5a601adc65a9ab7c19cbc537dcfeff","7cff8bccff1f70bf3a57fefdd2fd77d0db9b2495","61314722304ca5d1914c1c8ac1f7cac0650eac62"
"https://github.com/cufcq/cufcq.git","56","2","[cb109e7c58d5b7130140d0b19e4e96da41bc41d1, 3c2445f594bced3d16884a1ff2d6855af6f32bf7]","0","0","cb109e7c58d5b7130140d0b19e4e96da41bc41d1","7cff8bccff1f70bf3a57fefdd2fd77d0db9b2495","2f127a4351eb786565753a4881cdd70fcda05b1f"
"https://github.com/cufcq/cufcq.git","57","1","[16e7f905f100ee841ffe6fd53f0d312fc78f8f27]","0","0","16e7f905f100ee841ffe6fd53f0d312fc78f8f27","2f127a4351eb786565753a4881cdd70fcda05b1f","1d1969675d0dd0860de36a5d0ff45b71396a90d6"
"https://github.com/cufcq/cufcq.git","58","4","[443c67421013591de5b248ab26d4716538a056b0, 3c5e5766d054b557ab125b8e706bac1c72cbf856, 5f99440b6abafb46b2acf634778c93ff9466a58a, 96f4b81c2c4b96076ddc76789fb8886c84285930]","0","1","443c67421013591de5b248ab26d4716538a056b0","2f127a4351eb786565753a4881cdd70fcda05b1f","1d1969675d0dd0860de36a5d0ff45b71396a90d6"
"https://github.com/cufcq/cufcq.git","59","1","[7db306166a7cd50d2106cf956a77b309bf06bd80]","3","3","7db306166a7cd50d2106cf956a77b309bf06bd80","98fc382099ca2c0660b7f16874afbbdc1e5a3b50","289f8849edb185ef3e251391865ccdf81cb9bd87"
"https://github.com/cufcq/cufcq.git","6","1","[fdf81a02cc0d7900a831d7c0aba359769fb45c6a]","0","0","fdf81a02cc0d7900a831d7c0aba359769fb45c6a","db4b4f91b1cacd9facfbd5dfab16b6426bdd922f","87dbe691484a053067b5078c65eec979b0950a44"
"https://github.com/cufcq/cufcq.git","60","2","[61314722304ca5d1914c1c8ac1f7cac0650eac62, b0d0cc4537b6c57683c1f61020ba83a2c5d40133]","13","0","61314722304ca5d1914c1c8ac1f7cac0650eac62","98fc382099ca2c0660b7f16874afbbdc1e5a3b50","289f8849edb185ef3e251391865ccdf81cb9bd87"
"https://github.com/cufcq/cufcq.git","61","1","[63255e4dbf6b08cd86654f41e7992c65c06b54c3]","0","3","63255e4dbf6b08cd86654f41e7992c65c06b54c3","289f8849edb185ef3e251391865ccdf81cb9bd87","b70d3480a33bf76e18fd678f7947d3a2cf09983b"
"https://github.com/cufcq/cufcq.git","62","2","[4028c0f66186a14e56f0eaf40b14872a61f01f4d, 4ee63c8cab143a76f34704dee0c68cf6fbcf3b56]","5","7","4028c0f66186a14e56f0eaf40b14872a61f01f4d","289f8849edb185ef3e251391865ccdf81cb9bd87","b70d3480a33bf76e18fd678f7947d3a2cf09983b"
"https://github.com/cufcq/cufcq.git","63","1","[32d849047e7b44e3c2d9bbc1df8048fc4fd12781]","0","0","32d849047e7b44e3c2d9bbc1df8048fc4fd12781","f6ac886c109fdaf39fe3e5273a129c0dbcc846c9","463d9b4f92467475e8a0a3a5a1e68d744b8f2eb5"
"https://github.com/cufcq/cufcq.git","64","1","[804a17291b9e77b87df652e70589e5d5ed232db9]","0","0","804a17291b9e77b87df652e70589e5d5ed232db9","f6ac886c109fdaf39fe3e5273a129c0dbcc846c9","4070665d427533b68a122cc64ebec8930d9aaf16"
"https://github.com/cufcq/cufcq.git","65","1","[81b1f99a0957ce4c9f27d834dba9f22078901db9]","1","0","81b1f99a0957ce4c9f27d834dba9f22078901db9","3bf896491259f77fa606e4035b752ca4121c43ae","8f4330cfb06f05d61c34c80e08771f671e48e132"
"https://github.com/cufcq/cufcq.git","66","2","[23b14ac0d1ffa3b1f1b91c367a6bec85f65cc7a8, 19ba915872d0c8d9f688885ee00147acb064f0f4]","0","0","23b14ac0d1ffa3b1f1b91c367a6bec85f65cc7a8","3bf896491259f77fa606e4035b752ca4121c43ae","640acb56ff95c67614245e648bb715f78abaad1f"
"https://github.com/cufcq/cufcq.git","67","3","[8f4330cfb06f05d61c34c80e08771f671e48e132, 4bc07bcfde3abfa6f1af9a2f5ca8b3171bf8dd1e, 3413d567e2320fadfc715a916e69067331408236]","1","0","8f4330cfb06f05d61c34c80e08771f671e48e132","640acb56ff95c67614245e648bb715f78abaad1f","079512a45307dd7d4b926005b3dbe4dac687e0de"
"https://github.com/cufcq/cufcq.git","68","1","[4d610027c21dec7ed1718efc3f359cfa1be98fc4]","2","0","4d610027c21dec7ed1718efc3f359cfa1be98fc4","f0d1fec1e8c7ca5247e8f8848ee7759f913adc35","a9fc9156d2fd7f50c64dac82873e48cc9f630ece"
"https://github.com/cufcq/cufcq.git","69","1","[4723b5e8f57f7091279025c29e09a4182ef92d48]","1","0","4723b5e8f57f7091279025c29e09a4182ef92d48","f0d1fec1e8c7ca5247e8f8848ee7759f913adc35","a9fc9156d2fd7f50c64dac82873e48cc9f630ece"
"https://github.com/cufcq/cufcq.git","70","1","[dbc2ad7bbe3d277c3a0791d7b91f35348f025b30]","11","0","dbc2ad7bbe3d277c3a0791d7b91f35348f025b30","079512a45307dd7d4b926005b3dbe4dac687e0de","a9fc9156d2fd7f50c64dac82873e48cc9f630ece"
"https://github.com/cufcq/cufcq.git","9","1","[047726d011676da8510fc1861166512a49e8f25a]","0","0","047726d011676da8510fc1861166512a49e8f25a","f76dc6404ce0839957ea1af1b2402a03ff4d344d","a14cb13745a89ce8265bf13c5fc901a39472bdf7"
