"REPO_URL","TASK_ID","#HASHES","HASHES","#PROD_FILES","#TEST_FILES","LAST","MERGE","BASE"
"https://github.com/cufcq/cufcq.git","36","15","[2f4293cf99b9ec304ea850db9f6b1128e1b2151c, 1c8d92456efbb1ecf5b42794507b71c134137e3a, 1cd2017a722f0183096234981322b06e03ee9a87, 2113cc6ba12418c87ec091bee7c46250e711d14d, 788a54f133c48be08a32558dc23bd86926f4b735, 217d3fe8f900497168876943a2663e6fc57f3e8c, 653d0b65ab693757ed3805ec2b96c0d59c1d54e4, a78be44915d89b9338a89c0ea82a1d0eb55a9a1e, a1377ca6fa62afa656dc417af5af9fad48c5d8e8, ff3ae05846228f8de81af9eeb8587077e9310149, 7c69f4abe3f48648eca6e877e9ba0faff6c6e04d, 3297ec1e18f4f433c25727c957af5af4006d3309, e0edc8d5716844aece6b8921c2904a1d1dce63d0, a0b1a90ca7dc4ea9d21b566060005a27cd1c13fb, f075827ba4b24f8ae4e4132e94980c68848fad6c]","85","6","2f4293cf99b9ec304ea850db9f6b1128e1b2151c","8d9daadbf6bc52442ca4cfb749c6cdd8afaace18","78e2b2442962164b2dc3454f573d10c13bde2151"
"https://github.com/cufcq/cufcq.git","47","4","[89133d2db6e5c27dd4dca530a520aecce747c2ee, af96ad64a13beec89995d53cd59ff35f04d25597, b43bf5104dfd5e9ee9770a22e9478d18ac80676f, af2c7b29406aaccc0c8c5639e7e8a882dc08dda4]","75","6","89133d2db6e5c27dd4dca530a520aecce747c2ee","8b1c57c2382fd903fc4f718ba3dc0a51785ebed6","7b89912ecb0f8d69862853089a58f24c90b38607"
"https://github.com/cufcq/cufcq.git","59","1","[7db306166a7cd50d2106cf956a77b309bf06bd80]","3","3","7db306166a7cd50d2106cf956a77b309bf06bd80","98fc382099ca2c0660b7f16874afbbdc1e5a3b50","289f8849edb185ef3e251391865ccdf81cb9bd87"
"https://github.com/cufcq/cufcq.git","62","2","[4028c0f66186a14e56f0eaf40b14872a61f01f4d, 4ee63c8cab143a76f34704dee0c68cf6fbcf3b56]","5","7","4028c0f66186a14e56f0eaf40b14872a61f01f4d","289f8849edb185ef3e251391865ccdf81cb9bd87","b70d3480a33bf76e18fd678f7947d3a2cf09983b"
