"REPO_URL","TASK_ID","#HASHES","HASHES","#PROD_FILES","#TEST_FILES","LAST","MERGE","BASE"
"https://github.com/current/vuash.git","1","3","[afb4f7ded2852515bdefa5e261a120c885916e12, fe98edf5734e0b2ddd0167f96a1582fb70fa202a, a8548b23941a16f415129ac03cbc4250ed3477ee]","0","0","afb4f7ded2852515bdefa5e261a120c885916e12","424d3266b4729ca4fdd2184ee2e861c4ac8acab6","a4ec0a5b1bc13dddabf301ed526d239abfe43c40"
"https://github.com/current/vuash.git","10","1","[69e746f1ac432f9ba4addb756e588e97cf1ed609]","1","0","69e746f1ac432f9ba4addb756e588e97cf1ed609","b82a9cdd97d600c456a6adcab1caee10fed1c8d9","184c2710d602ce9ef67546da5b3432b20696f1b7"
"https://github.com/current/vuash.git","11","8","[f5150308010333bd9bb248742944db01b4b703e5, 700714835c74740ef78beeb65d4fc2555d812db1, 0d2768fb801c5eb42efc0c4afe5ba8bb9f7431e4, ab942766529ec9d43ad11a2f1174ff46c60785fb, 6a744589a7771238df1002a82d058b2e8c7c8c9b, ec6a1535fbd92a5f15268a8f1126758e2a676aed, aef94ae99d34c307788f45613cd9ebe4cdcfefe0, 271c82b4c47f777fe263982a22c5354fc6adadab]","8","1","f5150308010333bd9bb248742944db01b4b703e5","b82a9cdd97d600c456a6adcab1caee10fed1c8d9","184c2710d602ce9ef67546da5b3432b20696f1b7"
"https://github.com/current/vuash.git","12","2","[bf484d65e9270b63ce8811db6a1b8d5a7a85617b, c4245b443425edc9ea0e0e6c4e10f2053e46f21f]","2","0","bf484d65e9270b63ce8811db6a1b8d5a7a85617b","a94368cfa17afe66d43480b82cca1853e425c647","73fa1c4e5467a5a5176773a56b402b079900b767"
"https://github.com/current/vuash.git","13","2","[097c89350a4a11beacc3962d4a9b325b55d58365, c4a9ea680b127846022f14abeba0990f6bc38430]","2","0","097c89350a4a11beacc3962d4a9b325b55d58365","a94368cfa17afe66d43480b82cca1853e425c647","73fa1c4e5467a5a5176773a56b402b079900b767"
"https://github.com/current/vuash.git","2","3","[437f4335ad0ac257c88f14c1b4f3492a6d67daca, a977b87d4f0a20843b7f08ef1fdbb53102b1e6bf, 1897f7b6aea14973b31144fc2b36a3dfc3ee0c37]","0","0","437f4335ad0ac257c88f14c1b4f3492a6d67daca","424d3266b4729ca4fdd2184ee2e861c4ac8acab6","a4ec0a5b1bc13dddabf301ed526d239abfe43c40"
"https://github.com/current/vuash.git","3","1","[919a93f1c80760354d929ef1d41976c0ac4cc6b8]","1","0","919a93f1c80760354d929ef1d41976c0ac4cc6b8","d4229c847fa60b2222801c4e743cbe24b2cf9aae","7625e29b2c055c291762e82c861105114f275bd5"
"https://github.com/current/vuash.git","4","1","[7b6293cc9d5ec8afffe971ed37f7b62598aa4d21]","1","0","7b6293cc9d5ec8afffe971ed37f7b62598aa4d21","4111ccad816eb6ef7c7bdf52e21a1b509e8133f8","b36e342c4dbbeb84b5ba0b0ceebc1817aca44e4c"
"https://github.com/current/vuash.git","5","1","[dd1f8c0b8c81d088b8f3f350d9cbee05dbad0d4a]","1","0","dd1f8c0b8c81d088b8f3f350d9cbee05dbad0d4a","4111ccad816eb6ef7c7bdf52e21a1b509e8133f8","b36e342c4dbbeb84b5ba0b0ceebc1817aca44e4c"
"https://github.com/current/vuash.git","6","1","[e7c385e7f2d396b00364561ad04e12badb3ff054]","1","0","e7c385e7f2d396b00364561ad04e12badb3ff054","cb8153ebff2bbec0b9abb1d6119db4c1d96cd60f","afe07095858ff402c4c0951a522160b5f0885c41"
"https://github.com/current/vuash.git","7","2","[b6bfa9deda2bbc749c6489dde9444460c045ba99, 21a28c0ec7f588ef04180f8e00a782f5eed8dc5e]","0","0","b6bfa9deda2bbc749c6489dde9444460c045ba99","cb8153ebff2bbec0b9abb1d6119db4c1d96cd60f","afe07095858ff402c4c0951a522160b5f0885c41"
"https://github.com/current/vuash.git","8","2","[3f1561163aae79399acaebb7063d0ac1073cb7a8, 8beb7a3a459d82a5726d03e6ae2f91f3a2ca0228]","7","0","3f1561163aae79399acaebb7063d0ac1073cb7a8","afe07095858ff402c4c0951a522160b5f0885c41","f46eee6f01a253a1e987842fa13f88771f7f4906"
"https://github.com/current/vuash.git","9","2","[33f91890d97a0e0565b93359bc5cd2054c83603e, 005ed7889039a0e4245c2c0f75b763949110fdcf]","4","0","33f91890d97a0e0565b93359bc5cd2054c83603e","afe07095858ff402c4c0951a522160b5f0885c41","f46eee6f01a253a1e987842fa13f88771f7f4906"
