"REPO_URL","TASK_ID","#HASHES","HASHES","#PROD_FILES","#TEST_FILES","LAST","MERGE","BASE"
"https://github.com/dchbx/enroll.git","5","1","[214827166553a7fba9c508f469541b03a0b942fe]","31","3","214827166553a7fba9c508f469541b03a0b942fe","8ca0bb5372cc68c8360f592cd037b0a0cf1550ba","2e37af30c3e486ee998998e2b1551b726488fe98"
"https://github.com/dchbx/enroll.git","17","2","[dff630bcb095619cd51e647ffa26de3dc08523b2, f06e74454cc19834b735b3b56d4ada035ace2461]","14","1","dff630bcb095619cd51e647ffa26de3dc08523b2","cf20a95bef895f26e14983611a85c02d56da778b","6ab2e84cac67e3ac86de8bc5a92bc018df7db0f6"
"https://github.com/dchbx/enroll.git","18","1","[06a819542b6eeba87a08faf7c856b02fba0b4589]","1","1","06a819542b6eeba87a08faf7c856b02fba0b4589","cf20a95bef895f26e14983611a85c02d56da778b","6e3d405ad5e1fa10229c19c296f93962fff1d50e"
"https://github.com/dchbx/enroll.git","19","5","[ddacec56478d1db604c01f215990e074b9b7343a, bd089b1a127098c5235a52caeaaa39d9c5c3ed1b, 8332c0a1a52d6b7ec5578193b6e25efbfef15d80, 0785e9ad69b855cac6f7b523e548056979351a7d, 59876268c757f3a162c7a70c546e3e8516e92aaa]","78","1","ddacec56478d1db604c01f215990e074b9b7343a","af3f0b9ad162494090fcfea78508c0c3031e5b8e","15f3aa74b42d6357055e0263b7039d16fbda696a"
"https://github.com/dchbx/enroll.git","115","2","[8005c183b227a5f8e3a63948ee5c093579bab9c2, 7860035a43c73b551009241f15eef5bca53f7487]","1","1","8005c183b227a5f8e3a63948ee5c093579bab9c2","dbce59f1c17206ff5d17f93120fbef3114bd1d91","5b02b471a3f0146588829d43329ec0b5e216b860"
"https://github.com/dchbx/enroll.git","250","14","[862092fedab13dc12a4d6fea1fb288d8156d5e37, 3f04c60a6130f386c873190e195aa46056ef50e0, 22399f33bf82fc83a261672600c761b44ab25790, 65f675bca9cb8f0b53cf52b9f447a44847b3cde5, 58715b09d143005d4645e738038c9a0c115692c6, e9a0dd9376586f5bf5df3b16c9e75e3520714b9e, 98731df8cd07214a5312e6ccdd3db4bb52c82d67, a4022a88d8e62f8a1ffb44fb3b0d3008b48547f2, 0b0b6f8e3469d6352457962e72c672ef59af7d64, 1213fd47bef17c37d9f4a078e886020a5b383e91, ac19e5389c5f90604fd63d73cf35334f62e32efa, 383fe3015450cbe52c397525df7c6841c343b01f, 82f9adb41312b2a71e0f63628924a44d93c1328c, 8ba3b2191c3ff2ffe0c214af939a68afe81c8dc3]","10","2","862092fedab13dc12a4d6fea1fb288d8156d5e37","81f3d0473e1ccfbedcdd9bf792aa8cc0e349ec0f","0f5440ab7cf464451aef1148d44ccb0fae84f198"
"https://github.com/dchbx/enroll.git","300","4","[1ce1f8f5d19558f4ac0157d1d72c6bd828a7eab4, b818b0ccee70be699804179306fb033b09df74bd, af86b30f9730e42da1c32f4361555951d9ba10ba, e313c156a7eb2a73770aa47baa3d08fdf26ac13a]","6","3","1ce1f8f5d19558f4ac0157d1d72c6bd828a7eab4","bfa65e180f7b4da0c7cd74bfabd6bc5378c912be","10030d3b4bf71641ed2228eba251f8b9f3887624"
"https://github.com/dchbx/enroll.git","336","5","[a84647061884ef3ccf60128f0e2a06f3def99559, f235575e5ee5df75611984abaf650b7e51502b24, fa5551e6fa789499957e06691718911864769f90, f80ff78292a81e61d2e06cd5d3bac78c75839f32, 6d70ebe654118c3e9c677ba6f2052d0623396f60]","26","1","a84647061884ef3ccf60128f0e2a06f3def99559","b4f3625f28f2ab25b154c955ea00eb53eb5ed345","8e136072eeadecab8f4505f54a934ab14924a78c"
"https://github.com/dchbx/enroll.git","455","3","[1fb4dbf072d2ef19be3b378d76bb3d0f7cbd2972, c7534d43357db81cedae2502dea9ce3e0a69d539, 4542f516c4c654dd9496da089a9e00b1a2a5c28e]","1","1","1fb4dbf072d2ef19be3b378d76bb3d0f7cbd2972","85e499997dffebdec33800780a9d90317496be0f","dc3f42d4e844a9bd207d5dfcee1bf2b283587b8c"
"https://github.com/dchbx/enroll.git","513","2","[d46533dcfedb05c6634fcd6686f540c792ee3734, 468b5dc79380942f51a29c4da18e53611bfef134]","2","1","d46533dcfedb05c6634fcd6686f540c792ee3734","dc81c39ae9abf2bec5fe1e569559a3a8018538c5","c337b96a7d9984501fe7f6c0779260bfc396990f"
"https://github.com/dchbx/enroll.git","550","1","[f3ab9a9add3929b1aa1c811cd93930e8a48a88bf]","6","1","f3ab9a9add3929b1aa1c811cd93930e8a48a88bf","527d57d4515b4e544f35bd230cd888e1005b1f11","78efabddf64a2e385235be68b1b3d235fa859573"
"https://github.com/dchbx/enroll.git","554","7","[894711684e0c649a53443788c2779a6793bd4184, 84fa68e33108cfc4958617954040a2b97adedd6c, 7ed7a1a6c978ba151649f724184fc2843abc1d21, 038ee4b42fc08346e6842a686a75b1ce8e1c25cd, 27c5900d4cc457a18c9b045d1cd7e87708d0700a, f9b6974ab91ebc8b2620f83bc1914ef1f16d076c, ca4278dd2077e150c695466fe83bd6dd3575b4a0]","6","1","894711684e0c649a53443788c2779a6793bd4184","78efabddf64a2e385235be68b1b3d235fa859573","44e6662a5dd978714fe6124b265c646e156a13ae"
"https://github.com/dchbx/enroll.git","586","8","[967af75907e3147d60d124d413935c9de6b83db1, 0471ca8792a58aef3c3521874acc6c64b46495d8, feb347e704c375238989114f6055f0275a3099aa, f6aba067b2ee6ee7b41ddb39be135dfd66b71534, 40d193409438cb6e3d66c7e511297489d3d092a7, c2fce4f6cfd229f1403f5de927d7f84cdcc8229c, d88ebfd6c4701a4899174f7338a9aefe18faea8b, 4a5c4f2e32921ab86a9e1782bdc76e929c6791e4]","6","3","967af75907e3147d60d124d413935c9de6b83db1","102e19f3032112b928eb90a1d59ac2b53c12473b","ea7b9ec3d2a28d1f6c52fd8e2056232cb3a655a4"
"https://github.com/dchbx/enroll.git","635","6","[b45b9f2b1f593a43930363adfd23ab53b99c3d75, 29e68c278d83e4d518bac741f97aa8fd369b2d66, d1e14d4637f24df40ab29f2ee20a61d079e2b8a1, a80d8f9a78f620632cf31d863cefcfd43b89cfeb, 28d6ce32134154ad240f51c75e7169453b8a919a, 838dc4b03d020fe3f6aca99201f6fbb539e900bb]","7","1","b45b9f2b1f593a43930363adfd23ab53b99c3d75","cd38aa8c45374cd59e7ce670ea1191c323efd7fd","b09a0de72f83de3b12fb3165b9d335685dc0f82a"
"https://github.com/dchbx/enroll.git","641","24","[17601cc3eed06b4320ce7aff58d4b7f936504376, 1b1535c5e36418887733b56192c02dd66d5a4395, d88c20285fd76be67794b8d2e21419dcd3db014c, a06fc92b4386d0e912234ac8ce635e0940cdb660, b424220c86f6d6a9e932f06553b3ac206e83ec82, 947dda2a0cb03e78f0d70c27d8adf10988340bcd, 4a26f93a6cf8a2848bc71dd376dab778d3ec8f28, 6706a9a828632967c9103c02d6c34822d434873e, 57afe49fa567e878998e8c3b6a9aa0b66fe2f34b, 65589ac41bae28843b134fbc13853bf4f8fb6367, 0b40d917f15d691f6a4e70197799caed08b34d65, 8b7f2ef3deebc2c09099950178c8f6cc44f496cb, 0d182e8a11974a030b483d88e730e1f83894b3e2, 6b5ac6dc5f57b172e4d6148f30804209810c9a8d, 1bf0aef420e10d4326fed02b16f5de2c81d68b50, 5a6316e74024e3198f52edf1641fbc1a87019205, 5b794dba6277acf8295b69c49f681f95bfc9f414, ac2a36e6eabbb10ddb5bc2fc56eea748f3f0dd88, 3784a933be9b5311313c1c852e83a9ed866db120, 51df4b34b284fd155039a387ec0fbf49baee111a, 78eaa16dc698f812ceba8f1c3ec6e2af99f98127, cd76e2969de723226b7ed70a500a7a7def46fca4, ea6ee4e08c8a33b56968f27290a8d649f65bb300, dcb4e9b54c0223d29321f5fd64c52cfc1ba565c3]","18","2","17601cc3eed06b4320ce7aff58d4b7f936504376","a3aa4a1dd964d32653b90a2c3c42a56b7f783fbb","44c916a54928012de4409042973b3cc8cf3ca20d"
"https://github.com/dchbx/enroll.git","697","6","[a1f9a758f4e8a2156c8cc5b4f1a5206cbe3a567b, 39a660199f7c1823ef08305f87fa00164afaf72e, 72b1885d2720463c3f18cb4c9e3a2d867ace885d, 7ccd8ee99a6498224410f49629a66909a03b50d1, 7ddf6d96771cd2a5148515094ce063a55fed273f, 7dda303b4467b1ffdf7909be14f85eb2ba6f4305]","4","1","a1f9a758f4e8a2156c8cc5b4f1a5206cbe3a567b","05d46a9101f5a323ef111ae8d85c6d11652a001d","f2f6ae12a5f7ff75577e24de7be610f940a94604"
"https://github.com/dchbx/enroll.git","708","2","[cac5ad532bf291510482fc218c9b5d611950567b, da73d93590fbd3395fd5648b3f84f3dfd0422ca4]","1","1","cac5ad532bf291510482fc218c9b5d611950567b","ba1ecfdf33221030a9090152589b0fd37023e71f","057e4de28b07b19898da98b7e0a54b0e66921306"
"https://github.com/dchbx/enroll.git","715","62","[a427bd26291799ea34b789ab61116259a6701e56, 66e8545b6b998cc81d8429b15236ec5e79ab2e64, 7e4e2480e4a1e5bfd15e77fe518550f56fc26488, 7b9852d1f22c4127a5a0e613e12ed64c5c85023d, f9650c2050c224beb1123e4674086f6a01fc5f77, 4f3c6f4ae00717e05a9bd96e54dc425160c6a4cb, 439ed0f3f905c49300800c0c3f0062adf474522b, da406ca5de0979ad9d3bfd5e37041551a57e5ff8, da78a1784261e384a1d3f4873acbe8c837b9241d, bdfc50f0b655f27842c8612fa37f925c864efb8f, 1a09da8b98283ebdc4c7a9ac9dad7f0d76b441b6, edfd0bb1d1c0f0d51ac334fc7d6115d5f1717f34, cafa57e4b6a5893107a06a6ffbe3a8aad664ee4f, efa3bb125538d989663e3fddd9a67e71b2786695, 34c408b6d8ec532046d951c8191aefc6428b0111, 5276ba24e6415cb15d66b98dedbe741bf6353373, 76ab4b9861e97bf3432817627f05fc915e230bd1, bb647e1b2a17f87113890e4dd4b8791f08cde6ec, 347c52be3d6a0360fe68fca90131ecfaad36e189, 6b96cd5bb4996cf1944f0cabaf0052da06641ca4, 23316d4ea2e45004eb887168714bd9ba063f89c4, e765d3d02b3db124111b23066a48c3602e869dc3, fa001c88c6b063497f67cccdba5716186d33276c, da99d586a11d6b9e20a4109fc44ab104f78e0628, a6906e18b03507af6d8a9344fba988839dc508cd, 109df2c171efd31834082e0786557b13db98d011, 003c3811fa7af7a7f2cd0706f3fbef959b05bfe0, c936ea09c1326b985d1b674ed7c94d7852dbaa9d, 4b0eb6bbb2040447e9107d7f6b57d3f6bd5f077a, ddd60554e66c7e83e69bf1bd19ccfe12209f5101, d6cf0ee27001cd4ec2d2bdb390202b48aa6a7629, 5bfe236959bb2d28045be95f3a75928c981f5136, b288a37c6dd16cf6681a7b53a83e934e62d283b8, cac2c031a740c53914482ff381356d79139ee5a9, 4c3b7f8c497bf13f96a1f938a9c266dfd3fe18e3, ae16c91c8629c76a49506146b472157450624386, c94fbc07da6805d15591b2ec74bdc021234492a2, ed2542d85515b913fa92538cfb03590c07419dbf, e06e144f521ddfad5e08efddef54fb5b6540d77d, b4a90de4b7cb218229001ac97db71fe30281a115, 233bca1ae61a3ab434916dc71588f56c82ad6730, bb325dd55a3f0a0692cd529fd48c19c90229bb65, 1b98091c7b7c0095239b2a08280932cf2496f5fc, 7ff9fbd726b5b1830a6e2547e5695decb7a44260, ac327bf6e1f9b28a47757bf8e455d663d8bb772f, 2f01ef7b48974ac6516217e2ec6fb62fd4a78fcb, bc15c4f4045e0a75aa932ea151167ba06a7917f3, 430757961ad8fe5a73b9ad8b073aeb4229262f48, 8c422cc13c684c047a1de8c5a0dace5af7e4a099, 52992a9117ecd2b00663ae77c4183dc0aa45e5d1, e1994a98e537482cb3f004ebea8287170dd0d8ef, c2d92e4b7096d3743a72c1aa46cbe053adb08f0f, 86db3a4d4609548a2789e19d882e3ace3fca0fbf, 243f5cce436b40dcc394a66a0777f3338d152b75, b364bb269bb0d250e5d79907c3b1481276232329, aa393e42395cba2dbaa06e14240f538b6b53cf0c, 454b0d68d70bef1d687fa771da23c8a596c8565b, 1bbde7475790c63edec1327139b866af0ef5a676, 1baae5a70344bf6b650d12d01acd833fcefdd62f, 465e3955110167ba1bc3d156e125312516a3e56c, 3b33adc1f951f5607742a320fcd0feb9050cc669, e869c83640802517f61ffba9d252c60fb0508dcd]","35","1","a427bd26291799ea34b789ab61116259a6701e56","6fcc942b832aeecc861633d6766d8b3b87f274a2","7dd68f21c68332ae202dcd4c2955a2f539168f61"
"https://github.com/dchbx/enroll.git","716","58","[47530e2280178d17d9997b9ae5d2ba9863f1479e, ed1783e75d123bd40df55ac487a2cde769334b5e, d36d3e825d8277d66b15f5973114eda660ea93bf, f84f7a9c674efc02e0e1cf04cc7ca9bc773a5b68, 2728f0ee2968a51381d6b05adad794f0a3ac0ced, 66405107e4cc6a02b6d5e94f6c2cf56e4fb3a38a, f5d6d3cc0a4dc727753e5baf23fe4a62132d151a, 6531fbfbba3071c336a32234392e4fe547236507, 16957e4162f021106707fb7601ae4cde36935322, 554329339ba522a72e48efe30bf2e9efc21904f7, dfc69cad3e0f9f5c2e827136cdb9023aca1c5b9a, e7dcc78703e11fd2e5a8f1d58fa65cfeec8f7ad4, 37d7fbff5f4e1a3c6a01618e63e2b8cb89386d99, 52b3f35b92066040206a65600fba5dd04beca97b, 8d859f2e8288c960247aee5afc5cce2ba05318b6, 66af0b60c072ebf8eee2050a34234491c78a1040, bd02ff2def8f408a6c6bf3345087f32610e4b343, bbf1e1c7d90e7ed5a81fa3d3e5709fd5758c1803, 8aed5965c591d848dedc69bd8c7570bfbe0ff5f2, 1148bcdf9c65d4085018d43d40eedb602cb64275, e86420319e1d3a2935859e9df131f4ec5a68e8b9, 19c1485dd05271a33bac06fd8cab4d5ea2cffe01, 539dba197ff54c6bdb59a4ef6ddffdefe2dc190e, e5db85cc4e64e6985c3f20d1f6db851d20f6f70f, 8b4b30b48a025e560eca18ff80109a55babd3d27, d57cd37d7ebb1b0b99453d98a8208c0f853725df, 1ce4d1ace8e74a8df9769cfa9515525bad18fb03, 68e81aafd6719c717a38917badd55863dfd66c3d, a0481b87e2ecb9b65e17565e5f901c167511bba1, 9ccfc574b96933bd1c123553f596f142098b8049, 92b5a22044ad620760baae49949958154205efa1, 1786beb3514b2683d3fa8e2984c3f454fcabfc0e, 87566847738f72cfb7e341625626dbba27abf24d, 2d82ac8e0d905ac3acc1f7f280462457d0d2b434, 1ec3b9ef1335f4f1a5d8d7365bbc171272389c02, 128eacd3152b6527a1453b23295064385d3bd884, 8bc25c7c647ce648d53db039f5da1118825ad1f0, 75c8b0db618d96caaea7d3e91a1e02a5798c0aab, 2b822977ba188130b83d10ef05524088ac4a38b5, fe0ee7bed4bab92b9eae38055671762dbbde7734, 3ccd5beffe7fa38d7fcad69bf8424481ed335472, 93a99cc018a4466c220e9b64f20129bf0a440399, c66199cf3f587ff7cd6ff08b41ebb5a467596811, 71d5215621f4d452c38d4fe662e26bc6343d29b8, 1b7cb8e3cabc0b5b0e124d469b8aa707bf203b55, 6192ef24b70c829e8348228ec0ec40367c654791, a1212fbf6f214c3349be989a45ce79fe1d872dc2, 6f1156d5e368c603490539bec4ccb7890dd00f05, 9f86e4a44fb350992663b3b7ca5baed3a6fdd6ea, 82fc59f673e365b119bbc1bd3a48ace2a15303f6, 5de9f79bd3a0927292dce341c64a931a6ce42496, 9f5471669706a1bff568e2d2e8ce5b0f15cefc8b, 0bf02007acc0a4cd3e7981c6cf30f0cf6d8dad35, 7b3edc5c9bd4bcf2a6afd15539dc4092d744c10a, f5e28fbf7c1eafd2c692037bd66c7a6fdce37792, 37c019189ceef18a465db37257cd905148c5fce8, 19a44f32904daff3202df8b58e59c4e7ee3b23e5, f2b56a26f09cd65b66d57eb28f8733a86f5ae893]","33","1","47530e2280178d17d9997b9ae5d2ba9863f1479e","6fcc942b832aeecc861633d6766d8b3b87f274a2","5c0f9bfa2e54a05f4d6ed20cb8c7b5d4db784d7f"
"https://github.com/dchbx/enroll.git","724","3","[c1f20177333d8e3a167470deffdb96c15aeefb79, 5b45de0047dff4bd60785db6716e878f9b7c8957, f8cc82c2e03128e1a11c76c6b1b1aa435a3eb800]","1","1","c1f20177333d8e3a167470deffdb96c15aeefb79","a3d2c829dbf2c4a75c6999806d03258f46a8dedc","dc24d89de2c34f92fcc400ac56e913ae7a89981f"
"https://github.com/dchbx/enroll.git","747","4","[e66c4ee82831430a91790fd18456b823ddf341ba, 2f41fda35d96b657a52e9a8283555f351b734b51, 60e7e134edd1e92859602d1d9002d05015d02bf4, de41ba10ec03f60887f013c857b84281eb0baaad]","2","2","e66c4ee82831430a91790fd18456b823ddf341ba","06df6e210a045b05722f4221ebb6c85682d1f07a","19217abea74d94b95034f64d7c753a89d4dd6e88"
"https://github.com/dchbx/enroll.git","789","2","[f4c3147d46085ebf941eb7f361e7264c87e25390, f7295d6bbe710502e298969fa52b1b46326cdb80]","11","1","f4c3147d46085ebf941eb7f361e7264c87e25390","393d047f4f39069d0e2305b3ad05de09838f48b8","b4c6404965516f3e4d3db0d085d94263c00baad6"
"https://github.com/dchbx/enroll.git","801","1","[46cc725bfe565cb6cf67b6936aea2e593c315016]","11","1","46cc725bfe565cb6cf67b6936aea2e593c315016","9959c9bc7fd8c02d3d90e7904bb3169e6cb5b467","bf3826f4f661e8d623a2e6df1bd4f159e22e2f67"
"https://github.com/dchbx/enroll.git","826","5","[4b0b2c49005ef3eed800ddc16e217e50784186f5, 6aac9216e7706715384fa3ed6d642c5c9b3cd749, afa60e6cd252382536fbcea8dbee9e5857f597c9, 2c1ce3320662d98ad91a6234882a92b951d042c1, 0eb0f3c49abf8a0d54ded403b17e7829d6303f16]","1","1","4b0b2c49005ef3eed800ddc16e217e50784186f5","fffac164ebee9c33f46dd996f696345bb30520d7","b92d7ebbcf3fa64083aae9003f864775fa03b6e1"
"https://github.com/dchbx/enroll.git","832","3","[1a0451bd6f4a00332a1a72e9f9acc449ec7cbe81, adbda1754c9a87128ad86a205085d052d7e5cd67, 6d888b4d5d149ffcbf4d544367ccf3cb2f369838]","1","1","1a0451bd6f4a00332a1a72e9f9acc449ec7cbe81","88978faa105c57f62eba11b04b758884334a4ba4","b3c34ae04a0045ac4ac4c386df3bf8bc1992284f"
"https://github.com/dchbx/enroll.git","835","2","[6cff661f5a1fdff6a196a019093701022917a167, 8511d4b76f227dd180fba5b20146260e54a0e836]","2","1","6cff661f5a1fdff6a196a019093701022917a167","1f13aa59221dd8f102bc3ac06630ad715b7d053a","cf54102f0ed13534c28d384d63c775fff6153280"
"https://github.com/dchbx/enroll.git","836","1","[122de15884617bb13f4b5f3c129f6f38ff08f830]","1","1","122de15884617bb13f4b5f3c129f6f38ff08f830","1f13aa59221dd8f102bc3ac06630ad715b7d053a","cf54102f0ed13534c28d384d63c775fff6153280"
"https://github.com/dchbx/enroll.git","875","2","[45140036c18098e44831c1dc33a3f3055a425af3, 0f27bb5a0900aa67ba9e8280cc60efb1d35395f7]","15","1","45140036c18098e44831c1dc33a3f3055a425af3","2310edf960bbb3ff906284609f7b9b639b303b75","dc7db18b1018ce58b04ac13a1b7226a8a45a7d23"
"https://github.com/dchbx/enroll.git","884","5","[2e3970f317b773960779ff7040d4827337b9b4d6, ada2fbc6c3d9f1fd90f9abcb328a69f2936dfd53, 0835ea41c47d245ac7fb6e7a77b86f60a5f6e2d8, d76ea0c4192bb4391c4aa2592688bf289f7e42c6, ed2b961dd1ee13e2d905d551e232381f0a119613]","2","1","2e3970f317b773960779ff7040d4827337b9b4d6","2a18e28a46715112c0a69a1bc3c6c0550f55f418","195fa73c8880782e24e0d2799795f8e276816001"
"https://github.com/dchbx/enroll.git","894","7","[e3bf67182fad1b454821338c99a3023a5496acf9, 7e3f318eb8568a8b63905066cf3d2daba42c2240, c24fdee34fa6c8e985db39939b7199effa70b66b, 29444698159a0348b645ccba4a198484c2dc3d7b, d2f1e8c5019d591f7c35718caa32931f2f39c90b, 817a2447000bba45159823b639c601349ff86e6a, b2ca06b3d620bd41bda47c42b9d7dc370b06c9cb]","5","6","e3bf67182fad1b454821338c99a3023a5496acf9","7d165504f2810ac86707178dae047a917a63eb6e","6b7f0e713aa8ddb55d42857231d2434df94e29b9"
"https://github.com/dchbx/enroll.git","1089","4","[bf6fae4ab9f39e16dd1cd1a0c901a9791c442f95, 2111369b8f64e116d205c7f797bc842ed31129b4, a953b19dc99705550d36072199e3d89074de244c, 728d5c654dd3583e317ec52775bbb3323c10a17f]","6","1","bf6fae4ab9f39e16dd1cd1a0c901a9791c442f95","49a9bb0cb5a1f14ad533d4da24915c83379e89db","8d78987912483bde7a9b8db46ce12c1619f5e61a"
"https://github.com/dchbx/enroll.git","1144","7","[f0aa620f0192b03f358e2d7dfe60b8834bbda0bf, 968e3879b2cb168cabde9bc612a45cc94844d608, 8d78987912483bde7a9b8db46ce12c1619f5e61a, 5bf2ca3a564dadf914025963f64c166e648842f4, 6041a51245b01ee40105b7b1e74978f8d3e6107b, e2b67006a89dc4f8a2c8c9e82672e58ad49f824c, 0a4bd6b9b7a80b2e32afe9f346ad7c594f9a7196]","6","1","f0aa620f0192b03f358e2d7dfe60b8834bbda0bf","dbc972b590746ed9703268deb602fcc805f8d9e3","4b572f46a4391f23806dcac4773832e84f769b8b"
"https://github.com/dchbx/enroll.git","1200","21","[6e148e47c68f261ff159538e35c62d8a433218b7, 0ebe56088083ec799c3fe7584698d13188b123b1, 5c39b4fe6dd864e709daff00d005a5b7c498f360, 58f08e8ba085a435360e1b7271ed26fea1af177f, 5e1351a91de2d5b79ce04171a76779820087d263, b0269a35cbace68f8e045149ab6a098717346bce, d2122f0cae7849f3d585e2bfed037c6005488854, 4990cd38e760b34e2b07b189c25b38fe352e9e95, 3ed27ad53baeda15b6362e67b5e9e094a07c572e, 44389a01e3acf3082a8ad7a9ded9f29d7f768a5c, e0f2593cecb7b7ed85828a7784c278f9e9356819, d37135a62d9038e6222d92538abf7a5edda61cbb, 2ba745ac2475a490a43cdaaf269b3780d41b9088, 3a0278609ef6b2a6ea2d7b041faaf3ca2452bc4d, ae3ea871155bfb78e5118693059b831a807d9ad9, 4801f073db3b67f68ad2f648f0c28fd0d6d9bc2b, b9728cd8408e43706f4e283d5908fdc3c26eee48, 5c429781e92fe3a330b554f944988349b77bee4e, f0cbfe10b82d0eecf6203158b4b131d036964a63, c048a8dfa7fe0f9bbe367bc6fb45461810fc890f, 3003829c2622c0eebdbd1a50249a3054bb4ac7fd]","8","1","6e148e47c68f261ff159538e35c62d8a433218b7","29c2dad78e773a6de40281cd71d6fb443e929023","b43ca9bd6ff5734e91048edd1a785076786abd1e"
"https://github.com/dchbx/enroll.git","1262","18","[85343145d0feb2e2d43043dc94ea7bc267bcafd3, 74a7bc7fd9bd5cf0a67b28699bcbedda97aa40cf, a40aeb28b5459c8019908fc4a22a0f8962546d40, 15fbf5e76880a808fe07718df4ca6bb5ec2c1588, 6b13b546cd98f377ea02e9db3a5fb3910b02ff98, 79ad65e4f272ce8b47d182e9c9bbbef0e05e5c17, dfa7d00bd230b975f8a23973148d43eb53114359, 87eb2fa052db0a4b9c4e6ba6d34ef46e8928e83b, beb1182b170ff4bca92291358c6e89c5e7ab4aaa, 335709b3a33e71d1c4a0bd7c9b5a5f20cf68202b, c8038f1cf46867bdd984c895cb496a40f01229d8, b940d7e9a4c2b1f740e5b621a10767921e2bf42d, cdfb42059e78ad8e04e61d09db1c02efcb69e56a, d4c97ebeab6a6b5c9ce87a9f51a9ac151a063561, afacfb13ff92880f46ba7a4f94ecb16f3d54e06d, 920e56ba3a0cb254d5d61bfdb2cbde90e46e1ad5, 2719405ccb900ae73f82e0c94d62dcbf11014d1a, 5b556463d20a31e190b288c10d21b18e62bcc2f7]","9","6","85343145d0feb2e2d43043dc94ea7bc267bcafd3","b43ca9bd6ff5734e91048edd1a785076786abd1e","ce936fbe30dce6993b7d39aedc8794c597cd9bb1"
"https://github.com/dchbx/enroll.git","1267","2","[4f22172041b609d0f15d90bebf471542c1e341ea, e9ae3d585f2d5609bc150af6ec280671f69db4c3]","3","1","4f22172041b609d0f15d90bebf471542c1e341ea","4c55e318b12afc4026289510bdafc634814206a1","7395e772c470818283b6bf544280e57a24db861d"
"https://github.com/dchbx/enroll.git","1326","5","[c4261ec9384664057e65d9b3916affecfb2988e2, 4c3de4ea4712a82c528c413bad23442db29883ef, 91a65852b657e6ceb067784974fd1ed5a8f477dd, 480172dd7d26ca70e342e02178213ff71bdcd104, 913bd92974c5ac7b0ac5abbd4a151bbcc4665556]","2","1","c4261ec9384664057e65d9b3916affecfb2988e2","ce936fbe30dce6993b7d39aedc8794c597cd9bb1","793404c084f163a769eb7ffde1e8c0faa762495f"
"https://github.com/dchbx/enroll.git","1327","4","[974fe700a04ade1459e17d6b2f78ad0d814ad6ff, e2fcd189b23497242ab17d6c5a0420ccbe57b00b, 291470d36ee512ec18ebfc7608baeeee7b25047d, 6b5e703a6bd7c836d253e4abb5457d97986609af]","2","1","974fe700a04ade1459e17d6b2f78ad0d814ad6ff","ce936fbe30dce6993b7d39aedc8794c597cd9bb1","793404c084f163a769eb7ffde1e8c0faa762495f"
"https://github.com/dchbx/enroll.git","1347","37","[cb73d7f825634ef9868b0df634d026053ff98216, 599e0e6bce58ed9983910f745fb3e44851199319, 37ac2cca27df0da2795e3931bf3beb0d384414d8, 9ed4d5c72a273a8a7457a9ad56b42b6cf9a87065, 3aef5ab028438265e9033822c463dd18375d8eed, 12eb0b3b8243c09908f330bf1df71303780595bb, a17731c2f4b432665b8b4473b7e246e1ad97ff8e, 7c6fa2e448114c115142265c49706d74c66dd095, 85e323e29d15691214f14c891fae269af714992e, 1b1d5be5dfd77cbaa386f4d778d85cf4bc7166e1, 0382066b999a9627e01d174ef87b206f3ac69a02, 39c2bfff6cc9c813fdc4663d81b2f06f7d4aeb52, 518f699df6917a3f9b9493e6ff99d40fcb460aa7, 21193094409301e5cd1581319a5d019e5a449323, 0f0b4cb73f3df86beb11a0be2eab08f72615c588, f616746be64ba2a04198f58ce3b165c13f81722e, 95d06f8eb897f3cf72f1396e98126693a9cc863c, c7ffb5579ace32afed87ba2022b848a3a035689e, 757b682ad23f6658d947543b79e12937975ceb82, 7102db0cd2535e3d814abddf82a6f25a2a0a49d4, 8f8a291bd36fc6ae3724e19da542f1c6831f8a37, e4dfddcfaab6ea694fb7dd1887abb5203c3ec485, 9c9417de0a322086c04cda284bcb2fb2bbb16fc0, 2a224e3fd85445eb0bac501ce4a0290bfd9ba838, 00d0076ce4164f50f45912735ddb3d0b5cc431a9, cdc409d1cd52b1a9c9ac0b720271f7e47839a388, 0cd7c3de048ddb2a19a7b9b746eafc709920c56c, 9e2c99a3d90d60d8333db257bba2c08891daa833, 67e3cfc93de686c25c792f37363671a79fe1e410, e054ba486eca986ee398b9277fbe1fb19f51131a, 0abd7ec8aa8123e5e15c2e5a63122f3f9be01c5c, a3b9d6a8fc1c997941e508939193a59def36e91b, 974e86bcde344860811d3d85dfb926f8fc17a353, 7feef03814cb24be55fff17481168cf1bfa8b3e0, cf887bffaeeef671b0e8aad385057b183c74cba0, 8708ce73e52eb9cc156b02648b59f28568905cee, d68557a05ac56e3a77de5dff18a00e7c247e3c21]","19","5","cb73d7f825634ef9868b0df634d026053ff98216","99521d980776f16568b8045ea2fd4f5d3e8acffb","7395e772c470818283b6bf544280e57a24db861d"
"https://github.com/dchbx/enroll.git","1386","5","[4292f374810f65982dc126bb7496e57188d2ae16, 4bf01e505d0ccac9cbb61b48d96e47f6d9fac8fe, 66ae305c562c5bba1ea21f19d415c17589b3a523, 02acf968595ec60eb59ced1946fcdb2f2bc33890, 5f5592d7ccce5a90ad4fb1a6ea17fa635922e7ea]","20","1","4292f374810f65982dc126bb7496e57188d2ae16","e30727b93fe8c7140aa6b3287fcc274dc1bf8962","b8bc5083f73ccbdfb6e273e5569b790ca3f8d3e3"
"https://github.com/dchbx/enroll.git","1439","5","[cc636a68c50b11f823c80b25171a16aaab5bb8bb, 9f36f8a6079508325c90dcd2ebea1a99111b6bbc, 628bb0a3801785f42e3be8b94746946ef032b498, 9b7bf1c102496c72265e5f4bb0f711822b4b3f2c, 01989d01d4b3bc421fb1a3943459de349a571d47]","2","4","cc636a68c50b11f823c80b25171a16aaab5bb8bb","6b7f0e713aa8ddb55d42857231d2434df94e29b9","25eea7144d9a62c6b54a19bb632bcee835c965bd"
"https://github.com/dchbx/enroll.git","1451","3","[a659ea893445fe9e5f4c037c2566cb1eed5e6576, 69ca807f493d5a87caa9204e3ecfe126d92f5e30, af6d02798c21321e269dfdca26b83eff33ba4d4d]","2","1","a659ea893445fe9e5f4c037c2566cb1eed5e6576","fa0c17ec9e6a16cb4f8d34fceebb11fac4ce3d9c","071535297c15cf807c790af96668376889af5e21"
"https://github.com/dchbx/enroll.git","1643","2","[9794cc1bb760ca00b6e9d82bf972989f7ee83736, b11dab4d87d19adbd920df0580ac1dbe776d2d21]","7","1","9794cc1bb760ca00b6e9d82bf972989f7ee83736","2bb93ff4e2583de99072fb05b206b758eef023ca","3f62e971709994956e0e5870844213f83a47d9ca"
"https://github.com/dchbx/enroll.git","1682","2","[4e950f5a629c9ff9c238a3f5e2da9d038c386f43, 25cb540be4ba78577d7e2818b8873a1f86349cb8]","1","1","4e950f5a629c9ff9c238a3f5e2da9d038c386f43","4b0390de1c1fe2637d1640380db0b2503eb5a970","8f9810768d1316d206d8dbf27f3e388e2843b7be"
"https://github.com/dchbx/enroll.git","1730","1","[3010e8f314d41304f521c0c222e86a0abb3de35a]","5","1","3010e8f314d41304f521c0c222e86a0abb3de35a","21d9ff1cc9cc5c30aedc297e157d3a1e8807fc95","c5b5443063a2200a59bf5ba2583ff1af41c67be7"
"https://github.com/dchbx/enroll.git","1819","2","[1cd73e9d87c3fd42460c9fdd7fe843979d11ab89, 23079c02b7e8358f47232cfb707301b4340f90b2]","3","1","1cd73e9d87c3fd42460c9fdd7fe843979d11ab89","4201c145eae04bda964bff1b589e1c75dbae8523","a7874650c321fc92962a8a87dd7848369d5b9137"
"https://github.com/dchbx/enroll.git","1836","3","[46a1fedb55e4579bc5f9ed752301850200ab8a2c, 53362dc6bbd7a51e0a860613853ee2f881116396, 85be07e4233b01e5b10b47e386953740f1d5d56c]","3","1","46a1fedb55e4579bc5f9ed752301850200ab8a2c","451d5d0d77bcc6af716d87f128f5337577f831f4","22a2b88da1d09525d24ec0ec5df6a4bfe93c8d08"
"https://github.com/dchbx/enroll.git","1855","2","[1d58d8961a15353ace4ed546ba418c075d40b633, 1ec5b5717c4a090dd2df61731f5c08bcabfc219d]","7","1","1d58d8961a15353ace4ed546ba418c075d40b633","a80d5616b6e578e53e8052e3990542da8d4c188e","93a17fd69111ffb97ce5243c65eaf05d36fe0317"
"https://github.com/dchbx/enroll.git","1901","2","[661463085a7f60bbac1017fd26dfbbd3e783f117, 084f303cbb2a9677fdbe1dd08ddc834ccc15bc11]","2","1","661463085a7f60bbac1017fd26dfbbd3e783f117","7bcfa62d49098cc51351a0d85ec9095038becc27","513549a3dbbe4575f1c166d13080f3b8ab31735d"
"https://github.com/dchbx/enroll.git","1930","5","[791c858948067d06ffcb1aa7c54d780ce26c5bb9, 1727c9228e0496f746456f18d81f7970a5163cdc, 18173f8634ae8afa8bedcfb5da1c71835581f841, d47b47461ce62b8fac2003e27f1fca6dd0e2ac6f, 38fb5907fa3129ba9bf54fea1191624f161ed3b8]","3","1","791c858948067d06ffcb1aa7c54d780ce26c5bb9","210697acf12d8351f02eb275fe150af11cbe3e3c","2a2cd38ef592d3903acbce35b78e87a91bbd8c7c"
"https://github.com/dchbx/enroll.git","2022","20","[215beb9f5be27eedc5db5d3e91dbeb0ba6135b6e, 6056aabe0ae381f7f0d23dec139b4c2c9c12a23b, 24aef3fc8114baf81d7dfd8aad4e607a859bd903, 025cd852506e7f3daa8610092507dcfc1314be97, 493972d24ffe5ab7451826851c595abccd79cf84, db7b136c31982a620a2864cdf8a2415b0652ebff, 3596ac1f553fe31b420791df264f33bcb2ffd303, 0901cc27a7481ed2e377d051bd456f273493d735, 654c20ef27c2e2c05d35ae1c1f719d44f2d9ca02, 3d28199c32bb268ec0ba3f12083dd659abf7de12, 9af41f8e230670624f649e86c192e12a1c33c87a, 9845aec03687b70f49a5f522ba94b1e07553199d, 77006147c2678b9602b8a3dc85239a0076cda4bb, 8ef16083a4fd2cb35e81b3f4fee1cc2cefcf5f04, 0aea3359ab2873e7f53b0c090504fae5595d236d, 0431350749078306e762d64ec9fb0a4cd7f178e4, 60175206fc994ab59c57bdce5171fcf6842620f4, 6d73553920f5f38454ff6744460d3e07215f16ea, 6880b8dffe16896db7c0d2ddfd52f6fc148a30c2, 9ff29d1c5d0a37d028ce5657e1adecacdb026d0f]","28","1","215beb9f5be27eedc5db5d3e91dbeb0ba6135b6e","9fa6d2b9a0addaa131edc32264167b7b3ad3e7f1","51593ced073a4756d4f3ab53cd854dfd8cffe555"
"https://github.com/dchbx/enroll.git","2046","6","[e302fff77529d9895d18cf0ac34a6c7f17f0568a, 8674a78dfa2ad56ffc05ceceaa75c7da0502c048, c86f33aeaca87a094f16d20f7f00906d42544120, 51494b23c17a6cebec1a5f37d0da87e55667ba25, 758da02f743487a3cddf9984d1fd4607b4393778, 82679aff91732ff8046b1f43006f9814391a138e]","3","3","e302fff77529d9895d18cf0ac34a6c7f17f0568a","b88279cd10d76b958e4964ab643fb61522291eaf","8ff97f68aadd9d4a15dcf70a50b75abf3cfc81d7"
"https://github.com/dchbx/enroll.git","2064","3","[42b58dac9da04c01b7b7fede09d180bfebc91dd1, a6bff0f9045081b78bcdc3316b5a3e96bce53207, 944632509b490a7449fd6b4e6420e30aeab0f255]","1","1","42b58dac9da04c01b7b7fede09d180bfebc91dd1","c3be2786d60d983bffdd1e3e77882c55928e6a70","0446868398cbcba2f5659b082c9bef0b92c6424d"
"https://github.com/dchbx/enroll.git","2076","2","[7fc510fb223b4f105e823fefaf2ac44bd3ba6706, e31b236795a890b8c4f1a8353157faf761dee779]","2","1","7fc510fb223b4f105e823fefaf2ac44bd3ba6706","3771d7b3904af3345a3a80404f805890582bc220","ebb2a3cb0d3a92d306e1f2d536d535c9b200242c"
"https://github.com/dchbx/enroll.git","2098","5","[4ac1af090fc7f039b67e7c2456bdd1d04231cbe9, 9e784b29523e090d57894164e2fec20038b4dcd3, 9f071b7d8909e48adf61195f288bb9298e8a4240, 322f1d9f0de91cdbfdb1ee2b4fa8f9ea99beadd5, fbab0cfaed46c8b2955564a97feef814f8a1da91]","10","1","4ac1af090fc7f039b67e7c2456bdd1d04231cbe9","d14c018d962a130b2a02fb84df75724372409d27","32fab0109d341b0bb75b1a64339665e2b3ecfe4c"
"https://github.com/dchbx/enroll.git","2146","1","[05f69f8ef5f36d7e40ca8c33f6d594024ef4393c]","30","1","05f69f8ef5f36d7e40ca8c33f6d594024ef4393c","5399740f808836831d2f01b9154d3eef2a190eb2","7ec70e77372a66d126d40d887d611a592cb60b45"
"https://github.com/dchbx/enroll.git","2225","3","[ccd83f1c6e502d3a27e5650903b3a5df848b030b, 33578275c19e9efd0011f37fddbc8d2ef783fd62, fbdccf50fd2cacdcf8f394a15863475be5ee605c]","2","1","ccd83f1c6e502d3a27e5650903b3a5df848b030b","e9bc535f7bf33c826432e61481c6e163da039495","06da78d8a64ebef662fd0dc9fc5e5510a080a93e"
"https://github.com/dchbx/enroll.git","2226","1","[b1d406e28fb1eac0da5c0b63ce14fc69aa1aacea]","3","1","b1d406e28fb1eac0da5c0b63ce14fc69aa1aacea","47160e4119e5b8497c2700f8c8518f476677de18","b018da9fdc96b6a996f99131ee8581eb75ac2f94"
"https://github.com/dchbx/enroll.git","2281","52","[ac95ed999a56bf54c42b4fd54946790d9664415e, bb17e982af7cf2e8e5b60e82a8613d74b0412eeb, 6f66fb6b40d177a76909133c517cab3bf033e093, 7d4a9ecaa7c8c2dff3136fb71d1eaaa2b74fc21f, 887feac6564c8f9f806d4dba6814cdf82678b37f, 6e9b8487a6f2a8c6e84c7be913948b6f4d9a5164, f7af26b4450883bf354aa329084d5e2c887141cf, a447826aa1db403103cd8115d49215d0ffb3c78d, 7616b8f40b707a77a5ef62183f34141be2b96b57, 11e6ecc7a5437e01e535800ab6aba225fbf512d3, 4e526fc3f2da4deb7eae48ecc58f1da6cd9917ee, fe59f0da5e09c41744fa3f644bde2f2e60200ccc, f74854f7a92c8bb0d2bc9036e90152cc48747461, 1cf78798e0d353b15c93e6ccac6199e9118bbdd0, a95aa58f3e9e4174b47572863aa4c5ff3f81c433, 3df360395fa9658be6be270dc06e141832e9a77a, 1969ecd391d7bc242fb0dcfc39b6e25c90ee84a1, 3eda17a1e285638fd69974ad56c384042cb2bbb8, d3f3cce4fb94cb0e155a9ecfdb43b45903b6f5bf, 89655796b43dd25c205a79d96e02e04fec26f626, 28eda6e073ccaacaf1a8b17a274aad2943f871cc, 027e6732e9bfba52bc101b3799723fd25e401b90, e1920ee11eb0969ce9f6a800e69970c579d603bd, 489604a589dac8d5842f1db2aec85710ea874720, 026e4c988f750b068bb5511619b91e2b8032c5c9, 88143e1e157a9f10b0d3e77c975d67e073cddf72, 6f3eabbb63a53e182bf1a81eb0e3ab5b0f532ed1, 96df2444f39c084d04f637653b829956b187387c, 68f0f83306feb458f17d1b74cd0903fb378af521, 3baaf5a6c1f43a4015d5cf3f3c18fa69761c77ee, 85b99d781ed541908c97378d04d820d967627b48, 8c5e1fd5175a6c5f8b7330568a10b01acf1bb8a1, ba0cf804a8f793261c75f26ab996fb64bf146d0b, f8091be254c31d1f0bcd98076cc685bec761277e, 795f5a0e429a3661e364d5677954d0df87970b97, 65872024f22ccb8452f3b7b65182d7647f5ceab9, 9667113e413494d170a04d372b67a34d7a40cca5, 79660d8a3ffb33edf0bc3ecad4d21e0143956f0c, 57b9e326ad508ddd1919c396ebae6fba1f1c2242, bbdb46abf2d68217cbaf8c62a893962d4f6bf90a, 4dea665c06a774e8bc549b484193341f50c10f80, 5bbb8f603a607af7be7be36aa1a618712acde9e2, 7dd6a7c74967f8b356a1175d3aab13820d75a667, 96d7b31b95239bdca0aba4a18747c36dde186c08, a63d1ff220e6513976cdc8ea8de52cad30964341, 338c6dc5b823855c9ff0731fe49d488c414645a0, e5670165c225f284c42bf3c0425bcf936e4820b2, 6d87dd41d9ed8feadda7782614e1b342a0443752, 881e91e5a1264864f749a0059f1f2a9c959bd023, 734d2cfe5e47cc51247e5a24760b5b78794b384b, 045f397ddee0134b99ea145388739b668c296fe3, 0ea652b3dc7926bbb034f94bec3476261bcaf120]","84","1","ac95ed999a56bf54c42b4fd54946790d9664415e","7af4f8a03c11eafb09d65f03f13411c4fde3c15c","0702351fe2d1fd1c78243da89f026362533eeca3"
"https://github.com/dchbx/enroll.git","2300","13","[f87381a83d65bce8acef1315d3091a95e5fb388c, 619a74278b857c5929b05479fce8a8283622c06a, 21fd90dc228221ccbc33783c921007340099a120, 28143502a0b9349ef1657931b53e3f39260fa745, 376f6329e7fdd4d06a4cb4d9712981e3fed208f8, 7dcb44a6ec26817f008fd315c82e65e74b434a12, d0c0109346173b4f187448e325aab83f1dcf90a5, c4047346f67d96d8a65b38ece412f74fc6edb3e4, 7196ad82638d690feb4e29e35159b82b5d50e8d7, e4284e621bd873d35cd9fa4dc265baeec4e1bdb5, 39afa00517f93ed2b3d0d427be60c2445bfed37d, e1930ddd07619d63b61b2c0803a20eb1038fb9b0, 8e9176b04ede1eb0f7c6fbb35d1604a0a804e30c]","4","1","f87381a83d65bce8acef1315d3091a95e5fb388c","137b5ab7ce517af0c2f993bedb735f21b46ab3c7","0702351fe2d1fd1c78243da89f026362533eeca3"
"https://github.com/dchbx/enroll.git","2315","5","[2eab1ca081d7a33bd0acbd3a9ebca67016bf71f8, 9acdf9e8e48fb8fe3c6c9cec1391a9eab5821d66, bbc1d9d492e42431aafef2f9a692f56c08ba9e3d, 3fb02054e2a9beeb984b69fbd685f950e21ca880, b97d424176959bcc96aee8aa976639287a47b382]","13","3","2eab1ca081d7a33bd0acbd3a9ebca67016bf71f8","4e723246e491cb9fb9e38ef92044da614ce7a676","74c636f7976f97c2bc7f25234bbd71cfb72bfa29"
"https://github.com/dchbx/enroll.git","2327","3","[4121c9dee3f66a7e3eb8402603b55d1cc0bbcd13, 610b456f4cdadfb989a744d9b2ed8d6f4bd451dc, 861a2e2b3f3afc6166fa41ece5e8817a2eca8a65]","5","3","4121c9dee3f66a7e3eb8402603b55d1cc0bbcd13","6eb9511960650f92a4d8b900c327447bab8e5681","cc7731a502db42f33cc34c00cd2f4979f3801594"
"https://github.com/dchbx/enroll.git","2338","4","[abc1530db41dba5966f2a20e7ae2af1d594002a1, 9a7bb4c867c2419a82b16db06f9db2a073c392a7, 97847a4145786ddfa51e4413c3437e3bdf2f90b9, 45996539d3118f83e2a2bd3b3b35966021ea96fe]","1","1","abc1530db41dba5966f2a20e7ae2af1d594002a1","8e01b4a776b424b421a539c7ccdd1668d8e97aba","d2f1d7399891b337187ff147db4ca80e13e0c41c"
"https://github.com/dchbx/enroll.git","2352","1","[c3fb71b1aeb6e793e6e73951d1b8e758d684ee6a]","1","1","c3fb71b1aeb6e793e6e73951d1b8e758d684ee6a","f4f034016df37988597111c26140c4fc10a6c205","bc67b244f1c7f496628e352c2fb99f65d8143f06"
"https://github.com/dchbx/enroll.git","2363","1","[c653d4413d40883df67866daeb93afc58719dd02]","1","1","c653d4413d40883df67866daeb93afc58719dd02","aa1939342b2cfea3bb2e4d2c14456f30dc155f33","330f1e678e4c61d243f174203fe20cfd69d9a690"
"https://github.com/dchbx/enroll.git","2364","1","[99b83040030eb2873a162c99c370f922c443c3cf]","1","1","99b83040030eb2873a162c99c370f922c443c3cf","bc2f771802c7fdac12e3f6b5f84b7efbce7ea5f6","330f1e678e4c61d243f174203fe20cfd69d9a690"
"https://github.com/dchbx/enroll.git","2395","11","[23c9eb1ca3610e7f2cb64a1fe9339f6f8523871b, dfd56389719e161a848544d3e4d1957752fd72a3, b2d2fc016ef91554f9408d12e492bea7fe0d5da2, 3c88cebf4ad30aa868b91434f32042cd3e8ea4c8, 2b0f0c80ad8cc3806939813f0bb9fc8ea80cb7ab, 5989a1f2963dd68383fc91865c7b0d7ec40d940d, a4eb78dd3100f6a2c2f93588d7b9795af50b2d91, 1dd861e0b352f73f81881f8399f89adf0ef9b816, 08276835c87a196e57bea44c1903b0081b0fecba, 015e882dbd061c3ee3b92a870f67c9b678dd8ead, 0e081a455a6ffbb097f66084bb75e349f8c2437a]","12","1","23c9eb1ca3610e7f2cb64a1fe9339f6f8523871b","d9fbb9db6cf8da64f027085c380a45014a598a5a","7b8c53f83ca8785a988639d224d178eac853586d"
"https://github.com/dchbx/enroll.git","2429","13","[414ffcbeb65d750608d8235dfde987e0ff069d29, 40f7f3b248c82571b2c508ddef7bf0cf00932112, 246f5a82a2e8a3a6c41c298d711a34d12e7a5650, a69c402d20139404eabcb2476006b384e5ca2bf3, df5db971610f12b6300ce64ec4d8f33cf55132d0, 0767a4567f6458ea50e3b6882d0236da30604d3d, ef398e9591b97a2c83e37dd94055fe6d21c100a6, 8d869ab74a7028ea65b5f8ddc4abf847ba7ca96f, bed1bfce54af97de5cecaf7da3e200d7278b9707, 7858cbb496549e23e33f4db05f67f1ac46006f88, 5256f1c45ebdb446bd3e25d85c9f2cfcd4e94e23, 7bba1f77a5915fd8b323e017121cc1096f05e3b0, 0cfb82d7c271e2952ce2f7ec0e4d5f0e85e83798]","14","2","414ffcbeb65d750608d8235dfde987e0ff069d29","a5251fcd5e0e8b4ed9e4912b3700dc1d04e27c19","03e85cb43b346fc66eb324b11afc06f59be180bd"
"https://github.com/dchbx/enroll.git","2449","1","[f8728a8a480cc8e772fd21289cdbcb4102bbc849]","1","1","f8728a8a480cc8e772fd21289cdbcb4102bbc849","03e85cb43b346fc66eb324b11afc06f59be180bd","540a957e019dc4b2c6b1b3eec4d1631f5aac6572"
"https://github.com/dchbx/enroll.git","2455","9","[decea064b280a8dd100f09a05c744f55a386e71d, fedc5564ddc55adb2614017cf21890cc571d63ed, a8341fba3c0d3514ca20a2f4976f9f621e06af32, b4316129dd5117f6dd1f670d906297dcaaf2e2be, 9920cac8a776c950918be716d8bef81e4e2460d8, 2789193aa3445be4377a782a69982ce436606db2, f76e4fbfbebbc615dae84c2d6373c55c6c274c50, 639a8d570db47fe7109748525532cadecb4744eb, 9b2cff302256bad697bf1a86ac13650895254c27]","1","1","decea064b280a8dd100f09a05c744f55a386e71d","8ef0d053cee7bed8af533cfda6f558fb7a9ec665","9876b3291e8dd2e21c2aa57d83140fc7e453f204"
"https://github.com/dchbx/enroll.git","2474","7","[e8120f4ab13fadcc4f900230c19e6a8ddf7111db, a7bf6ea98800dcdb50d022268325d2c9832d7f35, 9abe11cc7071741f31698c640004c89a1495ad59, 1835d62261b1fa01cd306573f55b0e0ea8f35076, b644bd0442513bf0f5616cfe49ca2675d47aef43, 55593eacfc40f9f47dc8d9f32108f1804c4b0103, 4cdd4dadb6c93a6a90a4c65b2c7240aa2d7f5087]","17","1","e8120f4ab13fadcc4f900230c19e6a8ddf7111db","91c64812efad5deffe4da653115c50df3d840299","11bc1a20075b011ebf29cc8ac83cfee6389960df"
"https://github.com/dchbx/enroll.git","2490","2","[424488221bcbb1150b388a3587ce317d4cc0bd5a, abe14cd042baf035b4ad958226fd5f78fd412799]","3","1","424488221bcbb1150b388a3587ce317d4cc0bd5a","a610ef9bd79c27ec36adeaa61ad7ceb781b8c844","776b9ff84dbfa4be858d3fb00f45fe96410cb82d"
"https://github.com/dchbx/enroll.git","2576","3","[2b19cbd43275feb1ddef92b5e903bedf3f32493b, 56f924fd0a2162176585334171939f6819e7e751, 21eb7319b3c5fdecbc5b32bd85f702e50d00533b]","2","1","2b19cbd43275feb1ddef92b5e903bedf3f32493b","417787d1bc4496f0abf8f792a9c4a196c2b09916","f60005f8f87234e7f3942900bffd6560ff3649cb"
"https://github.com/dchbx/enroll.git","2657","32","[a507034f061285121da7d88d59bc54b9a0e5bed1, 2d55c1ca303695af9edd935135960a101321942e, 0f3e03973ecd3c1c6acd2f0a658727fdbbe55a77, 76cd606ff01266e88fd9700dd4b5e359e5106ed9, 689ca5ddc4953e40adb8231e3247e40a6dc25a94, a463e2f1db0c5921b4b23fcb5e5c9ea0329b4771, 1e4b9bd53a74e48a6fa24eadc6ecb326826c60c4, 2ea1203800b3695ff872fea34429b9666861d33f, 5966e15aa762a448e93a6d28c56387780bfb1bd2, 872f1b7463918b3f97857a4e9a28770c01877b9d, 3e9cfe0a6691b1aa2d79cb53214750eca10254cf, 790e8ecfdef9d437ce54e98b3ec86189bbfe38dd, 1f6adbcd09c8a0ef53bd7ea265440eaedc22ea33, 64a77e54f7bd4ddc178989d6f3823cfaf7816755, 34f65b3a74142494c336e269ded237a40c5cb874, 340eeaead44830bc04fae28198f71c3a8a8b8293, e3c46c9e39e051200af515bc81542590f0d10b4b, 2887127cd9eab6c0db3d4e5527fbc2db2fc3907f, 1b66933cf6b20a67850393c3c57446bbac4fa6aa, b5a80ad5392375909de1e7e97ec87508a09f5a69, 943f83266cc7fa11d487d9932a93511a47a3ce6b, 7e54336720c2a8453f9cf03964c483ab8e3e61a5, e7f7bc33ecd62482f14f8bed7736a31ca38579fc, f0c9fe2490fb659491bcede8ceeb6ac5024caa71, b98450d0d3caa4ea9785735cb2f523f8841270f3, d66e8a0517028fdfda72f9a331387eda24a5c02d, 88e45f9ab20a37ee544f5bf84f7eb950ae76bd96, 80d988d231f7f8405103a13e5d17bab2b1d70606, c438ca3301d88aeb43121164f96348751e2f7b4c, 6ed94cb776761fc88ce3d8e2d9d58b7c2e63d9f9, f1c00af4c04ddb6ce5faf2e16bb7d31ff564b196, 7b373e130e4c6a596a1e08ca0088bc06f2eeb67f]","70","6","a507034f061285121da7d88d59bc54b9a0e5bed1","e86c58c3aa7305e8a842c90e224bc23f38d9c8fe","3d89ef61075ed854f6cdac91ab208680e64de5d8"
"https://github.com/dchbx/enroll.git","2669","3","[570ff6b68fe0ce66943c5778943af94d8aac2ff5, 3420d9b1cfe021b7488479c5f35ca8ffeb3c5053, 67d4adc05f71b4bd6c799f3fbd39a25cf86bcdf6]","2","1","570ff6b68fe0ce66943c5778943af94d8aac2ff5","eeca04be3653352a3f8d9ed750d7cfd0968935bb","9dc2d7e22d9a8b7db41763a9ab60c2936c5b3ed2"
"https://github.com/dchbx/enroll.git","2673","3","[2fee3a575bcd6d712398d8b883c09ec5d4faf810, 773e7e567302c9efc78a9b21cf9096fc8112b57a, 7b663547a03e87d770f554236dcb2c0d4b4c8f90]","1","1","2fee3a575bcd6d712398d8b883c09ec5d4faf810","98edb462d8946b7786b42c2714cd859cafdbfe5d","d5193482f02e01195fe4fcb3b6f5aa764cb50d95"
"https://github.com/dchbx/enroll.git","2736","5","[436abfa27e0af1dd4a519a865bf1e4df8ac8e367, 90f0fc8fef82b706f8b6b9f340724a10ff23e548, 170de82d9c45940296430d880589d57ea15a6093, cacdc7bcf88cc6f91248197cf05bbdc8cffa5830, aec4d9220143cb8b8cf84aaaa30bfcf33c7da761]","4","2","436abfa27e0af1dd4a519a865bf1e4df8ac8e367","8efc667a47f7bbbd749987665e04b869cb5b437c","26558a89b323c1f31507fd8c034ba9254cdba8aa"
"https://github.com/dchbx/enroll.git","2782","1","[0c828c3265585aeb8d3f2b3875929bdca56f42d3]","2","1","0c828c3265585aeb8d3f2b3875929bdca56f42d3","c98aa000678f7ab04abb4867d2e4f9268f32dfc1","7cd52e6f53d614daab34da07e973d1fdcca8d7bf"
"https://github.com/dchbx/enroll.git","2794","4","[8d8a133516e7ceb20f504b79fed2e90b4097f861, f8d1d62ffcdaf70c7713fc417eaa0dc373d25a27, c474b6cdf149821222a10b4a2b70193c848e445e, 6eb324f55defec69007e883754ca271a97749940]","1","1","8d8a133516e7ceb20f504b79fed2e90b4097f861","c0c9c580e48acecb9f7ca766d152b31851db3f65","c42348658a51565132f139eaf457216fdcefa4d0"
"https://github.com/dchbx/enroll.git","2805","1","[51a590b8dc5142770b65949a42d4d7ccb68e7b18]","1","1","51a590b8dc5142770b65949a42d4d7ccb68e7b18","41a1fc33d61d498dcf88be29540126bec1c7fdf5","aaa5bfb93a1809e983d22a6da5333ca29024197f"
"https://github.com/dchbx/enroll.git","2908","2","[fc9ce2aeb0c6d4128097314a23685a16ecd5271c, a620145ec23dd21ae7c423f2e791f6b182d54c54]","1","1","fc9ce2aeb0c6d4128097314a23685a16ecd5271c","bcab1c0b476335e2d9562f6d100c1709208d0f45","f08654da82006cc1aa8500572b31a541feab2b11"
"https://github.com/dchbx/enroll.git","2935","7","[07ff0747552f866692974bd1515b483c9342f3a2, f6dc4b312f204c5c5961c96e4c87ea0c6bdda0f1, df15e99a95f717113918a9f9afc21dd66ba27253, 9d069136a6fa57cab469c1cf83bb9fb54e812b13, e41609000da5538e04c90c51b1d26adcab5cc991, cd170bc5f643e3249f6d414bb30f4e4d42176ad2, 866dd242c08acd0a1fa09775177c4e1ad7a0dd3d]","7","1","07ff0747552f866692974bd1515b483c9342f3a2","f08654da82006cc1aa8500572b31a541feab2b11","b4db62a22353848ed0cc38364c0cc949a5554a95"
"https://github.com/dchbx/enroll.git","3053","17","[b92be838b6f59f673dc41efb0178f3025984adfd, 2d387e9449b49aed3845f8c9aa16e4693d16743f, cd3fe713829bed3e02adce8d6e08dc043614e752, 68391d146c13882947951953f7227a2253c822fa, 163f33af02c1901599b547aacaccab587bfd887e, e40bf6b1a5fde36c368a034e5e00058de972b5b5, 70e88c9ebd74c00c0f3ef91bf7241ce1291894da, 10250b390e5b4d05b4bc688ef72cd3e764c5d384, 92dc4a667a6605dd1503dac810d4238786c4df6b, 97488084bcd0bc11b21dbf5834580549bdc1b93d, cd777a6a1f59e1f39964d90323cc2bb961e92960, 48acf40e5e6648cf80199c2ff151e6e89a30fe4f, 222297b8c77816f278dd4a85acf188ba3a8ac829, 3bf366ba81faf7bcc94c38cecbc08c4d9073577b, b71387cf27da4a09ec970c1d9c88859ef9389f5e, 1cfd2beb46924cc1cf2a9ba8178fce50fa53a7bb, 753939e0f31e2f41a08e7f32084193d402e75f01]","9","1","b92be838b6f59f673dc41efb0178f3025984adfd","cc934129cbcfb9245bc69b755acf50e3d84633df","a07d1b72397ea09b792039aa97fece26479d00d6"
"https://github.com/dchbx/enroll.git","3084","7","[1edf4743518b8e3f87a3019879d1e67a9f2a2b12, 9831bdba8abfe4feafbce4cced3892d49e9ff94a, 8d5e1af75adb80dbf0e4ed5683fae496343b3830, 6bf50eda563c03329eeb08c556b6cc1936fa0291, d40bad931ad04c9a4c35f188e62280291ace1424, e31b7260279affc7fb2ca8f117e423161f3db47c, 07cabf8b1d7559429710598de4d52779de178155]","4","2","1edf4743518b8e3f87a3019879d1e67a9f2a2b12","2ebbd81fd3b0d2028606d891828b668e49a91e55","8407b3ca612464310cf415adb8c28eadddc0a9ff"
"https://github.com/dchbx/enroll.git","3167","22","[b6c618f76fa163af93d813d5b0310b44836059f3, ceb8f552befc9d653a4ed8c79316b71979d7c80a, 3ffcf875346a14eed0103e0fb36851c7fa476987, 167313ef3486edc2d3278cc3482b1c896a3ccaed, 474e0b4b060a9736c78aab98e2e1880eadca0531, d332d11e2b6efdde1b366a66f2d9b15d3aeceb01, e3adec910c5b6e3efbf9b4890f38330f7305dfa8, 465745735ed923efd4df2991856c81a4199b08a9, 0a5acb15a026f4721ec1ad78338578112e1671b7, 0b14ce425ecf2b759420fdbdcac1cf8e96240315, b11b817260e45db34fa0b86b7404dc200a598b21, 7a5b9f0aaec0de407915e02ad417363392e702c4, 80a448c06923e11d1770a40025eb191be58e387b, 0ed287daa6550ecfa595fbb52f8c263228df52c3, 54d2f88cdb71d81f6a550619cd1d68f4439dab9d, 347abd55bc244e0894c3aab8192724ff789e0a83, 31fc839255d413c604a200dbc792341da8d2ebc1, 6e606b934f350d0cb7673078da7e13eb471186c0, 93e102d9a67fa5ae0b0a259dfd85fa582957b5d6, b4c1e76c6d524829cdb51c568341c2db578e8332, a55341305a28d67ee5502398335e897e45d89e42, b75448f65df1f50c7ed74b08dc7b5c7d2b3f22ec]","29","1","b6c618f76fa163af93d813d5b0310b44836059f3","bd4dc47f72e4473bb48dd9658039ab27ac889f74","069ccb241cfebf0279efef4770f1ccdb06836b29"
"https://github.com/dchbx/enroll.git","3200","2","[f1e61fd468fc68ec6f56b7929bcee0e4d5b1e30c, 9ef19e38fffa728a0d29f8c439889dc205e16649]","1","1","f1e61fd468fc68ec6f56b7929bcee0e4d5b1e30c","73c87114ee93bd6156bbce1eb3fcccf0adc7f49d","36ff4128030c89f41b56c043f8fa7360630929c8"
"https://github.com/dchbx/enroll.git","3226","3","[6cfb7c6c8922cec72e68a9fc7ca1a2ad765d49b5, fcc7940c652ed3a5afa9bece8b601aed1d23fd9b, 52216bccebbfc1f635ff48a79eb150dc284616be]","12","1","6cfb7c6c8922cec72e68a9fc7ca1a2ad765d49b5","e993b6f88e6e0fe8db0fcf2bb16d48ebe66bd558","9f23d536cdcf056ee1fa2a84647929b36c88b4e5"
"https://github.com/dchbx/enroll.git","3236","1","[0527976e74a599cb595e35f4218976f7b0c32a47]","4","1","0527976e74a599cb595e35f4218976f7b0c32a47","36ff4128030c89f41b56c043f8fa7360630929c8","663d1d17c4a443b7f07b44a090793d862213ac82"
"https://github.com/dchbx/enroll.git","3248","7","[f990ac2470676090cd3226f132413caae166f590, 1aabd500b80c3657f0b9434fce8c4f1d083e7eef, b6832888a5331795f9ba1683c03ab1bbdd45ee51, 2b4d4d06d9491e359447c868fea0c28c8504bd5c, e3adc17478fa5d1759246f05a50b672f102246e3, 19eef35209924224d5137b6bfd954dd0a009f46d, 8fb46de86072612e30b53551a953cb193117a8a2]","4","1","f990ac2470676090cd3226f132413caae166f590","bb81ed12611cc7350f8553ac34ce15b909bb3b8f","69c1f796a4c54a2d5012ddda54f9500016278267"
"https://github.com/dchbx/enroll.git","3270","2","[dbf6b12afa47bd2165907d0f1f32a1bf616e4a13, 45c8989faeec302b9332fcb5485c8ed86f1ea7f8]","4","1","dbf6b12afa47bd2165907d0f1f32a1bf616e4a13","69475bed2ef8414682f3670cee9b5b3729968b4a","75920da5219c908885a277c719384eca161b638d"
"https://github.com/dchbx/enroll.git","3274","2","[6a5cae4824d17f43da550833cef1e63082b48ce0, 389e2ba8517a6b6dacbd078ce5bd5b1d8f0ee621]","51","1","6a5cae4824d17f43da550833cef1e63082b48ce0","4376223a3c30eef6ba520ce8915199898430f77d","086d065f53eef6d39894b136a1be79e898a70acd"
"https://github.com/dchbx/enroll.git","3293","59","[f5b42c173a2bd423ea76a8ae454b694dc95597cd, fd119744873170404d353980dcfb118751b6e44e, dba84c03dd3122c6cebb63c44b0d398b3f6008dc, 5889588dacc7077e90e6f6e583123dbcf2973ea7, 0886ab1915fe4d82acff8c2bebef85814607948a, 79b672ebf61e5b27241d14eb5b9dc792c8e9310d, 8c05e5aac8e362fa1bc3548bccca4db2ccbff741, a1f12aac89de10682106946b7785f0826c8f3ca6, 949b09d55dd8da2fdbec3ac57091094c69a77e2c, 4a51f28c17d3300268511de4c885f8f09357206b, dca73fdd15bf2a816ad548b6cd4c460d4403ce19, 6f8179988430ad854d7f835228b95d55ce98c907, 5b28cbacf57e23c4a67049cd6104e3feb2bbb5a6, 6319603f565f8ee75926d79520e3e1563524a09a, 6c8e1be1c123e400b8c6d0ae5e2ac0461245363c, 71010a173db8f3119d85913b5f8e6e95c238f3ff, 8a6d251c3040e3c0d686e8a3e0146b73ea9e0db3, 2f4a0b1fee0e0186861d1975df58e5b3418e686e, 56d10d2e2e261152ca7b95024cb606a79d1ce352, 535919ee8daeac6b4a5a3abf43415bc449a58819, 2551fbc4d17876dd196c8a0f9911947238fa542d, 45ced1d50b11814be57a2a51a3ed5a9984bf16be, 0eca63477a44ab5432c3199766e7e7608733b6c8, 180d2f681243d1eaa1e91ca92c479fcb7565b7d1, 924ae9dc0f9ab354ebbd005132ca9471774ef9c2, 67aee37390faca999f9aa1bfcc98a077f03b280d, 5d24d4a2c9fe4b8f9e9ce890220290b61ef3d742, 4e670b9ef991b8b9f77bd986e1d1aac676c90d95, b6a7d954cefdc2caf66051a0d9fff127ffbc4e04, e74cfda30147259b5985b3c52f91f780c7e6f9af, 246eae28ad4328ea499de20536e6a9c49e9ab8f4, f529effb82192aa1b9a4745daf2dc27b9c46049b, 4df3412c8305630490f9d2cbbe7b32c417f6c075, 8ccb5f200a5a0b68bd286d2716ea0b7082d5a976, bc8aa970cf3e7fe1457a329e9456d71f847c336b, 24908de84295e57f9b34fae254e46e67b3caa3ad, 70d515a002d414f3828eeee6e6a477ef63019292, 3452533a8610e05be3e5856b84a689fe7660c1ce, cfe67101d68baffe5fd3e563740137e4d643a42d, f8eba1f6746406288ed996738474f2b92d49cc46, f90018b27b2feadc4b1233bd20245e1e5db2beb4, 7cab99e674b35c98d6390964e4b2d4a633cb5111, 149f5b6e756c168935925882db7984e645aeff9b, 50a1b08c1aa53a2cc3de838639b49cd508c41b7d, 957cb1a128db0677a5313fe4808bf8475feefff6, d5ad79dbfbc6f8ffa05178036cb4f4a0619fb066, a4287c1ace779e7bbcbc328d7cd4263ffa89ac34, e44efa93d767e8fd069d81e80a23a38ffd6aee31, da82e1dea849e7a1e07aa6d605d9bd143c3aa052, e8b71fc6405dd4074935ac358b748007d550ef06, 77fa1263b78437363e7b7dbc014dd65c87b6cb40, f2fad38b662ef179b4eece664f0f466d0c6061ae, 4d28b59130d88b5869cba5250f792d32b42bf16d, 3725d51ee6e8f62bf204ccb0d6b4de9d9de8d306, 11f269b6d8e8f791b2f6093593a80b4c82dbe52d, 0ddff7789b99077270902529a8fc0adc72b00912, 2434ee4ba88ba85bea6ba0066f71eacc814bd1f6, 892bbd9333a6be13bf7cd33f27212fce7b4dbf28, fd858ed5d1b5622e74a09a7d58eae3e489a478f0]","59","3","f5b42c173a2bd423ea76a8ae454b694dc95597cd","de829b7b89b2eabbb3298aec8340cdecffcc6376","a869c7743324778378d8025efae59e18ca77e706"
"https://github.com/dchbx/enroll.git","3311","3","[21f65e62359dfffb5b32ebeba23ee6207ba5f637, 4f666cc4dc3c7fbf09ba9fc896c781bb8abc2ab7, 1c1a890d42d3d05c9a887c1b82ceab374c460af3]","10","1","21f65e62359dfffb5b32ebeba23ee6207ba5f637","5820499f4c4a25f69e52675a8ed3d02836fe95c3","c0909f86754d6dd7a327a61f0655d5b50e648660"
"https://github.com/dchbx/enroll.git","3325","6","[630cb7e1d727c83e2e26281b2e1141cebfd47edc, baa95deb2a84c28b43a0463af19c0aaf121daa9a, f00c72a7342be3ce947822ad059278ca28c52931, c6abc194b7f1d0fd80548b702ac0357e059c9760, 09e617add3a349aae23d8a1d54ecb3baeea80683, 78c8f102dd3738f5de584dbaf01fcdb62cc3afeb]","16","1","630cb7e1d727c83e2e26281b2e1141cebfd47edc","0a02796bb31f7ace88063ad73a14b9db4f3ab56b","3a32d0046f1493fbd4b87790592c09f6bb8e954c"
"https://github.com/dchbx/enroll.git","3330","2","[ddcde660c036721f419342df04889339cc72562e, 9ea076b16a1ba6c9ba5e8794cd039f6f8004671f]","9","1","ddcde660c036721f419342df04889339cc72562e","3a32d0046f1493fbd4b87790592c09f6bb8e954c","ce26649693f7cd5fe316e10098fe74841412fc58"
"https://github.com/dchbx/enroll.git","3334","8","[3b21f8d0b2f1f051f30259e82f8ec208865b60b7, 45633f86eb55afecd8a29c4b3b232c2e457d566c, df6d9eb74c2bbfcc1b5d50eb4299b8d5e7eea396, 8ed2ad8ce59d431ddeaece1cb83664c5e10dc1f5, 4601fa2f3b488d8325a668b473b9015bce59e1b0, 9a6c9f8d8e638323eb03edcc754b9ecbee55f189, 4505e79b97bd18ad3c04f6863491430c6320806b, 386240590422ed9750a9a3538f63c07c11cc2114]","5","10","3b21f8d0b2f1f051f30259e82f8ec208865b60b7","f53e26c5a82202a6cda05b6a87a8ac6e1d09d901","83e430cd6d3cd0fe9bf413ad550b93a3fc3d0ada"
"https://github.com/dchbx/enroll.git","3342","4","[5b9057216d54dc26d1c6a1af573c0d7bc5dbac22, 15b28e848cc0a7094471c38429bc75739950e6aa, 1155363d5ef9225c372518a219d5f52b1373d559, ccd850892aee5ce8991777087dd8723317d53dab]","4","1","5b9057216d54dc26d1c6a1af573c0d7bc5dbac22","069943f4c72c3ead34dba5caf8fd0f91aae98148","632435e9947b04d2bbe404bfc7a25bec6fafdaa8"
"https://github.com/dchbx/enroll.git","3369","5","[16900395437fd4db0f825aef3bfebfc65558f134, 910289c7e66300a003e8ee413970d3cdc316fedb, 3a0c1ee2670fec29967f5f180859998ff7195bca, 1df5e661d9e04b6b34b72e7179c61d05146497df, c7117912d970dde0b7205dcff0178ce605cbfd9d]","9","1","16900395437fd4db0f825aef3bfebfc65558f134","ce26649693f7cd5fe316e10098fe74841412fc58","917583c8b91945c50a07641dc20bac7ade7bc88c"
"https://github.com/dchbx/enroll.git","3385","18","[4edf009b24908e99bdf3ccf3a673441169cf1e85, 8e607fc38742307b5640421f52f8a37505778f45, 2b83026f799a34727843c84b3fd25c3fb56f0cbd, 18eb47b1656b5e838b9455a43bcd122334929215, c77767204275fb4558dea3e9678b657ca719ed05, 8923d94c454e88d727d4602c808600f3620ae4f8, e95e8e6877de011ac51fb0cd4e3ca9cd99ea64a1, a1cd94b1f1e9577341281e0fc007dabb114f9d46, f47ece6033184e3f13588b0e72a2e61b1851a814, 02270779903fc3eb9c1ba0a103faeaa20b3d7bdd, 024511c36a5116e31f1b7be97a70f96563062c06, f98d4d1bebf33c029bd51a9bc81843a3b98fc47a, 046f20c5fee01a9116cd473cc198d083f66dafc7, 0a3448856d338971d328252c229a02abc074daf6, 73fe3c027b46aa137028ae1d8749cbc3b206c897, d87e5592c7151ff7d2398825949cfe0f07737553, 75576810224d3d62fce11b82cc60ce13ea449b68, caeae0b35b49bc1681e0cde14c7923d9d2a82112]","6","1","4edf009b24908e99bdf3ccf3a673441169cf1e85","2ccb31254f54a626b9fee543ee743df9f8adac8c","72132991bdcedec6bbad745efe8aab25e4febc4e"
"https://github.com/dchbx/enroll.git","3395","4","[93b972e663443be46dcb3b913288d34379a6d385, 875378425969df1dc04f880e47157ea158c86735, d933b7936c71f2f4277ff59516a1a02e1477cf93, af4c0dfb8152738cba05cf252732989f18da5382]","3","1","93b972e663443be46dcb3b913288d34379a6d385","04b1a64fbe7bb08f8ffd94e42a84ac64c8d87f84","18a1027a984153a648479f3fef1d92fc418006f9"
"https://github.com/dchbx/enroll.git","3396","18","[2f193151906b1ff1855d6cf57af06798edf20c0b, 82b4e30cf54b772f247a01920ac1dd647d0325c9, a3958abe22fbabbd3b816b4a691f478ca927c04d, e6a2af11fec843ce4f19d4473ec96a3ac7ee48ca, 91796092a2a374d3139eb6aec8b84c89c8dd91e8, a13b8584b89a2fb62317c3fefd9436c5df448733, b45656954c6a899d2e7754de8df7e902c78aa2f8, 2c14bcac52a49b14db3b8eaf432d70a1fe892a40, c35a78e2371c4efed2f1dcdbd9cb6ec9aca6a101, eff526f3d4adca83aa6a6a7135613e5f4f220424, 8bdef1cc7923981667a6731b1adc4d534068626f, 1c2779ac50d10634e1be4216576274ac659b1471, 54ca506a29312d75fc4a670f4eae8045698b3fd2, 3bd05cec4bda7967bc7bfddf8ac8ca41c4b2271b, 346f1459dc0da4c3054b7c8521edae975cef1fe5, c3aeec7a9876e60a041d843971b4307a152e3715, 16d64d678b0d52a968957ba20fb97728e84bf401, 06c13400431ca3cb26bd9d627f11c3a0b153c367]","6","1","2f193151906b1ff1855d6cf57af06798edf20c0b","04b1a64fbe7bb08f8ffd94e42a84ac64c8d87f84","37c88974f87cf0541fd582f309874c6736770534"
"https://github.com/dchbx/enroll.git","3410","25","[f91e737a6fcad1f6c3a094b597fd0733ee5a08a5, 7e3b52016801778d74bdb372929b2f48617c97cf, 1be46016cd04e2a84b1f040fc2111e242849f18e, d872e3f0f788f1309f25b4e2498a753a9923a0ce, 70c5da9787f0b183d9f2f7c2fdff06021dd5dfa8, 5d79d4be421cdf2cf2b194ad22e7621914d600a4, 4b04cd01930dd40d46a940a8084360895d5d4d61, 96001edeaba389951d24b5b48b9cf2d885dfda7f, b38c0aa865990ae3d6f839283bfae97769ee4801, f7a95af5c2758575376c6b0529cbdca9159213d5, 0d06936ea2509411ac5b4cc7ad7932090aa60823, 57cebc583772243e344f820018141860497776ca, c5d4c4726403c53122fcb793ab08b02944cfcfb3, 3c75f742578274e03ac77f417132f613b926859e, c7ab3e65ba39d0b2fa41ab8f94e6a0562883388f, 3832b8ed946f2f145176060d23c55a81208aa108, 5d13db441be52f75fb83f752489c231416347ca3, e93660de77773141343a9b0350be367d06ace920, 9cac5b9172576309c649f38787d56e590238c5b5, 4eb731369a2c97db9c427ff1b0e0d1f8ba0df13e, 1620d68a14a04138051336318d61118149eeb193, 7eab13ce4c989b125d84caffd032cee138efbe9c, d669221b9d6acb7b630d16777da5fd1a5257273f, 0bfa90fc1d5b3ebf0eb8a895f63174555aef28df, d8d1411f77bcfe32d8db88cad3d746776ad58b1e]","6","1","f91e737a6fcad1f6c3a094b597fd0733ee5a08a5","48ccf727c03cae6056b36a06748dd86e8b91838c","cf38ee2aa8fe28c701c6f9a21b070205ed2db536"
"https://github.com/dchbx/enroll.git","3411","2","[ca9650b95698c106495b5f4281a86721a3811ba5, 3508fa045020d02a4b0ce65695b8922f94c730ba]","4","1","ca9650b95698c106495b5f4281a86721a3811ba5","48ccf727c03cae6056b36a06748dd86e8b91838c","71f855523c5c2bd2aa872dfb9ac215affc41f2d3"
"https://github.com/dchbx/enroll.git","3430","13","[46a1bdda0fe034626d80728c747147eb0b9b9de2, fa0dde8a21851cc5e212da3853aba9a7430b04fa, 25269b26deae09b2819cd3b0bdaf7b40b4c820bf, 391e76db7ef1b3e41ac4bb0b5e423529d2284553, 6227cbc587fbe7bbc1e4acdcd6e6d7908df78be8, b6d8e2689daa5c307ba254f3cfad697c9c173675, ce4ca1c4d417e8fcc530f5ee0a647ea230e9273b, f93a2b2ddf43f7133346532c4008600f2b1d2bfb, fe6e7385797749e216d61620c17114cf4c2c2041, 657ee89567640fe36b63a11082e11d42d84c384b, 8a29270b87ab1df7391b1159d75e7a96cde09fbb, fb1bd8019c7c1e58dbc5796aa7a6c5f33d2bef05, cff0a4cc55720fc3bd7e2ae13af395644047e55d]","1","2","46a1bdda0fe034626d80728c747147eb0b9b9de2","b488b5b13abafa189a4aba1f49406ebecb508eba","58b34d493fa95b86b91a73ec182c87b58aa65f8e"
"https://github.com/dchbx/enroll.git","3431","1","[9a04a74bf0362a23db395fd1b38065d1c0844241]","4","1","9a04a74bf0362a23db395fd1b38065d1c0844241","159de7191c5f7c84107a6856a1a911478adf72a4","c41ccf60216639e94450ec532c33e0d2bc4663c3"
"https://github.com/dchbx/enroll.git","3443","6","[f4cb04ac71b0c440ee4046f177a70442f0e2d000, 44b3e7036a902e49bc8688dc25415b184a246f69, 415ee7985ccf2db454d0385d08adb519027c8e59, 82a4a0faad1f7043e2b2e8776e08a95c59de73f9, 1724fdad143317c9f2710c9725ad2ef15fff9e26, 3d4fc0298250f840b6d22b6258c7dfd2af2233c7]","6","1","f4cb04ac71b0c440ee4046f177a70442f0e2d000","05884c4580a8473af7c00b1eb4a3fa6c34c27ee1","a47bf6ac3004017ac707381e316cdffbbc8232af"
"https://github.com/dchbx/enroll.git","3444","2","[607c91ecd01573f283f53139a2a9066e4cdd8b83, 2709f3aacdba5bd39534b5185542123f5b40fd3e]","4","1","607c91ecd01573f283f53139a2a9066e4cdd8b83","05884c4580a8473af7c00b1eb4a3fa6c34c27ee1","176415713ec76bbaf05c2458a83972788a41ed50"
"https://github.com/dchbx/enroll.git","3450","14","[7e6a41e1cf68584e32bc2b403683ef1323e3e8d6, 0c3ece9bba877cfb17757e4671b9c42821b4b6d1, 018df89e81503a584d6fc21aafecc2155c5e05af, 2b2fd105b15640b4019e59ff5d43332e04ee6ce4, c632557db05da75d61e91569359ca8e60ee7b900, e3679716fd155e33ec9686582495fb7e7655cd5e, 1ba6bed62b2d7116cf85f4eaadbbd826f674736c, 270c78e71262f7ace96febc801f9e78b3ac8a6d8, 8e3021ec4b9e4246fe89ed1c1dbae77500136eb7, e0d30c97531e4ad84da4256cf82bbbac453868b9, 072814534b9a4db6f6747c695fdeae18ef9564f8, 0d43ab8d16f107cc8a2b285e2b09329d4340050c, 6855679f25d6573e98aa2663ea35bfa08b58e4a7, 25f5c80a650647ebf9a3e62683ac9e56f2a592e2]","5","1","7e6a41e1cf68584e32bc2b403683ef1323e3e8d6","71f855523c5c2bd2aa872dfb9ac215affc41f2d3","23eed7e69b223325adc9644d6f230c6e966171b6"
"https://github.com/dchbx/enroll.git","3454","1","[0012e56e9e1d7207e26e1ae031bc50f83afa8286]","5","1","0012e56e9e1d7207e26e1ae031bc50f83afa8286","d45f554f9af3faf2070a6d8fe52ef787a34c4a54","23eed7e69b223325adc9644d6f230c6e966171b6"
"https://github.com/dchbx/enroll.git","3456","2","[25c4ac27070d19ae94665d918f91e0f3b3b6f5f7, 09fca46064624c1699447589a8bcdd6e2b79dc1f]","3","1","25c4ac27070d19ae94665d918f91e0f3b3b6f5f7","eab93501c2a6a3fab917bad751cd2dffbd5afc4b","6e100d1f417eebbbdc76fb9ac59e582fc58b6af3"
"https://github.com/dchbx/enroll.git","3468","4","[b7f041eaec3b7c3544e3df7dfe15250178f10462, cac1914f78a905309a27ed14729cd9418472834f, 0a44bd3204977f79a88519acd26aadcf695527a7, 6f0ff3802d1ca499b906e22a023d5bdace36def9]","1","1","b7f041eaec3b7c3544e3df7dfe15250178f10462","0ed7d72273fcfe57dc1bb3a0f5dd05c603288faf","8fce5e411cc738dd982ca47bc85728e0d76d3a5d"
"https://github.com/dchbx/enroll.git","3473","3","[fc010da96b849fca4f4468872a4993153a3c7885, c419b9085fedee51d423dfe85a4e81a9e1f3a5fd, 3fb3e1b6b945f5227c021ccd732795b96b4af063]","2","4","fc010da96b849fca4f4468872a4993153a3c7885","3274f0e7f8aa0025d5964a7da5a9c631b9e5d092","492c8ee6e8c97e2b65e0bc733e0c2276c971b924"
"https://github.com/dchbx/enroll.git","3497","2","[0bf788fb6f4015d17a6ec64f1d9126bdc3db5f9e, d4652078790619885d725049f8d5b7b48ecd03eb]","1","6","0bf788fb6f4015d17a6ec64f1d9126bdc3db5f9e","6e100d1f417eebbbdc76fb9ac59e582fc58b6af3","671fdaa5472f3b36f8eb56c3c89347b2eeccc9f2"
"https://github.com/dchbx/enroll.git","3498","2","[0a449ce1edf2b1f838a9cce08c8b566dd25818fa, 9049378fb9c5b4b1f0e7a2c63bdad0e9679b1baa]","1","1","0a449ce1edf2b1f838a9cce08c8b566dd25818fa","d29ef09654b2c036df7091338e65804123a8bcea","0bf788fb6f4015d17a6ec64f1d9126bdc3db5f9e"
"https://github.com/dchbx/enroll.git","3510","1","[a7a3a0855ed96acacfa44bf5068cc5ca79ea99ad]","65","4","a7a3a0855ed96acacfa44bf5068cc5ca79ea99ad","671fdaa5472f3b36f8eb56c3c89347b2eeccc9f2","e9560e9d26ae41d9d6171e6770348acc48440b8b"
"https://github.com/dchbx/enroll.git","3528","5","[d8dbd7387cde8af36c5dc081578658e7664a25ed, e1c9f28c382891a41ba5bb94c0ed87026a8766c2, d9af181351227ba6a6088ac1209f3b4c58c6b954, d8412ef486f90fae8aac49cc0e751a5d0a768194, 512a25bb36585f136e965c717fa8f1e54561cbe2]","4","1","d8dbd7387cde8af36c5dc081578658e7664a25ed","8290dd725e720e831fa92a808424a37f57fc430e","055231de290ccccc9d305344a687f4889841cccb"
"https://github.com/dchbx/enroll.git","3543","1","[c652234ea60cc5d5ab9a97493eaaffe695b2badb]","1","2","c652234ea60cc5d5ab9a97493eaaffe695b2badb","f52907bcceb1cfa7aced01b18a26a5bb4f9472fb","e2124e8dd12c5b198cb93ca5d806755339c2ae3a"
"https://github.com/dchbx/enroll.git","3551","1","[2967040d35cf9b143913a0b6a4ccebf5e03a48e4]","1","1","2967040d35cf9b143913a0b6a4ccebf5e03a48e4","084884adac166ac4540fb3eb7ff07a1b11f5f381","c832940b3d6222c0a45ed22e470ab2153090204a"
"https://github.com/dchbx/enroll.git","3556","1","[e98af8f7c0e34e8fcf18bc881ae8553b2903c5a8]","2","1","e98af8f7c0e34e8fcf18bc881ae8553b2903c5a8","c832940b3d6222c0a45ed22e470ab2153090204a","d354c6f226b76bc7b5ef6af7bc6de8e06bc02652"
"https://github.com/dchbx/enroll.git","3559","1","[917583c8b91945c50a07641dc20bac7ade7bc88c]","3","2","917583c8b91945c50a07641dc20bac7ade7bc88c","492c8ee6e8c97e2b65e0bc733e0c2276c971b924","6214f8300525e143e5c1459afaf9770734c9cd75"
"https://github.com/dchbx/enroll.git","3576","5","[c86b31c0e1a3fa84481d9513002f84a8188ff742, 46dada9f21ae492b5498dccf1312723c010bc071, 3c95ba5fe0b98314666c8a59f09a7928c1c29f0e, 41929b75c190b7e9d515c23baedb69457e397923, 5c2d007aea48462703b2bb8825738c98309b4fbb]","15","1","c86b31c0e1a3fa84481d9513002f84a8188ff742","cbd1f9f51d5422ace7807606e098fa8e1384d6a6","66c4f27e8630a091bdf875456595c45634868c1c"
"https://github.com/dchbx/enroll.git","3588","18","[80d580429019b4dd4d148e69bd56f36d7c462972, 27c655a23a70c40526ae028d852839616f06effa, 6d2b525e0e8ba4e4249fdd2316972cb7740a4821, 0efa5fadee3b92e5b01348858b2ac0063b536379, df1bdb5d9c23a3f00b0651456b3f7ac06ec1852a, 05213383a4ffddbd3bd2f32dd2c5e8aa46787e1b, 3aaa84ba73fec0935c70f25de3736d5551f48366, 9b53a30479044babe537a5b24cc00caeb1d426d0, 42c299df85d76b44160f8f74021e7f8fc37115a9, f7db90d791a508cee5e78506ce708617bdde5fbb, 61ff529e150df883cd1a79c6aa7e8b9803bdddde, 0857c4f2a18c51bafd3441d66ad1132efe25fe19, 6f6a25b8489df722a04c7594d7cdd0feabb19743, 9c271e947488085cf878c1a15edc725ce123fd83, 081c5e2976fc314c0183d03d4e56d5e8ae56885c, bd736c46694c753184fb69e6d9df7e8fd6cebf72, d04a1a0eba2b6137081972ab383629209b070848, 57c3c39b6506b25296de982f08a756742b5faf66]","8","8","80d580429019b4dd4d148e69bd56f36d7c462972","aad691cf08482104f2cb375300d5b7d30efeb0be","c2fe435f020b888c1596dc372a1e47354e415e33"
"https://github.com/dchbx/enroll.git","3966","1","[1d3a8ce95097dd19823b3958701b7ac5a9150326]","6","1","1d3a8ce95097dd19823b3958701b7ac5a9150326","ba93d7962c396b5dae210a817798e5a07165f9d1","59085ec225dafcb2493559643f2d69fd0dd90ba8"
"https://github.com/dchbx/enroll.git","4143","2","[a89b29a46e1ddfa2393ce6047b62526c2b784dd7, ef0353dfe1386dc3fb91ac4baaabd4790258cfde]","7","1","a89b29a46e1ddfa2393ce6047b62526c2b784dd7","1e4d72626f381af5ed471aff20cddefb9d3f481a","cd46a054c86d9298f4818117118d9490c7ded828"
"https://github.com/dchbx/enroll.git","4158","3","[cc59dd3d95339aa523e3265f9d7bbab33603e0e4, c9da2473b9eca8c82023f4eb2e90361b1fc6c892, 915fe768531defb215701f25bf108173d5dbea6e]","4","1","cc59dd3d95339aa523e3265f9d7bbab33603e0e4","8643af5614ec2d40c2b2789526e9faefd100e3ba","868d2dc95569d0e124546f86c950869a36d0939c"
"https://github.com/dchbx/enroll.git","4272","6","[654c3bc7335a1eb6c57512a26429d343e88acb40, 5ee07143a0aa36218d03f355abfecf4e78a09b59, 69cff42d30d6f613bca898d19d76d87b67fd1cd6, 96e291b3476f01912603ee8acdbc3fd7e981ff68, 0dd5d7a0e71048776e0dee68f781114abbceec2a, e3ea640f389b42a8516197dd6b5e4450be8a18be]","3","2","654c3bc7335a1eb6c57512a26429d343e88acb40","1f5070757eb44ec7552e0d52adfe2be3ca23f8a3","037df38762ab57f6705caba1b159e99bcdc0f353"
"https://github.com/dchbx/enroll.git","4274","2","[7f9ebfff7fe69cf1f5d452af32e4cb5de49837df, 07a7944ba6387399dacb46f14f5c831489bf58e7]","3","1","7f9ebfff7fe69cf1f5d452af32e4cb5de49837df","22e635b862b65ce4b96f9c4bbd4c1df0204aab00","97160f0f92b544ffb4ef963de007c78f6b09316e"
"https://github.com/dchbx/enroll.git","4324","78","[00379fe156d5f13f5b2d27304d264e4e669a6f0e, b85fc2fcfb936eccf46bb0ab4c650dc8d8aaea02, 288d9b9e6cea4d83395b31cab4b9482e67bd154f, 9e9fe359ab3a524ff990025c8164d0b708eb8d54, adf4df0e2d5777f90953bd6b9e927c2f5d8e4271, 50b6002d664986bbce91df09a31d38b9a18b4378, 7b7024c3963e1ca2c1b4d7c301cc9bd8dc0377b5, 4884083990a6ba31507c7f5f2dce68b50db02bfd, 0b52aaa080461817e01d8103e9669746df603a2e, 55169876fffdd6bfbdc3c505dba2c65911aac7c9, 925760399853700d548e93fd3bb2671bef24537e, 525dbc301bf7b36e7fb4963f38a1160aad526607, a4c40caa65a8e6dc98d368785e21fd197c813a4f, ed61c6182eef4d86e935fc56d7c38cdb2b257e74, 0fc89a3b459e2de5ae4a7e6017d76f65604e2f34, bd0040d5d0402be69ce33266a20624b66bd312c4, 73b2c79ac6732bdfe8fd7bc525753fa0dde7cf96, e6657af16a296323a64a1131b17ea205cba5904b, e75d3069bbefde7c624d63e47b560d7abe249269, ce87375c7ec13e07b24c4f98fdc76ebc0032b013, 8ecd2bbaa7265c49b2e8cec5ec3ab58e6563d306, c5c070062c6433dbee915073e7138268ccacd091, 47f5eb6555162ce02750321937cff3d04cfcb15f, d8c157c6207953219e29c9f5a9d4719da4c0ca40, 02da6e379568bae770d372c3238b08a39e3d661c, 1fc77d73770a276194342d4bacc4a4fcc54b1d83, 657ec48e4d08a03f0218b77d985308af4592d8ab, 8413d6e106aca4494d659f778cdfe4d55abcd30a, a7bc52b23daea7bcf234fa9b3fa620a9b290745d, 1666b388cd2e81f947fa393cf02d70d323738b7b, b64fc9ac44dec6384e347b9f4d8b1dc30f25fb77, f831b16de579c181b354e0edf100119a10cb9733, fc78bc9fcbaee0312f51ca2d0f181fad580e7ac6, 2ffe4c0f6640b16bedb6a601284bd4b99d374121, 8f39a01a1392e657e10ae0814aba2c77326f9839, d7324641298ffe1c45d67149b82d7e6d2c0a5339, 78e737f2287c49a30abfe1b48d4c2b4ad7e63cbf, 5d39e81588eb07134fe4f162fdd8ff5ecb833e13, 8312e09259ae5512de7814342d204000215a4e24, c241887f07b2623e21e69c99e1c4afaac6d9b21e, bf0cdbd78b7346330dc22f7b5eece7910b055ec0, 59186aef00345b246e802d06e2160b10745c24f0, 0f3c7f8952a654bdbd97609830561c6daa394c4f, e232a216b6cba5ce3ef03b5c2bee08a7cbf167d5, eba7da3b46f301b42071e0ecab520941d7c9fe0e, 4bf7add5054c53abc88c57a80abbbac7e59a8ddb, 3584bb0ce776674a88037fae84611080f89dee3e, a37763832139b23a156d07af06a8409a94bde3fc, 3eedaabd1cc556f9b1d1740fe50e775081ee6f17, afc32d1ad1a2a0a44896b016951d01a2f9a2c7e3, 084f659e9af16039700ecf5ebdbcaca312a4e33e, 8f5d96a259bc2561aa67d66da61b4b778183dd0d, 28d1e86f6fcb9c45e5465a01018182a7c5979ee2, e5b3ff0f265418c3d24068633d5fcaa1f335c955, 5bbb4fe59c41bef1d879fefc56166502ad0ed6b0, 1aa19332474aecd35ceab05d4b0c8b71332838a0, 6dbe30b8285e0e4d74368c8d552daf0f502f4c20, 4d37de5fdce6ed0a0ac73162e1b20dda598a8929, 1acf7819f6664fd279dfda3fabfbae357ec69511, 19ee8a0687e648ce294ebdd72c8c6c09ae0405f2, 8900a2c6f007b9bec021df9cd1b46e63087d808b, 0d489922fc961bbd17272c42d9c7a7074bae5fe7, 3088d14de2490a79af8a7d523d9b4cb804958d98, 6b83816d7268c3b65700fb03607c183745612be2, 99ab1fdee1d24e211b9d300333a0c4777c104504, 6ce693772f2ab66efd347149b56a81e9bc15d2f0, 40040a61199d9b460848730ece1a460bce9ff20c, c395ac748c4bf2cc718b93d5bc1f9b53c0fc8c93, 64dcd937e9384407ec50bd181f614c763430f282, 3c2f672b037d91957c97eed493ac4069c5030cfc, edab14e50b8cb5538ba6ab7338192d05c4933912, ff27dd01cb68d8811480c3eacb55922f2f0073ca, d24a613ee00315808632e59e11ae0dc4870b0b01, 956f34dad93e19d07b460f2e77b2adc700eeb926, 2d2a50dee4c7401bb9bba73a0475085f8bfed7ea, 719894bdd0437389a05471b9d786730f41a0a525, d5e645c50ef031a269d158040b419ef09827374d, f90d44cc034a37852491dfd173d6e3cae408c7ee]","102","1","00379fe156d5f13f5b2d27304d264e4e669a6f0e","ac614fcde3fb43ebcedd9157eb8a6126444116f6","98417d5efd594bd1e1d1f15e3315ecc89c3ac200"
"https://github.com/dchbx/enroll.git","4387","7","[0c345df0c32fba8ead8e37ab736d23a11792a87a, 6b347f1508175abcb0d03ecd8b74c61bab6274e1, 88740aa98f2aa906ad7533b4ba45e5ba4e8c1a6e, 5a769b5bbd36ab4cffdf3401ff4f8bacda707255, 978e2e21babb91f68a6a9bb2ab83db3c2f3f6892, e8e88a439148b091054cc1b2cae2c2a899e01631, 510db504fc66709607bf34823682de02022e0c15]","15","1","0c345df0c32fba8ead8e37ab736d23a11792a87a","083919258f59d1a81fe97ec4cf867dac2c86d01b","2e64d44a6655745cacf1b5da9ea84a35d9189200"
"https://github.com/dchbx/enroll.git","4402","2","[a8afe599246611cdcda10ae7c05a6444fea1d04e, 10ba12a8c405c0f648f5d2002559af689cb68581]","2","1","a8afe599246611cdcda10ae7c05a6444fea1d04e","727fdd6a5eed5d47dc0c56564ace7edef335902a","608ffb580d02c01ae0417e155f97205584d09b7b"
"https://github.com/dchbx/enroll.git","4688","2","[5413545ce31c4b0cc885f531b51c1205f7d9ca6f, 72e361748b200bfaae767fdcf91ee6af94743f33]","4","2","5413545ce31c4b0cc885f531b51c1205f7d9ca6f","87ae7d1e704a3e598ba29438d140d7d91381af74","a4c0ac241d5824762570612aefb91dc32e5eb661"
"https://github.com/dchbx/enroll.git","4713","2","[61e1af9ebdf3b5f135e0ecbdcdf92297f1fd822c, 397abd98f2f1b5baa314c7e86e0eb714be675128]","5","1","61e1af9ebdf3b5f135e0ecbdcdf92297f1fd822c","4cc32bb17a43849614056a73d77657f752a65bee","4a1521c9adc35d2f588c9dca1cd1b1f273cf5b86"
"https://github.com/dchbx/enroll.git","4714","5","[ec3bb4a5af3eea96f1278ea2a6ddbb8be71e3f92, 28a3f30b445ac092d62c401b4a7b35575ef1267e, c05f28c95f2180584380e3a0d7bba2dcdcc668ba, a17395adaef320c4a9c85d9ae8b0a6524ef72575, d24b2ce90db97531b29cee1d29bc7531ba997a18]","7","1","ec3bb4a5af3eea96f1278ea2a6ddbb8be71e3f92","4a1521c9adc35d2f588c9dca1cd1b1f273cf5b86","fff7a9a15301d4adc39e2f0a490a96e3fe2cb905"
"https://github.com/dchbx/enroll.git","4719","4","[3f6b18d188b93c121866757bcfa9aef9df70f42c, 18e7e44c1bcc1e5a05b5fbffdee66f5bbde20f1c, 34ccfdf09c716ac2f7e1e35fee320a6596d3f058, 86c72c755059fc37db5b5ad29fd767fb7d906dcd]","22","1","3f6b18d188b93c121866757bcfa9aef9df70f42c","b69c577b8aa67eb6582a7abe1a5e076c6d4be009","356eafbcc83257da61876658f2274d4d86bb036f"
"https://github.com/dchbx/enroll.git","4747","6","[7c99447008cbff0e2176724a143a5379f1166cfd, d3d0a8d61af72a676b419bf89d07d3095b7d17e4, 329903153a0b382430b8580ef4f2e37966b147c4, 37f3d67b0bf675c0498c2687321464e77c597177, dae16a69ca55649f880a77a5a85f7eba48b897c9, 5bc3aa43876898b0de99057eba10fbb3f588c4d0]","5","5","7c99447008cbff0e2176724a143a5379f1166cfd","60d39e7008dad17392490bc4373670a20d00cf08","e3ec5cc434263f1277b9c419bab7ca7ae4870798"
"https://github.com/dchbx/enroll.git","4757","1","[78f5fae2de879c243dbf015c40fa893194a98b56]","6","3","78f5fae2de879c243dbf015c40fa893194a98b56","e3ec5cc434263f1277b9c419bab7ca7ae4870798","23886c5b270e50bdbfa976823d4f12b185ad1bbf"
"https://github.com/dchbx/enroll.git","4769","1","[1a9a4425a1dbfa071a60671f06ba7bac9b27c4c2]","203","4","1a9a4425a1dbfa071a60671f06ba7bac9b27c4c2","f8ff812f7d3f9ca6d3227254b42b465e91c48a99","d65a392e185a3c0d7c6d2c60a2aab28b82c000ab"
"https://github.com/dchbx/enroll.git","4787","4","[85c558c5f38b7bbd23e7fb88dc8404a5645187fb, 32a1b27566e90c8f8e3639533452c78e13d44925, cef6a14b81383f5138b0340416b1c2ac813c76df, 548c18241ac4950d8714f6b185f45347a9be0f15]","10","3","85c558c5f38b7bbd23e7fb88dc8404a5645187fb","8763f64c83845c82b2bb674cf8c2704d34785d2f","3bc584ba951e680fade5baf6a8fe9f223450d618"
"https://github.com/dchbx/enroll.git","4790","2","[7b74e2d0c4e0bbec36afea40bd91ab3e97e549ec, 23886c5b270e50bdbfa976823d4f12b185ad1bbf]","2","1","7b74e2d0c4e0bbec36afea40bd91ab3e97e549ec","5d71806d347d8e0d5d97b1c623b3793121be572a","ff277ffb522d66c0a4b487f745745c7b0d03d752"
"https://github.com/dchbx/enroll.git","4793","1","[be0b40e4ffa9d4dc245d433e7b332f1ced667967]","3","1","be0b40e4ffa9d4dc245d433e7b332f1ced667967","ab0b84d5bbd9a19762f943bfa2f100f7d1414fb6","2f9525f5440e3dff52069f820f609469fc50c33f"
"https://github.com/dchbx/enroll.git","4812","2","[79455911b5cae634ac32f6e1a7031bbbbc746392, 44be6052c55af8c63aa5cc2bc39ab809820f507b]","3","1","79455911b5cae634ac32f6e1a7031bbbbc746392","06ab85e888731f32821a0f6bfea77463d221b881","de1ab754acced7c59992f5613853714a3a90608c"
"https://github.com/dchbx/enroll.git","4853","18","[27a018528d73c279e07427bb217e4d4a995332f7, 3e00c47aa26ab7d27aace9f1b1af2ee5d219eda8, a4a0a848ccd51b27b7c73064be1b34a0156f925e, cd198ddac9fd164e7e3ab0f13b50ae470532c593, 60ca29060381c7636de2412e7d87af05d2111bf9, 6774606b7c463261331eb81a19d606ef08e12042, 86626bcc24e7c53cc8570f4052ee4156f5998cd6, 10aeb50c962e80cab99f0cf16453ae155035787b, 485208d5001f956412f07c87a028e1d7eb795f12, 39637fb8d2cc41c3afe93bf6047369df89494da9, aecc8f1b1df556c1b0b8afba4edb913f5698e3cb, 86e600bba567395ac3158382f86068858fa36070, c1ada137fdeea6f68b87d309d0b54498a219e368, c820629323bfe589e4c029823eafd1ddc80ad2f0, 866f8e1e2f962e1481093cf57ff1b04513c4c1c1, cc7e9e365bcd39c278673ca828a8ba222aefe55d, 6bccb32694f77568195625e1d9001a697484bfdc, 56162feec3f04b9315dc0ada82bfff4f0151b444]","10","1","27a018528d73c279e07427bb217e4d4a995332f7","460044c37546f9718fb366da40cf20b39760b85e","6a08f897926f15d753ae19690c125349bebca9fd"
"https://github.com/dchbx/enroll.git","4876","2","[ccc69b2486a9eb0e793db640d5dbfa5e225e9567, 3b17d9909234939a1f680fbd688bbbf78e4e8e99]","6","1","ccc69b2486a9eb0e793db640d5dbfa5e225e9567","dc440e9475c238653b45d779a17a6c7892423840","4e0e3f2debce6608abd9ef5e1d549d0ae1048546"
"https://github.com/dchbx/enroll.git","4950","3","[151c7af6c84957864b3512495389d99cf3adcf83, e30d224bf3a255ed11ebc9b63fa828104e6cef11, 3a7e19d5d60a16896bb30da0b9bfc24bd231d1fb]","150","4","151c7af6c84957864b3512495389d99cf3adcf83","67ca80f3351675a9cd12cf657b88b520fff7eb50","f3de75d07686d24792cf2363b61d5e52ab262818"
"https://github.com/dchbx/enroll.git","4973","2","[c5066ad0620c5ef61969216a0d94e1836d33b605, 75b74c2251715f6e3694fa2671a0f0942c79d49c]","17","1","c5066ad0620c5ef61969216a0d94e1836d33b605","f6da9a7fb907ec7501d800c208161c5d856e1d15","d929b85b83da667414cd76f0cae9d7a5d0d1fd6d"
"https://github.com/dchbx/enroll.git","5019","1","[daa6e5629b8fc3f747f78926250ed7fffb6460df]","1","1","daa6e5629b8fc3f747f78926250ed7fffb6460df","2d0ae55de6d3241a44ee6550c47821c70fa59f5b","3c6504b39e15d02546e37b38cea47032b80c6d3b"
"https://github.com/dchbx/enroll.git","5143","3","[826713852747a388c76e6b878d7201f3ea3b4c73, e4e1a06b784bb734917d897b0577fd24dec20784, 9e82e9a1ac8155fe3b832af82422c5f74c4de248]","12","2","826713852747a388c76e6b878d7201f3ea3b4c73","84009d4db579adcf7fa0a93d23aa84038c2fe0ff","48a9f97c15232c986b989e579507471d9ea217ec"
"https://github.com/dchbx/enroll.git","5157","6","[938a2f8e63dd00574b6184a6665a75537b41e2b5, 63ec6344a485d3f355798554fd5bd8fd68b14dd7, c02a452687980a68fa92774954ce5e4eef763c61, 91bc51394c1b6694a21f1c5db50a47a4cb149bc0, 713db7c232ecdc64c670471c8bd790761f9efc10, b5c5d8b3b0213c8f02e213ff1aa842ac0678160b]","6","1","938a2f8e63dd00574b6184a6665a75537b41e2b5","8bb9cbadd39e0e98d69b39bf4bdfa4095ce44b7d","716e3150717ddce9afb0f6a80c45e0e2a84d1093"
"https://github.com/dchbx/enroll.git","5164","4","[8fa0701178a47e845bb26873dca4d50089ca1f99, d56f697e4a58ca53936cd1f78d7052e8337afe31, 170bdcb03f0a3710f6216624e3f115e676b32288, f6453e250cc032775ea435d639047a76d0f48d2f]","2","2","8fa0701178a47e845bb26873dca4d50089ca1f99","94e83ab3f07872d23310265ca06d1a3ee28a7810","7521372f578f30cb30231f57095284f40dc82583"
"https://github.com/dchbx/enroll.git","5211","4","[f31474ed752ed76f0c753837521f66d17d073cf5, 47ab2ee7b11f8645cd2e4c4499cc1d6c4c016600, c3f078d41e3e87ba0f7457435e5c28d2eaa16f30, c7cb4d70f829e50a341603bac1345d7796c299b0]","8","1","f31474ed752ed76f0c753837521f66d17d073cf5","ea6283fd9e7db1a0ba3246a4eee4a45ffc565206","82e73f442b5a2d9001abc7fc67d8f1bb16be6e39"
"https://github.com/dchbx/enroll.git","5298","1","[846621bb7af0dcdbce64f16db0380de7c53095e4]","1","2","846621bb7af0dcdbce64f16db0380de7c53095e4","b1467643ef3743f65567d52ae508ff3c8dc87413","e243e576b14714e94566f60eb137e633f3a10fc4"
"https://github.com/dchbx/enroll.git","5305","3","[32da2c29592c8dac6a71004e236921bf749bbc4c, 2e1bdc6304aa28c4dffc67f57bb86251967d1e2c, 45c770de47a756bbedb1eedd0c4bfb91789d4732]","2","1","32da2c29592c8dac6a71004e236921bf749bbc4c","25ddcbb6bd34a7552c41416864e1e10a122f64e7","94533b1c116b7086dbcf6814f7c477588e61b0e1"
"https://github.com/dchbx/enroll.git","5310","3","[fe555dac03113d86b3858128f962f11ac7bd92a6, 1ed8196981c243f87fea9fd3f26f7d7faf8a57a8, 7cceb4c0b9b0f040a7965f50ad3818c6840ee774]","4","3","fe555dac03113d86b3858128f962f11ac7bd92a6","94533b1c116b7086dbcf6814f7c477588e61b0e1","399178a8132d5f742f9e7100d720f175d314b140"
"https://github.com/dchbx/enroll.git","5376","3","[35044eb5a7d89579d99d0263360a0ffde654574b, 00008f7ca5da224e084716dd3281d901270418ed, 057c4548932831699e776db5d1781eb8d1371ae7]","12","1","35044eb5a7d89579d99d0263360a0ffde654574b","0dfb296861e5e78c4687d366e464e8374c7df9e5","2e63899a140d5a0d9186959fa4e965fabff9e291"
"https://github.com/dchbx/enroll.git","5391","1","[85cbf7b9b424719b39a8062317e3e551c3fab3bf]","2","1","85cbf7b9b424719b39a8062317e3e551c3fab3bf","a312a7f55a250a0108941b9de6bbec2ec931597a","aefa930656974514589cb2dec335d14ef404f51e"
"https://github.com/dchbx/enroll.git","5444","8","[b9f2a348befef84ff9f69f3e79a5133abc30aebb, 92c38a52201237d98d74218fb7bbcd40b77a464a, cd7ae097f7313e6c660e4ccb6a07c4837325d64f, 35093b862d293aea139558122b736aa1191bd9fd, 9c9d0b1d50b9081f72b0d0f057277311e5c2b928, 0691ccda130f47f7e3a03847145125247a27da7d, 5daf4b204e1138032106ff55e132925842c23229, 485e371ca1e216335864227c8c937f6941c2d235]","5","1","b9f2a348befef84ff9f69f3e79a5133abc30aebb","13795b2f48534083b7997dace721a6972d592f65","af92678ba758905387d0ead07850bec319479c02"
"https://github.com/dchbx/enroll.git","5453","3","[aecb7306bdd112e61c2253c5ed3b4ae512789d40, 3f9d6c0abd5833070baa43337d8aa534b97aac9f, 34dabf4b8218b083b6a3656a41601c009b324cd2]","1","1","aecb7306bdd112e61c2253c5ed3b4ae512789d40","c3852f8a81d449fb514e776593c5e05133acabdd","802a32a30fe7c2ad15b5f099f210f43ed6906060"
"https://github.com/dchbx/enroll.git","5482","2","[8e5134125492f5b5e96574ab886160b30d003025, 322c06b34e8736d569bdf2150e35bd7d5612c967]","2","1","8e5134125492f5b5e96574ab886160b30d003025","f0d98a8cd548099d32a57ccdca09e6dca3111030","5dd45d51d35f37ea0602c5afd112f31ac1560e07"
"https://github.com/dchbx/enroll.git","5483","2","[b8eadae3ceeb5905d226d940b9bd4459a37aa291, 58a4b2f67720a3c5e8671dd51f093190aa3c0d4b]","2","2","b8eadae3ceeb5905d226d940b9bd4459a37aa291","f0d98a8cd548099d32a57ccdca09e6dca3111030","c8dd78634cf6108c66c69cf5e92b8070d8cadbe5"
"https://github.com/dchbx/enroll.git","5548","5","[83c1b5b07f435c92ce9fab9da2b7fd7f17bd0d7a, d1f356cab75cf37f71c415d79cd00ff8fbf4cdd1, 5768ead4c261258d6d37caff47176b46be349110, 34c009c372d30ddfc3c28bfa398c732fe6fc35c9, 927fa855eac7cc3da3a67e9f002fbfb6e86721ee]","9","1","83c1b5b07f435c92ce9fab9da2b7fd7f17bd0d7a","e81540fc57e9834723eb013b8f5b898ab79ffad0","df2d9d5d9d16ee9f482e13a27fd7e5be24e8fc78"
"https://github.com/dchbx/enroll.git","5551","1","[1410c36d179d689c0384897a678274e17482e464]","6","2","1410c36d179d689c0384897a678274e17482e464","0e74ebad48190d32a37af255ee7e9d73f1d2337e","ea0539100801674a9bd3fb5f09868945b79e92d0"
"https://github.com/dchbx/enroll.git","5558","5","[b18261b05dab0aaa9199bd24fe39256fcba8cddb, 7e21056b7d0990fc475c8c080df29536f3edc80b, 487d34a7555217b04154b625018d7746a357b478, 020233021179774599c19d232cb6a48ddd03b177, 865abd4beef249f94c2e69b7c8167ff61487b948]","2","1","b18261b05dab0aaa9199bd24fe39256fcba8cddb","8de9c95a22ad00569ff5753cec2fbbaccdd1b266","7acb881a4e5456ba15d0f8964156978f7096d2d8"
"https://github.com/dchbx/enroll.git","5587","7","[777216b97a046ce73a6339bde9e61d3e09dc93dc, f10753854a0ac9e017f6d8e9b03920660917a8f5, 8f984fba50a22765810faf7fd33e1c7edbebe195, 4f0b2fef858604c41116e93ba145d0235fd93c01, f694288c45ed6a9c88dc14b767de4de927c9d4bd, ec3d8baf91214b401ff07e7362dbd5d156cc49e9, a6770fa9a834fee1069814a43fcc9d285f6c41be]","5","1","777216b97a046ce73a6339bde9e61d3e09dc93dc","72360d70c13e628ddce8ac34e5cb48e9c8ca5e4d","d5a1e1aecb0863fcfeae8c66d406d638e21a73e6"
"https://github.com/dchbx/enroll.git","5591","3","[c19436f5e2f7f4907892c4425c27b4894a53fa8e, f9187ac111d0db044391a6c66957998c7d857fc5, c7186a080b90072c9e0959119709c6ee50fef7fe]","19","2","c19436f5e2f7f4907892c4425c27b4894a53fa8e","b8ccb46e52d6cf6b941a6c3d222ea3848fd85412","f6dd790cd915804f9adaf0c50be7c248fc2d9ce5"
"https://github.com/dchbx/enroll.git","5596","2","[5000df8fd26e8299191d008ddb6c24c103e24929, 55b6842d02c7fa8216aaaaeaa5ff6dcccaf034d7]","3","1","5000df8fd26e8299191d008ddb6c24c103e24929","d5a1e1aecb0863fcfeae8c66d406d638e21a73e6","b2554629bfa0728546faa48980d87bcb49e60c7f"
"https://github.com/dchbx/enroll.git","5615","2","[c668da4892ede0731383e535ebecd8109726b832, e2d9e7bbcf9000306e3f2c7b4d50944eb5f50da2]","9","1","c668da4892ede0731383e535ebecd8109726b832","e0bee42c7c06bd4c9def0dcbbd8009d0ab2718c9","11b8bd73e08dec1d88fda153b9567d3e68b1e574"
"https://github.com/dchbx/enroll.git","5701","1","[6696102b0c69f754c5edd06d5244bf694a45a7be]","2","1","6696102b0c69f754c5edd06d5244bf694a45a7be","8c376fd7bea6738da0649f98f0eaf43d8a1fbe03","0166911b23fb5e0c63fd21f449aa52f2faf494eb"
"https://github.com/dchbx/enroll.git","5715","2","[277d0ef6ddd18680911feea936e9afabec341a6b, 0ba419f50b5b92893e5be01980bb7b73d0cf0de4]","10","2","277d0ef6ddd18680911feea936e9afabec341a6b","0cada16cede5998c5984e1886cc3fce570192417","2668496b245a2ff68ce0bd34e95bccf8db8e2a9b"
"https://github.com/dchbx/enroll.git","5801","6","[5c2e0902bafa401f304a30e17368abc762f19a29, f5462f8973f5a9fb8cdb1fdbde25a29496c53a48, d60871a31a0add0e95f9c40adb0eb35aea297d74, 99af7499044a84e7c3409fba1f1ff82b583b6d65, f1e2e59196f5cdcac04af833997503cc76a0b9b7, b268bad12e601908b14d8442b0908bec729d245c]","5","5","5c2e0902bafa401f304a30e17368abc762f19a29","7930490bb3a2a15466f1b6b2eb0e4c2c3720699d","aa9890e10015f1b7cff5b58efefff9bcebbcb4c0"
"https://github.com/dchbx/enroll.git","5835","5","[674da7cb56b3cb9b45ba8948c8c14f8763ddc750, 0955450df6fc96b7558f04db8650c68808409c37, 5de24963428b7ad0949a603f23cf778f3992aace, 977481fa14f8b9a191dd91e85974875c56084f39, 642d424ea61641f30946a0775d72950df8a099fb]","12","1","674da7cb56b3cb9b45ba8948c8c14f8763ddc750","30526a0ed7a322df4c9c684a8bee1d4ebd4a9000","c0876a90b6157666ebab9ffc9f3a0e4b0b0cf22b"
"https://github.com/dchbx/enroll.git","5971","2","[4545d71b3285d5c468051cde49fc6b7555d65118, ea39042da5a3779f045648606c1d3a2b41eec376]","1","1","4545d71b3285d5c468051cde49fc6b7555d65118","d768b8ba95232d024f477c2a791ee0be390e0199","131dbf8d6f69b0a338635da2cd8473460b727082"
"https://github.com/dchbx/enroll.git","5974","3","[6685b3e8f4a3f6052119cf9f2df4368934f3fb36, 2ccb276f56c60cc0dff0ca4686c45312015f8e08, 14f6b952bf98bf27c04c44bfbce4ad2a479ef72e]","1","1","6685b3e8f4a3f6052119cf9f2df4368934f3fb36","84273c72e2ef1c249214bd58997284bf34f7f3c4","c723c4ea8c9dba4b90076c1ee39fe4fca9c7483c"
"https://github.com/dchbx/enroll.git","6014","3","[508a391d23711e5989fb566266348d31474e91f8, f8f802a0b3325d57cffaf49e7206568add254178, 8c3e721adfc59795349906ba1dbdfffe784387e1]","15","1","508a391d23711e5989fb566266348d31474e91f8","d41e922603860500c2a61e0253a055bf1f8f5f42","69ca903d37b72070c44d6b8a12dd288876954cb7"
"https://github.com/dchbx/enroll.git","6031","3","[096b7839891f9fdc30daa0ec43c9920c67f65e3c, 717f9fe64a6c906f70f288455e4ca8d58233f41e, 14422b7640fd37fcc903545a16533c1d70081c48]","2","1","096b7839891f9fdc30daa0ec43c9920c67f65e3c","2ad1b5fbf0c447ee3faab40a223d0f0209d69b32","9f244e3de76d862dd6beb68c7169232179c40fb5"
"https://github.com/dchbx/enroll.git","6051","1","[ca304e992d8de05b6e5482dcd227560f6fb87bb2]","13","1","ca304e992d8de05b6e5482dcd227560f6fb87bb2","d1573c1f5db9e2bf8aa95858562602f222f11196","8be0ba386558fbc82c9a4cfdb921deff2177d905"
"https://github.com/dchbx/enroll.git","6072","14","[05962ccf084cf2f1ae9ee6319411cd2f8c752fb4, ddc27be3db9123694f30b8ebb953c5ac4e37c34b, bd0ba40cbffabd9880d73b719a739d1a748d759f, d5f54b08c360665834076f672c56181d254bba56, fa6457c6d3d17c34e7bf290778c697a338d0440a, 38c7a2da355e8e8c3446e12f4a6707b769230cad, 46391f0ba2e61668d1710d95ec427bea56e6c4ae, a379dfae95e36db6e7045f07fa12220c0c388094, 36d4c8c6083a7ba83e4fb0c8ad1b8754508976e9, 2b6b350468489b67bfc5b405eddb39727867e4a2, c8b71b61e77fc8a62cb1c7b30bf1f571d4872fa9, fa40b08f4536b0f670d2e88ceba274fdbf01e11c, 500c7c733ef7a52db9e48fb9afc33ff3defc372c, b54a715f50699dddfdcae8db87b9459b433be119]","8","1","05962ccf084cf2f1ae9ee6319411cd2f8c752fb4","415e63dee0cea432398fd18ee26cf786e2f617b4","03bbb9bc089e019f69b3e6064c43b67e355caa22"
"https://github.com/dchbx/enroll.git","6093","3","[d6b0d75469a0c0cd0a931c7245e9dd13695b1e10, 118bab444cf5b49cbd87d26533686af91eb5a1d3, a88bc465e18ae1ff8482f52c734835330424ed8b]","3","1","d6b0d75469a0c0cd0a931c7245e9dd13695b1e10","212eaed93dfa4b9e4ebf722a7274b25eb98ccb49","03c6ed72971ac62e0d79e2e550e9a897ba801956"
"https://github.com/dchbx/enroll.git","6094","14","[7dd9e4692a7d6aaf043875cbc063e2d745c715d5, ccff1fbeebc8cd125f4a04af03e55d9ec6c34acc, 74123c7c70a921b2a37b2ad97c6c5ba308d182b5, 56c5a3969d50fa8911f170f802d1503048a6b1a4, cc7b70b9b35626e0d59bdfdb5fe340c86e2e1462, b44704dfeb7da978dff862ab0384792880e7728b, e67bb953a35ffe3156732aa8593b8beeda31a052, 5952a6b08f285728a682d48212460b83637f3ac9, a5be320efdffab1a48c880ad7baaf358dc2b4080, 993e7909997c40cadd7f29b15681457d322aecb3, ac51b7ca5e368de744b413d46c48a3573641698f, 43781c4adfab1264444f8343074afb8e456bf249, 545ef04057dfa44ebf020e6dd8dcbef532067de6, 7f2872fc1f3f605e437437673599ae3710a2b1f1]","8","1","7dd9e4692a7d6aaf043875cbc063e2d745c715d5","212eaed93dfa4b9e4ebf722a7274b25eb98ccb49","fcafc8e9861b72c28ef9a200a19b4056b0183cd3"
"https://github.com/dchbx/enroll.git","6098","6","[203ec3aed995491a01ddf0efa3165ad6d917110c, 7dd9e4692a7d6aaf043875cbc063e2d745c715d5, ccff1fbeebc8cd125f4a04af03e55d9ec6c34acc, 74123c7c70a921b2a37b2ad97c6c5ba308d182b5, 56c5a3969d50fa8911f170f802d1503048a6b1a4, cc7b70b9b35626e0d59bdfdb5fe340c86e2e1462]","1","1","203ec3aed995491a01ddf0efa3165ad6d917110c","119e085e9035f5616d631bc9be067313de86ba07","b44704dfeb7da978dff862ab0384792880e7728b"
"https://github.com/dchbx/enroll.git","6114","1","[22a7d7e2aee5029b43c5e44775b26e53bd6eb246]","4","1","22a7d7e2aee5029b43c5e44775b26e53bd6eb246","77c090e5aebc28be8adb99761cf03028ae869fbd","98b377545606031f29ca0bad1caf8c6b11f6325a"
"https://github.com/dchbx/enroll.git","6135","2","[e981eab518c7c62757d02a8a20420a5e4d7a0d6d, 22ce10fbe2f6fc681f8f9213146c7d5af1a5853f]","3","1","e981eab518c7c62757d02a8a20420a5e4d7a0d6d","130e9f5af3755eb0496119a28deefa29628d73e0","96f2cb3a3c1df2f7a70bf82d7eddad242866068f"
"https://github.com/dchbx/enroll.git","6139","35","[882091a05dade506cd31f48b146addc697ee0446, c4e0d6c7091db332cb22b61240b217f738d43876, 900b6fa3d0929c2155d734cfc591025e87468042, 02c165916498af7253d7bfcc861d61cd28d4c378, c0ba120e2c110f446c0c59c9308f90d8ae157657, c79c09496163bbd3ed8b2c35428b973fbe49fc1d, 1b0b8198b19404122b26653b71bff7bdbe17c2f6, 07a2077ef49e8bccab586468c01c82ada4e9920c, 2db7e911e482c783ba9af4909fe489b1ad5de18f, b6d1822834bcd82ff62a5e8bb634aea9b0327119, 99468d949c4b85ebe9f22ba40baa08a7c97d6f59, 4a3541fb83dac2d6011b9daf146b66dfadf28702, a21b618f1deb7f723ab77fcaf9f00cda9e453a53, 4afc50810609f99818a100507fad626eb5b6728e, 1c2965b5c3250d0139f22107abfc327240cc0747, bff1c4d4cf4318a7736c30bf20a89376014e47ff, 40874de04b6680e5f95e8924fda2c48b6a9707da, a60f413bb4f923d8e167b6e27fb9b32b4fc6c224, 7f74346842b5a136a2e6a06e4355ac19c84b0cc5, 732b715c2604438bbdb1fe7dcf44cd3a8cc8098a, 6e83233a6c217216064fe63f9ceb4ae7fe536e07, ca1efc8e95df901070dd8bb471956b9973b64c07, 51619d9ca45a6c345ce93d050409bbd21d14883a, b32984698911c9a86935a2b434c001b7b5caf728, c782236539ef59ed27fb9ecc3f382f5d155b6f1f, 8873c6d45672ca1e1adddc16d16dfb00387f58ad, 7dcd2b757ab7f470c72c116df2fb0eec03e13875, 9c19ced8d86cd8817a734a94a555ad4fba2b04e5, 6a62009312a8c4ba9adb403ff533243cd2e3a0af, d647c300b189ee92e81ca4caa9f46b7e617fc658, 9c76fb64a759cc4785edb87f2f97235ded86569f, 385be066a60a9cb1bb688baf27ac0e472a88a360, 9449cddba049c62a0f1485d10c41a935c4acce6c, cf1df909f1f07f06d00ee867b5d1ded49e7f9fce, 9967762bc319470ff70d9cb19f2f1d08d351c518]","30","1","882091a05dade506cd31f48b146addc697ee0446","561aad231c80d227dc0abc5d1202d837e4b809f2","3efd1e36e9f2a51b4b8b18643ca0b729c2d4a7f4"
"https://github.com/dchbx/enroll.git","6146","3","[52d088dbd912e3a5309d096a3ce5dcbf8cc12e6e, 7996d79a66dadb8106d6ff2cefdd7c3a981f3578, 89435f8ff4b5c71718eb56035a3f5893c4b5fe29]","7","1","52d088dbd912e3a5309d096a3ce5dcbf8cc12e6e","3cb1e25f7963a7b752ef0eeb3ae0b852535da728","a40379d25860598260331d2c7cd283e52cbb1838"
"https://github.com/dchbx/enroll.git","6174","2","[dac97cdd852da381158dcc9f275181b7932ee987, 6e42304cf6be92c462dabd0cc48e5e08fe4435bb]","12","1","dac97cdd852da381158dcc9f275181b7932ee987","247146a37104b55a5e3e9157fad9a229f082a4e1","8e3c72a3c33f9a91de65aef589b1d9cb1228dc6a"
"https://github.com/dchbx/enroll.git","6201","3","[507421b71753d6458245053241405e122b9002ba, 0ca7e2fed7c194d16c739d5c8c2ee9a27b463003, 6713a8af13c6a05571acf2b5e70f13d46b508cc7]","4","1","507421b71753d6458245053241405e122b9002ba","2d67452a86a35905655bddd6fb7e3669737754b5","00bf1ae6f6b44c24682b123719277b4042532b8a"
"https://github.com/dchbx/enroll.git","6222","3","[67e2914726cd3c0cf0034cf3601d8a7e8149f467, 12a334fabd45186bc1e21c1af4c954d011e9297a, 8f571dc38f35bb5482228590f80603fb351bb21b]","10","1","67e2914726cd3c0cf0034cf3601d8a7e8149f467","0ab48c4b5759e613a09d8cad065cdb029af9f35f","75fcf13c08754e02566d9a80b2222f5949903cb1"
"https://github.com/dchbx/enroll.git","6240","2","[a8eb3a60ddfe498000af793ab987ebd4c6144242, 97b9b3a51c3d9703982d57a2888d1bde6e09125e]","2","3","a8eb3a60ddfe498000af793ab987ebd4c6144242","4bee5bea6d5fc48ede14fca74776396e329cb38a","5ae7d02e0d2dc4a8675fd2c8f7bf946122397f41"
"https://github.com/dchbx/enroll.git","6551","5","[ad9f6e9277be2c89cad72dee08e3e3c2a78f5122, 266b5c740ea21b9c21442f1e8912f389432bc3fc, 5387feca90f6d14b7dd59a5cabe19d7dde9ddd8e, d46837954712d0f05f0a204acb16d428e55a3e75, a748c95e3bfd2cc2cace25af7fc51bd4ed6ea4a9]","19","1","ad9f6e9277be2c89cad72dee08e3e3c2a78f5122","400cb6007ee2429cb455e3aed678593d7ad49d13","8aebd5daa5a1d584bdc8927200103cda77f8efab"
"https://github.com/dchbx/enroll.git","6594","1","[66be1d75be59fc2e4c1b48e447145f1d2dfb6a8e]","2","2","66be1d75be59fc2e4c1b48e447145f1d2dfb6a8e","cd98005d4432dfc28f5d2821dc4347b2b42a0cf9","8669ff71d1261b318aa06285431931e87e98dcea"
