"REPO_URL","TASK_ID","#HASHES","HASHES","#PROD_FILES","#TEST_FILES","LAST","MERGE","BASE"
"https://github.com/EFForg/action-center-platform.git","14","34","[b99daa6aef4e8435f3823853d93d9f91d55fe031, b2c1fade257181ff79f85c7403cb2177b0250eaa, 31f9b1db90e9509ece9fc4b192a38b5ecc32253a, c1bf55e787112d3e988b0297c91998d0388a5ecd, b3dd020c714ea5239d924c47e63a62087237b371, 89f2b37e23809a31bed17b0b1b6ea3cd5e308752, fea6e35dc59d973a2383933f4b2340c42fd18a8d, 089f03a247e5dc5f85d75e4e8a8b72d4fef76383, 2b23c2f858a4b3385146e40187d9830b5836c98e, e734ad572314b3d867de179317f049fc4f6ee3d6, ae771e870d800deff617095ebc7f2a8611a06a37, dc7a313f971ee50f94ebcea07c671ad8dcafef3b, fcc6db0f59cc77c286596b90ff05426b4db3496b, 348c99324f83ff8427363bf495b2245f355721db, c98c792a4982645170b7dfc92adefbeadeaf6db2, de5007d4626b4dbdc9c9cba6562163abfb319b03, fd7d384718b82e6b02fdafdf509e8d4e3d80f01b, c83855272bc22399bca480265bc4829a3ec6bc50, 6ff2a7d9858d4ddfd985db8a08153b808ca2e8b4, 3ab70e766805ee408e7f41d47f68732979de46a3, 3edc12f54329903593e9ea713452597ca89297b4, afcc3968051c2c7d967b9cd29411d85c4db2d176, b80bc6c8be4aee7ce69b9ace046135b83baf1d72, f22ac4f22328fe0ab8f72d2f0364da0db9aab3a6, 877aa0a5867ea923ff3743e0bfbc40b3b1ddd3ca, bdb9e26ea9342841eed5b797408abc950a353f89, 38315b8b153eb347800bfa04f1ddab0b36bb5bcd, 230fdb47fc98762399e82a5e74b6aee0ea353831, 5c7b9d16d5e75a16558baef8f91eaac35ee026ae, 86f0679d93dd94ce83a5cf574a09ad89ec31b847, 8d94d3ed28f87209fec7f1d30325f82cb7e0b150, 800297bb8715076a2b119b72a212136566f8b1df, 56c51bdd26805cd9ca9cdd94beec99784bdf86c5, 7d66e0d3d0bde5a1c9c03ab8df591793c80c327c]","30","1","b99daa6aef4e8435f3823853d93d9f91d55fe031","e06a74375c1129218e9eea594e3933e044241c26","aa226545d6e8385ca88d0505eb052e3900624a71"
"https://github.com/EFForg/action-center-platform.git","41","3","[c40d3f0838aaf9fd6546ea48c4a1e9a2877a9ac7, 6792e6c6bb03f7329bf1deca357ea6cd09a7d731, cd72919b46c1bf152f4645a589b7bf05928c2364]","1","5","c40d3f0838aaf9fd6546ea48c4a1e9a2877a9ac7","a017c85965f1d0256ce0ab332b832781975fa894","d7567adc3a3aaa28c3fcbb37bc6062e3cc0a440b"
"https://github.com/EFForg/action-center-platform.git","63","2","[1a3de108fc5fcd8c0973f8cec00cd0f5684269b2, 116df6799dec760b8b634285a336ac9bd1c735f3]","3","1","1a3de108fc5fcd8c0973f8cec00cd0f5684269b2","62260382ec200deb5b33b08b6c16d71ad7fcec7f","89f348184aa48083571749c62f67c22ed8396a18"
"https://github.com/EFForg/action-center-platform.git","92","1","[627494a85bd127ca8ca793790d3f329124d78d9e]","2","4","627494a85bd127ca8ca793790d3f329124d78d9e","33ef3f86d9193e8b24640e1000b4c3cb7f3272ba","2f625705930775765987bb42c970520921f79e6d"
"https://github.com/EFForg/action-center-platform.git","93","14","[38ee5dbfc7af2ace11e1360734960023f52c890e, d8bfb73409c67644a20041733c5337362743881e, 14f5f001d898df03adaee3ec13ed4816c42b4488, faaffa6e6b8b6c58547225b408f1bae76f94144d, 2f625705930775765987bb42c970520921f79e6d, 1d18105da07fb65c486d8794494e481f50acd7c9, 83a2cebc8241e31e2eebfe1ea5283934b2747f95, a7fcba075929b6b16621252f60637e6d6ab05bc9, 327860abf523d03c1c598cdef818b9a5e5b768b1, 0c51f2cfdc6355d604313928b1ed885666090385, daaab935be1ce907376406600153983e1a641a50, bd667cba01b6308e10d23523f14dc362ca90b802, 6fa693b500310cd6d8a15c82d81b8bded26ca1c4, b3a81d74d8b3261fafe87a84d71b0f4fbc90430c]","10","7","38ee5dbfc7af2ace11e1360734960023f52c890e","25291e587c80823bf06f229f75b55efbcda3a836","1c58fcc411002d78c78569b043fbd6ec200d1442"
"https://github.com/EFForg/action-center-platform.git","100","14","[1c58fcc411002d78c78569b043fbd6ec200d1442, ba68239f716d9eb31f9895842e455c2e88c29478, 5c6a92cc863325ab77dfb6f9b632d556ebb96992, a4f0a1a09d29e71bfd12482391b2434ab33b804e, b6300da8cbd11a8d74159ddae99cf43ca179601a, 46dfb70a913026f18752858066298c41631fe467, 98495f51122a13b764ef781ce602fbd8dac4ba7b, b3e3595f79f6681dc36d559ea46a92991f10c6e3, 20b05559eef010cf99c89fa4585221ba3fa15441, dfafd030c2099d3150a8efc9f3b20742659f2df9, 1b48e20874df70bdc9d6d1b22a8a0e5f699ba867, f95c6fef1b0153beee25871771eb12a775a000f7, 3ed413603030e3547f2d510e37068f2817769d67, 992e10c37015c22b4d50b46cef8b1aadc6d94c31]","9","4","1c58fcc411002d78c78569b043fbd6ec200d1442","bf4583503a035ce34873be00411698ed6705ace1","5121a7cbbb5cae45227feea2e55b2ca1376ce221"
"https://github.com/EFForg/action-center-platform.git","101","1","[c2c873d03dc366657f51141ece80b8114777e1af]","11","1","c2c873d03dc366657f51141ece80b8114777e1af","4bf5bbf18c60271fd7f697fd2d542b6975011013","a4b167643c62e0e3d56708f87b3d7f4d570f2dde"
"https://github.com/EFForg/action-center-platform.git","120","8","[e34f1a9d77fb81c98ba365177a8fc7a8931b0247, a77bcdb428db6c41db378ef3b8d4b2897fd6f5ba, e34948c4e7b7238bdcd8d5f10fdc48d3432e849b, c765743b3333917bf48678a137dc0ee18592bd86, deaf8b20dd3292df19fe5c2ec5c797643de10187, 96da408564adb6f7dc00af42e937e98921f24c50, 54555f3bf34707d94a3b8c27e20701835b652a25, a71a725e569c6fd02c94290cec94dd76f9baa095]","6","5","e34f1a9d77fb81c98ba365177a8fc7a8931b0247","0d265ca277c568d8b7ccb3671958be611259bb72","d6b770e57d18c40f3224ae2915396fbd5679d7a8"
"https://github.com/EFForg/action-center-platform.git","122","15","[6203368ca0f88c93817ea0c4708a04295cbf4263, 3001a6a7c15baabe7d1d4f4677905ed4c3ddf44e, 0444761b97bf7f51e7b16f432d00addbebee4567, 4e97a5e4cd82508221941ee3094e97ffaa4ff90f, 899506ac7c1d9e8815086af788a03abd1ea946c4, b662130e2e32a0d18fdfbb34aa7bee066608f327, d033d5ef3dcfa16fcc2145e52ceff564b71697cd, b0e4c8f7557497bada380c0d7099e362e0fdc7c4, 5e2fc51308b615f988a675669d76b5d826f1bf77, ba04d1655e4ec7931c442c7855f21939aa57f77e, 27c65193547ab3abe4ea5fe3a7cd158066395cb6, 13f98c165c4011d736eec50de5b2ea528aac3585, 56c7303c10a50766318deb622fb71a937f3556f7, a484efc39572c8d72d04e8eb023b782d8d20faf9, 1e63ce322a45f8f2111bf1e7a9c33636deb098e3]","5","4","6203368ca0f88c93817ea0c4708a04295cbf4263","5828ae008751e9729b55717a6c56512350a0da6d","c54f3ea06b1bdcee7f6d9c3f7b3190dace7c4732"
"https://github.com/EFForg/action-center-platform.git","124","2","[63e0b87327e8f8987ea9f2f4c1e075aae0f1061b, b000300dbcf7688c3a9eea03af3ee34fff7af509]","4","7","63e0b87327e8f8987ea9f2f4c1e075aae0f1061b","c54f3ea06b1bdcee7f6d9c3f7b3190dace7c4732","61c87d498167c541ff5ee2a9af1ecceef602d393"
"https://github.com/EFForg/action-center-platform.git","128","2","[12aa8c03572019eaf742ec587e750a943f89e8c7, 96ded8f84b614fc30307e2000e5b1a54d837eba6]","3","1","12aa8c03572019eaf742ec587e750a943f89e8c7","a407997373f21653561726324e935c864950af24","5690b98ad45f14cdf727949203640b0468eb3219"
"https://github.com/EFForg/action-center-platform.git","129","1","[5690b98ad45f14cdf727949203640b0468eb3219]","21","1","5690b98ad45f14cdf727949203640b0468eb3219","9cc84e40f3d0bfe2ff58e0a247241ebbf4623ff7","c6a69ccad2c889a08d0ab2073d8adc3c2f648395"
"https://github.com/EFForg/action-center-platform.git","134","11","[956f91a56454dd3414ddb99c1eb6cf13c2c2ffdb, a4b27753e087cac1355d27cf7c99f5889ab8e3ff, 7b506ee957a26bae64c2959d766ff5df237ec0b3, c42f85eba8fe325df209cfd447299b6874fcdb0d, 83d811b9f4cac3226c8cc022007bab944201dac6, 83b7796be2c09abcd5e7cab84c89139e9fe9b37d, 8df6007ec720a96bf938a4013aaa99ae36ea16e0, aaaf50500a20b41e2ee242c9b7f2260c699eeb40, 7afc91e48978568b3bca44454f1c2d2fbf1d1c51, 2a74ba0bda339b48d024c00a7f5b627ae1b91f9e, 44c41faeb572670c043eba3e01dd38e061b13288]","21","1","956f91a56454dd3414ddb99c1eb6cf13c2c2ffdb","c6a69ccad2c889a08d0ab2073d8adc3c2f648395","076e3558eaa6a07c95f167487365d09eeb60af3b"
"https://github.com/EFForg/action-center-platform.git","137","2","[67e54cd1205114b4773db1365f6444c972be6df2, 6c382236a38fc5cd111359f0e98106d1a6a9d993]","1","1","67e54cd1205114b4773db1365f6444c972be6df2","08e86dce2efa304f5af70833da496a19a6d139a8","c00102238434d9f307e2e197b70232aacc5e13cb"
"https://github.com/EFForg/action-center-platform.git","143","1","[0dd2913c54f2ba4333394cfd98e7b830d97ee5dc]","10","3","0dd2913c54f2ba4333394cfd98e7b830d97ee5dc","aad3ce66fb7511ba76840713f4aea1adc513f42f","4b02c423e9ea2ddb577a0d978377f8f17cdea677"
"https://github.com/EFForg/action-center-platform.git","147","11","[fa010b744b6fc2e5d6a0c97e23359507c083c54b, b282860de710b27efbb109a6cea8a041d291e833, ef1148bb27951e2d905f7524bf166b3c379a6b03, 2e6240c2ac5ff745f5279ec6864c4cdd0ae0bba3, e1b246f0cefcc5ca7a45cc99ea5d8852576b5ada, 00b3a7589471eab128f6589922566e52c754a00e, 0194c9c4879275217f65d7d1001b46490891a095, f8add2b071313f8397bb80519519418aedb2460f, d9bc77877185b0c7f8ed21f8e10f007ea0eb19d3, e25f21fb91e2900e55696bdd31801b11fae70cce, 10ca10d879f7fb7c1762aa6b665b297930aec10a]","5","2","fa010b744b6fc2e5d6a0c97e23359507c083c54b","076e3558eaa6a07c95f167487365d09eeb60af3b","0806fb92eb2178a31dec72df57b4d75979fbfe17"
"https://github.com/EFForg/action-center-platform.git","152","13","[12779739ee7d2e3544f67e8fa1769029fb0a0edd, cb711e18231a8d38bc5ae649a947a024b5ed363f, a318da3d4fab186e0f17cc1a002d8e70a3117308, 229fa5ad4f2469fd6c4e7d6ef3c2b2b46589cca4, 8e0433a0266bcf86d11580d9e9548bb06573d9b9, 697f5ff70c7f281c1f09bb7cedf27b43a1185f6a, a3461c4110a10e7b33f03bdf4d62fb1fe898f2c7, d80e04c217363d4ce8bb163dc8c3c6fd5fd5a0a3, 2039820ad69a1ab397b01e5e73a63c7a0886a0d4, 2af9828bb106abc23b1b9af84dfbb76bcb24ced5, 11f13081e2262de73d12bae5854fb0ac1844eb43, 77a33d219b33158b8ee2d689086ca45e37fd7a2b, 5ec0b9763922137b498bac8caf618822e992a2da]","10","1","12779739ee7d2e3544f67e8fa1769029fb0a0edd","aea00b5f3d8f5bd74cd4136e056a5da679b28629","f1c40a9e4a964fe759031d93ca09b611ae58a6a3"
"https://github.com/EFForg/action-center-platform.git","174","6","[9737ae9f7539d1804c7f857f0260316d2bb938f6, be37b40e72dc08328c82f6e9521c5be69ea67ed5, 163c4b64411a6fd5c7f3932debee395fcdeaa77d, 8a9a835cdfc31067a9adfbd86bd3727dd1b043eb, 1cc0c9a230ec03d92513ae95d4522c1cce6d2057, 1808ff1e70a5d045fd6e6011d10dd17f58c33aee]","4","3","9737ae9f7539d1804c7f857f0260316d2bb938f6","1cb2ff4bbdefab08259b7ea0abfd780b37324af9","ee49926076ead7da2a26eb20f767b9aa84832106"
"https://github.com/EFForg/action-center-platform.git","175","7","[e841f9b1a9e9d2f7d73a09b569cc50d09090913f, 99e5bed463f53422150f575195a76cef47e76094, 4c35f767a5d9f45f4fb1cf9132fb1ff02e67c4cd, 149fe067eedc587175ea48183b26765b65cead8d, 139e485720ea81cad75a0519a19a49638f909cbb, c49522bfc87b423f82aa6e80b95c5150d80a7f00, 85ab15e6ce3bb10c23dabb819dcd7c55961141b0]","6","2","e841f9b1a9e9d2f7d73a09b569cc50d09090913f","537f230c54c9ba0b3cda201c3e2200a001553e4c","e03b3cd7e9f8e401919d147d094c16c2886bf405"
"https://github.com/EFForg/action-center-platform.git","176","10","[1abc60efb52e2eca07d29504de167e4af5aa853f, 1487d282a798494d64079ba5154f5c12a3181410, ff8ba3ff4d5fbd046e3d78342124b9406596ba63, bb5d259be49d848aae1f70a48ee3b9e22bb8dc44, b0ee0597ec0cd1ff6e8b512e0a9cde41f2289647, 0462b98f140a534107471c183773034b02ea2fbe, 22c683a6e13f8e273222825f490ecd6506a7cb57, a322be3a0efddf75c354c4710f50368ba6a96d17, 22e0380351e741c2f4b98a1d7a355d0db89ad5a5, 05e803ad0a34b50fe3e19956d48c0079bb57d556]","3","2","1abc60efb52e2eca07d29504de167e4af5aa853f","5e69f2ee26b85c778af5a3744a7f84382695bf85","63cc608d9d0f8655ba6a48f8840073ae9e962fe5"
"https://github.com/EFForg/action-center-platform.git","197","2","[362fb7158aca7eddce4061582e18a1cf71f749a0, 75718c31cc9c6430fc215618544177d567c88553]","3","1","362fb7158aca7eddce4061582e18a1cf71f749a0","6a63d02e8586d606fa9354d77c139b9ad589c155","cea9c134b1a7da5330236f09023d43885e4566fc"
"https://github.com/EFForg/action-center-platform.git","200","9","[e767212830a75e652e8ba5b826cc423bc0fb63fd, 1157e76536daeab46f24348826285c8a89a3d0d1, 6d29924be3580c0cd9afe371ca3353f05be73b1b, ca1b2be13133dd53fe18c7ca26f749719398b200, e5f6bbfa56b8cfd625b45e80500c0862cc5ae606, 52f5bbdc50f74bfbc6e602b47506797f427ee48b, 1a52bd315de472f68f152735d1efe1a2dd35879d, 0ab3c9497c1c21769990795d3964338fd0fda7d2, cb1e3d833252f5436f2018752303d1bb64e77604]","12","1","e767212830a75e652e8ba5b826cc423bc0fb63fd","6ce2b5697a6793040a8c3663e663cddb70131920","4be1376aa24f8ce05fa9e0d25111e2b01b16501a"
"https://github.com/EFForg/action-center-platform.git","201","1","[2103b6e4630aea2153f028c4c0f8ab9c386a55c8]","28","5","2103b6e4630aea2153f028c4c0f8ab9c386a55c8","4be1376aa24f8ce05fa9e0d25111e2b01b16501a","3986ff039bfd54cc0698e0c6d141ec0bfa7d1983"
"https://github.com/EFForg/action-center-platform.git","204","5","[ca1377bd2847e24a9041e821d3121bb3c9096d44, 6c4b16ad3929335721dad3a8e27d42bfaa057db7, fdf10a9f03e54a5b2d42fcc0b31a73bf81aaf17c, 2ba08b5a11ba59e7bf02aa540d16bb5ef6c171d5, 86f51137aff26969c47e97635e8c5292d32d06cb]","4","1","ca1377bd2847e24a9041e821d3121bb3c9096d44","5c58692329d98ba88b65d4f628f83ffd68f311c8","bcb1f40d4b0d824107caf3662bd8bd5b1f05f898"
"https://github.com/EFForg/action-center-platform.git","205","5","[bcb1f40d4b0d824107caf3662bd8bd5b1f05f898, cea8eacb883a92dcefeeccfa5ba3bdefc8c0060d, 63d32c77884bdad6cb0dede97e95da9b746d9787, 468523d91d28408280fbc16b207b747fa69ebe7f, fdf266f22192d954b13359bb29460250e4c44fab]","8","2","bcb1f40d4b0d824107caf3662bd8bd5b1f05f898","f907350b9252160fc4673b3108b22e8d6e3cb106","d46e80f27fa23b078f7aae2367447b24d44147a8"
"https://github.com/EFForg/action-center-platform.git","206","1","[033046edce83229770fbb07b57b34a2752dfa7b1]","11","1","033046edce83229770fbb07b57b34a2752dfa7b1","d0774d378571f3ce5a8aae2ccb9e99db37815e15","c2360f56486eeae9cfe5eb4e47604ef5b408f212"
"https://github.com/EFForg/action-center-platform.git","207","7","[d46e80f27fa23b078f7aae2367447b24d44147a8, 6282e7c176923504a7b628e9369d464b6f2bfd33, bb5d671b17180f5292586e7f70c42e26356f51a1, 44fa35b419d45ae7534afe63f71be18af33ac2d6, a300e68229fa4f474ff32e272ca3fb26ff08a094, de7968cf59d954b9ee94d8d07341795b327359d9, 9dadd23422e4fd0d18c65f0b9ebf470593b7a03e]","12","4","d46e80f27fa23b078f7aae2367447b24d44147a8","d0774d378571f3ce5a8aae2ccb9e99db37815e15","c2360f56486eeae9cfe5eb4e47604ef5b408f212"
"https://github.com/EFForg/action-center-platform.git","215","3","[e807884b0f6ba2fc33b97721b2ea996683e419ee, 7fde12d1bbeb46f44a074011352655cbcf55d6cb, 14c97c5236d342910278209474b5d09e8cbfabfb]","5","1","e807884b0f6ba2fc33b97721b2ea996683e419ee","5b4e39f8a16b87b4ed754f7775e448094b470402","8af7c9e8b891ded5b8e503d660ac2cdaf3dee630"
"https://github.com/EFForg/action-center-platform.git","221","5","[14b317cbb55a59716ba27ad65899bf09263e9541, 326b328eb3403df4e15d8fb792c607aefafe00e4, f252f7e0b3fcc44eb2f06fc59c331f5125d0d6e2, 94394320e87dbe9447789ad59c6547c4c6bd5502, 2ded8a9d224a59a685a715c1e8281723d443e3bd]","8","2","14b317cbb55a59716ba27ad65899bf09263e9541","3ccd41ca4e05ae81ab369d21bf62c32b0cac213b","b930a9b32e2dd371d0a76715ab37a0cd56af2285"
"https://github.com/EFForg/action-center-platform.git","223","1","[094281b88d3d7717317002813606c3c1a9f7fa0a]","3","1","094281b88d3d7717317002813606c3c1a9f7fa0a","96aba414816a3bf56269064223355489cc29f6db","c72d06d7bbf75b3f6082a0849b830a669b1be39c"
"https://github.com/EFForg/action-center-platform.git","225","2","[c72d06d7bbf75b3f6082a0849b830a669b1be39c, a7f0d5036e476c1c1594b96ef3bb1e9f74b88248]","2","4","c72d06d7bbf75b3f6082a0849b830a669b1be39c","ad462bfacc672070c872a32be8d0ed9fe3088b39","89f2877cb51c33a980995967dffe7a0323122080"
"https://github.com/EFForg/action-center-platform.git","226","1","[7050403a9e41024f25dc693cf034c0a455e45180]","3","3","7050403a9e41024f25dc693cf034c0a455e45180","edcf883336e00737bbb618df974e665ee068b459","ae6b14175ef337a37e3ede1da8697076302cb73e"
