"REPO_URL","TASK_ID","#HASHES","HASHES","#PROD_FILES","#TEST_FILES","LAST","MERGE","BASE"
"https://github.com/EFForg/action-center-platform.git","1","2","[a977931a2fb321ed5fe3f3b1063fd8c52d83b14a, 57d78518b1d1660ff80032a864b83c0a5ab5f1e2]","4","0","a977931a2fb321ed5fe3f3b1063fd8c52d83b14a","83ea205b716575e42c451d29b85f18d2679e723a","aa2a670e36777dcce3580da12e2f38458ce56c61"
"https://github.com/EFForg/action-center-platform.git","10","3","[f921bb6014cdd6d0215b2161dc6587fe71bf2ce8, d5714e16d4474f4d9ffe3f7c09c9b699658c7eee, 1a5c314a5d2ad729f4f03e9431126c67f61a71a2]","2","0","f921bb6014cdd6d0215b2161dc6587fe71bf2ce8","40b4f3b8466179c9c1817f351061fbecc99c8d92","e06a74375c1129218e9eea594e3933e044241c26"
"https://github.com/EFForg/action-center-platform.git","100","14","[1c58fcc411002d78c78569b043fbd6ec200d1442, ba68239f716d9eb31f9895842e455c2e88c29478, 5c6a92cc863325ab77dfb6f9b632d556ebb96992, a4f0a1a09d29e71bfd12482391b2434ab33b804e, b6300da8cbd11a8d74159ddae99cf43ca179601a, 46dfb70a913026f18752858066298c41631fe467, 98495f51122a13b764ef781ce602fbd8dac4ba7b, b3e3595f79f6681dc36d559ea46a92991f10c6e3, 20b05559eef010cf99c89fa4585221ba3fa15441, dfafd030c2099d3150a8efc9f3b20742659f2df9, 1b48e20874df70bdc9d6d1b22a8a0e5f699ba867, f95c6fef1b0153beee25871771eb12a775a000f7, 3ed413603030e3547f2d510e37068f2817769d67, 992e10c37015c22b4d50b46cef8b1aadc6d94c31]","9","4","1c58fcc411002d78c78569b043fbd6ec200d1442","bf4583503a035ce34873be00411698ed6705ace1","5121a7cbbb5cae45227feea2e55b2ca1376ce221"
"https://github.com/EFForg/action-center-platform.git","101","1","[c2c873d03dc366657f51141ece80b8114777e1af]","11","1","c2c873d03dc366657f51141ece80b8114777e1af","4bf5bbf18c60271fd7f697fd2d542b6975011013","a4b167643c62e0e3d56708f87b3d7f4d570f2dde"
"https://github.com/EFForg/action-center-platform.git","102","1","[5121a7cbbb5cae45227feea2e55b2ca1376ce221]","1","0","5121a7cbbb5cae45227feea2e55b2ca1376ce221","4bf5bbf18c60271fd7f697fd2d542b6975011013","a4b167643c62e0e3d56708f87b3d7f4d570f2dde"
"https://github.com/EFForg/action-center-platform.git","103","10","[f73e66aedff03d4188958a5fe895f9dcc3654805, 86be8531b51f3e0b5e8e45fde8b71b37ea935210, 2599d115c98554c4b6d34d58fcf29b4ef73926f2, 4e4c6b2d2f10c77ab5b74d650375d28d691733b5, ee133c32432051afa6073b663e4aac11460404c1, 698a8a58bf2038d7fb6caa932c607e606697333b, 6d6b60712f41421b1c6015be82250ccbd6e8e5d4, 1190a673f1bea7e871a242bd8b18001cd78165aa, cfc385f4893d6714e3888065baf8ec8f9d1c9a6d, b0a0e6d1a9c752bdda8ee8b2725152c8189ed0fb]","3","0","f73e66aedff03d4188958a5fe895f9dcc3654805","c4a00a777807e8e57be052964a07f36d41083762","9baa0b23bf384209614511bc0be054a9a7c2b6ba"
"https://github.com/EFForg/action-center-platform.git","104","1","[69f1fdde591e62477dbdf9fe086b08a22c07c1a2]","0","1","69f1fdde591e62477dbdf9fe086b08a22c07c1a2","8e3e715a35229073ed7c1aa01fb71e54b2676255","9e4cbf949f8bdfa09f432b003e110a5ccca0d408"
"https://github.com/EFForg/action-center-platform.git","105","1","[9199f0f519cd4575f4ca6938da212bdbd4c5f166]","5","0","9199f0f519cd4575f4ca6938da212bdbd4c5f166","c0aa6cddd17286c697293494741d830bd076da34","cccc53106dbda1a56cadd78136889b33cc0533ce"
"https://github.com/EFForg/action-center-platform.git","106","1","[452fb226be06fa9822ef92882521bc7172ec4a64]","1","0","452fb226be06fa9822ef92882521bc7172ec4a64","53ee81647271d9d83c30090e1e49118dff179a0a","ebad5244ce1a312cab0a8037e012e8d177cea07a"
"https://github.com/EFForg/action-center-platform.git","107","2","[817ce2ca17a33052adc7b8a2aa63e627712d459d, b13cff718f0ac25c400ceb9b0b0f1261abdc917b]","1","0","817ce2ca17a33052adc7b8a2aa63e627712d459d","53ee81647271d9d83c30090e1e49118dff179a0a","de2e5c58605776cc2a34d2de7818678ee22d5e49"
"https://github.com/EFForg/action-center-platform.git","108","4","[f3f0329f005661c55c5db3a71fb8fe90a2829433, 07cfea0d224c7994a084b81feeb7a30e77487e87, 5642eb82924cf683370a038e3968e699a9c91c04, 81be09afceaba6bf59eeeb289cc7b1f40514f262]","1","0","f3f0329f005661c55c5db3a71fb8fe90a2829433","ebad5244ce1a312cab0a8037e012e8d177cea07a","d8a73d3e0a522a5b283e3dfb3831a1daeef0d668"
"https://github.com/EFForg/action-center-platform.git","109","6","[7015bfbb1596d4fe0b7edde51446de02e390d3c3, e6ef88baca2f98762c58c0d11adb39af0d049db3, c40d3f097057bdd6c92ff3cd4b6aa697b7638934, 189bb8c811f58bae1be054328fef2a2073a46f7a, 6b5586ea7b289940fd3b2fef41614ca8ae54e51b, 103f502f57a46f0172a7e4cee34dc4eb6408183e]","0","0","7015bfbb1596d4fe0b7edde51446de02e390d3c3","9e4cbf949f8bdfa09f432b003e110a5ccca0d408","de2e5c58605776cc2a34d2de7818678ee22d5e49"
"https://github.com/EFForg/action-center-platform.git","11","5","[8a08c29ae518f0180a053b282eb285d947f918ff, 4e4d5464034889840b3ca52d1817c36672e9e8a9, c79e5c2c7014b248ecfc62ebfc717f0088fbb165, c34c6d6aedc18efdd6c5b91b9189fd33f0634c7c, 00cd0952baeb43a835cb19bf42a30ab0ab72257a]","2","0","8a08c29ae518f0180a053b282eb285d947f918ff","9d8bcf12600e4d8d67478a892ef821f467900f7b","e06a74375c1129218e9eea594e3933e044241c26"
"https://github.com/EFForg/action-center-platform.git","110","1","[3672efc6f8d886a383a92e10bb681408e65009f1]","0","0","3672efc6f8d886a383a92e10bb681408e65009f1","9e4cbf949f8bdfa09f432b003e110a5ccca0d408","de2e5c58605776cc2a34d2de7818678ee22d5e49"
"https://github.com/EFForg/action-center-platform.git","111","4","[e48da8c0199aea237b978ecb4bc6e076d6a538d8, a48414f5f5d3f1e9d4a7c2aac2e45b4f02b2737f, 360371657abcb39b121913c7d5202d85b46cff28, e1c7e20fea2348edbbb6ef244bb4b7f43bb2d3af]","2","0","e48da8c0199aea237b978ecb4bc6e076d6a538d8","cccc53106dbda1a56cadd78136889b33cc0533ce","d6b770e57d18c40f3224ae2915396fbd5679d7a8"
"https://github.com/EFForg/action-center-platform.git","112","5","[3e88153009d288982c773826f2a645668d5633f3, 86a5ab2b2d1359bb122a33ca644a42c82fd81a33, d9a513ab8eb51665cfedc7bb7e9ece4b219ee370, fe02bae72eb92297c5b21f51fe6cc3142fdcf48c, 3322ffc873dc2d289c6da764e3ac96e477b80739]","5","0","3e88153009d288982c773826f2a645668d5633f3","775274e73fda195f6185069aa2aad8228bdc010f","ef269c35f7093e0ae1e3ff1b9f078be85e706751"
"https://github.com/EFForg/action-center-platform.git","113","3","[f2946ded35a209202ad548708341011291d89ecb, 1ebff2b1682fe612b8b8e69b21e99d7e17978b0d, 097c9a54be19870c9c1ca879660039b1f50165f7]","2","0","f2946ded35a209202ad548708341011291d89ecb","5aac011e3f008a06ba929decc0733b23bc896b45","98991f05c2ab6b94d943c756a9960cf8b0be8523"
"https://github.com/EFForg/action-center-platform.git","114","5","[7dc28eb46fbdc17befc5e9021f1d265ac4e33d99, 263d6e33bc4830cd5ef00a77f55f9cbddd4d6593, 84d68b451f0ffea6b12de87a8748ee19ca6b856f, aff0b6a6f444d762b4272d7744580cd5554ab42e, 21505bd721f13e2332a91690a27ae2c482d6f1f1]","6","0","7dc28eb46fbdc17befc5e9021f1d265ac4e33d99","72943d82c019d4524530afedfd2cd11349e94aa4","98991f05c2ab6b94d943c756a9960cf8b0be8523"
"https://github.com/EFForg/action-center-platform.git","115","1","[368b87539f800ebe5667685884e008c9f000d4c2]","4","0","368b87539f800ebe5667685884e008c9f000d4c2","72943d82c019d4524530afedfd2cd11349e94aa4","98991f05c2ab6b94d943c756a9960cf8b0be8523"
"https://github.com/EFForg/action-center-platform.git","116","1","[98991f05c2ab6b94d943c756a9960cf8b0be8523]","9","0","98991f05c2ab6b94d943c756a9960cf8b0be8523","ef269c35f7093e0ae1e3ff1b9f078be85e706751","7c8d9c5706474e40410a89afe5e89a265ecf54dd"
"https://github.com/EFForg/action-center-platform.git","117","3","[d02f4573352b7846aedacfd2dfa4e1f4ce51b74e, dfb31865d3e0842597ca99fdf4ab397dc1f0618f, 59949c2f7b5410f577a5a380be56eb1ed65cce11]","4","0","d02f4573352b7846aedacfd2dfa4e1f4ce51b74e","ff4b86b1cd6ca9238c40f549e3bc0a74a59a1d44","c12fb710ee5a2757e7d19b799d23c0add7588c98"
"https://github.com/EFForg/action-center-platform.git","118","3","[191029e6ac8d8f4249f77e2152ab000d3ab09386, aee06ce1485362fad347ede086ca7b7405638a65, f1f07b540b4efb89b742c1ba65e5e32530ac9bd5]","9","0","191029e6ac8d8f4249f77e2152ab000d3ab09386","7c8d9c5706474e40410a89afe5e89a265ecf54dd","0d265ca277c568d8b7ccb3671958be611259bb72"
"https://github.com/EFForg/action-center-platform.git","119","2","[3fe44eed57c6e7131403bc2bb679a081ebf8ee32, 9478f7750f6a6483ae2dde5c353da6ba6d7e20fc]","2","0","3fe44eed57c6e7131403bc2bb679a081ebf8ee32","fd75340c0befc14e1c4503d5f768a71de4d0d8b6","d6b770e57d18c40f3224ae2915396fbd5679d7a8"
"https://github.com/EFForg/action-center-platform.git","12","22","[fe5c64661427ea66a3dd41df0d91f23f3336107e, 117da92a755022bd00bf7ca62c9004571ed8b40a, 76a4b7025aa0b5fbe3b459e176946e6cd0798846, db314421e3a1198653089f8336502e569b39fb9a, 6f3ab6d557fb606c677717219ca58f2155d42303, 459c9ef13c9b7d4a096a6f76f40187624411c73a, 61df46318ce954adcf2a698bd8f05f54d6a7d0a8, 85b6587d8859804a8b473974971706c8719deaac, 700ef59fff892ba329e04efcd75960ee69d606ea, 6777584b7f23aeeefe5962232c6cc0d90ceb226f, e34abd4f177c3a327dffd772af3a7ce85d1228d0, 4e84a4b59a9919069e93e2bbcbf9b0002b5675cd, ed1822cfc87fccdc288b602eb72e63c15774a58a, da5332e9cbbdca295be08585884b942d053d84f3, 9d721569d8590ab30a52691e04fc5c2a31619ec4, 981ec4f20a9fee429bce570e3fcad12b45895178, 64a7a88611dc5e27ff17240fdd04ff0cd768a39b, c1378191af24c3c2f8fdddb9480fa21fad558fcd, 0a5d1ec4c3b1f16de3285ebd03455589b579f4de, 1c8028164de948533bdd2d7e958ed78e27a5cf6d, 14312f30e84a8c6c909860f49170d0a1d69680ef, 006ba9a549d8f5b16d0ab6a5e6a4489c4152d8e3]","5","0","fe5c64661427ea66a3dd41df0d91f23f3336107e","9d8bcf12600e4d8d67478a892ef821f467900f7b","e06a74375c1129218e9eea594e3933e044241c26"
"https://github.com/EFForg/action-center-platform.git","120","8","[e34f1a9d77fb81c98ba365177a8fc7a8931b0247, a77bcdb428db6c41db378ef3b8d4b2897fd6f5ba, e34948c4e7b7238bdcd8d5f10fdc48d3432e849b, c765743b3333917bf48678a137dc0ee18592bd86, deaf8b20dd3292df19fe5c2ec5c797643de10187, 96da408564adb6f7dc00af42e937e98921f24c50, 54555f3bf34707d94a3b8c27e20701835b652a25, a71a725e569c6fd02c94290cec94dd76f9baa095]","6","5","e34f1a9d77fb81c98ba365177a8fc7a8931b0247","0d265ca277c568d8b7ccb3671958be611259bb72","d6b770e57d18c40f3224ae2915396fbd5679d7a8"
"https://github.com/EFForg/action-center-platform.git","121","2","[5450af45e59a5ad022c574e24ba5535082332697, fb22714546bd4cd9559dbb7fa08f09ba71d037d9]","6","0","5450af45e59a5ad022c574e24ba5535082332697","5828ae008751e9729b55717a6c56512350a0da6d","d6b770e57d18c40f3224ae2915396fbd5679d7a8"
"https://github.com/EFForg/action-center-platform.git","122","15","[6203368ca0f88c93817ea0c4708a04295cbf4263, 3001a6a7c15baabe7d1d4f4677905ed4c3ddf44e, 0444761b97bf7f51e7b16f432d00addbebee4567, 4e97a5e4cd82508221941ee3094e97ffaa4ff90f, 899506ac7c1d9e8815086af788a03abd1ea946c4, b662130e2e32a0d18fdfbb34aa7bee066608f327, d033d5ef3dcfa16fcc2145e52ceff564b71697cd, b0e4c8f7557497bada380c0d7099e362e0fdc7c4, 5e2fc51308b615f988a675669d76b5d826f1bf77, ba04d1655e4ec7931c442c7855f21939aa57f77e, 27c65193547ab3abe4ea5fe3a7cd158066395cb6, 13f98c165c4011d736eec50de5b2ea528aac3585, 56c7303c10a50766318deb622fb71a937f3556f7, a484efc39572c8d72d04e8eb023b782d8d20faf9, 1e63ce322a45f8f2111bf1e7a9c33636deb098e3]","5","4","6203368ca0f88c93817ea0c4708a04295cbf4263","5828ae008751e9729b55717a6c56512350a0da6d","c54f3ea06b1bdcee7f6d9c3f7b3190dace7c4732"
"https://github.com/EFForg/action-center-platform.git","123","13","[2d9bbef2da68d189434af95069364d40dd87095e, 3eb9824756c101cf77aa0a0ec845f6fb0f549af9, 8430233b5d66f3afd04f1aae3f5f13ac93c260b3, 41c64e752f987ba7ca581abf44ece688d26a3562, 8cf557c38d2abf7aafb81b0aa76ea69d07073c9c, f0f3a537bab821cdc9a34b368738db05dfe3abfd, 5228d1f4e09fe3c4b3f3e75301a4e4707eb6080f, cd52f00f80f73fd7e19389f73f063377cda95a81, eb0267923293525db7d5f50c5aaf6c7098029587, 7bbc5d76c3fb3358af81876fad070e8fc797c8ce, 1260f0e965bd4b944fb609ffac82787123c38e02, 0250b8c0b414b322b6de001faa65107d678b425b, d77d830ecba1caf48afaf617784a7e2975a84517]","23","0","2d9bbef2da68d189434af95069364d40dd87095e","c12fb710ee5a2757e7d19b799d23c0add7588c98","9921ada75febf418bd7e7a8739a5a5ce60c8115c"
"https://github.com/EFForg/action-center-platform.git","124","2","[63e0b87327e8f8987ea9f2f4c1e075aae0f1061b, b000300dbcf7688c3a9eea03af3ee34fff7af509]","4","7","63e0b87327e8f8987ea9f2f4c1e075aae0f1061b","c54f3ea06b1bdcee7f6d9c3f7b3190dace7c4732","61c87d498167c541ff5ee2a9af1ecceef602d393"
"https://github.com/EFForg/action-center-platform.git","125","4","[9921ada75febf418bd7e7a8739a5a5ce60c8115c, 07cb12528afd9975cafadf252c0ba8642726272a, cb4e78d54a91d72bf24b4ffa1abf1fab6329b937, 4ef73bfdf04fd9022da8c4dae3957d870dae17b9]","4","0","9921ada75febf418bd7e7a8739a5a5ce60c8115c","d6b770e57d18c40f3224ae2915396fbd5679d7a8","fbc9f1da3ce62c39efefbf72b9292ad2a3c64a4c"
"https://github.com/EFForg/action-center-platform.git","126","4","[61c87d498167c541ff5ee2a9af1ecceef602d393, ab7e268ffe08693d99f92c37766a17ae3211cd46, d5c3f6f9dedfdfabba87ed8143b64c3091eafeea, 4df6c0b8a38febf76d7521d789597fae8dbfa1d3]","0","8","61c87d498167c541ff5ee2a9af1ecceef602d393","d6b770e57d18c40f3224ae2915396fbd5679d7a8","2b33505daeceda0663fd4a1e9c8b324acc869c21"
"https://github.com/EFForg/action-center-platform.git","127","2","[fd58e79abfdae8500c9da8fc64ac1f0e531c7e83, 9f4fbd273fb9bffa0d03a073126cb1e08c2d8f2a]","0","0","fd58e79abfdae8500c9da8fc64ac1f0e531c7e83","fbc9f1da3ce62c39efefbf72b9292ad2a3c64a4c","9cc84e40f3d0bfe2ff58e0a247241ebbf4623ff7"
"https://github.com/EFForg/action-center-platform.git","128","2","[12aa8c03572019eaf742ec587e750a943f89e8c7, 96ded8f84b614fc30307e2000e5b1a54d837eba6]","3","1","12aa8c03572019eaf742ec587e750a943f89e8c7","a407997373f21653561726324e935c864950af24","5690b98ad45f14cdf727949203640b0468eb3219"
"https://github.com/EFForg/action-center-platform.git","129","1","[5690b98ad45f14cdf727949203640b0468eb3219]","21","1","5690b98ad45f14cdf727949203640b0468eb3219","9cc84e40f3d0bfe2ff58e0a247241ebbf4623ff7","c6a69ccad2c889a08d0ab2073d8adc3c2f648395"
"https://github.com/EFForg/action-center-platform.git","13","3","[367e48b80c6c715390d04ac7cea46fd8b1a030c0, e3b165979da311eef5d9b8b73dee129c1c40c224, 847e16dd7f56ff99b3cfbaca6a8525a7ef7860b8]","0","0","367e48b80c6c715390d04ac7cea46fd8b1a030c0","e06a74375c1129218e9eea594e3933e044241c26","aa226545d6e8385ca88d0505eb052e3900624a71"
"https://github.com/EFForg/action-center-platform.git","130","4","[a3d6335a8ad566db57fc4ab71cf59713a2e1a4c4, 60b41dbb8d6a01be1bb505fb14b01f4edfc08289, 19e22845c95f94a340a805fe221d7f1587f8344a, f9329a805f9ec20957cf22dc911f578e93d001f7]","0","0","a3d6335a8ad566db57fc4ab71cf59713a2e1a4c4","9cc84e40f3d0bfe2ff58e0a247241ebbf4623ff7","a2665dac1157bc0f97bf9543b454cb0621550819"
"https://github.com/EFForg/action-center-platform.git","131","2","[a8f556b2596bb4f223ac1defb52eee8b438930c9, 08c75be627912900926ee40ddd6a1ce759d0c1bb]","0","0","a8f556b2596bb4f223ac1defb52eee8b438930c9","a2665dac1157bc0f97bf9543b454cb0621550819","17c257049254c86779d2615268705f700678bb73"
"https://github.com/EFForg/action-center-platform.git","132","1","[1003683552f91a772025897af557df350338b5ab]","0","0","1003683552f91a772025897af557df350338b5ab","a2665dac1157bc0f97bf9543b454cb0621550819","1b3a0ffecf8e1858d46f67f133434ce50d13d885"
"https://github.com/EFForg/action-center-platform.git","133","1","[1b3a0ffecf8e1858d46f67f133434ce50d13d885]","0","0","1b3a0ffecf8e1858d46f67f133434ce50d13d885","17c257049254c86779d2615268705f700678bb73","1c23b9930fc1933d1b5f11c62c0beeb6f69f3ad9"
"https://github.com/EFForg/action-center-platform.git","134","11","[956f91a56454dd3414ddb99c1eb6cf13c2c2ffdb, a4b27753e087cac1355d27cf7c99f5889ab8e3ff, 7b506ee957a26bae64c2959d766ff5df237ec0b3, c42f85eba8fe325df209cfd447299b6874fcdb0d, 83d811b9f4cac3226c8cc022007bab944201dac6, 83b7796be2c09abcd5e7cab84c89139e9fe9b37d, 8df6007ec720a96bf938a4013aaa99ae36ea16e0, aaaf50500a20b41e2ee242c9b7f2260c699eeb40, 7afc91e48978568b3bca44454f1c2d2fbf1d1c51, 2a74ba0bda339b48d024c00a7f5b627ae1b91f9e, 44c41faeb572670c043eba3e01dd38e061b13288]","21","1","956f91a56454dd3414ddb99c1eb6cf13c2c2ffdb","c6a69ccad2c889a08d0ab2073d8adc3c2f648395","076e3558eaa6a07c95f167487365d09eeb60af3b"
"https://github.com/EFForg/action-center-platform.git","135","3","[de9ee8dcc7bb1a36ecd32054836aca5791347f58, afd9ba4816163fa91ed6c8a3efed55fccef345ac, 3343d098595afc05b3fac4e14b7522fd47a42834]","0","0","de9ee8dcc7bb1a36ecd32054836aca5791347f58","88fd86f1d73354adc4183f682235b453c1aa3439","08e86dce2efa304f5af70833da496a19a6d139a8"
"https://github.com/EFForg/action-center-platform.git","136","1","[406a6e94e4d7c551f0fc0a40fe0ef1f4f3b5a918]","1","0","406a6e94e4d7c551f0fc0a40fe0ef1f4f3b5a918","88fd86f1d73354adc4183f682235b453c1aa3439","08e86dce2efa304f5af70833da496a19a6d139a8"
"https://github.com/EFForg/action-center-platform.git","137","2","[67e54cd1205114b4773db1365f6444c972be6df2, 6c382236a38fc5cd111359f0e98106d1a6a9d993]","1","1","67e54cd1205114b4773db1365f6444c972be6df2","08e86dce2efa304f5af70833da496a19a6d139a8","c00102238434d9f307e2e197b70232aacc5e13cb"
"https://github.com/EFForg/action-center-platform.git","138","3","[32c5702eb22918954c6bd0e648c526956322a5e9, a778ae7398199b6201475a4a893398b8d9bbd17f, 87009f8c553c67157191ffcd2bc9db2d5c918e02]","0","0","32c5702eb22918954c6bd0e648c526956322a5e9","08e86dce2efa304f5af70833da496a19a6d139a8","c00102238434d9f307e2e197b70232aacc5e13cb"
"https://github.com/EFForg/action-center-platform.git","139","3","[33bcbc8c19fd4bb1509dfb5c159f79d7ac3b2e2c, b5763dc5d4e6c0e09b04b503604dd97879d74ba5, e93ee3b68b3c674dca9e3c3aea8515bd561a4590]","0","0","33bcbc8c19fd4bb1509dfb5c159f79d7ac3b2e2c","c00102238434d9f307e2e197b70232aacc5e13cb","64bdb7f80b9e38d918a93362c84dd87ecc13df8d"
"https://github.com/EFForg/action-center-platform.git","14","34","[b99daa6aef4e8435f3823853d93d9f91d55fe031, b2c1fade257181ff79f85c7403cb2177b0250eaa, 31f9b1db90e9509ece9fc4b192a38b5ecc32253a, c1bf55e787112d3e988b0297c91998d0388a5ecd, b3dd020c714ea5239d924c47e63a62087237b371, 89f2b37e23809a31bed17b0b1b6ea3cd5e308752, fea6e35dc59d973a2383933f4b2340c42fd18a8d, 089f03a247e5dc5f85d75e4e8a8b72d4fef76383, 2b23c2f858a4b3385146e40187d9830b5836c98e, e734ad572314b3d867de179317f049fc4f6ee3d6, ae771e870d800deff617095ebc7f2a8611a06a37, dc7a313f971ee50f94ebcea07c671ad8dcafef3b, fcc6db0f59cc77c286596b90ff05426b4db3496b, 348c99324f83ff8427363bf495b2245f355721db, c98c792a4982645170b7dfc92adefbeadeaf6db2, de5007d4626b4dbdc9c9cba6562163abfb319b03, fd7d384718b82e6b02fdafdf509e8d4e3d80f01b, c83855272bc22399bca480265bc4829a3ec6bc50, 6ff2a7d9858d4ddfd985db8a08153b808ca2e8b4, 3ab70e766805ee408e7f41d47f68732979de46a3, 3edc12f54329903593e9ea713452597ca89297b4, afcc3968051c2c7d967b9cd29411d85c4db2d176, b80bc6c8be4aee7ce69b9ace046135b83baf1d72, f22ac4f22328fe0ab8f72d2f0364da0db9aab3a6, 877aa0a5867ea923ff3743e0bfbc40b3b1ddd3ca, bdb9e26ea9342841eed5b797408abc950a353f89, 38315b8b153eb347800bfa04f1ddab0b36bb5bcd, 230fdb47fc98762399e82a5e74b6aee0ea353831, 5c7b9d16d5e75a16558baef8f91eaac35ee026ae, 86f0679d93dd94ce83a5cf574a09ad89ec31b847, 8d94d3ed28f87209fec7f1d30325f82cb7e0b150, 800297bb8715076a2b119b72a212136566f8b1df, 56c51bdd26805cd9ca9cdd94beec99784bdf86c5, 7d66e0d3d0bde5a1c9c03ab8df591793c80c327c]","30","1","b99daa6aef4e8435f3823853d93d9f91d55fe031","e06a74375c1129218e9eea594e3933e044241c26","aa226545d6e8385ca88d0505eb052e3900624a71"
"https://github.com/EFForg/action-center-platform.git","140","1","[c38305c8cdb742a9829519f5c2baf0dde2641109]","0","0","c38305c8cdb742a9829519f5c2baf0dde2641109","1e5f86af827691a1b66959237c6b9e8904e25e63","2b33505daeceda0663fd4a1e9c8b324acc869c21"
"https://github.com/EFForg/action-center-platform.git","141","11","[2b33505daeceda0663fd4a1e9c8b324acc869c21, ec46f538ac51fd060cde396796001c014836d38d, d9c3b772886a5f5e16499f66957ff06015f7d8de, 8aa243f6314f2bf04fef65d46182080732cba5c2, 1aae4b9c860ab3a083efd8a9589450fa916e2c58, d9e50e376b12c4d6216dadf8f7759e3208f1f519, aaf67fcdfe9de76e017f26b92459995b94625741, b225dd086252b89f1fe18fbe21b6b71b9c2195d8, 923aa381237ce62e4c64613d3088c0e66aeb87cf, c5f1d51fbbaced802ed69fe0dde7346f80c0fcdc, be0cd85f0d93069be26ee3f59c15d4097eb16645]","3","0","2b33505daeceda0663fd4a1e9c8b324acc869c21","64bdb7f80b9e38d918a93362c84dd87ecc13df8d","aad3ce66fb7511ba76840713f4aea1adc513f42f"
"https://github.com/EFForg/action-center-platform.git","142","3","[a103eddfe4b8430b8513779fef58d35d16638974, 086403afd8513e7481d4cbcb5c511d2acc8872c7, 0200ec13119cf71bde7e84a1537439e92a963600]","2","0","a103eddfe4b8430b8513779fef58d35d16638974","64bdb7f80b9e38d918a93362c84dd87ecc13df8d","076e3558eaa6a07c95f167487365d09eeb60af3b"
"https://github.com/EFForg/action-center-platform.git","143","1","[0dd2913c54f2ba4333394cfd98e7b830d97ee5dc]","10","3","0dd2913c54f2ba4333394cfd98e7b830d97ee5dc","aad3ce66fb7511ba76840713f4aea1adc513f42f","4b02c423e9ea2ddb577a0d978377f8f17cdea677"
"https://github.com/EFForg/action-center-platform.git","144","2","[38ad535f9cf8f80297570469cb782706074dc5c8, 404efdfa918f0c9d478b5132bbca3f31e99d1e59]","0","0","38ad535f9cf8f80297570469cb782706074dc5c8","aad3ce66fb7511ba76840713f4aea1adc513f42f","076e3558eaa6a07c95f167487365d09eeb60af3b"
"https://github.com/EFForg/action-center-platform.git","145","1","[aa8c53cd14ff4c33c9664b9e6531ea31f5686203]","0","1","aa8c53cd14ff4c33c9664b9e6531ea31f5686203","4b02c423e9ea2ddb577a0d978377f8f17cdea677","2a4c9d4db37f6de07ba4e55783e4b73eac4cbaee"
"https://github.com/EFForg/action-center-platform.git","146","5","[73d02fa93957a47c9a63aa2dcfd37b38489a93dc, d928aa3e5a17502d1e5951f40ee07960a7ba5c18, ce12c3f72f0287b71e7dcf4281ad2320c8d4537a, 1c28f6026d4676872e9969fa236e6187299a9c57, d04ae29d464799e8af31430508306c5ceef77259]","4","0","73d02fa93957a47c9a63aa2dcfd37b38489a93dc","076e3558eaa6a07c95f167487365d09eeb60af3b","744301be889796be6e6604d537bee631123a578e"
"https://github.com/EFForg/action-center-platform.git","147","11","[fa010b744b6fc2e5d6a0c97e23359507c083c54b, b282860de710b27efbb109a6cea8a041d291e833, ef1148bb27951e2d905f7524bf166b3c379a6b03, 2e6240c2ac5ff745f5279ec6864c4cdd0ae0bba3, e1b246f0cefcc5ca7a45cc99ea5d8852576b5ada, 00b3a7589471eab128f6589922566e52c754a00e, 0194c9c4879275217f65d7d1001b46490891a095, f8add2b071313f8397bb80519519418aedb2460f, d9bc77877185b0c7f8ed21f8e10f007ea0eb19d3, e25f21fb91e2900e55696bdd31801b11fae70cce, 10ca10d879f7fb7c1762aa6b665b297930aec10a]","5","2","fa010b744b6fc2e5d6a0c97e23359507c083c54b","076e3558eaa6a07c95f167487365d09eeb60af3b","0806fb92eb2178a31dec72df57b4d75979fbfe17"
"https://github.com/EFForg/action-center-platform.git","148","5","[6578da69841a4c14d9abe3b12aee6fc14dfd5903, 89b466aa473f708003e63504a7d1061b6c577ef0, ae7371918b89a46618897fb1956bfdea7469fd0b, c7d5dace4120e56d5103fadbcdd5c492c5da1858, 4c6c450b638406bbf16b8295f007b089bcefb61c]","4","0","6578da69841a4c14d9abe3b12aee6fc14dfd5903","2a4c9d4db37f6de07ba4e55783e4b73eac4cbaee","4ca57f8b9d7e328f59321345edafc9d634886a29"
"https://github.com/EFForg/action-center-platform.git","149","3","[ce12c3f72f0287b71e7dcf4281ad2320c8d4537a, 1c28f6026d4676872e9969fa236e6187299a9c57, d04ae29d464799e8af31430508306c5ceef77259]","1","0","ce12c3f72f0287b71e7dcf4281ad2320c8d4537a","2a4c9d4db37f6de07ba4e55783e4b73eac4cbaee","744301be889796be6e6604d537bee631123a578e"
"https://github.com/EFForg/action-center-platform.git","15","2","[c995d40c891a97256940d2d39cad7871cfc428a1, 994ed72435da80ec9ad613aabca90073fb2915a0]","1","0","c995d40c891a97256940d2d39cad7871cfc428a1","6575577057408bebe58f070a26f685cf16d85425","2d8b0a0758a8ab38ecd632576512d680c544eee5"
"https://github.com/EFForg/action-center-platform.git","150","1","[38f863f265aae9d67732c9bd8217b142fd7f4a0d]","0","0","38f863f265aae9d67732c9bd8217b142fd7f4a0d","744301be889796be6e6604d537bee631123a578e","aea00b5f3d8f5bd74cd4136e056a5da679b28629"
"https://github.com/EFForg/action-center-platform.git","151","4","[bb21bd1d2840b904a51ae080ec7e713cc6030aa8, c660573c255b400ba72417073e72f84ae8c35a7d, 53c1af9821f9eaca58141e6f1db7bc8f433d54f2, 08613fb878b7dc599dd73d2bc218d9bcfce5456c]","3","0","bb21bd1d2840b904a51ae080ec7e713cc6030aa8","0806fb92eb2178a31dec72df57b4d75979fbfe17","1b08f930b2d60d0a43a9e58fdc46c62ea12fe21b"
"https://github.com/EFForg/action-center-platform.git","152","13","[12779739ee7d2e3544f67e8fa1769029fb0a0edd, cb711e18231a8d38bc5ae649a947a024b5ed363f, a318da3d4fab186e0f17cc1a002d8e70a3117308, 229fa5ad4f2469fd6c4e7d6ef3c2b2b46589cca4, 8e0433a0266bcf86d11580d9e9548bb06573d9b9, 697f5ff70c7f281c1f09bb7cedf27b43a1185f6a, a3461c4110a10e7b33f03bdf4d62fb1fe898f2c7, d80e04c217363d4ce8bb163dc8c3c6fd5fd5a0a3, 2039820ad69a1ab397b01e5e73a63c7a0886a0d4, 2af9828bb106abc23b1b9af84dfbb76bcb24ced5, 11f13081e2262de73d12bae5854fb0ac1844eb43, 77a33d219b33158b8ee2d689086ca45e37fd7a2b, 5ec0b9763922137b498bac8caf618822e992a2da]","10","1","12779739ee7d2e3544f67e8fa1769029fb0a0edd","aea00b5f3d8f5bd74cd4136e056a5da679b28629","f1c40a9e4a964fe759031d93ca09b611ae58a6a3"
"https://github.com/EFForg/action-center-platform.git","153","1","[fe5a262c57c817a9e7e73b5521235582220d424c]","0","0","fe5a262c57c817a9e7e73b5521235582220d424c","59100938172b11a257ec9beaf66612423f210213","1c23b9930fc1933d1b5f11c62c0beeb6f69f3ad9"
"https://github.com/EFForg/action-center-platform.git","154","3","[50229a8dd9913d9970a5aa24cc4a864c2c9b5b9e, 18269898a1c293b88a4c63bc9d10ea055a344ed6, 85ae1a899d0cbf7827e7764a28027b5f1fe47734]","6","0","50229a8dd9913d9970a5aa24cc4a864c2c9b5b9e","1b08f930b2d60d0a43a9e58fdc46c62ea12fe21b","1c23b9930fc1933d1b5f11c62c0beeb6f69f3ad9"
"https://github.com/EFForg/action-center-platform.git","155","2","[ece008759219bbb9fd194cde31fabc6fbd02e123, b84de9d7a81d8cb3ccf9da0af97ce845e6ac4d0b]","0","0","ece008759219bbb9fd194cde31fabc6fbd02e123","049ec8c21ec50644af2fee24d0132a2507b517ff","1c23b9930fc1933d1b5f11c62c0beeb6f69f3ad9"
"https://github.com/EFForg/action-center-platform.git","156","1","[d7e4c7311431a9a41e82fcf466afdcb952a40030]","1","0","d7e4c7311431a9a41e82fcf466afdcb952a40030","049ec8c21ec50644af2fee24d0132a2507b517ff","1c23b9930fc1933d1b5f11c62c0beeb6f69f3ad9"
"https://github.com/EFForg/action-center-platform.git","157","3","[3c7ad71427a809cd9f5abc92518be8556e24eb5b, 059d537c0fd74ce943042683e84117d82b078351, b449e08e2302d78369fedac40e00273f72bee4c4]","6","0","3c7ad71427a809cd9f5abc92518be8556e24eb5b","1c23b9930fc1933d1b5f11c62c0beeb6f69f3ad9","f918122cecfbdfd9a232f4737f1fa8b1f1438fab"
"https://github.com/EFForg/action-center-platform.git","158","6","[9bc9cbfe2af8efc0027e1f2c20bf285ad46a0bd6, 6b1bcc2445c9fdb5af5cd7f72398c35a2e4a9277, c88a455ca56aa3aa076caa954807738e667b0252, 652ab5a3cb8bdc42da13578db3c8d1aee51a53e8, 3d74508f856a93a12af2df4e49f4eef5ab41f76e, 496a9a022cb37bd4120465276a0d98954cb7d2dd]","5","0","9bc9cbfe2af8efc0027e1f2c20bf285ad46a0bd6","4ca57f8b9d7e328f59321345edafc9d634886a29","7e4879d67c0ca0440a4e1d6634af0f1a65cac120"
"https://github.com/EFForg/action-center-platform.git","159","4","[f1c40a9e4a964fe759031d93ca09b611ae58a6a3, ee3a75442ab3ef2ee23581a07e3148397deff5c0, a7f1b0c3a15c5618cd590392d7b769c5a69a961f, 23a266f0643f7a98d483d5bd129ff92cf455aa5d]","1","0","f1c40a9e4a964fe759031d93ca09b611ae58a6a3","b18fe52e644f0c02caea1ee2f1ccd6aa6e61d1df","18cab90290efb62db3231059cfbf5e26a03891a1"
"https://github.com/EFForg/action-center-platform.git","16","2","[8d4ce3592fbda8252ed2a6d1b6573553f0db566b, 4916a4642d8abeaf4b2df2142e5b9fc67916ea9f]","0","0","8d4ce3592fbda8252ed2a6d1b6573553f0db566b","065add17e16371fe51dbcd7b6f803a256f4fd2c5","2d8b0a0758a8ab38ecd632576512d680c544eee5"
"https://github.com/EFForg/action-center-platform.git","160","3","[9cf379b2f659ccc3a9366aed1e5b6963c12b2dfd, b5824557ca7c6a4a3a7de8c8136a6ce693a48516, b14ef71904d056924057a9071759c0b8c53736dc]","5","0","9cf379b2f659ccc3a9366aed1e5b6963c12b2dfd","b18fe52e644f0c02caea1ee2f1ccd6aa6e61d1df","18cab90290efb62db3231059cfbf5e26a03891a1"
"https://github.com/EFForg/action-center-platform.git","161","3","[9c3c002f6007a68aa586b4bd5fc99ae95dd2fb09, 066cb5a134be972c37c7ffc547e576f1284c4ba6, a66534c90103ace2efd8505db4b068c2ebbd9ce0]","4","0","9c3c002f6007a68aa586b4bd5fc99ae95dd2fb09","f918122cecfbdfd9a232f4737f1fa8b1f1438fab","019039f6cde636909025aa43ec9aded2d466b393"
"https://github.com/EFForg/action-center-platform.git","162","3","[9906648d73b27934c122ba1a62d9a7a6f63d837e, de53fe8b15e1f779b0200a286c557f7b2325ba8a, cf5c94d504aea316f869ec894f074da14ea22856]","1","0","9906648d73b27934c122ba1a62d9a7a6f63d837e","f918122cecfbdfd9a232f4737f1fa8b1f1438fab","019039f6cde636909025aa43ec9aded2d466b393"
"https://github.com/EFForg/action-center-platform.git","163","4","[e92c4fadfe333e8062c126e8e6a851e6356c2381, 36445eb02433c38c056595db7316626f7adf3ea1, 3efd03e98d143c0e19e54962020e623cbcd8dfcf, 4ce9cb663863c817868081dd6f980308de599059]","9","0","e92c4fadfe333e8062c126e8e6a851e6356c2381","18cab90290efb62db3231059cfbf5e26a03891a1","5e69f2ee26b85c778af5a3744a7f84382695bf85"
"https://github.com/EFForg/action-center-platform.git","164","9","[36bf08bf384e1db2f25ede86050bce4df4e04db4, 4350490435689653a6956928a8c95fa3c3b9da5e, 93ad2af5d7bc6fbc308b19f2653604102e86c343, 4e84ce204274764010ddb2a55a947ebc64bd952d, 685dcddcb79e951ce8e0f4c0c48a3fbe121d11fb, 6c0fd8d4169d4ba39ba43f42f78f93b08985c0ac, 0d4ea3131c03fe4db3ea07426026405e1dca63da, 4f0c950f43fca973e3fd3c3f776a6a09267daaa6, b8214848aeb1b87d4ddcdc854d9623398c0d715e]","3","0","36bf08bf384e1db2f25ede86050bce4df4e04db4","c7a6b056208deb5368dc59e079d90b81061accb2","e03b3cd7e9f8e401919d147d094c16c2886bf405"
"https://github.com/EFForg/action-center-platform.git","165","2","[bf3c9c5bcbc1a1f9b9e31948a4469250cefe8ded, 6890afc2c97f84809805d8cc9c13f9c1bb2818f0]","1","0","bf3c9c5bcbc1a1f9b9e31948a4469250cefe8ded","da86f0640bd589a9c9956f1db6a221534ef04901","91bada941857aa4e732a3dbf6a8b235fe2fffb26"
"https://github.com/EFForg/action-center-platform.git","166","3","[40246c0258b0fff132676e29879fef57abc0f9f0, bc9071ed2dffab694c38433ba2e7dc1c404dff94, c3b9e1a9025fd467f61aa591ce098a607d455f2d]","0","0","40246c0258b0fff132676e29879fef57abc0f9f0","cf7f878523b4e6bfcc5122339c49bfdbda0146eb","6d434292d5ef87f8079bef70d1654da3255d675f"
"https://github.com/EFForg/action-center-platform.git","167","3","[e85ef4b74a5799b0470450e5444d7a683f8713f7, 31204228d5180de6b206bea105d748bbab60777f, bb785cc16d04adc5320f2dd777ebe6c355dc1455]","1","0","e85ef4b74a5799b0470450e5444d7a683f8713f7","7e4879d67c0ca0440a4e1d6634af0f1a65cac120","4ef136dc0d4a8f1ca12f7703b6895a164ff3933e"
"https://github.com/EFForg/action-center-platform.git","168","1","[01bc22f39b7889b6f1c7fb2c0395a829ef81f3be]","0","0","01bc22f39b7889b6f1c7fb2c0395a829ef81f3be","71cc7b7f89aab9d35d091573c86ea1b2ef344e64","e9dba7e96c72b0c1b2e68836614033158040dcf1"
"https://github.com/EFForg/action-center-platform.git","169","1","[cf77aa76ed8d420609d1d785e948dd16f26f3ce6]","0","0","cf77aa76ed8d420609d1d785e948dd16f26f3ce6","00c321f6a93f499743fb1e554f7812cf597cfa51","6d434292d5ef87f8079bef70d1654da3255d675f"
"https://github.com/EFForg/action-center-platform.git","17","1","[cf9d515ebdcdf4fc26545ed3589170bea09ed26d]","0","0","cf9d515ebdcdf4fc26545ed3589170bea09ed26d","065add17e16371fe51dbcd7b6f803a256f4fd2c5","2d8b0a0758a8ab38ecd632576512d680c544eee5"
"https://github.com/EFForg/action-center-platform.git","170","1","[75f770fbdbb20e389bd6d16cb63eed2926434362]","0","0","75f770fbdbb20e389bd6d16cb63eed2926434362","4ef136dc0d4a8f1ca12f7703b6895a164ff3933e","1cb2ff4bbdefab08259b7ea0abfd780b37324af9"
"https://github.com/EFForg/action-center-platform.git","171","1","[6ceead9e32433178ea165b8f3186ea17c60d513e]","0","0","6ceead9e32433178ea165b8f3186ea17c60d513e","e9dba7e96c72b0c1b2e68836614033158040dcf1","48eff0c0c7653c33b8467613d9dc11b7554a42d6"
"https://github.com/EFForg/action-center-platform.git","172","1","[54eea52952a7c76ea951b4d4b0c71ebc5abea051]","1","0","54eea52952a7c76ea951b4d4b0c71ebc5abea051","91bada941857aa4e732a3dbf6a8b235fe2fffb26","537f230c54c9ba0b3cda201c3e2200a001553e4c"
"https://github.com/EFForg/action-center-platform.git","173","1","[0c1ba2e4d8613da079cd764acd266050534b5b07]","0","0","0c1ba2e4d8613da079cd764acd266050534b5b07","9277a69172ceb57e927411d23fd6584321b5684a","778efe8ef4074d3f26fcc03a28ad2190ea22eae0"
"https://github.com/EFForg/action-center-platform.git","174","6","[9737ae9f7539d1804c7f857f0260316d2bb938f6, be37b40e72dc08328c82f6e9521c5be69ea67ed5, 163c4b64411a6fd5c7f3932debee395fcdeaa77d, 8a9a835cdfc31067a9adfbd86bd3727dd1b043eb, 1cc0c9a230ec03d92513ae95d4522c1cce6d2057, 1808ff1e70a5d045fd6e6011d10dd17f58c33aee]","4","3","9737ae9f7539d1804c7f857f0260316d2bb938f6","1cb2ff4bbdefab08259b7ea0abfd780b37324af9","ee49926076ead7da2a26eb20f767b9aa84832106"
"https://github.com/EFForg/action-center-platform.git","175","7","[e841f9b1a9e9d2f7d73a09b569cc50d09090913f, 99e5bed463f53422150f575195a76cef47e76094, 4c35f767a5d9f45f4fb1cf9132fb1ff02e67c4cd, 149fe067eedc587175ea48183b26765b65cead8d, 139e485720ea81cad75a0519a19a49638f909cbb, c49522bfc87b423f82aa6e80b95c5150d80a7f00, 85ab15e6ce3bb10c23dabb819dcd7c55961141b0]","6","2","e841f9b1a9e9d2f7d73a09b569cc50d09090913f","537f230c54c9ba0b3cda201c3e2200a001553e4c","e03b3cd7e9f8e401919d147d094c16c2886bf405"
"https://github.com/EFForg/action-center-platform.git","176","10","[1abc60efb52e2eca07d29504de167e4af5aa853f, 1487d282a798494d64079ba5154f5c12a3181410, ff8ba3ff4d5fbd046e3d78342124b9406596ba63, bb5d259be49d848aae1f70a48ee3b9e22bb8dc44, b0ee0597ec0cd1ff6e8b512e0a9cde41f2289647, 0462b98f140a534107471c183773034b02ea2fbe, 22c683a6e13f8e273222825f490ecd6506a7cb57, a322be3a0efddf75c354c4710f50368ba6a96d17, 22e0380351e741c2f4b98a1d7a355d0db89ad5a5, 05e803ad0a34b50fe3e19956d48c0079bb57d556]","3","2","1abc60efb52e2eca07d29504de167e4af5aa853f","5e69f2ee26b85c778af5a3744a7f84382695bf85","63cc608d9d0f8655ba6a48f8840073ae9e962fe5"
"https://github.com/EFForg/action-center-platform.git","177","3","[a5453ebe7d5f14d15c80af7a468d80f11400768c, 5cda05823a633d474c54343e4f5703e1a0cb1a32, b0ccab37451480a9dbe68bcf3e98bb39f30bca60]","0","0","a5453ebe7d5f14d15c80af7a468d80f11400768c","ead592cdfd6f49af04b4bb51f14bf91b5601db37","48eff0c0c7653c33b8467613d9dc11b7554a42d6"
"https://github.com/EFForg/action-center-platform.git","178","7","[34bc3d576c4e5a6072f0ed96f68d17dd1e3da9ab, 25702f3b55c122dbbb958bd3cbb4b5e22ddd7fc6, 8e76a212b9e6e28b010185f0887ca9ef924e8acb, 0ef0b5289c5d2d8d7f81871a531e8b7fba0621f3, 790cc743c07c9697ecdd711c893dc153aca18cc6, f7710833690e2abcf6f1367852f3c5ab6ac5ad81, 02e529a9266e19368747df35b0140df357eb7480]","9","0","34bc3d576c4e5a6072f0ed96f68d17dd1e3da9ab","ee49926076ead7da2a26eb20f767b9aa84832106","fe549febcafb2aaa74f8c95320ddb908cc691719"
"https://github.com/EFForg/action-center-platform.git","179","3","[a1259f382cafc0402cb69cfb0df6dd34de200220, 7734a6eb9c2961d71c58b399d127df22da7d712b, f966358b6cf4d2b396c5ad4bfc5d4ffbccf3df51]","3","0","a1259f382cafc0402cb69cfb0df6dd34de200220","778efe8ef4074d3f26fcc03a28ad2190ea22eae0","e03b3cd7e9f8e401919d147d094c16c2886bf405"
"https://github.com/EFForg/action-center-platform.git","18","4","[77436bc47fbd7de02414aaacd3b74d3dafcdc6a6, f46c00e33030464a1ec9ab88d2bb0dfa318f3281, 093cae58d0017a3c6759ddf1a44a25569cddc66d, 806f5482ecfcacd4912ac0911e83601083f00d42]","1","0","77436bc47fbd7de02414aaacd3b74d3dafcdc6a6","965b94bc4078e0d54325c9a4875a961c195d7352","2c23e20d93855aa10028bf8a11f78320cc349f39"
"https://github.com/EFForg/action-center-platform.git","180","1","[d86cd0a351b37c4f97e4b146b648fd51d7a732d2]","0","0","d86cd0a351b37c4f97e4b146b648fd51d7a732d2","a4dda6e0126071b4364895fc9fa883d3487124f3","1e3768f757836b5540b55600952fac74eff41aab"
"https://github.com/EFForg/action-center-platform.git","181","8","[d77e94ddf119372d06002c2c88c53e9c8aa7197e, 5eea3a1615c3321d73850a7030d26842b0dc7262, a4da6106e0b2bbd4b07c870898f631e31fe5650c, 5bbe32ca9aaba82b360525bb8d9501e5dae4fb02, bc5ea6719241efb719d4c3d97ce5a7872b927afe, 9b3466d0e142c1bc5b847c1ca057bc801d76c56a, a793c9fe49db2461d2036f61e22f35ed225b1b63, c2201f32cbefd5f8a744c7d06a647e272348a749]","4","0","d77e94ddf119372d06002c2c88c53e9c8aa7197e","e03b3cd7e9f8e401919d147d094c16c2886bf405","1e3768f757836b5540b55600952fac74eff41aab"
"https://github.com/EFForg/action-center-platform.git","182","3","[3083fef642608d4a684bbd2a759a0028d6eb0051, fc759ffd28e6938f7e2c2dfe2b1683f53b765061, 19925c0727a0cdfee47e1d9955696c8bb9976929]","0","0","3083fef642608d4a684bbd2a759a0028d6eb0051","6d434292d5ef87f8079bef70d1654da3255d675f","ed753794884acd1149437b97a52e3957b5a6fe9e"
"https://github.com/EFForg/action-center-platform.git","183","2","[1af113b47a0b4ab2e7dd693258ae3bc9e73b96b6, 35babeff4386f5876485e15babcb3db1a564c548]","0","2","1af113b47a0b4ab2e7dd693258ae3bc9e73b96b6","48eff0c0c7653c33b8467613d9dc11b7554a42d6","ed753794884acd1149437b97a52e3957b5a6fe9e"
"https://github.com/EFForg/action-center-platform.git","184","1","[074ee646213c1df0fcb123e44a5bb2d3081fed78]","0","0","074ee646213c1df0fcb123e44a5bb2d3081fed78","63cc608d9d0f8655ba6a48f8840073ae9e962fe5","fe549febcafb2aaa74f8c95320ddb908cc691719"
"https://github.com/EFForg/action-center-platform.git","185","1","[afddcbc612d604b121063cfc83e96ab18de0cadd]","0","0","afddcbc612d604b121063cfc83e96ab18de0cadd","ed753794884acd1149437b97a52e3957b5a6fe9e","29e2a6d47f7e2ba0ac3d2672410040c001df0aa3"
"https://github.com/EFForg/action-center-platform.git","186","1","[5da53ef399f3e89ea230921c85577519d817a722]","2","0","5da53ef399f3e89ea230921c85577519d817a722","83b7987fb634b048d0d0e47bff2a7c475d222a93","29e2a6d47f7e2ba0ac3d2672410040c001df0aa3"
"https://github.com/EFForg/action-center-platform.git","187","7","[fe5c554f7501a6ddd6bdf9dfffd12992e583fa44, 8431cf3212cf38b68968e9c775a82889494386b1, 744eb07070048447bba15ada946e9910c5f41025, 79a966fb4ae5ce61085bddb1435b3799aba9ac1f, 8aee90d4f471aefb699a4dd59115d60b5a24db44, a9125b33b313ab49bdacc375787b4168a460a61f, 961d95b1e683460a0cf9d552dcc60eb18f47c264]","17","0","fe5c554f7501a6ddd6bdf9dfffd12992e583fa44","1e3768f757836b5540b55600952fac74eff41aab","fe549febcafb2aaa74f8c95320ddb908cc691719"
"https://github.com/EFForg/action-center-platform.git","188","2","[b930a08afe770db1a8d7a6bf601be8941a666002, 91a830932fc33fb19517ed3620e64d906c5e7646]","3","0","b930a08afe770db1a8d7a6bf601be8941a666002","29e2a6d47f7e2ba0ac3d2672410040c001df0aa3","54254860b752cc44fde32faf74456400076460e9"
"https://github.com/EFForg/action-center-platform.git","189","1","[6ffacf7ee3163ef6157e15412e5afda21a8e3906]","0","0","6ffacf7ee3163ef6157e15412e5afda21a8e3906","d666f1334dc46502e61d2fec80c0e6c85a0bb070","fe549febcafb2aaa74f8c95320ddb908cc691719"
"https://github.com/EFForg/action-center-platform.git","19","7","[4adfbabcb3e56847a84c485d05de90c5c9ca76b9, 0244ad0f5b10011daba124b638109cba6fad14c2, 3345039481ee7b9c1090821673ad3f390a6373bd, 52f5b574ed8a955004168952321171779c8a6182, ebfe21ead0694349361893efa66cd5b4a601be60, 4632d132a0ce06b46f51c0c99820cf4adaf15435, ba57795a09fcc20f5401da4cdd884d124f5421be]","3","0","4adfbabcb3e56847a84c485d05de90c5c9ca76b9","965b94bc4078e0d54325c9a4875a961c195d7352","42f15f26d00f91f7da941d76a6faae5124dfc66f"
"https://github.com/EFForg/action-center-platform.git","190","1","[7dc4bd4347dbfe21c10cef8119dcd978ca6d4805]","3","0","7dc4bd4347dbfe21c10cef8119dcd978ca6d4805","371302a1a79e8a39e57028e931b06db7583a4107","46896d065c43f45a654b1117496facedcde58c55"
"https://github.com/EFForg/action-center-platform.git","191","4","[840662f0e31bdae660b3400a1546b54153ed0992, 89916fd267b5e4d24252d5df2846b95021df7e65, f22ba75bae674d85663c0e77c1399f7a1cbbb3da, e34004699f498ace5d3a9cdf05c8529eccd7d406]","0","0","840662f0e31bdae660b3400a1546b54153ed0992","371302a1a79e8a39e57028e931b06db7583a4107","fe549febcafb2aaa74f8c95320ddb908cc691719"
"https://github.com/EFForg/action-center-platform.git","192","2","[fe549febcafb2aaa74f8c95320ddb908cc691719, d8234514689b87cc5b6bea16a0f4b1c7b1815d0a]","0","0","fe549febcafb2aaa74f8c95320ddb908cc691719","46896d065c43f45a654b1117496facedcde58c55","54254860b752cc44fde32faf74456400076460e9"
"https://github.com/EFForg/action-center-platform.git","193","2","[163cb8587dcbf13b72ba65cb1d56edbeb3e7c6a7, ae41fec20cedd54f217e4b9ed318bc2180ba0e16]","3","0","163cb8587dcbf13b72ba65cb1d56edbeb3e7c6a7","e54ee6857d1a0594888e3217f2407204f75181fe","d640eaaf2cbc53ad0a5c2e8b14259193ec63e4ff"
"https://github.com/EFForg/action-center-platform.git","194","10","[54254860b752cc44fde32faf74456400076460e9, a4c755bf05e4d73bb73074a5cd463fb63befc1fe, 44f047fa3220e0dfdcdaf0bff6eab41ae1141c23, 9733a3e517888e3529b0971977fbe9c0920f4054, 1c87dbd24b1035c90234613c2787ec675da2f510, 85385293fa24977a755a89f026552a6a97b7c2e8, 7a1148a9461f7a99389a83dbd606393b5389407e, 51bde7c08613c03dc65b0a617453547447a3327f, 79e5879e2181b6d744cf724c0a544fd65d0d94cd, c28eaad92ec491b5c05182c7f2096ca1d2aa421e]","2","0","54254860b752cc44fde32faf74456400076460e9","e54ee6857d1a0594888e3217f2407204f75181fe","d640eaaf2cbc53ad0a5c2e8b14259193ec63e4ff"
"https://github.com/EFForg/action-center-platform.git","195","1","[7bde9bd9cde0330252c059a9cb6cdab98fab8920]","4","0","7bde9bd9cde0330252c059a9cb6cdab98fab8920","05edbe0a6718fdcc5dc475f9f76d1e6ccbf1879d","d36286dd9fe6b7aa0d5c1fb3f350abc9e49d6279"
"https://github.com/EFForg/action-center-platform.git","196","2","[9b4b8070e86d80d2cf5da374c2fa70c096887be2, 686f2a80d59e006ed7d1a036feb9a3b334e6f3fc]","0","0","9b4b8070e86d80d2cf5da374c2fa70c096887be2","05edbe0a6718fdcc5dc475f9f76d1e6ccbf1879d","d36286dd9fe6b7aa0d5c1fb3f350abc9e49d6279"
"https://github.com/EFForg/action-center-platform.git","197","2","[362fb7158aca7eddce4061582e18a1cf71f749a0, 75718c31cc9c6430fc215618544177d567c88553]","3","1","362fb7158aca7eddce4061582e18a1cf71f749a0","6a63d02e8586d606fa9354d77c139b9ad589c155","cea9c134b1a7da5330236f09023d43885e4566fc"
"https://github.com/EFForg/action-center-platform.git","198","1","[e21fb14c92452a273f2adf385f615f8b83dc6a88]","1","0","e21fb14c92452a273f2adf385f615f8b83dc6a88","6a63d02e8586d606fa9354d77c139b9ad589c155","cea9c134b1a7da5330236f09023d43885e4566fc"
"https://github.com/EFForg/action-center-platform.git","199","1","[e63384521ad63c4e761a510796c11d574501962e]","1","0","e63384521ad63c4e761a510796c11d574501962e","6ce2b5697a6793040a8c3663e663cddb70131920","4be1376aa24f8ce05fa9e0d25111e2b01b16501a"
"https://github.com/EFForg/action-center-platform.git","2","2","[73b27eff04119afedfa156bb44b422121f7474fd, c22f901aa6a30208c4b28a9d94a9fd1cff0f2919]","0","0","73b27eff04119afedfa156bb44b422121f7474fd","7044a63bc9da3cb119e63174c4f1193e98782adf","13a567455473a2e8badff8d7764d9f95d4677c12"
"https://github.com/EFForg/action-center-platform.git","20","2","[bc825a992d22dc345501c2ad2c31135c3665b07c, d9d1b5a63a00a53050038f569f88fb6302829d19]","0","0","bc825a992d22dc345501c2ad2c31135c3665b07c","2c23e20d93855aa10028bf8a11f78320cc349f39","4190fb3c19e8f802feb594496ce7bf3d842ba65b"
"https://github.com/EFForg/action-center-platform.git","200","9","[e767212830a75e652e8ba5b826cc423bc0fb63fd, 1157e76536daeab46f24348826285c8a89a3d0d1, 6d29924be3580c0cd9afe371ca3353f05be73b1b, ca1b2be13133dd53fe18c7ca26f749719398b200, e5f6bbfa56b8cfd625b45e80500c0862cc5ae606, 52f5bbdc50f74bfbc6e602b47506797f427ee48b, 1a52bd315de472f68f152735d1efe1a2dd35879d, 0ab3c9497c1c21769990795d3964338fd0fda7d2, cb1e3d833252f5436f2018752303d1bb64e77604]","12","1","e767212830a75e652e8ba5b826cc423bc0fb63fd","6ce2b5697a6793040a8c3663e663cddb70131920","4be1376aa24f8ce05fa9e0d25111e2b01b16501a"
"https://github.com/EFForg/action-center-platform.git","201","1","[2103b6e4630aea2153f028c4c0f8ab9c386a55c8]","28","5","2103b6e4630aea2153f028c4c0f8ab9c386a55c8","4be1376aa24f8ce05fa9e0d25111e2b01b16501a","3986ff039bfd54cc0698e0c6d141ec0bfa7d1983"
"https://github.com/EFForg/action-center-platform.git","202","1","[80aeb4eb8fb93387867d9df00a0906417a859f0f]","0","0","80aeb4eb8fb93387867d9df00a0906417a859f0f","4be1376aa24f8ce05fa9e0d25111e2b01b16501a","3986ff039bfd54cc0698e0c6d141ec0bfa7d1983"
"https://github.com/EFForg/action-center-platform.git","203","7","[dffe0a5a6e9a9a6353e4991bf3ee86cb0ba98697, f9495793c5cb5cb1ebbaad1848e25e0382dfcf6a, 52277a3f1d21c26971c617facb081ccec56444bd, 35a7f7e952d7eff2927780c3c466cc5e215e85d4, 158cb75c1f5730fa66f9a60798b6a1ec7b765686, b6b6675038ed6f50c90dbada479219ded31ea62b, cc2fd153c812b9061e9211bd92643f4676d7f444]","4","0","dffe0a5a6e9a9a6353e4991bf3ee86cb0ba98697","45bc962e553955bd52d3228fa237de959ab23d7c","9a10ab3cf07a666f048ef2c9bfc86ca8fe44870a"
"https://github.com/EFForg/action-center-platform.git","204","5","[ca1377bd2847e24a9041e821d3121bb3c9096d44, 6c4b16ad3929335721dad3a8e27d42bfaa057db7, fdf10a9f03e54a5b2d42fcc0b31a73bf81aaf17c, 2ba08b5a11ba59e7bf02aa540d16bb5ef6c171d5, 86f51137aff26969c47e97635e8c5292d32d06cb]","4","1","ca1377bd2847e24a9041e821d3121bb3c9096d44","5c58692329d98ba88b65d4f628f83ffd68f311c8","bcb1f40d4b0d824107caf3662bd8bd5b1f05f898"
"https://github.com/EFForg/action-center-platform.git","205","5","[bcb1f40d4b0d824107caf3662bd8bd5b1f05f898, cea8eacb883a92dcefeeccfa5ba3bdefc8c0060d, 63d32c77884bdad6cb0dede97e95da9b746d9787, 468523d91d28408280fbc16b207b747fa69ebe7f, fdf266f22192d954b13359bb29460250e4c44fab]","8","2","bcb1f40d4b0d824107caf3662bd8bd5b1f05f898","f907350b9252160fc4673b3108b22e8d6e3cb106","d46e80f27fa23b078f7aae2367447b24d44147a8"
"https://github.com/EFForg/action-center-platform.git","206","1","[033046edce83229770fbb07b57b34a2752dfa7b1]","11","1","033046edce83229770fbb07b57b34a2752dfa7b1","d0774d378571f3ce5a8aae2ccb9e99db37815e15","c2360f56486eeae9cfe5eb4e47604ef5b408f212"
"https://github.com/EFForg/action-center-platform.git","207","7","[d46e80f27fa23b078f7aae2367447b24d44147a8, 6282e7c176923504a7b628e9369d464b6f2bfd33, bb5d671b17180f5292586e7f70c42e26356f51a1, 44fa35b419d45ae7534afe63f71be18af33ac2d6, a300e68229fa4f474ff32e272ca3fb26ff08a094, de7968cf59d954b9ee94d8d07341795b327359d9, 9dadd23422e4fd0d18c65f0b9ebf470593b7a03e]","12","4","d46e80f27fa23b078f7aae2367447b24d44147a8","d0774d378571f3ce5a8aae2ccb9e99db37815e15","c2360f56486eeae9cfe5eb4e47604ef5b408f212"
"https://github.com/EFForg/action-center-platform.git","208","4","[ea8a00a515f167664a7e486c981f95662386d144, 00f212839e920ecd6eb0728424b67048750c113d, dc121109a9562ba189ec4ce214c21988b92c9920, edbb1a444746896a0d580f744f096e204f88c274]","2","0","ea8a00a515f167664a7e486c981f95662386d144","9a10ab3cf07a666f048ef2c9bfc86ca8fe44870a","432352f4d57221f33f4c36fc6da74dcae253c68e"
"https://github.com/EFForg/action-center-platform.git","209","1","[8443811b04a126c4836a94a7393d8ca9bbd2ea07]","1","0","8443811b04a126c4836a94a7393d8ca9bbd2ea07","432352f4d57221f33f4c36fc6da74dcae253c68e","82a21f0ee76422f4c7ff7d727dd18e05f9db9b2f"
"https://github.com/EFForg/action-center-platform.git","21","1","[4190fb3c19e8f802feb594496ce7bf3d842ba65b]","1","0","4190fb3c19e8f802feb594496ce7bf3d842ba65b","5b659269eb2ad556eea0c88182d76319b4990522","42f15f26d00f91f7da941d76a6faae5124dfc66f"
"https://github.com/EFForg/action-center-platform.git","210","5","[0c7606264781616477823e057616e1bca12af91c, 178fd5ade318bca875dbb9b10c4f7b738328eaae, 14398069b73c08919e9f8062cd0a6de365c3f397, d369ef6f5516411dc53839c988c609e06dddbfca, 2d83d953898ed6a302170c067194602c996e5930]","2","0","0c7606264781616477823e057616e1bca12af91c","e393159266086a1f8618c0848423906fa93638dd","d707e29459abb0186ef44442f80d02200191dbc5"
"https://github.com/EFForg/action-center-platform.git","211","2","[82a21f0ee76422f4c7ff7d727dd18e05f9db9b2f, 2c82579accc3dfcb08aa79963ad15aef2efd869c]","3","0","82a21f0ee76422f4c7ff7d727dd18e05f9db9b2f","e393159266086a1f8618c0848423906fa93638dd","d707e29459abb0186ef44442f80d02200191dbc5"
"https://github.com/EFForg/action-center-platform.git","212","3","[011d3e0ffd80a7641240dd7ba153ee69cffdc7a6, 5d20dc5013e68e56eb8354d684fb11e16f14025a, 2bbdd1ccaac8c805b96fd34fe0b10bef3c4eeb0d]","1","0","011d3e0ffd80a7641240dd7ba153ee69cffdc7a6","da9aa7fedf9d3bcc15d3c30e6a5eeb832291b74c","d30a268f47ad902428825376ac3926d472a3510a"
"https://github.com/EFForg/action-center-platform.git","213","1","[7763a78eae616c71c82396a906968083346a3947]","0","0","7763a78eae616c71c82396a906968083346a3947","da9aa7fedf9d3bcc15d3c30e6a5eeb832291b74c","d30a268f47ad902428825376ac3926d472a3510a"
"https://github.com/EFForg/action-center-platform.git","214","1","[436edc6c153fba3d6e70300964d30e6d1ce21f0f]","1","0","436edc6c153fba3d6e70300964d30e6d1ce21f0f","203dde0dab349defcf106703112acc07576af2ad","8af7c9e8b891ded5b8e503d660ac2cdaf3dee630"
"https://github.com/EFForg/action-center-platform.git","215","3","[e807884b0f6ba2fc33b97721b2ea996683e419ee, 7fde12d1bbeb46f44a074011352655cbcf55d6cb, 14c97c5236d342910278209474b5d09e8cbfabfb]","5","1","e807884b0f6ba2fc33b97721b2ea996683e419ee","5b4e39f8a16b87b4ed754f7775e448094b470402","8af7c9e8b891ded5b8e503d660ac2cdaf3dee630"
"https://github.com/EFForg/action-center-platform.git","216","1","[6560f95541c661588c0cffb90f47c559141cceca]","0","0","6560f95541c661588c0cffb90f47c559141cceca","5e72ce46d75808a2f81e3bc074451e521b11e625","767e5b2ec960a36b2162d8fd1c3d99d58b958349"
"https://github.com/EFForg/action-center-platform.git","217","1","[5689a3a012f9954208d6e730bbd7431c721b47a8]","0","0","5689a3a012f9954208d6e730bbd7431c721b47a8","5e72ce46d75808a2f81e3bc074451e521b11e625","767e5b2ec960a36b2162d8fd1c3d99d58b958349"
"https://github.com/EFForg/action-center-platform.git","218","1","[eae17fc7a62f3bc3c018d7abe8f5311bc35f45e4]","0","0","eae17fc7a62f3bc3c018d7abe8f5311bc35f45e4","496efababee8167dce5e029b0f968e2cb30fd98a","5663f533d75d0b6aeacd4c5ea9e6eb7884404a0e"
"https://github.com/EFForg/action-center-platform.git","219","5","[dcfbd5dc8f028a0e2976c56269d4c1ca76d30da1, ab7f9435ede18e2315f3f944c8dcbce97920491e, 40c2fbf74f25d56f39e91e05e5ddcfd86a57a6ac, 8834c8b533a2317d87d3d81e8545e27b3c445501, 6fd96c87f6a0b728fa14a3e522a0675bacdd1cce]","0","0","dcfbd5dc8f028a0e2976c56269d4c1ca76d30da1","496efababee8167dce5e029b0f968e2cb30fd98a","5663f533d75d0b6aeacd4c5ea9e6eb7884404a0e"
"https://github.com/EFForg/action-center-platform.git","22","3","[c794ba4d8357d8452dc39371b5b83fae47da1b7a, a340a39529e645036670b8bc18a0c92a590ad170, 08d772a52d6bf4d1032c0b7a1b6be99e3816bbbc]","1","0","c794ba4d8357d8452dc39371b5b83fae47da1b7a","5b659269eb2ad556eea0c88182d76319b4990522","0af2af40212224895b59bbb7421a8171974822e8"
"https://github.com/EFForg/action-center-platform.git","220","1","[88f07023e9ad9820bcfd82f70d15511a5e7d90f1]","1","0","88f07023e9ad9820bcfd82f70d15511a5e7d90f1","e8800150f81ab1a0132e4d7f84d0f158380564c4","96aba414816a3bf56269064223355489cc29f6db"
"https://github.com/EFForg/action-center-platform.git","221","5","[14b317cbb55a59716ba27ad65899bf09263e9541, 326b328eb3403df4e15d8fb792c607aefafe00e4, f252f7e0b3fcc44eb2f06fc59c331f5125d0d6e2, 94394320e87dbe9447789ad59c6547c4c6bd5502, 2ded8a9d224a59a685a715c1e8281723d443e3bd]","8","2","14b317cbb55a59716ba27ad65899bf09263e9541","3ccd41ca4e05ae81ab369d21bf62c32b0cac213b","b930a9b32e2dd371d0a76715ab37a0cd56af2285"
"https://github.com/EFForg/action-center-platform.git","222","1","[4bbba67ea56ad5334d5338fc3a29976d6ecddc94]","1","0","4bbba67ea56ad5334d5338fc3a29976d6ecddc94","3ccd41ca4e05ae81ab369d21bf62c32b0cac213b","b930a9b32e2dd371d0a76715ab37a0cd56af2285"
"https://github.com/EFForg/action-center-platform.git","223","1","[094281b88d3d7717317002813606c3c1a9f7fa0a]","3","1","094281b88d3d7717317002813606c3c1a9f7fa0a","96aba414816a3bf56269064223355489cc29f6db","c72d06d7bbf75b3f6082a0849b830a669b1be39c"
"https://github.com/EFForg/action-center-platform.git","224","6","[29526e47d6621357d5f50eaeaa9d13d00fdb63b9, 8057b0b554e8dd8da0057ecb6ceee0345cd51c21, 1e05f56ec849cae22318df4a9ad440637ec6f709, 687b9529aa67bcb925ab19196fe8df59d5f01364, 964b34e33fee1c996d5e5bacb816250647594273, 483c25f75129301e8134ed3a97f5eadd05280a8d]","1","0","29526e47d6621357d5f50eaeaa9d13d00fdb63b9","ad462bfacc672070c872a32be8d0ed9fe3088b39","89f2877cb51c33a980995967dffe7a0323122080"
"https://github.com/EFForg/action-center-platform.git","225","2","[c72d06d7bbf75b3f6082a0849b830a669b1be39c, a7f0d5036e476c1c1594b96ef3bb1e9f74b88248]","2","4","c72d06d7bbf75b3f6082a0849b830a669b1be39c","ad462bfacc672070c872a32be8d0ed9fe3088b39","89f2877cb51c33a980995967dffe7a0323122080"
"https://github.com/EFForg/action-center-platform.git","226","1","[7050403a9e41024f25dc693cf034c0a455e45180]","3","3","7050403a9e41024f25dc693cf034c0a455e45180","edcf883336e00737bbb618df974e665ee068b459","ae6b14175ef337a37e3ede1da8697076302cb73e"
"https://github.com/EFForg/action-center-platform.git","227","4","[4c07eaeb599f8b7e7525995d9745242c737c48f1, 1945e056c0f68473d36a849fe71b25a05930c233, 08ff1989521e6e75b8338daf186936dada397530, 9013d3eff047321d176965d06ad4622d822617fa]","3","0","4c07eaeb599f8b7e7525995d9745242c737c48f1","ca3be4d8093f59421256f082b8a4219514f0f304","5e08c9b52bb0d64a2ce0d6d5c121b02e96b4e361"
"https://github.com/EFForg/action-center-platform.git","228","1","[210b621263521adea05cde26831ac1a66f373b0a]","3","0","210b621263521adea05cde26831ac1a66f373b0a","ca3be4d8093f59421256f082b8a4219514f0f304","ae6b14175ef337a37e3ede1da8697076302cb73e"
"https://github.com/EFForg/action-center-platform.git","229","2","[ae6b14175ef337a37e3ede1da8697076302cb73e, 23978d6da78d818191960fac17871130c6ba7182]","0","0","ae6b14175ef337a37e3ede1da8697076302cb73e","5e08c9b52bb0d64a2ce0d6d5c121b02e96b4e361","ad57f9c0249e82267a95154057ecc249f6659e16"
"https://github.com/EFForg/action-center-platform.git","23","1","[0af2af40212224895b59bbb7421a8171974822e8]","2","0","0af2af40212224895b59bbb7421a8171974822e8","42f15f26d00f91f7da941d76a6faae5124dfc66f","a57ee243597fa287db3fae10aa7bd735936fd4c2"
"https://github.com/EFForg/action-center-platform.git","230","1","[9e9c784f25d69ca5d969178b8a529587607bf157]","2","0","9e9c784f25d69ca5d969178b8a529587607bf157","5e08c9b52bb0d64a2ce0d6d5c121b02e96b4e361","828c004ae5b5080c0604a39580314f3ab4112367"
"https://github.com/EFForg/action-center-platform.git","231","2","[34871f05733919ec349a70c0597fff9b295cadbc, 982a81729f939f75e52482bebfb3dcf74a2006bc]","1","0","34871f05733919ec349a70c0597fff9b295cadbc","ad57f9c0249e82267a95154057ecc249f6659e16","828c004ae5b5080c0604a39580314f3ab4112367"
"https://github.com/EFForg/action-center-platform.git","232","1","[a4263ea0877125d7d6c9ce1df3026168ce95c0d4]","1","0","a4263ea0877125d7d6c9ce1df3026168ce95c0d4","ad57f9c0249e82267a95154057ecc249f6659e16","57e7286c7cf0043feb3594d76da9090073b1d37f"
"https://github.com/EFForg/action-center-platform.git","233","1","[bab4b750ae33936e5303ec48402153ac28365d8d]","1","0","bab4b750ae33936e5303ec48402153ac28365d8d","828c004ae5b5080c0604a39580314f3ab4112367","93cdf7f01509875d0aed7cd88e1d16fd7d43da91"
"https://github.com/EFForg/action-center-platform.git","234","1","[e7eb93087da8331c7541a2a6be6f189c0a8a5645]","0","0","e7eb93087da8331c7541a2a6be6f189c0a8a5645","828c004ae5b5080c0604a39580314f3ab4112367","93cdf7f01509875d0aed7cd88e1d16fd7d43da91"
"https://github.com/EFForg/action-center-platform.git","235","4","[5305cac32b579423a981b1a0d07be1861b5457a7, 57e7286c7cf0043feb3594d76da9090073b1d37f, 82ad318bfb78f3a3b2dc96173f15ac67a041a148, 5dbd553b367d7c6f120e53d519b604a64f192727]","0","0","5305cac32b579423a981b1a0d07be1861b5457a7","93cdf7f01509875d0aed7cd88e1d16fd7d43da91","e1a2a94f7162cb89b3f0a554cec138cc41f9b444"
"https://github.com/EFForg/action-center-platform.git","236","2","[8b00baefc5ab88a1a7d3bb4c456d3ba3e125538c, 53a65c762a9f1b074fd1063cc2ef419a2bb76956]","0","0","8b00baefc5ab88a1a7d3bb4c456d3ba3e125538c","93cdf7f01509875d0aed7cd88e1d16fd7d43da91","e1a2a94f7162cb89b3f0a554cec138cc41f9b444"
"https://github.com/EFForg/action-center-platform.git","237","1","[269c55d10fca3ef1a66eeb1972e80c0f88237397]","1","0","269c55d10fca3ef1a66eeb1972e80c0f88237397","e1a2a94f7162cb89b3f0a554cec138cc41f9b444","1150d57eff3f9a3c96d957ce77a38c54aabd0b5a"
"https://github.com/EFForg/action-center-platform.git","238","1","[03909973c3d158f3ea072c703153b723e5f5a73f]","0","0","03909973c3d158f3ea072c703153b723e5f5a73f","e1a2a94f7162cb89b3f0a554cec138cc41f9b444","1150d57eff3f9a3c96d957ce77a38c54aabd0b5a"
"https://github.com/EFForg/action-center-platform.git","239","7","[76a360c42eb3d23a68f676293e377fa6d17bd400, a0cd1a93d8d9f03027909488acef23a781386d64, fbcecaa1ac7bd3dfd5ba2aefa6e62b604d97dc95, 9debd9854a8b234ca4c4cbe7f1f39a702f390230, 0e2ef75f70314b554f3f051166b6a219b82f0491, ddd2baa3e3128d77e6b0d445f6242e6afe33ba41, bf08b52afbc47b32a22ec542abb9fbe4c6183516]","6","0","76a360c42eb3d23a68f676293e377fa6d17bd400","9d078d0cde4963efa90fe300e49d81d037a982b5","d7dc3f91ec3db8a032dd8409db64a488af7a9bb9"
"https://github.com/EFForg/action-center-platform.git","24","1","[5ed0259e55229c1939072caeebcfc1932f08dbd3]","0","0","5ed0259e55229c1939072caeebcfc1932f08dbd3","b10446e55a7172041d4790f852d25d03ec47c275","156b4310f219d0a84166e052d88c56a27a544086"
"https://github.com/EFForg/action-center-platform.git","240","2","[d69707c652f983cafd8e537c2a2dd0ed058357f6, 43f4e055f7e4bb9a75838ce21b71237e6ee10f3b]","0","0","d69707c652f983cafd8e537c2a2dd0ed058357f6","9d078d0cde4963efa90fe300e49d81d037a982b5","d7dc3f91ec3db8a032dd8409db64a488af7a9bb9"
"https://github.com/EFForg/action-center-platform.git","241","3","[0418923587165cf039c5f351d38730b459615935, 570e9bcedd08e375a7b3e36f1dd27adeb22d4a65, d6a20ba845b3657255d00994cfb093dd0a5efd92]","3","0","0418923587165cf039c5f351d38730b459615935","5c4e26bd1c17c90c156ed041b926ba588d125a22","0a108475c26d3bddbe570bb22ae239255d82267e"
"https://github.com/EFForg/action-center-platform.git","242","2","[35b29482b2d0ba1c187ecd497d6f47683b6fcb5e, 886f3b6e54a2371647bdd60ddcd8159cd2169d59]","2","0","35b29482b2d0ba1c187ecd497d6f47683b6fcb5e","d19eeb22895dafa6ac7cfd19d6b35f2951d4c9b5","a91d59017d5c4054e51bd6e3a4080dfc300487e2"
"https://github.com/EFForg/action-center-platform.git","243","1","[39ff42c661d4e5408d8969cafba3bb401b6ae27c]","0","0","39ff42c661d4e5408d8969cafba3bb401b6ae27c","d19eeb22895dafa6ac7cfd19d6b35f2951d4c9b5","0a108475c26d3bddbe570bb22ae239255d82267e"
"https://github.com/EFForg/action-center-platform.git","244","20","[18d59ec303fed1bc1a8782c0dc7c9a3c6a02e90e, 196d11e23850be0d23ae1b4aa4bbefb945422831, aa42d9ada96ea14d59da11048d1a73fd6169f3ed, adfe48db940662c5472101a920c56a56a13ae2e7, 683491a31f7798ff2494692f0bb5a907f484036f, 0171413e5ad34604657129b2d1bae2eabcbbd980, 516e1a6aade96648b6dde49e0d5a6319dbed99a9, 74abe2a619095d7bff5102a512e8d725f78e949f, 3887e2ea005441702e2c4aa687f376bb37a48c97, eb2204eaaf41f3d04017ea9a8cfe7cae82198cf5, 5c9ee7a951c2f9595a6748447e20eebd9fcbc381, de01ad09353bd2e75580ee54fe14184754aced50, 0234bd1c5d044865ae140203e00ce86ef8fd9ce1, a8fca6a09abe947ec16686e99d0825b2795fc9f7, 8ac75d60d5d973bd1da4dfea07e1512182d2b19d, fc3e8ec88dc6815ec6444b031c743229c2e21f56, cca77efeef556bca30a4deb7920a25e2a5a6fde5, 4c49f7bad14071d7446a7de407ee98aaa4f402ab, 57e95054e3d1aa387ca38f86fac41ec5f1524cfb, 069410773ac427a499a5236c0f18725e236799c8]","18","0","18d59ec303fed1bc1a8782c0dc7c9a3c6a02e90e","b6e869abe96a09ab449188426afb9ae9f39bf70c","5829c92bc192a5026ef3c61a0207975806d187df"
"https://github.com/EFForg/action-center-platform.git","245","14","[6cc903b630469dbd0c9025b9f02a9bdb969e64a9, 084ff4f64acd750289f778363080ba2ac13f5cb1, c7298a104f52468316e0ff9ab5e0974337bd9888, f229143f8efd49ced9616a690aadf7f5f7940203, b1e5b9936f38c95e23b6ca45200d8d38596a927b, 623f7782a796d36b1af8b1bc12de17f0317d0c17, 22cb70cde1988b1da1748b0b9ad59eeaaa69ca2c, 3c6992b028bfb9341da5517fc2da49a70530ff9d, 715d0c6cef5cd1e7e6a93efdd8293d9a26f08fce, 24127f6310f86d51e878cae9eee57e75a6271ae3, 72ad708afa7b83d162b30efb77e13a519ebb787a, c41e7c2ce5ee00ec187d7307f951b0b7229e23b6, c9308352abe1d040870a563a3495d067924c8577, d945140e60925638e1946f755e32b4da06b27d06]","15","0","6cc903b630469dbd0c9025b9f02a9bdb969e64a9","a91d59017d5c4054e51bd6e3a4080dfc300487e2","0a108475c26d3bddbe570bb22ae239255d82267e"
"https://github.com/EFForg/action-center-platform.git","246","3","[9197db89093464d3e8c95f901ab57547c630aa5e, 5a17f48e7dc4c57b8ea926fe66f0dd90c819d2cf, 1cee98b43488ee31ef535e4ed6af5b1e26e27f05]","0","0","9197db89093464d3e8c95f901ab57547c630aa5e","a91d59017d5c4054e51bd6e3a4080dfc300487e2","0a108475c26d3bddbe570bb22ae239255d82267e"
"https://github.com/EFForg/action-center-platform.git","247","1","[0f56cfc7e3fc25b25ea33087757d87dfc50c8609]","0","0","0f56cfc7e3fc25b25ea33087757d87dfc50c8609","5829c92bc192a5026ef3c61a0207975806d187df","0a108475c26d3bddbe570bb22ae239255d82267e"
"https://github.com/EFForg/action-center-platform.git","248","1","[6168e45129d2fa223e29f2f9ca814d12a132c325]","0","0","6168e45129d2fa223e29f2f9ca814d12a132c325","5829c92bc192a5026ef3c61a0207975806d187df","0a108475c26d3bddbe570bb22ae239255d82267e"
"https://github.com/EFForg/action-center-platform.git","25","5","[a57ee243597fa287db3fae10aa7bd735936fd4c2, 4daacfd2ec65ec0981d2d66018ded796a471b6e5, 91b26648cbfb81cb1b8f915f5add27b230ba630c, 36c1f86fb4fe928bd88acabfeb0e2987e1d461a4, 156b4310f219d0a84166e052d88c56a27a544086]","1","0","a57ee243597fa287db3fae10aa7bd735936fd4c2","1d26f326ba19602c4b3af7ad47f1d52ad479742f","83e01911b4a5fa4b2541cdd5a6265973914b3648"
"https://github.com/EFForg/action-center-platform.git","26","1","[5739eca52fae026b87dfc39f1e569235339a728d]","1","0","5739eca52fae026b87dfc39f1e569235339a728d","1d26f326ba19602c4b3af7ad47f1d52ad479742f","83e01911b4a5fa4b2541cdd5a6265973914b3648"
"https://github.com/EFForg/action-center-platform.git","27","8","[3d7fcb8d8d07925c36819f013fd2b31fe557682b, 23122ba0d9c4a55f73961e853ab30ce423e6ed8a, a438a462dd521f5eda72d9b12bbb94101321134b, 6bb7b4c8367dad457102eaec51509c5a4cefcaff, f20d44ef64ae2d270a8db5bfd6da471e9f001944, 7a067245a4ca387f7c0f0dbf64281a38167cd46e, daf6b4307b18fc3440c80651a0cb72cbb6b29081, 8b10e2e1ee6f1ba229dc913f882ab7cf14b4b6df]","8","0","3d7fcb8d8d07925c36819f013fd2b31fe557682b","83e01911b4a5fa4b2541cdd5a6265973914b3648","a94a3528c90a3aa04d5caddffb64729f138b29ef"
"https://github.com/EFForg/action-center-platform.git","28","2","[e764b27c5176e098219ee0470d7a0b0667dd29fa, 235de7ea591b0b23e4716c69604bc5ee6e6bedeb]","0","0","e764b27c5176e098219ee0470d7a0b0667dd29fa","5e0bced0765896b2bddd76fdcc31ec37e125b435","c8f683894c851cb1dff0c702920f4180da3bc33a"
"https://github.com/EFForg/action-center-platform.git","29","2","[4769ee9a0fad34b7116db29547e659d47ce6e625, e95cec730cc596c96a48c16a8aedcded2383584a]","2","0","4769ee9a0fad34b7116db29547e659d47ce6e625","5e0bced0765896b2bddd76fdcc31ec37e125b435","c8f683894c851cb1dff0c702920f4180da3bc33a"
"https://github.com/EFForg/action-center-platform.git","3","7","[fb925e39d453a1c4a0aaeb7f7dee921155f002a7, a6ee070480246b1bb687577e73037dc6e3ad886c, 7e3b94dd5f6ade568fdc35a63004ed913fa52740, fca314d51f57f3977b07f276a5c5314198c7ef07, 402f31879eeaa6d3ce81e081669f1bfe18f357eb, c70ce78fd37265833f7357d30f322da4da50d2a5, 70a178a90230e650242d08b2b716899632e3afef]","12","0","fb925e39d453a1c4a0aaeb7f7dee921155f002a7","7044a63bc9da3cb119e63174c4f1193e98782adf","aa2a670e36777dcce3580da12e2f38458ce56c61"
"https://github.com/EFForg/action-center-platform.git","30","3","[24309a8dd6419e7a035fed99b2630e35108a342a, 6f3bb39986489cd6fe130c3ee85b1405a6f981e8, f3fd047f2695947370b3962b6736ee116c96b07e]","0","0","24309a8dd6419e7a035fed99b2630e35108a342a","85aa31eb62966fd861dc5aa0eebac3329975b217","7846f38bc17e5679f9876a8a2607173ff64cc3e3"
"https://github.com/EFForg/action-center-platform.git","31","11","[870262b9a9726957ba0591210967f92470c7dd1f, 01a5c7e61bd65982801970f8b52007bed416b6e2, 4d45c864c8671b32e8a88fd1ed85f68373dd2ff7, 0d686d33146b27c65ed926e35e9120a366d20205, 462fef4bb67ef02fc154eb12e90168de4a0dbf9b, 5e41bd6a0e56665e1ebf2e326b8e8eb2524e41dc, ad4cb88661e2a5409ebef5c5f14d699a388df242, be7d2269a78c35c9624895df58d8a3eb417221cf, 2c29935f4cbefc81f1bfcb08358480cbb80ba812, 503c3f6d539a5ecd394ae8bc047cfb78f4f46c00, 34b51867db30c3596a6bc601317621e8dce18ca3]","16","0","870262b9a9726957ba0591210967f92470c7dd1f","85aa31eb62966fd861dc5aa0eebac3329975b217","e4b6ac17a94ea4db454d3e030b0e53a068b3bee8"
"https://github.com/EFForg/action-center-platform.git","32","1","[a57bcd1dbfdd53f5a124808005e2ff6c6b068834]","0","0","a57bcd1dbfdd53f5a124808005e2ff6c6b068834","7846f38bc17e5679f9876a8a2607173ff64cc3e3","e4b6ac17a94ea4db454d3e030b0e53a068b3bee8"
"https://github.com/EFForg/action-center-platform.git","33","2","[0c56a23692a4125081dd0875f44bdf094556d0f2, 84cb1c286554ea795988aa1cc8ec2ab9a323eba7]","1","0","0c56a23692a4125081dd0875f44bdf094556d0f2","6b517576c869c5cb9a80821ecef6d7cc1edac7c1","3de94c6d280c139669ebed6dd7c79d10af3e8fa8"
"https://github.com/EFForg/action-center-platform.git","34","1","[37be54011cff7f2212d18b17098ec6eb8820200d]","0","0","37be54011cff7f2212d18b17098ec6eb8820200d","e4b6ac17a94ea4db454d3e030b0e53a068b3bee8","0552141317eed4d7e1ee0aecbf2861cf59d9ce2a"
"https://github.com/EFForg/action-center-platform.git","35","4","[2d3ac49bc358e99af8f98f518cb1b3ed045b137f, 0cc4f0360b9556f49b71cab5d2c4f0440fa290e1, 56ddd5e8298734fd6f4237ccb288d32bf39aef8e, f9661df23d40b294aca47ed67d11397f1c39755f]","3","0","2d3ac49bc358e99af8f98f518cb1b3ed045b137f","26955b4b3f58804e5e573175cd7148de111ac542","0552141317eed4d7e1ee0aecbf2861cf59d9ce2a"
"https://github.com/EFForg/action-center-platform.git","36","2","[3c14cb19ca1058f110d593cacc8fd938b2fc352c, a8a3ef2252e1232739d4affcd5e2ca3560754827]","2","0","3c14cb19ca1058f110d593cacc8fd938b2fc352c","26955b4b3f58804e5e573175cd7148de111ac542","db05b85321f6ddca3a9824f90d31a5b074ca53c5"
"https://github.com/EFForg/action-center-platform.git","37","3","[3de94c6d280c139669ebed6dd7c79d10af3e8fa8, 9c53f9d31e8f0ec25cc2d8ef452c67c0cc37f7bf, a2115c3876300c8d206117a9c3dc50d996e6ab1f]","0","0","3de94c6d280c139669ebed6dd7c79d10af3e8fa8","0552141317eed4d7e1ee0aecbf2861cf59d9ce2a","fddd59e845d0548e99bbff60f4985c018e03869c"
"https://github.com/EFForg/action-center-platform.git","38","1","[d70fd1c7f9c960ac933fa866ce4594b189957eaf]","0","0","d70fd1c7f9c960ac933fa866ce4594b189957eaf","0552141317eed4d7e1ee0aecbf2861cf59d9ce2a","fddd59e845d0548e99bbff60f4985c018e03869c"
"https://github.com/EFForg/action-center-platform.git","39","1","[d88d37ec9450fc7f78f070523af7ec8af228bce5]","0","0","d88d37ec9450fc7f78f070523af7ec8af228bce5","5ca2b3f3bbbca38889b5a255ac29cbad0857d4bb","db05b85321f6ddca3a9824f90d31a5b074ca53c5"
"https://github.com/EFForg/action-center-platform.git","4","1","[28d909e7c506042cdb948d33205bac085bbcc8c0]","2","0","28d909e7c506042cdb948d33205bac085bbcc8c0","13a567455473a2e8badff8d7764d9f95d4677c12","1650043b02c4842a683057d783d2004c6253d2db"
"https://github.com/EFForg/action-center-platform.git","40","14","[db2849d1c1ea53f9cdb8abedd869ccd8a09accea, 3aeb447032982a513362052c97b37794259e0920, 5910a00a07993a4d6904f4b1de6e4aeff7d11a73, 871ee3f522970ba89f51f8b6f64965453b82f907, 7b28e462fd5962c90f3b18c551017d81b8d01d69, f7adbbc26491a285172304314ffd541391bcbc5e, 6421d22e5dca886ed5f9282f122e0da5f44274e8, 3783ab95e55fe61c0be3ac5012efedae406d5284, d1de8082a1b57ff8da27bc75ded4f9ab32172038, 6e9e85ce72969b6c1031e31e97941827fae5a7a6, 52d9bf74ce14acd5d718430aaf32eff424bcde5e, df728ca6cacc30ec5b5dcb4a65ed413283014436, db05b85321f6ddca3a9824f90d31a5b074ca53c5, 21a4c4e96cb2af7c2962c1a8a6306c557a4278f0]","2","0","db2849d1c1ea53f9cdb8abedd869ccd8a09accea","a017c85965f1d0256ce0ab332b832781975fa894","d7567adc3a3aaa28c3fcbb37bc6062e3cc0a440b"
"https://github.com/EFForg/action-center-platform.git","41","3","[c40d3f0838aaf9fd6546ea48c4a1e9a2877a9ac7, 6792e6c6bb03f7329bf1deca357ea6cd09a7d731, cd72919b46c1bf152f4645a589b7bf05928c2364]","1","5","c40d3f0838aaf9fd6546ea48c4a1e9a2877a9ac7","a017c85965f1d0256ce0ab332b832781975fa894","d7567adc3a3aaa28c3fcbb37bc6062e3cc0a440b"
"https://github.com/EFForg/action-center-platform.git","42","1","[5ea43b4cdb7a67f367141ff3ee6f18f6d105ef18]","0","0","5ea43b4cdb7a67f367141ff3ee6f18f6d105ef18","24a100c62ec1bcf24a3ed642f17a1cbc9431d6be","b9e273db5af2d13e3c8651c2676649e87dedca87"
"https://github.com/EFForg/action-center-platform.git","43","5","[3d1d9e06d68030f451cae963b22448c9d590e44d, 89becde2e1c95463b04eca0e7f4658f718fad9f3, 25c6cf7934a4e10b8ca3f59893efc6bb717270d1, 4d5c7f5515c9d5f1acb445d37a8c6e6f73fa5d92, 4555a1c24b6e763a401e2ddf8261bb09dd803af1]","3","0","3d1d9e06d68030f451cae963b22448c9d590e44d","24a100c62ec1bcf24a3ed642f17a1cbc9431d6be","8c3371ae2e62487f7c366bf87664c6fbade178c1"
"https://github.com/EFForg/action-center-platform.git","44","3","[4d8541e80264cfd36d8678d1d4c81e760936ae66, 9d3e3123b68500cc42ae943273a40969c9bb964f, f587abaff3a5381c411d9022de89b03018a362ee]","0","0","4d8541e80264cfd36d8678d1d4c81e760936ae66","b9e273db5af2d13e3c8651c2676649e87dedca87","43e816358c7ea82496f3ba505dc51b8564456678"
"https://github.com/EFForg/action-center-platform.git","45","3","[05aa111c07a43b53f18ca84c0253a6833bb1aebb, f482da71abf613c2a2a3a5d05b2a49cf79da781c, 8e8f9f5514d48681aff54e7b5d088426aea5bc80]","3","0","05aa111c07a43b53f18ca84c0253a6833bb1aebb","b9e273db5af2d13e3c8651c2676649e87dedca87","4a5d11ed6c34950dbc119f4b23bad0ebcdf86f96"
"https://github.com/EFForg/action-center-platform.git","46","3","[81a5d49a48481cde6d29360b3c90db02a1f11dc3, bbc813b5d7e631472e093aa30282b9360223a72c, bc487b3b7fbec5cd0dd76e3bf0800eb03aa4056d]","0","0","81a5d49a48481cde6d29360b3c90db02a1f11dc3","43e816358c7ea82496f3ba505dc51b8564456678","5ef5334b7143e72be40c12ebf9a3b0c696654879"
"https://github.com/EFForg/action-center-platform.git","47","7","[5ef5334b7143e72be40c12ebf9a3b0c696654879, 0c4612f7cd53037e19d1b5c54c6272c5a06f4252, 4a5d11ed6c34950dbc119f4b23bad0ebcdf86f96, 4f3d50409913981f246adfdc818e3e1847723327, 0a70399f5e7eec560c1bdf94b7de572bf8dd6198, ff5818ede72e8eb3f72f3e202b85cbe3700b2b66, cbd60211a421cd0b2baa9c10a7f31d35992e12a6]","2","0","5ef5334b7143e72be40c12ebf9a3b0c696654879","3e8209325909042626ccd020b7e35d56d45e9ad6","3a832fb09ca5d481b97a163e1e16e1755fd8f13d"
"https://github.com/EFForg/action-center-platform.git","48","7","[44df3e59131499f3351c12d053747ffa6b8aaed9, b2fc1d04c048493f65edcaa3136adbb83392045a, a18f3ca85303825d6b5f9e1df34e77c2b2e771b4, 8acf29b5ca4f3c3a7103624c35ea2091d25783ce, 528b04b99f859d4992bf3042b867ba2a94abc0b9, 8cffeaa670496e9d14e8919ef0005fc25adeeedd, 0bf7bd7bacf54fa6ad036125b3877b05f49e4d85]","4","0","44df3e59131499f3351c12d053747ffa6b8aaed9","3e8209325909042626ccd020b7e35d56d45e9ad6","3a832fb09ca5d481b97a163e1e16e1755fd8f13d"
"https://github.com/EFForg/action-center-platform.git","49","8","[57456930629f5a6ed5379978b83d4f693d313e65, a35c27371fff7eb1a59cf6e9df17a615c0d65ccb, 0223be25738f51854c177002feb7361303810c37, 15ef1d52643c8a573500c2e73276aa3f27263e12, 0e18f77d8cea8d3b60b2b2661e5b46b4082fdc02, 7a09966e059081cfe172ac0cb6badf3e6418c291, 338c9ebaa83ae02994163c7820aa3b52455bd43d, 00f22ead6f006e8af3ae4c42537d4264c888ea7b]","0","1","57456930629f5a6ed5379978b83d4f693d313e65","3a832fb09ca5d481b97a163e1e16e1755fd8f13d","53605875e65f3cd743a149d9951a97500eaf930e"
"https://github.com/EFForg/action-center-platform.git","5","12","[d7b795e1180a7ec0a019e8e086c01ea7605efc33, 21e90a2bd6c665e2092ef58edca6192b2aa547b9, 28cb0fe0d7953177bd46c5022ba952421aa7c8b2, f74360b4ba7f81060acbaf3ade5e9e6207f85f56, aa6e7022b6c6f731906172f877efbf010586a2f2, eb96b26945711f3b804ac120e2819970f2f29563, 91301e12f24dedf7483413fcb21e8bc635276434, f47950ce7381930b7fcabfa3823b2b79f1da1ec8, 278de0f7dd74c8f65620b244697e0bb06d4dadfb, 623904d7011884a453b8218157eaebbeefac139f, fa1588c0739e05be91d09fc151ad2b2f661df24b, 84a8ab2c1d9a9215e97b9e036377837dc5f9bc78]","5","0","d7b795e1180a7ec0a019e8e086c01ea7605efc33","aa2a670e36777dcce3580da12e2f38458ce56c61","9d8bcf12600e4d8d67478a892ef821f467900f7b"
"https://github.com/EFForg/action-center-platform.git","50","4","[bb8c4f7d3b5a83051bb975f3b2fd75f63a735530, fb113e6bbb3a8ccee258307ea3d809310c05779a, f3d2faf04a40cc231be920ec033d2644d6a35e39, 573adcea8844edcd57b0e88971c177b12c15b38f]","5","0","bb8c4f7d3b5a83051bb975f3b2fd75f63a735530","790cd7e87bfa74935a4e03cdf2cd17a855bbf0a5","93a64e7e87532c8cc4a553f5d4ab4094b60a27f6"
"https://github.com/EFForg/action-center-platform.git","51","2","[59a2a16de78146e3980d62d88aa2fd2a6ab55236, f798254edaede189de5b9b94e30f6eac1a44733b]","1","0","59a2a16de78146e3980d62d88aa2fd2a6ab55236","8c3371ae2e62487f7c366bf87664c6fbade178c1","eec149ed395c55442c1fcaf76ecb2de07f55d6cf"
"https://github.com/EFForg/action-center-platform.git","52","1","[1ef6dfa5078ed12ef13faf711b105b1af52ab549]","0","0","1ef6dfa5078ed12ef13faf711b105b1af52ab549","8c3371ae2e62487f7c366bf87664c6fbade178c1","eec149ed395c55442c1fcaf76ecb2de07f55d6cf"
"https://github.com/EFForg/action-center-platform.git","53","1","[b672705d1a4061e6dc4f636eb4e3fa198f70970b]","2","0","b672705d1a4061e6dc4f636eb4e3fa198f70970b","eec149ed395c55442c1fcaf76ecb2de07f55d6cf","967810346207ade88f36c83bf164ccdc1fea151c"
"https://github.com/EFForg/action-center-platform.git","54","2","[25b0465935d186ddf65f37a5485328b2b5ff9ebc, c84f2ded59c062e8366e3b391bf30a1a1f2ba5a9]","0","0","25b0465935d186ddf65f37a5485328b2b5ff9ebc","1c47f537777de8b555e28bb05128aa145ec02c55","93a64e7e87532c8cc4a553f5d4ab4094b60a27f6"
"https://github.com/EFForg/action-center-platform.git","55","4","[9ddc52e9a6cf2c9f0d545e9f1c8704a06d4ff6ea, 4274a71df662f68c33a0fa0a247a229da2f89ce2, 8286d0e10dc72db9aa9402a74f566b73a30ed38b, e4a5110dfc6da59f07bdbd73e3b97a627ca82374]","4","0","9ddc52e9a6cf2c9f0d545e9f1c8704a06d4ff6ea","1c47f537777de8b555e28bb05128aa145ec02c55","93a64e7e87532c8cc4a553f5d4ab4094b60a27f6"
"https://github.com/EFForg/action-center-platform.git","56","2","[842f91af99a8814e27a40d28faad1ca4e35e9748, 4fb0444d5514a9550959f6776b2c5edef01b3d19]","0","0","842f91af99a8814e27a40d28faad1ca4e35e9748","967810346207ade88f36c83bf164ccdc1fea151c","8bf4f678c489c12d93dc4409e64ea28c125298fd"
"https://github.com/EFForg/action-center-platform.git","57","2","[53605875e65f3cd743a149d9951a97500eaf930e, 15dba03fa50cf9fed7646987c0183a0d3291b10d]","0","0","53605875e65f3cd743a149d9951a97500eaf930e","967810346207ade88f36c83bf164ccdc1fea151c","ed1143f230748f2b9498c4cbc74e377345ceaa6f"
"https://github.com/EFForg/action-center-platform.git","58","6","[8778ce87cd1eb04f75ece0a0652fc5e1183b5a69, c752019e2b06c8c67c8902d074d24e1b9d1f95e9, ba97507b5f00b88b81d3906e8d123676f7184814, 78ef227e3f30a901785509a5d3dfeae602884af7, 548ee5e089cad922e75c53e64561d4462511fb45, 75677cda1102febf97d654b80b991fabaf7431b2]","0","1","8778ce87cd1eb04f75ece0a0652fc5e1183b5a69","ed1143f230748f2b9498c4cbc74e377345ceaa6f","116df6799dec760b8b634285a336ac9bd1c735f3"
"https://github.com/EFForg/action-center-platform.git","59","2","[ef72aef7a8c0a169972f7ca9c69c72a8c4ce97b5, 57cbc3b4c0daf23ba154b8dd39170c2d88e359a7]","0","0","ef72aef7a8c0a169972f7ca9c69c72a8c4ce97b5","8bf4f678c489c12d93dc4409e64ea28c125298fd","140d3298a424552a01b682d91543a5d32bfc85a1"
"https://github.com/EFForg/action-center-platform.git","6","1","[d04143c99318e36bac9b49a864df90ee541dc6ce]","0","0","d04143c99318e36bac9b49a864df90ee541dc6ce","1650043b02c4842a683057d783d2004c6253d2db","e06a74375c1129218e9eea594e3933e044241c26"
"https://github.com/EFForg/action-center-platform.git","60","1","[170ca2769dcbb737dd217fa40e89fb3252e3406b]","2","0","170ca2769dcbb737dd217fa40e89fb3252e3406b","8bf4f678c489c12d93dc4409e64ea28c125298fd","140d3298a424552a01b682d91543a5d32bfc85a1"
"https://github.com/EFForg/action-center-platform.git","61","2","[7458317bf4f876233f7ed535ab129c3a024186e4, 743961b7b83bd44a624242e18cf35ea17a0c65c2]","6","0","7458317bf4f876233f7ed535ab129c3a024186e4","140d3298a424552a01b682d91543a5d32bfc85a1","ec08603b5a54a9e0fcd2734854ca70f8983ef195"
"https://github.com/EFForg/action-center-platform.git","62","2","[67bf0f84909d6c6445ff16f7a0f8bd2eff3fe193, 978b61410d29597110d88af32087f7eaacc1fbe4]","4","0","67bf0f84909d6c6445ff16f7a0f8bd2eff3fe193","140d3298a424552a01b682d91543a5d32bfc85a1","ec08603b5a54a9e0fcd2734854ca70f8983ef195"
"https://github.com/EFForg/action-center-platform.git","63","2","[1a3de108fc5fcd8c0973f8cec00cd0f5684269b2, 116df6799dec760b8b634285a336ac9bd1c735f3]","3","1","1a3de108fc5fcd8c0973f8cec00cd0f5684269b2","62260382ec200deb5b33b08b6c16d71ad7fcec7f","89f348184aa48083571749c62f67c22ed8396a18"
"https://github.com/EFForg/action-center-platform.git","64","6","[233b5c142074c901edae1a091afdacf3960ea866, 4729af0f47dea9813c41639c86ba219f4db3f391, 17e9b665fb7c7f393537249ff979e92f96bc842f, 120e3795f8f21116e47076e2a576e427c5801db1, 5615278f6b666015626a85053faf259cd7dfb732, 9786fd3f80b4f4b233789107bb4fd22dfae5c23c]","58","0","233b5c142074c901edae1a091afdacf3960ea866","77886adb6fad5a69456b4051a19ef287a16c3d93","68a9f979833e68847dd270231f82f16ccf970f86"
"https://github.com/EFForg/action-center-platform.git","65","1","[065627daa8a7c39ec702fbfc384ec8154862e68d]","0","0","065627daa8a7c39ec702fbfc384ec8154862e68d","77886adb6fad5a69456b4051a19ef287a16c3d93","68a9f979833e68847dd270231f82f16ccf970f86"
"https://github.com/EFForg/action-center-platform.git","66","1","[139086cbcab19322d2242585ee1a3ba6b8c3455e]","0","0","139086cbcab19322d2242585ee1a3ba6b8c3455e","89f348184aa48083571749c62f67c22ed8396a18","56b9d1c9be1995b84074cb4fcd3d7ea39eeb682e"
"https://github.com/EFForg/action-center-platform.git","67","1","[6e6861bce3c50981d7100ec50971d24ba8b69fed]","0","0","6e6861bce3c50981d7100ec50971d24ba8b69fed","2dad9d4cce19d769731c3f1bfd3afcfe7e649e63","56b9d1c9be1995b84074cb4fcd3d7ea39eeb682e"
"https://github.com/EFForg/action-center-platform.git","68","2","[f774a1d2d1ad9d68609f8b45538ea8df709349b7, c0e151c94ecc95766c80582137651c4755ee187d]","2","0","f774a1d2d1ad9d68609f8b45538ea8df709349b7","4e136923470f7deea451ba0ee57f6584d5b7757e","e62ea150adb57a4d807633f813b67fdd799163fa"
"https://github.com/EFForg/action-center-platform.git","69","2","[62f85d1c2e36ee17286c4a9e1043e6be4bf1da85, 0cef798fa712a71e5de33b0cc59bde8e598ba00e]","1","0","62f85d1c2e36ee17286c4a9e1043e6be4bf1da85","56b9d1c9be1995b84074cb4fcd3d7ea39eeb682e","4db06b0d265717f8163b74ed943d8144eb636bf9"
"https://github.com/EFForg/action-center-platform.git","7","1","[063113769c777c480732856fb66d575856a3b1b4]","0","0","063113769c777c480732856fb66d575856a3b1b4","5a310d0601d3b19ef5273fdc8c326fef39467d70","9d8bcf12600e4d8d67478a892ef821f467900f7b"
"https://github.com/EFForg/action-center-platform.git","70","1","[c845aa1264f54f3a3ba3c446a899ae14e990fa97]","0","0","c845aa1264f54f3a3ba3c446a899ae14e990fa97","72a8d77a779d7d0b3990ad6d88b71c70c7a094aa","4db06b0d265717f8163b74ed943d8144eb636bf9"
"https://github.com/EFForg/action-center-platform.git","71","3","[4db06b0d265717f8163b74ed943d8144eb636bf9, 6c48d11d9156f40983c63c4148194f4972d410e9, 14a4d36cd30d3e04f1a9163169e69d2439053154]","0","0","4db06b0d265717f8163b74ed943d8144eb636bf9","872b9fd5fb93ede0206db781c1fa2cd2a3f99443","c81975167db08d2795b5c33be23922f097de6633"
"https://github.com/EFForg/action-center-platform.git","72","2","[9656b5377055b2cfd78b47bd4512101e9ab11762, 59b9cd8d0e8c951b59de6b99e4971a0b54b566a8]","2","0","9656b5377055b2cfd78b47bd4512101e9ab11762","872b9fd5fb93ede0206db781c1fa2cd2a3f99443","e62ea150adb57a4d807633f813b67fdd799163fa"
"https://github.com/EFForg/action-center-platform.git","73","2","[c572c5e48deb1477c19270507eca2a63247cede8, 58efcede657445f84a95fd2311f5c2306b51ce71]","0","0","c572c5e48deb1477c19270507eca2a63247cede8","c81975167db08d2795b5c33be23922f097de6633","e62ea150adb57a4d807633f813b67fdd799163fa"
"https://github.com/EFForg/action-center-platform.git","74","1","[c1380957e9f61f580ae6266344e44a28d4f6d54e]","0","0","c1380957e9f61f580ae6266344e44a28d4f6d54e","c81975167db08d2795b5c33be23922f097de6633","67c44fab50053fe5a9c0c0c7272dc1c0473fc745"
"https://github.com/EFForg/action-center-platform.git","75","1","[b8eb208ef3ef46c5fad895db66656792efa4e230]","1","0","b8eb208ef3ef46c5fad895db66656792efa4e230","e62ea150adb57a4d807633f813b67fdd799163fa","7fa776d9abac361c9cd9150de7b8c80e333fcec0"
"https://github.com/EFForg/action-center-platform.git","76","4","[e2bc89794b3b121663a5ebecea408a8e849d8824, 1553b9bc68f565d30b0b8bb29b4ee31f35538f85, f4fd3d753e648be5b7b6fc3ae75858c06aa1220c, 368ce22b95af67d9808a50ee9f6d2ec745c78bfe]","0","0","e2bc89794b3b121663a5ebecea408a8e849d8824","d6171e78ad808673b9761ae74dff705da12bbb55","40a2c770383c22444a41760eaa3e22bf53b83abb"
"https://github.com/EFForg/action-center-platform.git","77","3","[6671b0f5b90f6fb5e9a637c4d2eb501dea047f0d, 15c5ed33c9872939f68e199799ab172c2c076e7b, 4479b4ad38c03c4a4628bfd1e4b90832f31bd05b]","0","0","6671b0f5b90f6fb5e9a637c4d2eb501dea047f0d","67c44fab50053fe5a9c0c0c7272dc1c0473fc745","7fa776d9abac361c9cd9150de7b8c80e333fcec0"
"https://github.com/EFForg/action-center-platform.git","78","1","[a4441719e6442cb4cb4e7368405dda3c4dce7a28]","2","0","a4441719e6442cb4cb4e7368405dda3c4dce7a28","ae63010d392d7881101876b9f033d548ecaf7138","b3c3478d43fb7dac5dcaf3c35d8fcc9fc7bb0895"
"https://github.com/EFForg/action-center-platform.git","79","2","[b3c3478d43fb7dac5dcaf3c35d8fcc9fc7bb0895, 1b55faf5e99c8a1e2b02ad4c2ad230b02e79f608]","0","0","b3c3478d43fb7dac5dcaf3c35d8fcc9fc7bb0895","7fa776d9abac361c9cd9150de7b8c80e333fcec0","40a2c770383c22444a41760eaa3e22bf53b83abb"
"https://github.com/EFForg/action-center-platform.git","8","1","[e816544b0b4fb0205bd00a09340097a7d134c431]","1","0","e816544b0b4fb0205bd00a09340097a7d134c431","6fc3f10a09aff77980adf47a52bb5f5e09730657","e06a74375c1129218e9eea594e3933e044241c26"
"https://github.com/EFForg/action-center-platform.git","80","1","[251047989827f09a5be94f3f2c56eacb2005fca1]","1","0","251047989827f09a5be94f3f2c56eacb2005fca1","7fa776d9abac361c9cd9150de7b8c80e333fcec0","40a2c770383c22444a41760eaa3e22bf53b83abb"
"https://github.com/EFForg/action-center-platform.git","81","1","[816d9445652c7e1daf62d34236c7d9c16913d717]","0","0","816d9445652c7e1daf62d34236c7d9c16913d717","fac0908eba4a16acf0597be81a433334a1cbdf56","e8c6602569bbf51c74e7a34395aff7d82793efa5"
"https://github.com/EFForg/action-center-platform.git","82","2","[a66fb2b9747274114eb29ab9c02cdca76b0aa54c, c1c0b5a5b740c6f69ede6d6552164e83fbe387c7]","0","0","a66fb2b9747274114eb29ab9c02cdca76b0aa54c","a1dd03a30a3c69852f53bf7d892350dcb053dabd","6c90f16c83a97530a77a4a35f737559cfcfe1ee8"
"https://github.com/EFForg/action-center-platform.git","83","1","[d94334806147eef80fc7225fda7d4b8b3ee4d8e7]","0","0","d94334806147eef80fc7225fda7d4b8b3ee4d8e7","a1dd03a30a3c69852f53bf7d892350dcb053dabd","6c90f16c83a97530a77a4a35f737559cfcfe1ee8"
"https://github.com/EFForg/action-center-platform.git","84","2","[07980c58834fa30162d5a224d9fa707c30c645b2, 09474961166a06e7697b8f30f5ea4ace3b44f68b]","0","0","07980c58834fa30162d5a224d9fa707c30c645b2","971ceccc806209a04df3f6f11842c8c0cb5008f0","6c90f16c83a97530a77a4a35f737559cfcfe1ee8"
"https://github.com/EFForg/action-center-platform.git","86","6","[44caa1d034f4ae5d1da49e6bad52716fcf727ce8, 138bf5d8c9fec7f96d6623af3f2a3d276a39148c, 488aa05c7c3bf0692d4a076a46e53f92639c850b, 2da348e47c9c4501e5e39295836102a2153165c4, d22111a1466004a6ba4f9b60b7241231d43cdc5b, 2362f0d4e9d586a04e48f00949894e5d25f6df3e]","2","0","44caa1d034f4ae5d1da49e6bad52716fcf727ce8","6c90f16c83a97530a77a4a35f737559cfcfe1ee8","e8c6602569bbf51c74e7a34395aff7d82793efa5"
"https://github.com/EFForg/action-center-platform.git","87","12","[b2d9b2df44df727cc8e8bfcde3cecf011f9e385b, db8edfd000f2debc474509594dbf6dda78075df4, 5031109210e09329f5a473e050fbee8e99338da6, 8abd9a2075984b523da1e14c0abc5147bf6b75d7, 3e374c04e45c667cf437836f4fa81957954f041f, d99b98c45555856f244ba5af901d02b72785ca3b, a875cbcd587237ef178cb7f0d4cefac8a9ddcb36, 12705e24941c2c49c7de660a846d54165130f418, cebc2d9c3a823ad1a192343fe55be225c71057d8, bb75d78871583305d2008c5f1b6d8dafa9885b60, cc2544a9fd712ec6ae1e5d5d2f636aa00276fd86, 43e406422788b781a4e36255d8b383a594ae66f7]","0","0","b2d9b2df44df727cc8e8bfcde3cecf011f9e385b","6c90f16c83a97530a77a4a35f737559cfcfe1ee8","e8c6602569bbf51c74e7a34395aff7d82793efa5"
"https://github.com/EFForg/action-center-platform.git","88","1","[bb565763d5fe142ff95dffbde1fd51d39706a84c]","1","0","bb565763d5fe142ff95dffbde1fd51d39706a84c","88b03e8bfbf60645621ea421c058f225e16a42d7","51b59f4709c993cd924cf54d15c84e7cd8868d06"
"https://github.com/EFForg/action-center-platform.git","89","1","[90b827f28f204b963a6084c7d01eefdeb7eda7f8]","0","0","90b827f28f204b963a6084c7d01eefdeb7eda7f8","82616e1cd3d641ce753f6bac47b091efdbb70f5c","fcb204accbb50063e309003ee81cac8f10aacb23"
"https://github.com/EFForg/action-center-platform.git","9","3","[d53ad03dbe8200f3e96699d853a187bedcc861a1, f2ae781a2d3b3291556fa76b29556da2353cef37, d2045dd1e6391dd792f463923b758b1764f46c13]","0","0","d53ad03dbe8200f3e96699d853a187bedcc861a1","40b4f3b8466179c9c1817f351061fbecc99c8d92","9d8bcf12600e4d8d67478a892ef821f467900f7b"
"https://github.com/EFForg/action-center-platform.git","90","5","[eda7049d1ef8e0a2200bb56a46b2e9110b34004b, fcb204accbb50063e309003ee81cac8f10aacb23, 51b59f4709c993cd924cf54d15c84e7cd8868d06, 2fb788e6ec55e6decb78cc7d809e4bd478fa8298, f733f1d2bd6f3cc67b0bd4c0b3ffcc9323130403]","1","0","eda7049d1ef8e0a2200bb56a46b2e9110b34004b","c3cad73aeb8c8ac2844df84c6a7839e148ffbe92","514f6cd4388e22d32b7d840454eddbb81a543537"
"https://github.com/EFForg/action-center-platform.git","91","1","[2c517a9a5ba89f014ee30b9fc9a63161074d703a]","1","0","2c517a9a5ba89f014ee30b9fc9a63161074d703a","c3cad73aeb8c8ac2844df84c6a7839e148ffbe92","514f6cd4388e22d32b7d840454eddbb81a543537"
"https://github.com/EFForg/action-center-platform.git","92","1","[627494a85bd127ca8ca793790d3f329124d78d9e]","2","4","627494a85bd127ca8ca793790d3f329124d78d9e","33ef3f86d9193e8b24640e1000b4c3cb7f3272ba","2f625705930775765987bb42c970520921f79e6d"
"https://github.com/EFForg/action-center-platform.git","93","14","[38ee5dbfc7af2ace11e1360734960023f52c890e, d8bfb73409c67644a20041733c5337362743881e, 14f5f001d898df03adaee3ec13ed4816c42b4488, faaffa6e6b8b6c58547225b408f1bae76f94144d, 2f625705930775765987bb42c970520921f79e6d, 1d18105da07fb65c486d8794494e481f50acd7c9, 83a2cebc8241e31e2eebfe1ea5283934b2747f95, a7fcba075929b6b16621252f60637e6d6ab05bc9, 327860abf523d03c1c598cdef818b9a5e5b768b1, 0c51f2cfdc6355d604313928b1ed885666090385, daaab935be1ce907376406600153983e1a641a50, bd667cba01b6308e10d23523f14dc362ca90b802, 6fa693b500310cd6d8a15c82d81b8bded26ca1c4, b3a81d74d8b3261fafe87a84d71b0f4fbc90430c]","10","7","38ee5dbfc7af2ace11e1360734960023f52c890e","25291e587c80823bf06f229f75b55efbcda3a836","1c58fcc411002d78c78569b043fbd6ec200d1442"
"https://github.com/EFForg/action-center-platform.git","94","2","[5aa57e22f1f587a74687145b56429830394a3c6e, 21e2ff6b836519a4c98ad390b91b722e126bdb71]","2","0","5aa57e22f1f587a74687145b56429830394a3c6e","59c1c2ca96e1fcd84e7e65b478396230ba547f86","8b2a2944816db5b4db7de9036549d53556c99e74"
"https://github.com/EFForg/action-center-platform.git","95","3","[09b4928b6fe25ca99de426388ba30e88691448b5, aa97a367badf81d5a13e64315cbd676b495a3b93, 2e5e9b80ffe68528cd64d0daa27f7df1dd6c5382]","0","0","09b4928b6fe25ca99de426388ba30e88691448b5","59c1c2ca96e1fcd84e7e65b478396230ba547f86","4bf5bbf18c60271fd7f697fd2d542b6975011013"
"https://github.com/EFForg/action-center-platform.git","96","1","[14640b41ae5196ccb747a9e4a2d6340610ff7757]","0","0","14640b41ae5196ccb747a9e4a2d6340610ff7757","8b2a2944816db5b4db7de9036549d53556c99e74","5b9ab7873ca459260f6fb7b160fcbe21f1ede9cc"
"https://github.com/EFForg/action-center-platform.git","97","1","[5b9ab7873ca459260f6fb7b160fcbe21f1ede9cc]","0","0","5b9ab7873ca459260f6fb7b160fcbe21f1ede9cc","b7e6ad5f6af90c12be78cf1564bab1f9f266cbb1","bf4583503a035ce34873be00411698ed6705ace1"
"https://github.com/EFForg/action-center-platform.git","98","1","[c95cb01c5b86803590a37cf630bb9e3786c293ea]","3","0","c95cb01c5b86803590a37cf630bb9e3786c293ea","b7e6ad5f6af90c12be78cf1564bab1f9f266cbb1","cccc53106dbda1a56cadd78136889b33cc0533ce"
"https://github.com/EFForg/action-center-platform.git","99","1","[41f5a7d0f5f6de3a49194e34fe756a476b7f419d]","1","0","41f5a7d0f5f6de3a49194e34fe756a476b7f419d","bf4583503a035ce34873be00411698ed6705ace1","4bf5bbf18c60271fd7f697fd2d542b6975011013"
