"REPO_URL","TASK_ID","#HASHES","HASHES","#PROD_FILES","#TEST_FILES","LAST","MERGE","BASE"
"https://github.com/fourbeansoup/broth.git","1","1","[3e549c0dd33b253058e0e640a3ea41a31e5184ce]","0","0","3e549c0dd33b253058e0e640a3ea41a31e5184ce","b5a47b2a6e25b703fefe0cb0521098a264f23fa3","a07a0c4772b7ff612a586850cbe946e7edc39f19"
"https://github.com/fourbeansoup/broth.git","2","1","[22893dce6da85faf828d0f3f6d2f2dc3c2cf9f9c]","0","0","22893dce6da85faf828d0f3f6d2f2dc3c2cf9f9c","b5a47b2a6e25b703fefe0cb0521098a264f23fa3","a07a0c4772b7ff612a586850cbe946e7edc39f19"
"https://github.com/fourbeansoup/broth.git","3","1","[869df38c68ffebddfd270feda8b1282baf90bc44]","0","1","869df38c68ffebddfd270feda8b1282baf90bc44","3dba6611856500bd7bd9e4be64766f52ecc7225e","5492c2d3f35beecc2423db574a998005a22f08ef"
"https://github.com/fourbeansoup/broth.git","4","3","[cc6181b5637701d01c88743414e745c4f3f3e452, 83aafdcd62928ab8fa0459fa62f53cd3e01f6620, f287b827129786d55eb0cdf638bb6f1f611c0433]","3","0","cc6181b5637701d01c88743414e745c4f3f3e452","3dba6611856500bd7bd9e4be64766f52ecc7225e","5492c2d3f35beecc2423db574a998005a22f08ef"
"https://github.com/fourbeansoup/broth.git","5","1","[73a4e902ddddde0ca287a331f5b644a1e3a89469]","16","6","73a4e902ddddde0ca287a331f5b644a1e3a89469","746ed614e828fb73fb2df986ccbe636adae4cd9e","2fe69bc6e3d460746405bd1cafec430f682374da"
"https://github.com/fourbeansoup/broth.git","6","8","[fbbf31105f2c98ede6437ae4d3a786a4535b2d4b, b632314c6f6bf9202af749fc645ae5b76188c120, 8ab8a7e9597b09025ce654d15ee330c4678b058f, 01e176874a1961424b055196d5cffb224dc75a4e, 7d80547b015663de4bce63495fbcae75e1b33237, 5f5b487e3d07bde5e8a16d45b16668832caa3051, e46b0c334055b52858393baebf2b33cd5291cf6f, 21776fe346d4d5bbb607d801905a82910c2d6802]","1","0","fbbf31105f2c98ede6437ae4d3a786a4535b2d4b","746ed614e828fb73fb2df986ccbe636adae4cd9e","2fe69bc6e3d460746405bd1cafec430f682374da"
