"REPO_URL","TASK_ID","#HASHES","HASHES","#PROD_FILES","#TEST_FILES","LAST","MERGE","BASE"
"https://github.com/gleneivey/wontomedia.git","33","9","[643785e446281f2630c56c3d4ff06a70d2ccf467, 72a4ee191ebf437d93f6f082c5bf4aa8563cc4e3, 8d75087e4bd7f2ba1cd43037af00fdef59f6986d, 0ff3e15813ab551dbc794c70a3e4f7e2ed9bbef6, 23f037f82382625a42e1a685228d6aab90c167d2, e33d3dead5e2cd5a5eddac1bb897044a127a3d23, cd0e59cc05e52f22a2e9be485c894487cc38ae26, b5517cfdf47b5c3a9edd6498548bde3ba1f53458, a5a784c37e6f59ff2879f14adad89508f927f57c]","13","2","643785e446281f2630c56c3d4ff06a70d2ccf467","b9e8ede263cbc5240979b0f5a385e3ea088f56d1","1a7aad1b94a5cb358b0240455d1994f84aee7c08"
"https://github.com/gleneivey/wontomedia.git","34","3","[1a7aad1b94a5cb358b0240455d1994f84aee7c08, 2342ef1bb23c83970f106df3b7423290ccbaf412, a35039b8027c0f5325a401049afc9c25e9bb74f0]","12","1","1a7aad1b94a5cb358b0240455d1994f84aee7c08","962560e1b3949f38cf3f2442ab6634aaeeffe8e5","43cac5327e43e4c743b04d732354209800e051b2"
"https://github.com/gleneivey/wontomedia.git","36","4","[43cac5327e43e4c743b04d732354209800e051b2, 4f1a89df281a38454c471e0ab4a2906a6fff609b, 4de49a2f941d89dc78ba690e1b5f690a01553b23, 1d56ac5760fa002a654ac5faa45e1e1af1e30aa4]","2","3","43cac5327e43e4c743b04d732354209800e051b2","de56f3c22cad4d3a5545013ebe28034b07d83b3a","1617a32eb6d007893b84bcae562d576f9a278d87"
"https://github.com/gleneivey/wontomedia.git","42","8","[1617a32eb6d007893b84bcae562d576f9a278d87, e872403e53d8967f65e4a7b157fde43c1a1704a7, e913be57c09c26fabdeda7c0baa539608c0a8438, 9f99066c6095437e19232a028789cfa4ccb9f166, 7888a100539b66c8da5056aa96eea2ddd47bf06c, 682a0ad1f13b4fc7a8b0c3e32fa407f705ebea82, c7d21469ce99709c0c025d858138d8362649bc79, 01735da63c3edee2ed22efe91e4f1ad16a5432e9]","10","4","1617a32eb6d007893b84bcae562d576f9a278d87","cb78469862930b6bbfafbf7a1853893a4d6d353c","1261e48cb144885fe75a57ec06701dd6724d51e8"
"https://github.com/gleneivey/wontomedia.git","47","4","[4439ba28230a15b60dc75fe37cfc388a107c7b29, d08aa1a6ef6e52ca0cc415b0c5ada06aab573e5e, 061a7be264ce06b281e9b75124eddb0d35e7d258, bed2b6b001b977f4f6a892e3dcd8d0829891314c]","4","1","4439ba28230a15b60dc75fe37cfc388a107c7b29","dc9c17c0ab12738010f7867cb79e7f6b55c1f16a","f551f114db80f3128040b0ba1f91ec6138678400"
"https://github.com/gleneivey/wontomedia.git","48","2","[4439ba28230a15b60dc75fe37cfc388a107c7b29, d08aa1a6ef6e52ca0cc415b0c5ada06aab573e5e]","3","1","4439ba28230a15b60dc75fe37cfc388a107c7b29","cd7f84fac7ccbb0358b9735a35ef290b807ec064","061a7be264ce06b281e9b75124eddb0d35e7d258"
"https://github.com/gleneivey/wontomedia.git","53","1","[061a7be264ce06b281e9b75124eddb0d35e7d258]","3","1","061a7be264ce06b281e9b75124eddb0d35e7d258","636f19a00cba441f197bb942f90b68dc43bc01b9","bed2b6b001b977f4f6a892e3dcd8d0829891314c"
"https://github.com/gleneivey/wontomedia.git","58","2","[562d57a236e6ff60a232fb93295e12e5883e2544, 2919146f5acc237ff80b27da184f7ff824045bce]","10","3","562d57a236e6ff60a232fb93295e12e5883e2544","857c539e8c62ab28badb8732603c1d4ca8e8e8be","b193e4296af718316f2a153602421f0f4a1e0804"
"https://github.com/gleneivey/wontomedia.git","59","1","[562d57a236e6ff60a232fb93295e12e5883e2544]","9","1","562d57a236e6ff60a232fb93295e12e5883e2544","c02a2822a3e70eb33fbe01799530959d753c38a6","2919146f5acc237ff80b27da184f7ff824045bce"
"https://github.com/gleneivey/wontomedia.git","60","1","[2919146f5acc237ff80b27da184f7ff824045bce]","1","3","2919146f5acc237ff80b27da184f7ff824045bce","7713c55cd0f4e90e663af748413bc888fc0dc5d5","b193e4296af718316f2a153602421f0f4a1e0804"
