"REPO_URL","TASK_ID","#HASHES","HASHES","#PROD_FILES","#TEST_FILES","LAST","MERGE","BASE"
"https://github.com/hashrocket/hr-til.git","1","2","[4d0a19ebd4759b910e2b44cdbc924a3d5642a1ed, 310f9d11a51963c6934d790e16f476c16b9ac5b2]","1","0","4d0a19ebd4759b910e2b44cdbc924a3d5642a1ed","989d5a48c44f504b81f34aba30314a16342d51a7","cf2efe7bb176a063a0a251fd1c36dda42360a3fb"
"https://github.com/hashrocket/hr-til.git","10","2","[9aec10f659263f3f6785fa606eb8076baf30f2ae, 88b79c425324e41ab64ec5ce04b2e958908e137f]","1","0","9aec10f659263f3f6785fa606eb8076baf30f2ae","bcf18cc51dfdaa2ee492d0a34438db6312d3bd60","d6f8747c054690e33e572fa5055e3eb4686565d6"
"https://github.com/hashrocket/hr-til.git","11","3","[818d3d0ce55a3be199b575e976ae3438e0826799, bdd1980b1fb3271c5179fcfa3bd2d9faec1578c6, b21414b37e2e95d5d63c421d9cdfe30d763f173b]","0","0","818d3d0ce55a3be199b575e976ae3438e0826799","9e3be98c4e64a2cebafcd0ddb18eee5c3737f187","d6f8747c054690e33e572fa5055e3eb4686565d6"
"https://github.com/hashrocket/hr-til.git","12","2","[6c4d987f9f9e5c6b32aec5d7a1c37cf7c6411ea2, d0c618f849301e41d8cd016cff7805a80aa4dd55]","1","0","6c4d987f9f9e5c6b32aec5d7a1c37cf7c6411ea2","9e3be98c4e64a2cebafcd0ddb18eee5c3737f187","d6f8747c054690e33e572fa5055e3eb4686565d6"
"https://github.com/hashrocket/hr-til.git","13","2","[16d0209e2c1a29e44886a18c5b5b5aba9f67791f, 88fa679e81be6c205793e241a194d00f564e2f5b]","1","0","16d0209e2c1a29e44886a18c5b5b5aba9f67791f","6665e1dd22dd5a62d430c37b14a385e455ae1c60","9b352f33d90388cbee132e8fdf998e3403a2171b"
"https://github.com/hashrocket/hr-til.git","14","1","[6ae9f8c888dd8cfe6391118ab4c367c5a461fca3]","0","0","6ae9f8c888dd8cfe6391118ab4c367c5a461fca3","6665e1dd22dd5a62d430c37b14a385e455ae1c60","9b352f33d90388cbee132e8fdf998e3403a2171b"
"https://github.com/hashrocket/hr-til.git","15","2","[149fb7639ca98cf92b53e6e925c6b58b351df1d7, aefd63e3a6bc5e2a503f8a1c4338bb4228422867]","2","1","149fb7639ca98cf92b53e6e925c6b58b351df1d7","8c0fac7a0d0b6dbc9b48cc103f1d6783449188ed","9e1264e0ebd80482d9fa62bc40b08a5384865db7"
"https://github.com/hashrocket/hr-til.git","16","2","[7995624a00573736a7d3a17dd65cc33a6cecaef5, 8d1a3f8b3983b0888f805cff1c02d6fbb4a4495f]","0","1","7995624a00573736a7d3a17dd65cc33a6cecaef5","8c0fac7a0d0b6dbc9b48cc103f1d6783449188ed","9e1264e0ebd80482d9fa62bc40b08a5384865db7"
"https://github.com/hashrocket/hr-til.git","17","1","[080055acbc5542a7a4fb1167f134348c7d82c151]","1","0","080055acbc5542a7a4fb1167f134348c7d82c151","9e1264e0ebd80482d9fa62bc40b08a5384865db7","e5290e469e58561f4a8148f80d8dd19ffd5fc4d5"
"https://github.com/hashrocket/hr-til.git","18","3","[23c387527bad06324c1e9f3d419c1b79f3fb602e, e5290e469e58561f4a8148f80d8dd19ffd5fc4d5, aeb56f9eef21ed40b447023d1544c60b490208db]","0","0","23c387527bad06324c1e9f3d419c1b79f3fb602e","d6c0b267e393320cc26ccb29203f832a77d162dd","0dae30d3ad0851eefcd5a0899ee2eae3909f2ebf"
"https://github.com/hashrocket/hr-til.git","19","1","[af7ad3d73655ffacd8c5b63dedeb646485d61b5b]","0","0","af7ad3d73655ffacd8c5b63dedeb646485d61b5b","d6c0b267e393320cc26ccb29203f832a77d162dd","0dae30d3ad0851eefcd5a0899ee2eae3909f2ebf"
"https://github.com/hashrocket/hr-til.git","2","2","[7a1cccdc57409f0ea32f60f8c6331a79d8fdb699, db32e05304e8c4bfb94fdb4957094279c18d637a]","0","0","7a1cccdc57409f0ea32f60f8c6331a79d8fdb699","989d5a48c44f504b81f34aba30314a16342d51a7","cf2efe7bb176a063a0a251fd1c36dda42360a3fb"
"https://github.com/hashrocket/hr-til.git","20","3","[4767631a5fe66670a0c2fa6ba308ac26a4db6b3e, 4ca338d8d168d720c1085dff769fe5e0cc09791b, 2641a19c61358c34570a546464f277f9a131f65e]","2","1","4767631a5fe66670a0c2fa6ba308ac26a4db6b3e","a9b1b326d861c52ea8a802514092012039bcf41b","1bc38b724bb620b1672a9f525a4450f6d4f68b3c"
"https://github.com/hashrocket/hr-til.git","21","1","[b2957cae921c5687111dca991a5101c70e94a980]","0","1","b2957cae921c5687111dca991a5101c70e94a980","a9b1b326d861c52ea8a802514092012039bcf41b","1bc38b724bb620b1672a9f525a4450f6d4f68b3c"
"https://github.com/hashrocket/hr-til.git","22","3","[6b216a4bcef8854faa349785a45b3afb14c8e0fc, cc6299c3dd111eb99b97bb103e3df9af2aaa68bf, 13740570f584ac39c819da131d6c8b1775ae4217]","2","0","6b216a4bcef8854faa349785a45b3afb14c8e0fc","6fe1eae1535ace22a98177fca5767333a7590f72","d3cc97a5129fa3fe069cb280bb4c3529c813b1a7"
"https://github.com/hashrocket/hr-til.git","23","5","[df73b6e13ec7ea89092fdc297d14cb9ee496d882, 36346bc1201a22b6e8b8972be24e04d3d713d08a, 295953cd10d98e72ed60da6dcbe0cd80ccda8706, 28e850b5dceb48c64777fc0ac750f72640f4bd5a, 2824e4b5c451f40343609fd3d359fcb3d07976dc]","13","1","df73b6e13ec7ea89092fdc297d14cb9ee496d882","6fe1eae1535ace22a98177fca5767333a7590f72","d3cc97a5129fa3fe069cb280bb4c3529c813b1a7"
"https://github.com/hashrocket/hr-til.git","24","1","[c3df16e43af32ea66c24c89aea48e9bacc740e6c]","0","0","c3df16e43af32ea66c24c89aea48e9bacc740e6c","b617b622d1a5a549538de98001d7c8f3f521c482","965cb90b91ba03a4a5926f7c9a9267f6e42a25a0"
"https://github.com/hashrocket/hr-til.git","25","1","[e18599384a274d0c493011abed68b581e30a8e12]","0","0","e18599384a274d0c493011abed68b581e30a8e12","f672f06222a84a51b7e9ad575ea9b22eef81c635","965cb90b91ba03a4a5926f7c9a9267f6e42a25a0"
"https://github.com/hashrocket/hr-til.git","26","1","[d48e8579641e8706f64bd0628155869ab4a0cc78]","0","0","d48e8579641e8706f64bd0628155869ab4a0cc78","af9987df66aeccd054802b4977cb2d85a4af5b6d","6e12b87cccc7058ffea178df310d3a8896855709"
"https://github.com/hashrocket/hr-til.git","27","1","[4706cf3de189b61ae3457a23cf072570229283ad]","1","0","4706cf3de189b61ae3457a23cf072570229283ad","98090a53672cee80237c3b87cecbba161ed04b79","6e12b87cccc7058ffea178df310d3a8896855709"
"https://github.com/hashrocket/hr-til.git","28","2","[6e12b87cccc7058ffea178df310d3a8896855709, e219cfc1e3201bb44b233d04e49e97bf96a7269b]","0","0","6e12b87cccc7058ffea178df310d3a8896855709","76ef52e784513ca05c550ca8322b7333bdc4d7b7","965cb90b91ba03a4a5926f7c9a9267f6e42a25a0"
"https://github.com/hashrocket/hr-til.git","29","1","[6436d5d29c9fa83b88df710bec5907b2aac06cd7]","2","0","6436d5d29c9fa83b88df710bec5907b2aac06cd7","76ef52e784513ca05c550ca8322b7333bdc4d7b7","965cb90b91ba03a4a5926f7c9a9267f6e42a25a0"
"https://github.com/hashrocket/hr-til.git","3","5","[478385e41459e408503416955b52d79b6bde8137, 5ab5eea774135b6616fa26677c326323c0bddf30, d906e88f6935cb792a3397b9b8fdcba149d43aa3, daa9ed1893d9c2919c30e82cf5b89c63b2f090ad, 1afcdb06553fbf284b36801f9f2e30710db29ae6]","0","0","478385e41459e408503416955b52d79b6bde8137","bd5475c854d5dedcef0e396d52d28d3f4ef1660d","86061626d9f5a1e93ad61fcb6d6964773e399f53"
"https://github.com/hashrocket/hr-til.git","30","2","[5af1c0e4a5d5886838528a8b2f1349763d832190, a4e10d719c4084291cf3836ffea6eef4caf6c8d4]","2","0","5af1c0e4a5d5886838528a8b2f1349763d832190","a86e9196c257b29f56ea03590f26641738bfd42b","89001fd8411c126f0ecaa7947995d7840f13dea2"
"https://github.com/hashrocket/hr-til.git","31","1","[c8cfddf9bb551cd71b8a8e44510c95d7af8e3639]","0","0","c8cfddf9bb551cd71b8a8e44510c95d7af8e3639","1caf951f4d7964b025c7e6ba197b67e6aa3bbba3","ca52e33bbe9f45a337a7596190fa1dab665d83d6"
"https://github.com/hashrocket/hr-til.git","32","2","[89001fd8411c126f0ecaa7947995d7840f13dea2, 844c96fc088b1be4c28aa2cee782c1290884ae32]","0","0","89001fd8411c126f0ecaa7947995d7840f13dea2","c51fc00944a35fd8aff35d1a2a7d36ab4f3a0135","ca52e33bbe9f45a337a7596190fa1dab665d83d6"
"https://github.com/hashrocket/hr-til.git","33","1","[0e13b5224e5f7cbdb2c8a33f946cf84ddc9f37a2]","1","0","0e13b5224e5f7cbdb2c8a33f946cf84ddc9f37a2","c51fc00944a35fd8aff35d1a2a7d36ab4f3a0135","ca52e33bbe9f45a337a7596190fa1dab665d83d6"
"https://github.com/hashrocket/hr-til.git","34","1","[1c73187e40e3d294b9ce5db415f3c64cc6bad7d4]","0","0","1c73187e40e3d294b9ce5db415f3c64cc6bad7d4","8386a482476edc61d275521257e262948615da59","5b32b1237b36c8cbe2ee80695d0a997383fb0615"
"https://github.com/hashrocket/hr-til.git","35","1","[d4eb0936694046304623f887afc557ee3883f554]","1","0","d4eb0936694046304623f887afc557ee3883f554","a8f2e903fef9b1ac48983d349b29a0cbb9d29ca7","5b32b1237b36c8cbe2ee80695d0a997383fb0615"
"https://github.com/hashrocket/hr-til.git","36","1","[c5e5089b1066f68ce5a0b4deca42c2b74068a5f4]","0","0","c5e5089b1066f68ce5a0b4deca42c2b74068a5f4","a8f2e903fef9b1ac48983d349b29a0cbb9d29ca7","5b32b1237b36c8cbe2ee80695d0a997383fb0615"
"https://github.com/hashrocket/hr-til.git","37","3","[f7c5da38355875d4588b1a0f3eb7d21d4e44a57c, b02362d28fe199b45e590f334d578ecc1d040f38, 0e1f2400289271a8a8a0eb5777af6a1b926f1d80]","3","0","f7c5da38355875d4588b1a0f3eb7d21d4e44a57c","e406ec9d41b5f9eb77a81afa24c2eef73738db14","36006823de71c97dbf1d15c6440cd8500f3d8f6c"
"https://github.com/hashrocket/hr-til.git","38","2","[ddaeb516b08afbf5c0f0a676b78aea585e9727b3, 8b06ee2dfa97efa3aabd4626d11e4b1303b9da81]","0","0","ddaeb516b08afbf5c0f0a676b78aea585e9727b3","debbd3c920a88f9689c24e3b9a65b8dc0c96f14a","1bda089564957ef9bf2e309218ef6e912c4c1688"
"https://github.com/hashrocket/hr-til.git","39","1","[f1d78a4edc3c790ded1fb9a751284b5b93d8d5fa]","0","0","f1d78a4edc3c790ded1fb9a751284b5b93d8d5fa","debbd3c920a88f9689c24e3b9a65b8dc0c96f14a","1bda089564957ef9bf2e309218ef6e912c4c1688"
"https://github.com/hashrocket/hr-til.git","4","1","[44f01cfab3bbf941f1a715b69cb960a840f48830]","0","0","44f01cfab3bbf941f1a715b69cb960a840f48830","bd5475c854d5dedcef0e396d52d28d3f4ef1660d","86061626d9f5a1e93ad61fcb6d6964773e399f53"
"https://github.com/hashrocket/hr-til.git","40","1","[6181674d5b75969650573bb3644004ec39f90ca4]","0","0","6181674d5b75969650573bb3644004ec39f90ca4","1334b9010484d65e39571f62d540b48fd9079c00","36006823de71c97dbf1d15c6440cd8500f3d8f6c"
"https://github.com/hashrocket/hr-til.git","41","2","[a25692adb017e34a33cddd38f48e752f06c3b083, ee581618ecb6c219d92d82a4ea25c2c5f4e02169]","1","0","a25692adb017e34a33cddd38f48e752f06c3b083","1334b9010484d65e39571f62d540b48fd9079c00","36006823de71c97dbf1d15c6440cd8500f3d8f6c"
"https://github.com/hashrocket/hr-til.git","42","1","[e9c5876ee8a4a674327f973cb76579a5d7fc5ad5]","0","0","e9c5876ee8a4a674327f973cb76579a5d7fc5ad5","cb6af018be6dc0f5242134c9cad53a917d45ef0a","8b4567c1420d05a41b0ab327f9395fd4aac27c3d"
"https://github.com/hashrocket/hr-til.git","43","1","[8b4567c1420d05a41b0ab327f9395fd4aac27c3d]","0","0","8b4567c1420d05a41b0ab327f9395fd4aac27c3d","770379d336456610c765169a8d29569edcc134c3","97fd969d166ae5e8275aeb79e66e93cc697a63bf"
"https://github.com/hashrocket/hr-til.git","44","1","[bfea2cc5d8fb9f975c75cb7948350e67e5077939]","1","0","bfea2cc5d8fb9f975c75cb7948350e67e5077939","770379d336456610c765169a8d29569edcc134c3","97fd969d166ae5e8275aeb79e66e93cc697a63bf"
"https://github.com/hashrocket/hr-til.git","45","4","[25bce13fa066e223cb5f7c6732f681bf80044de1, 84d4a6a00baee1777b35137412e6641fcc8e03cd, 92b250b9cf829948864b45b20adfb90b50dffc93, 2b36f6cf635616e170d3f0b2b003314076a1a066]","0","0","25bce13fa066e223cb5f7c6732f681bf80044de1","25f4b9ae9e114f70cfbf28c3967c1a8205a97082","52fa7f7d41a3aa07735ae8086d36b5381d607696"
"https://github.com/hashrocket/hr-til.git","46","2","[52fa7f7d41a3aa07735ae8086d36b5381d607696, ea1ba2f7158e20b1ed80b0c3ac0577103fa42672]","2","0","52fa7f7d41a3aa07735ae8086d36b5381d607696","22dedce77f0656e3b64d5244e2936857e1a399b1","91e0d8b6f0ceef6029d8eff14765413d8b932cde"
"https://github.com/hashrocket/hr-til.git","47","1","[faa60b6d42ee6d92f13eab4b4664b6bdaa0f0535]","1","0","faa60b6d42ee6d92f13eab4b4664b6bdaa0f0535","22dedce77f0656e3b64d5244e2936857e1a399b1","91e0d8b6f0ceef6029d8eff14765413d8b932cde"
"https://github.com/hashrocket/hr-til.git","48","6","[e61825516ba318f5e5184acb531b2414a0acd3b8, 7bcc4c5f25eb8e68bf3897e16d356d3809ef70ea, 6dd9b8c14a353a9befe0255ae638573244868b4f, d77359c3ffa904da299d51df8b7701a187a42600, 203bb783b694ddb32d3f72816f7d7aab324336e5, 019e815d7f9b9df07479d8d314021b0a512800af]","2","0","e61825516ba318f5e5184acb531b2414a0acd3b8","5815516acfee0ab99d275c6d109a913574bc48fb","be32154f4eb3a423a7df6a5bccb0e0f265b5caa5"
"https://github.com/hashrocket/hr-til.git","49","1","[8d16e96c3676ff83818f085b580d26fa3680ee48]","0","0","8d16e96c3676ff83818f085b580d26fa3680ee48","5815516acfee0ab99d275c6d109a913574bc48fb","be32154f4eb3a423a7df6a5bccb0e0f265b5caa5"
"https://github.com/hashrocket/hr-til.git","5","4","[6819bd57a7a6d59fdd964cb3b1b2926d8c12743d, 7bc4a6c44e7cf134d70be27b757d9157fdbe0c50, 213b15195dd2989d8449804f61ac6cbd0adff0c4, dbf23dc0f2b3abf23f5c89333025c740eea1645a]","0","0","6819bd57a7a6d59fdd964cb3b1b2926d8c12743d","76c93a8272b05a184728458fa90a7e526b38fcd8","f4eed26929130ff3813230e42834c6d0b9aec426"
"https://github.com/hashrocket/hr-til.git","50","5","[d349b84899d8fbcd3c337d385c039fcdbf5c70b6, d6fbe2899544dea5174fb288b4f5985fce75c94c, d020f82900a02ce1ae3c5bda7544126a7baaa9ce, d8ecdf16b147d83abe59b179b8ff760375087067, 3692d5e8647a4090afd32a036f61a713a0642e70]","2","0","d349b84899d8fbcd3c337d385c039fcdbf5c70b6","05e203723f5a16cffb6cceda54c36208188814e4","7888f955e66b70e6562e389dd70bedf3ba2dae42"
"https://github.com/hashrocket/hr-til.git","51","1","[d6747152bd5b80f02b93919f0b10c21b60078293]","1","0","d6747152bd5b80f02b93919f0b10c21b60078293","05e203723f5a16cffb6cceda54c36208188814e4","7888f955e66b70e6562e389dd70bedf3ba2dae42"
"https://github.com/hashrocket/hr-til.git","52","1","[30fba173b77c5761ea572e9a1b43f955fef1e4d2]","0","0","30fba173b77c5761ea572e9a1b43f955fef1e4d2","f8da9a3c32d9800ffbae5fef946443ac4515ca79","287828c187e810575b89bbd7d46da170073b388c"
"https://github.com/hashrocket/hr-til.git","53","3","[ab41437e1c6d0b721daabc29fe3165d77ed9bd6d, 7d6814fc5df7e8593ad7eef1813342e70a83237a, 1826bb74461a2de03ea7b88c0d636e577dd198b1]","1","1","ab41437e1c6d0b721daabc29fe3165d77ed9bd6d","f8da9a3c32d9800ffbae5fef946443ac4515ca79","287828c187e810575b89bbd7d46da170073b388c"
"https://github.com/hashrocket/hr-til.git","54","1","[7b77dc3daf2c357d6887bba941be62f8f9ed4ef6]","0","0","7b77dc3daf2c357d6887bba941be62f8f9ed4ef6","f976e90b882396c90f4d10fb27131695cce9ae11","b530b3fceb9dc6c9d3bd630b11d0707193a528f0"
"https://github.com/hashrocket/hr-til.git","55","1","[8d37758dd7fa19a816b8ea3b0317e67b615c4448]","0","0","8d37758dd7fa19a816b8ea3b0317e67b615c4448","f976e90b882396c90f4d10fb27131695cce9ae11","b530b3fceb9dc6c9d3bd630b11d0707193a528f0"
"https://github.com/hashrocket/hr-til.git","56","3","[51b27a390e0a233970535ed81b427bcbec02baef, 419baac948e0ccbe0bed2564de697967661e413c, 5c326a348a48dbf8ad58475b70ab1ee7ab08552c]","1","0","51b27a390e0a233970535ed81b427bcbec02baef","f0ab2b7e1a33440dc33ea838649ffcb7a437c62b","765c4803ee112412f6dc5142b18c1a91660f381d"
"https://github.com/hashrocket/hr-til.git","57","4","[9b2232f19ce6ae520fd1a6464e6ac318344a920b, e7f48c9aad999bfff10482a48fdfd836790aba2d, 6b8317b7809c5130ae57bdcafdfe9025d7725098, 41e9954650e51eb277e697bbe21795469baba220]","5","0","9b2232f19ce6ae520fd1a6464e6ac318344a920b","f0ab2b7e1a33440dc33ea838649ffcb7a437c62b","765c4803ee112412f6dc5142b18c1a91660f381d"
"https://github.com/hashrocket/hr-til.git","58","1","[ec7c93096df9516038d3697b8c8c7aee2f6bd4a5]","0","0","ec7c93096df9516038d3697b8c8c7aee2f6bd4a5","765c4803ee112412f6dc5142b18c1a91660f381d","b7c47d7863262b4fc49801dfcb9a8ab076d39fd4"
"https://github.com/hashrocket/hr-til.git","59","1","[fe1d8db255c2c192608c0d3a7019b60f21ae2714]","1","1","fe1d8db255c2c192608c0d3a7019b60f21ae2714","dbaa619162a57323722b54bc6c70a4324c184396","b7c47d7863262b4fc49801dfcb9a8ab076d39fd4"
"https://github.com/hashrocket/hr-til.git","6","1","[f4eed26929130ff3813230e42834c6d0b9aec426]","0","0","f4eed26929130ff3813230e42834c6d0b9aec426","79276a88e597294f8bad934bfc0757de80a32c16","a9aead2a19c48c4be973fc5dc2f4948be5e5cb31"
"https://github.com/hashrocket/hr-til.git","60","1","[1141d247f9ddd7b6693767b7202c0322ebc2cbdf]","1","0","1141d247f9ddd7b6693767b7202c0322ebc2cbdf","dbaa619162a57323722b54bc6c70a4324c184396","b7c47d7863262b4fc49801dfcb9a8ab076d39fd4"
"https://github.com/hashrocket/hr-til.git","61","11","[9973f966fe15e86c57eed4202cf1e2057c1dfcb5, b9b40b061feb8488fcf2f74251dbbd0b998a1955, ce5ad51e064d84e431d8e8c3e7dfbfb45b4821c9, 263a2128dc8f8e25f1d1e25c5a0dd870596c2042, bad46b31d97e68074535de4589126db360491dbc, 5ab001d50df565a008c20c91d12fa963ecc61af8, 14bb51573ecc76984268804467d585ab2eae8c38, a5db74503146094382c819ed6902d3faa733ba7b, aa61b21893fd566d8238d1299f208071ba879ed7, 6e68b10c35e9190848cdd729ef02fe8df52d4e1b, 9811dd898f3c169a14bdf1c006667ac56da106f1]","4","0","9973f966fe15e86c57eed4202cf1e2057c1dfcb5","12050e4bd93b56a9b19b7a23d886cf43e9361eba","5b90e6b10eeb18d8862258b876ec515f98096831"
"https://github.com/hashrocket/hr-til.git","62","4","[4ce0fe1a3ea3ad63decae247a1da32e03ca1d066, 32dd2ca37c5976a23716f43357331d2dc61c9867, dfe4e57ed627e8adc5dbaaca7090202f73e9c13e, fffa6e79a1da3e668191dd1008a1b21870f79a2f]","2","0","4ce0fe1a3ea3ad63decae247a1da32e03ca1d066","12050e4bd93b56a9b19b7a23d886cf43e9361eba","5b90e6b10eeb18d8862258b876ec515f98096831"
"https://github.com/hashrocket/hr-til.git","7","1","[73b7485b42bebe952d2bec67c37e48b7d0f455e2]","0","0","73b7485b42bebe952d2bec67c37e48b7d0f455e2","79276a88e597294f8bad934bfc0757de80a32c16","a9aead2a19c48c4be973fc5dc2f4948be5e5cb31"
"https://github.com/hashrocket/hr-til.git","8","2","[23427ceafae49e82ffafdd931f6722855bebabfc, ec7f8c6b903002d72eec3d673b1cbcf6fbab70c2]","8","0","23427ceafae49e82ffafdd931f6722855bebabfc","6f1c127c9c57d4180fd98684a57addc05b6aa603","5883b40e024fb7b40adb7b503ca55b02efc738b1"
"https://github.com/hashrocket/hr-til.git","9","1","[0c6686f3354927bc563a551bd70b621c4af6d95b]","1","0","0c6686f3354927bc563a551bd70b621c4af6d95b","6f1c127c9c57d4180fd98684a57addc05b6aa603","5883b40e024fb7b40adb7b503ca55b02efc738b1"
