"REPO_URL","TASK_ID","#HASHES","HASHES","#PROD_FILES","#TEST_FILES","LAST","MERGE","BASE"
"https://github.com/hashrocket/hr-til.git","15","2","[149fb7639ca98cf92b53e6e925c6b58b351df1d7, aefd63e3a6bc5e2a503f8a1c4338bb4228422867]","2","1","149fb7639ca98cf92b53e6e925c6b58b351df1d7","8c0fac7a0d0b6dbc9b48cc103f1d6783449188ed","9e1264e0ebd80482d9fa62bc40b08a5384865db7"
"https://github.com/hashrocket/hr-til.git","20","3","[4767631a5fe66670a0c2fa6ba308ac26a4db6b3e, 4ca338d8d168d720c1085dff769fe5e0cc09791b, 2641a19c61358c34570a546464f277f9a131f65e]","2","1","4767631a5fe66670a0c2fa6ba308ac26a4db6b3e","a9b1b326d861c52ea8a802514092012039bcf41b","1bc38b724bb620b1672a9f525a4450f6d4f68b3c"
"https://github.com/hashrocket/hr-til.git","23","5","[df73b6e13ec7ea89092fdc297d14cb9ee496d882, 36346bc1201a22b6e8b8972be24e04d3d713d08a, 295953cd10d98e72ed60da6dcbe0cd80ccda8706, 28e850b5dceb48c64777fc0ac750f72640f4bd5a, 2824e4b5c451f40343609fd3d359fcb3d07976dc]","13","1","df73b6e13ec7ea89092fdc297d14cb9ee496d882","6fe1eae1535ace22a98177fca5767333a7590f72","d3cc97a5129fa3fe069cb280bb4c3529c813b1a7"
"https://github.com/hashrocket/hr-til.git","53","3","[ab41437e1c6d0b721daabc29fe3165d77ed9bd6d, 7d6814fc5df7e8593ad7eef1813342e70a83237a, 1826bb74461a2de03ea7b88c0d636e577dd198b1]","1","1","ab41437e1c6d0b721daabc29fe3165d77ed9bd6d","f8da9a3c32d9800ffbae5fef946443ac4515ca79","287828c187e810575b89bbd7d46da170073b388c"
"https://github.com/hashrocket/hr-til.git","59","1","[fe1d8db255c2c192608c0d3a7019b60f21ae2714]","1","1","fe1d8db255c2c192608c0d3a7019b60f21ae2714","dbaa619162a57323722b54bc6c70a4324c184396","b7c47d7863262b4fc49801dfcb9a8ab076d39fd4"
