"REPO_URL","TASK_ID","#HASHES","HASHES","#PROD_FILES","#TEST_FILES","LAST","MERGE","BASE"
"https://github.com/iridakos/duckrails.git","1","3","[f8f6b76610aee24954688ead6998571c8d37e9ba, d4432cd0b9a7e0951161fa393c73a0e0c1b82426, 6808d10ccc04ca29633ed0873e504dc2213100d3]","0","0","f8f6b76610aee24954688ead6998571c8d37e9ba","8b92c23c77ae3b160b82f5160aaf78aa04b7621d","21ad2a46a32693e49145e7d4fa291fbf413d8eb0"
"https://github.com/iridakos/duckrails.git","2","16","[a6129225614319b8ff02c16594b9d083c449f9d2, 38b714911ff953fbdac2034a631f54a1b976f3ef, ac2304f75a87cfb04c5cb7d02ec96109d9fd5ed4, 6ae03ea79a838e2aa17e4564884cbade1e498a0b, e05b771d4f9ea32b1af036f46f8ea912c378eabd, 2c295c5edc066aa44404f22ae33997d433a241e9, 7a8fd75f2562192898bfdde7f051977bb226b2ab, 4ebde4ef4c97c8715b858399b47ea644ad47dc70, 9a0fcd920793259ea0b1afb2aba2cf9a6aa43313, 0861d6857eba49de7e1ec3a75acd2bf320d0eb8a, 334471b6195bfd3d61bf292b93d2e38da590bca2, 84015e61d993fb9e453baf0f4df6e1283c6f162f, 30bed5c4da0892e8826cf7bf9517c005b3176b3e, 8dc6f2f74edde3483b26d5e63e201b5e9624bfd1, 7f1e7cd46f252ae98764a9314a7bb3b8530496f5, 9e98fd75ed772099049e180564e15335b6a6f9d0]","0","2","a6129225614319b8ff02c16594b9d083c449f9d2","2452e5c35339f1048bcc264c635b433000743bdd","355f0160288bd631ca5f8e08631447adeb228b8b"
"https://github.com/iridakos/duckrails.git","3","5","[21ad2a46a32693e49145e7d4fa291fbf413d8eb0, b235f1cbb4a971d7b37ed593cacfb12bf7be04e2, e8a66ee18c18d367e73467ddaed5545c96133da9, 8fcc358939f6419f7841a639a2e744e87e87630f, d12c8454bb73f6bc99e46673d213bb5eeaf61115]","0","0","21ad2a46a32693e49145e7d4fa291fbf413d8eb0","2452e5c35339f1048bcc264c635b433000743bdd","355f0160288bd631ca5f8e08631447adeb228b8b"
"https://github.com/iridakos/duckrails.git","4","1","[50cd047e94b6f4ce1b572fc0d2d9621c051ac87a]","0","0","50cd047e94b6f4ce1b572fc0d2d9621c051ac87a","7855a58eb684453885b95a31ded633aff61a6821","2738c8e0b894f06b93a2b59ccba1d266431816f8"
"https://github.com/iridakos/duckrails.git","5","6","[32db7d68525394c07a9b931f31821f7f9d56aebc, 920cfeebabd5a20f99aa00277c42937d6dce111e, 0244b410c52f16f489cf3b6c518a5c8817660bab, 4f85f1f00b81eb7abc244067ddb3472355c6bb36, b7280cc5bcff1281a4e9cf941f1e2990095eceec, 934c81064a07b289b71933f252999faded162d8c]","6","0","32db7d68525394c07a9b931f31821f7f9d56aebc","7855a58eb684453885b95a31ded633aff61a6821","2738c8e0b894f06b93a2b59ccba1d266431816f8"
