"REPO_URL","TASK_ID","#HASHES","HASHES","#PROD_FILES","#TEST_FILES","LAST","MERGE","BASE"
"https://github.com/jasnow/atlrug500.git","1","1","[3c20458c32a779cd5db45946784cf9763d108dbe]","0","0","3c20458c32a779cd5db45946784cf9763d108dbe","37719243b1e7e14940f488a982c73ba5c047598b","a1230f25eefc1292ae79fea1dee9206577ceb837"
"https://github.com/jasnow/atlrug500.git","10","6","[16f117b852e543b1e55ae7528597c01f54e35c49, ae5af02787d63803420a955bfe38f5cf8a6ae6a6, 26d722a78fb9f22680f075a0de749535e494c229, 8db4f91c72173e01e9e8d364b78ffae0891e31d2, d7758bb92c55ff9f0f69a5d1b24158518a602ee2, 8491d78fe9e966deeda64407c9c4a484416be88e]","0","0","16f117b852e543b1e55ae7528597c01f54e35c49","60ffe0ab3395359803d0d717528f5d6039dd8951","c59b6843b3f7ca4fd22cbb651d2e6974b3c89e2c"
"https://github.com/jasnow/atlrug500.git","11","8","[34ae59067a29d4273b6c2f64060cf38a7774430d, 2586fd49163b61cdc35219d96f7f465a6166ef31, f4931ff67539ec90092b47fa6c9cf0144ed621ff, 28319abb61ec79f8469a28b0d3706cc6b4c34c84, e56984171c827a86792da3c058a107a29427f64e, 770092a9b982785b3dde45cab021f3c877c3aaa5, 206a61e788576b43a8cd391706fbd88735cb8cab, 1fd1cc9497b2c7654e734048c85dfb777b832d8a]","17","1","34ae59067a29d4273b6c2f64060cf38a7774430d","d13a29ff849070d497c1c4da46c283bc730ce5dc","da6da9a375a62ab81243f211f720b7f104b9597f"
"https://github.com/jasnow/atlrug500.git","12","64","[236d1a7a4bd24e9919ee090a6ded993ae636fc40, 913a4d0e29fcb54b89df3fe87aaf9db9bb3ba58a, 29762ada20cabe442e6b990028ea896f33572288, 5ea7f9d62727888426680634d1ec9589284bb12f, 4ce3cfba756e9ed0627fa4e0ffdac1234566ad07, 6ede722a43b519c7ed0ce0db6161edc61e03c14f, aea5ef15f4b5ed92072579541c8532b2b6d5432e, 7dce91e20c0a1078a4c17f4611e63f3c1de1f40a, a3daea1aea3d792c74816257c8b28198e2c2c084, 362e7543a68d09fe4d7da651fb14536d690a47b5, 40c9c6f19576b0fdb72fdf41f1fa4ec5068fb792, 80a42d5abc7a5e225b2716893698f61238289f39, 92f27dd0d5de15ef4d111ed576dff69c8a80a640, ef70003ffff0187c35eb7b9b358aa5980bbfa7e8, 18461c68989cfb78bb8bd3809d87c8f1cf9c305b, 6b2f82c8aa8ee5842796ac352c6701312a6aabdd, bcae3718852bda12fa188efeb85e8976fa1b3af7, c37b695f6c24052face304be760d9371b6ee22a1, a426ab03f26614cd0b03781960eddd8be006980f, 07d1a603f7405c66c27c58c2a29ae248f504b05c, 35a032852c443c2ddaf5d8f917224077f12fef79, d3626a0ab577d4ea1b13eab82d5c94b47a15008b, 30af3daa4d858d84341b6d8c35dace0a83f6f18f, 57fca9b0e21eb0d94eb96f353dcb262331c85c73, 291bafe2deec266247da2aab905ccd12fd05544e, 5d4efddaa335c54fb7b16b4009ab4460bceeae01, 3ce919aaf8035f514c4c6e84ec8ed8f711797629, b80dee44396e254128e816e0728134778c73c5a3, d193d8deb58021d99e184426b063bf3a3c53bd35, b3613691080c1e131b119ff33016578d2f166e5b, 8de563ca05f0d37885904bfe651e122cd5cd59d3, 357543801be4d2dc474d10b464579ff614595808, 228cb51f81f1ba6ba28a8ccfc112fe2e1ae9fc0f, d649628eda794ecf44c523fe16ac65e55a7829e2, c71947ffc5418f2492b99d23d567ffd8c228bfe3, e8cf8c469be4fc524e8cac2fd0655b626ce0b494, ddd6c1108ebb613051d7633ba39f65789fcb3791, acf054e071c030ddd8f557b9e2ae18ffef6a42b1, 91b6df2dd86a728ab4762b9663868063668fddc6, da70b67b50af3e4fde4b5731038024a15505b73a, 4ae912ae895e4156072989569543c67862b72c8a, eefc563bc167e232a188bb2da633d2e67ec68663, 7c8b823beaaf7d75e01343de2fc0573855cc93fd, ee96ab1cc05c07e103f065986aee9879d0a8c03c, 4810fe78132415b8e7866f70fe2e1dbd01dd8f28, 1270d142dbc10a442d6f4b211b04c3ee7478915d, 1496d00c70d0ee08a75560d4a54be8efac65e703, 4ba1c02bc8dd853b6c042c77b8639a580a23dc1a, cce76300b82df76305aaa23ea89cda8d9ea98208, 34db766eb5f37ffe60104a7cba0c84c2de31a9ff, df1763f66708d167c875e02d438265c85a903ebd, 02219cf1608ccda0817000572fce99f2a4ec3986, 1c6f0424698421ccd1dcc8fdd32b2e6c07885e30, 01d6fd46b431330b0f37442e055c1a6e811bcb33, f3b273ba573e2b291c7a531fe6a9b0e652569338, ab50817e03ae42c107f0233d6461d1330496e757, e9732cfb3f5676f6406d0ef776693dab9ca2189c, 8e36f33e8198b64e67203b5395a96739a3b645de, 5af58d35a635603d7f18f6f579b01ee476afcb8c, 6c9607b8fd91d14d2c3e4b756e8c884b44d5169f, 77a0a12329587c7b3a2c231d06ed1161f3b9af46, 64815e6a6d4fffccf8f51dc613b009ea47f44487, aebd3ea085a4f181e878f96109db34746b2f037a, 4af8765224ee275cecdda9e6f505f9f96596f402]","3","0","236d1a7a4bd24e9919ee090a6ded993ae636fc40","d13a29ff849070d497c1c4da46c283bc730ce5dc","791bcae584df6574d1268a6af29b3d9c434465c0"
"https://github.com/jasnow/atlrug500.git","13","1","[903a0bb22a659ed507831a750f33f42474c5058a]","14","0","903a0bb22a659ed507831a750f33f42474c5058a","791bcae584df6574d1268a6af29b3d9c434465c0","a289336b6e99aae5045078be2d879a0d0a1bc5ab"
"https://github.com/jasnow/atlrug500.git","14","1","[7cc24aa8f01d3f9432a787bea44863aebc7b53d3]","0","0","7cc24aa8f01d3f9432a787bea44863aebc7b53d3","791bcae584df6574d1268a6af29b3d9c434465c0","a289336b6e99aae5045078be2d879a0d0a1bc5ab"
"https://github.com/jasnow/atlrug500.git","15","4","[ef2020d61ea0028ebad9f5ec3e1c71179e6c6421, 3b38c4dc2defefb7204e8bde43982897520ee7d9, 2bd4d97c8d171670ded12545bb48faf767fba0f3, 81b23be0e85de8087cde9e322e16bd1d731f7858]","0","0","ef2020d61ea0028ebad9f5ec3e1c71179e6c6421","f0d94c976e78975a81d093c8b8b6dedc4b132b35","47080923fd4b4c624f60ed0080d500b6f60c20eb"
"https://github.com/jasnow/atlrug500.git","16","3","[5eebd40a7f4e7fb2ffe265f5b4a1560219af0697, 4f697aee3a75a36f8e25bae30034450245559072, 1aab4044c3f92ebfad0c51007ce8a803ebbe61b2]","3","0","5eebd40a7f4e7fb2ffe265f5b4a1560219af0697","f0d94c976e78975a81d093c8b8b6dedc4b132b35","47080923fd4b4c624f60ed0080d500b6f60c20eb"
"https://github.com/jasnow/atlrug500.git","17","3","[e5c7d04b503155bde9d3295c63b6d49cc6ad200b, 95248fad2f50d92688704c4787518fffc69724c8, 7a088fb45d3834e97cfcffdb5f8884a88655ef2d]","4","1","e5c7d04b503155bde9d3295c63b6d49cc6ad200b","cc76a6b4e2deb617bab7eb00bef54b0dac528aea","098d6e5245ad358d7cbd29abe5e75623cbec64d4"
"https://github.com/jasnow/atlrug500.git","18","20","[aa09992f76c48fd412887400abd18b1d3abd69fe, 5710c8a753f71fb8c6e206224e34999eccdba2f7, f557e41672dc30bf139d631c5b94792a0af209a8, a858456ef7eb3e16d0aa32ab1b9ef6a9fc2178d9, ee9532d46085b2b9f6adbb464f48f982806d93eb, 1f5684aa7b18cb747e8200624669be051a558215, fff3d7e2fea253fc011f4a307a5804ee85c7611b, dd156940eba70bf4828bd6892be5cc2d2cf46deb, b7e63ebbd0baf7c73001f451900e0790c310fcaa, 55c4eef7cd232702377d72862c895df39d1a81dc, 49efbeb47812a16bd2dcc3f0a44427203f68ae6a, 63ee1d27a02c680a7066d8943acf17d2402ee730, 07d928d86b737d0fcd0e9ecc7c97dfb2f2b90bfc, d16fdb006f72c9b4326249d979ee76c5f13d92e5, 510f3b838d23d4131dd04abd1e61ae262cf71cc6, 4a9465734b2020b5359649bf8e4946a80da7f03b, be007993bf585c405917c4808d8542730c852261, e061fa96b08f860a43403122029d382d1f92ff12, 3cf57502a80b7b65c920ac9f2ad96c2d0c419a6c, 815770305dd60055e93bd65439b7e6b4610efa23]","13","3","aa09992f76c48fd412887400abd18b1d3abd69fe","cc76a6b4e2deb617bab7eb00bef54b0dac528aea","098d6e5245ad358d7cbd29abe5e75623cbec64d4"
"https://github.com/jasnow/atlrug500.git","19","2","[3cc2d38be3493f91496a19aef3c6211d9cc17204, 6677b505cb4d49fe200fe623c56fde3a0963ff1c]","0","0","3cc2d38be3493f91496a19aef3c6211d9cc17204","a8eaed2ed66f156d0d53a7bb3beb90ad44225fa9","5b04619d1b087fbb7f0adeb88bdf711af00d2c05"
"https://github.com/jasnow/atlrug500.git","2","1","[68cc951ea9f8a9a1176e4d29ccaa78ea0a583c5e]","0","0","68cc951ea9f8a9a1176e4d29ccaa78ea0a583c5e","37719243b1e7e14940f488a982c73ba5c047598b","a1230f25eefc1292ae79fea1dee9206577ceb837"
"https://github.com/jasnow/atlrug500.git","20","1","[b28315002b2dbb9c3feb60beae51b565942692d1]","4","0","b28315002b2dbb9c3feb60beae51b565942692d1","a8eaed2ed66f156d0d53a7bb3beb90ad44225fa9","5b04619d1b087fbb7f0adeb88bdf711af00d2c05"
"https://github.com/jasnow/atlrug500.git","21","1","[dbb725f84c8586b6aac3bb528b7a82fad155ed7b]","1","0","dbb725f84c8586b6aac3bb528b7a82fad155ed7b","6433341bee9e97455a31d51a3be48b36ad2844c7","0cdba985c122b64146e608fc0be4de3406f4d678"
"https://github.com/jasnow/atlrug500.git","22","2","[1862793a2664024cc391dd50c21796fcb459d0c3, 6697303dbf1d2c44e1d38814f5a8d51667f9fdc0]","0","0","1862793a2664024cc391dd50c21796fcb459d0c3","d1f10c0747b5e456f4eae4d6adacf96617ef83ff","0cdba985c122b64146e608fc0be4de3406f4d678"
"https://github.com/jasnow/atlrug500.git","23","1","[4abd2f5c13cb0b4e9c896ce2eb43943da034832f]","0","0","4abd2f5c13cb0b4e9c896ce2eb43943da034832f","d1f10c0747b5e456f4eae4d6adacf96617ef83ff","0cdba985c122b64146e608fc0be4de3406f4d678"
"https://github.com/jasnow/atlrug500.git","24","3","[1122b6c10361f7f793f20d667a34d26ccee06936, 1d921e61a676a1e632a3bbb5d8557d00d7535c54, fe12a407275eba282482ce20051b33ceb708397c]","0","0","1122b6c10361f7f793f20d667a34d26ccee06936","ae5b010eda3d6e5da991c840b141431b0ecfdb9c","5b9a9e5e235a1441cd879bee04e318865dff83c5"
"https://github.com/jasnow/atlrug500.git","25","3","[9107b76d8096a99f1a7570b18535061bdaefc6b0, 0f7c9c78a73f6c87f44da9eaab6661a0e9176f2b, 8b005f61f8febd8eab4968628ab3fe7845e1f8fe]","0","0","9107b76d8096a99f1a7570b18535061bdaefc6b0","ae5b010eda3d6e5da991c840b141431b0ecfdb9c","5b9a9e5e235a1441cd879bee04e318865dff83c5"
"https://github.com/jasnow/atlrug500.git","26","3","[cc2038376fc4ac4fdf5845c02188d6b927a9629c, 5fb731f59f6f1fefe490a99ea3f7bc4889b6884b, 6ea4a433244ea8c034f7f077066a3b79207d6c11]","0","0","cc2038376fc4ac4fdf5845c02188d6b927a9629c","f1ed3e8ca285a485e9180bd87b47c498dbdbb59f","0112e72da46f4ca1687e40ecf0898426985b79d2"
"https://github.com/jasnow/atlrug500.git","27","2","[d3adff4b55fa74904b25193da03d86d00fa74368, c31bafca1025794ac2a068478b19b6f59888fcb4]","1","0","d3adff4b55fa74904b25193da03d86d00fa74368","f1ed3e8ca285a485e9180bd87b47c498dbdbb59f","0112e72da46f4ca1687e40ecf0898426985b79d2"
"https://github.com/jasnow/atlrug500.git","28","3","[a29b1ed0bef971d15def3773d368bc7eb2820509, 5057015c49582a6de48f281296c82eae356cc319, 5bbe091a18ea4f2ecba9381db79f915cf2f02cbf]","0","0","a29b1ed0bef971d15def3773d368bc7eb2820509","6ec732d3273d5ba951a3886b0b6df66d725da32b","d5d4de95672132a95f04e148f1e440d0c009981e"
"https://github.com/jasnow/atlrug500.git","29","3","[2df8438dc897beeabdf35205185d8894ff4bf467, 1817d49e6e62838cf345052af11f54a233d8f18d, 40466b5f8ef87234fd552483a3f61eebfba7e086]","2","0","2df8438dc897beeabdf35205185d8894ff4bf467","6ec732d3273d5ba951a3886b0b6df66d725da32b","d5d4de95672132a95f04e148f1e440d0c009981e"
"https://github.com/jasnow/atlrug500.git","3","1","[9c14a18744e81e60ddfc26df9cb8f19aa027fec4]","0","0","9c14a18744e81e60ddfc26df9cb8f19aa027fec4","7f22373fcc659663f8fb1528382803673c52d2f2","e99f9c45906a03c8ad10cfad9ced9a3e5c4d8284"
"https://github.com/jasnow/atlrug500.git","4","1","[4f6cbf5d294f4bb99b8346f14e8e07bf89282408]","0","0","4f6cbf5d294f4bb99b8346f14e8e07bf89282408","0427d75c6f1789943062f763615900ad756e9ef4","9a5a202caaf5742b0c091878b3f787e44716f7e7"
"https://github.com/jasnow/atlrug500.git","5","2","[789542c67484aaeb5238efdaed4664e3f94ad06e, 68479acf0100574d38e3d35d6c68e8249fa4d66a]","0","0","789542c67484aaeb5238efdaed4664e3f94ad06e","e99f9c45906a03c8ad10cfad9ced9a3e5c4d8284","08f919286d1467496d25a376bb8c572261baec8e"
"https://github.com/jasnow/atlrug500.git","6","1","[9a5a202caaf5742b0c091878b3f787e44716f7e7]","0","0","9a5a202caaf5742b0c091878b3f787e44716f7e7","e99f9c45906a03c8ad10cfad9ced9a3e5c4d8284","f6df326c86805fc1a68d8dc6bc5c89f32aa1f2cf"
"https://github.com/jasnow/atlrug500.git","7","1","[d967afb56d0885d8e21c51b0e57c133276a3a297]","0","0","d967afb56d0885d8e21c51b0e57c133276a3a297","f6df326c86805fc1a68d8dc6bc5c89f32aa1f2cf","16f117b852e543b1e55ae7528597c01f54e35c49"
"https://github.com/jasnow/atlrug500.git","8","1","[08f919286d1467496d25a376bb8c572261baec8e]","0","0","08f919286d1467496d25a376bb8c572261baec8e","f6df326c86805fc1a68d8dc6bc5c89f32aa1f2cf","60ffe0ab3395359803d0d717528f5d6039dd8951"
"https://github.com/jasnow/atlrug500.git","9","1","[46d91db82e6c82388368caae4a63828c46a1dab4]","0","0","46d91db82e6c82388368caae4a63828c46a1dab4","60ffe0ab3395359803d0d717528f5d6039dd8951","c59b6843b3f7ca4fd22cbb651d2e6974b3c89e2c"
