"REPO_URL","TASK_ID","#HASHES","HASHES","#PROD_FILES","#TEST_FILES","LAST","MERGE","BASE"
"https://github.com/jekyll/jekyll.git","11","9","[51629865de3e8ebfe68e7e0649c9434689ac4abd, 6e980f3f6a86f2fd72ac111203b504dd46053638, 37c9347422052307ce943d00485b1bb2d195d2a3, 000189596898181b98ebe4bfc542abedefbd1a5b, d0f8c86d2f6e87359008302dd6f54cdb8a471c6f, 493757d7cfdfa15dccb9c0746a3e3f3e1dfc38f9, ef41eeb7d457dd26b5516937582264f47782875f, fe0a6caa7fd7f0414fff6be5c470633fe789449d, 5701087e7b2b61dbea84b3782ca55195e348c5d4]","3","1","51629865de3e8ebfe68e7e0649c9434689ac4abd","e51f9c346c981632c4247c1edb4eed97cf124e23","02a2f9460ad654e4e098402d47fb81407a2223a2"
"https://github.com/jekyll/jekyll.git","20","4","[e932a1e27f7f1fb103d94d07c470cc5d9f666295, 9aec161550dcf48ebb816a9998c03b4e8c12c9ae, 9968df06b3fb61dc356c0f0488a604b03df6e6ec, bc8460301724fd502a0c3143fe574cea3da41e7a]","16","1","e932a1e27f7f1fb103d94d07c470cc5d9f666295","4c2c33aefd2e0de2ca65b6446e7c031d84e2cd87","784f2e2c0d8981798d4acef4f1e72dffae074730"
"https://github.com/jekyll/jekyll.git","21","4","[48e2de862d8396e6ff2f30e2231ac67c5f233b61, 5687a092554599e8c2cf1247764a7eaf87f3d05f, 03c252ba4d659c6758f39e96507e38820fba2189, 6792ff936c987972ec686d749647675d91dcd593]","2","1","48e2de862d8396e6ff2f30e2231ac67c5f233b61","4c2c33aefd2e0de2ca65b6446e7c031d84e2cd87","d22b8ee3920c28a1a540462d931896eaf695f33c"
"https://github.com/jekyll/jekyll.git","26","13","[5a41149b7bc70f9b0ecc8f79af81b8c2afcfdeca, 4f06767ac8fd9402d08411f705a4cb3e93f1fdd7, c6000597d9efe3c10e944ecf6e6f7f5bcb690b14, b63036989abe87830fd6cb4fdd9caf53c32a2e09, 9343d2e6bb90a496d3a92aa9e035682862b93823, 5d1823b604f1ae220ced957bf327afa4b70e65d6, 149d5de59a6c506490cf7cd7c3d52e7b5a1812a7, c2211eec0c514cb6f1a0a595eb15dbbc2039951f, 0b196ebd00f6d235ea4f2863bd24a1f4130df30c, 56593bf8973982ee474ffdf95854d324b4afb954, e9b507a0df0d9d18ba17bffebe819085ffe4bccd, a59eaff78963483d41602f62e3d8f53e46d1e166, e2d8d3b92f8bfe09dc5bbfa63ae08b044f936c07]","3","1","5a41149b7bc70f9b0ecc8f79af81b8c2afcfdeca","8bb98632b43e71dd66027dc9b4562269d58fccd0","0c5b74377bd59c5e8001643800ca8a812818b491"
"https://github.com/jekyll/jekyll.git","29","40","[da6c4c488a5fb61102dda92938e360e454e10cb1, a80442ee879925dc7ca920f2de57f202273242bd, 305342ffa48a8f0fa303d06f89baec899c2475b0, b22e281bc547da78fc817327fb715964e4d7eee3, 5b37555835efdaba120e42f2e6d0cc55a74fc607, 95a103b8823c61ceb4571cefb09625a934a51993, 12fa319ee4071976dd5b765db44de3f408cde41b, 9461c900c098c1ef668566e333c5ae88cdff7415, e00c8c72e921b7af005800f25f4f20f22454e18d, 3e8196fc7ed82aa2a5de1f3ab8836af3c5279075, eea203c77e32f7ce1ab70d4773b1dbe5f3bee030, 8c8e2db0e53e145a250824a39a6b5efd75b79a60, ebce53dd08dcdfab32da1e676912c302eda37c79, 34b710e133cb43fa57c8dda921f5364d3f0291f6, f686b244cf12cf64da90b04b72ec04074a0aa8c7, 739411ff3b31e3df25fbf35db1d8312c8df537c1, c8eb0c19504cc4f3f26b0acb3eb8dd85f7c923b1, 27ca1282fae71231c655bb2562676bca2aa8760b, b22915fe22204088907cf7bebad84b040c478c3a, cf6d60b145ff9ecb769ef272397b0c4fa0699b69, c60dd66db5ae46fc7f4050e588b3de40aecb0c26, c2851766c500b374027d4c4c208b3efc86b82597, c27533c75d040e52647a0babbbd5bfb0c064340c, f81f1e8e1b3d435d00ef50f965799b6d3c34d580, 99da7cd9404deb3a78f9c51a903d53b5be27e288, 3e32d12c45cf6aca4a8842f3d79f60bb4a56ad32, 3af8553c7c1fcbf938187f4525b37ad060c50a93, 7f9ac93e4ff1f96d988fed8592bb215b62de2fe4, 4dd00fd3548d391f41dbaf9cf63dcb9f9752cfb0, 3ee71c048cc720812cae13949f21f63edd67a090, 77fe78eaf759fec8a1bdab86546aef560dc689b7, 0dede77a4aded4059b4b14052d0801f89cd34354, f9f5d5fa57441e4985a5f0a292017ace770a0525, d5c2ebe6109fd1c540ed6d8142062436efa3442c, f691121d2bb4e502b85a218f69449e188e8c63e2, 29787c7eb7972fc19b66e4af1ae6c7d42d4c5f33, 83d950a4b704eafeb40dded26e591b2147bba10a, 5966e84313f7cbe2765e282926d72df1734f1034, 66a8a03124d2f01984fc473d193031f9c18a58d5, 40d6ebd85eb3721461dc13a6126953b795f262b7]","6","2","da6c4c488a5fb61102dda92938e360e454e10cb1","b0a1c422220e1b4beecf9fd3de6c5ba20718a14d","d0b907c2e6154672336847dd2ce0f578309cecfb"
"https://github.com/jekyll/jekyll.git","30","6","[3ed4dbd227221eea600d362297eefc15226d75b9, 9b8f9bba4e068c03f18db8c97ddf4208a9e08a51, 9ad78ebdeb10870690624e6d435042e2e62d6899, 4a45407558478a46393da4d82928ce090afdcaaa, 43de0b694f0213604c02510a9fd9cbdd3a4562b3, a89bba37128061a332b71da26bba9c3f24de11a6]","3","2","3ed4dbd227221eea600d362297eefc15226d75b9","b0a1c422220e1b4beecf9fd3de6c5ba20718a14d","d0b907c2e6154672336847dd2ce0f578309cecfb"
"https://github.com/jekyll/jekyll.git","31","6","[af102baecdd8103caf293038cd8d0b4cbda4fd7a, 68315cea8ad317483914163f0b158ff2b2c61f38, 6f2a2915f1529ef18334c47392614da08dd1c9d3, 55d64c7e703c695a32ff5690d1c0dc58b7efe9e7, 6a7a393df5ac978d9f1b6ee31a146c836dcdbe18, 51bdea1303ec045f98cef7910df7d6fcf3b453f2]","4","1","af102baecdd8103caf293038cd8d0b4cbda4fd7a","8caa1014397c26afa3fa2cc45dc7432958d9ad42","86d86258a8bc912c906776d8f2f9a58b3d376519"
"https://github.com/jekyll/jekyll.git","35","15","[401f8fef5b969387b55730d74c660e2a6aa69887, a3351cff4f7756251f7670de6cb781c99b25fde4, c9da3c424a2eac0888431a8119e6e359fe7959da, 32e9522ef14d607622dbf953c06eacd585d462bb, 5ba27d1edf1e69c32aa6a6a9d21591fe0004f3c0, 4d6959ca4c57aa966189b0addee354985b10ac66, abacae55ec45caa2b8b80704b73836f177b1841f, 3d624cd290c752f2a7324ab512e7425bcbc58bc2, 3c959af8d133b1f3317c8f6696873a6c00fd596e, 9b8db401e756ed2503447603121f539be3df497c, c3026bdf3149a54cef0b83830a1fd79a696f403b, c07985eca8a0caf24572918fcd6af5a91a923578, bf8837e4955559ee3e4650adc3ac83b1c63ecad1, 34694ae6d10bb6d2f8341d3adeb88177d46eb0e6, a9fe56830b466917cfbcdd9bce1c0fdff49aa113]","3","1","401f8fef5b969387b55730d74c660e2a6aa69887","c00054a06958931f068150065ce77d493662da4c","f49431ab857916671be7ddecf61657b6d5c5c10f"
"https://github.com/jekyll/jekyll.git","53","12","[409c8f9f3146e9af142f891172c6a31e7226460f, 3921e523c5303583959fb9c04dcc62ca98e559a0, 0d02a25b04ae0da5e63d349f8fd022e3b7b8a6ec, 711a8483c680e70906b23f081070f62f4e10b52f, fe388a885e3883f16ff55bf64de5b5890aaab0a3, 8325d56a1acf39689bf0b679eb2bbb2cd568237c, 6edc546d36916c9cc521fd6e341ada1bb95c5fce, 3688640d59a5b53a85cb6f31d336b474165ef4d6, 73e70da9e5d97c1b7e1bd85f93a2bda89811207d, 0b93d11cc6e0d00748e9d17aa010e2694b8baf32, 86703f100908dd6aadb29a68904ed7ab81cb8fdd, f598b7e6804548c61e8a5bc0a4fd72075faf8aa4]","1","1","409c8f9f3146e9af142f891172c6a31e7226460f","0cf5310cf51fc283ef5a06089a497b9dc98cfe14","e5317ced155449d914abe8922186f80465dc3ed2"
"https://github.com/jekyll/jekyll.git","100","5","[3745b2456409882ba81f1c2e7cd6c4f868175f3b, eb36ea095fb948ad21a820ba35fe145a43cbf352, 2813b9c03985e2c4bd7c1f74b246d5432cb41bf0, 6316856773a8c41d16c887e2df82ec8735f3890b, 4e40593a53e51c9f1e2ce567677bc1803bbd4829]","1","1","3745b2456409882ba81f1c2e7cd6c4f868175f3b","afe6e3622cdb629921fe68849279731e391e1417","0c59ac3d299ab498ff535c4de83253d9034c0ffa"
"https://github.com/jekyll/jekyll.git","148","1","[ecd04badf05094cf65062635248cacebce139a38]","1","1","ecd04badf05094cf65062635248cacebce139a38","6c4699bd54fe97561b8cb290174e6078b570a9be","becdcb5164cbba419abbd0d2f3650ef798d2c393"
"https://github.com/jekyll/jekyll.git","207","7","[c6fe7ec57f19afe31813fdd34e22656fe4bf7522, d70b4d0682337395c55ecd31f8c7af99520a4c29, f8456e02c1068cd3ae7e553cbe4776124e8e1cb8, 1b4ab418ba4bfb3492244cde63cb691a1f87ad66, 31eeb1a56106b3a6f415b8134ed75894bbf46e93, ee5266602e8c9b5540450b343b78ab0d5ed851e4, c4142c4c77fe227d9f3a73a349b70c42205aa41a]","4","1","c6fe7ec57f19afe31813fdd34e22656fe4bf7522","1049802499347c0cff3aeb41851ebe9d7d0e9558","4382b2467baf6d3f35dd82fabec9a01b60b4f1d9"
"https://github.com/jekyll/jekyll.git","209","1","[d9cf97e9c6f443765954b48d4a863038cedd4b91]","2","1","d9cf97e9c6f443765954b48d4a863038cedd4b91","805dd4b0f13d16e4fed0bd60dcd2ab3e9c508992","4bd6240a1d3680a2aeb7ccf1249f450d8ca85edc"
"https://github.com/jekyll/jekyll.git","210","6","[35c5e073625100b0f8f8eab6f7da6cb6d5734930, c8c6c6c0e325c1049a0f8e8d38cf45b253837da4, 6cbcaa99ad56c85633626500e69f7fadc6b2cba4, d7cdab16e2f67fe50515a3bb2021fa840444fa79, 4f4a628df81fc3490c4f4134c689eeed983d7c2c, fac041933c3e328ff73dc91faeaeb08182ae3c74]","1","1","35c5e073625100b0f8f8eab6f7da6cb6d5734930","293b6f1c77eecde0079477681d8226a4b234b0eb","4bd6240a1d3680a2aeb7ccf1249f450d8ca85edc"
"https://github.com/jekyll/jekyll.git","301","1","[6167c095693edd0ba30c4c5b33bc87daad27acd2]","1","1","6167c095693edd0ba30c4c5b33bc87daad27acd2","6847b604c843edcc56027da07f8a4d669e5fab57","bc7aaf52740d0b301beab59e6fd9352d62150754"
"https://github.com/jekyll/jekyll.git","333","2","[152fa877f6775dc6502e8020e4384cd24f0a0c8c, 3a45bf7d26764479318a2685b2a6d40dbcb37c6b]","6","1","152fa877f6775dc6502e8020e4384cd24f0a0c8c","ad0f329d1c40f6714a9f383e6ef2c9706205ee12","279f1516d23f8951e9d35e40571dfb3cbdf1d50d"
"https://github.com/jekyll/jekyll.git","335","8","[29d8fee4ce9162019ef35facb4a5a44eb42c6920, b78827cecbc5c158a9e7d4242ecfe663af8c8c7d, 7309ecf8e188ee1a329a9b260b2a6678a54d8c38, 74baeb889a923ee46a29a3010caf605f2fbba453, 6d7f305e7c40229149a01cc118b4ea569842e2c9, cf26bf5db0fd2a50ae2bf5cc207bd3d6d633cc0c, 87b9cfe2b5871807ee4269bdbf870028f244ff27, 13aec48137b18e6007e43b5009c05e664c18aa83]","6","1","29d8fee4ce9162019ef35facb4a5a44eb42c6920","279f1516d23f8951e9d35e40571dfb3cbdf1d50d","562ffe7a3f4e691323a492c243dfaaf5677d2bcb"
"https://github.com/jekyll/jekyll.git","470","4","[897f0c52fa67da1c1fc9fe60d5ab8715c733241e, 0599f114d6cf951888b5f68e27e8609a8a5a4edc, 4b7109d2735905491c3c31bf0a698cba0cafdf05, 5a1a7e1056a3e9c19ad2f47614068d1034fae6dd]","2","1","897f0c52fa67da1c1fc9fe60d5ab8715c733241e","f417cf8a0f8f3175b0a9d4d9c113bbfa307c8158","70aa8a4e37cdbb935d8aacda3d6c6b598c2c91bb"
"https://github.com/jekyll/jekyll.git","502","2","[d1f4d874be4d822ba9c68491bb26a8b7cc3df93d, 3fe9e92c4f3e3bbf2a3dba437e98d08e360a7f50]","1","1","d1f4d874be4d822ba9c68491bb26a8b7cc3df93d","713fbb6652f53640b7eb3f7b85acdb81e79872c3","b5466196eaa37b6e76c3611c0cf3fc1b3a300f03"
"https://github.com/jekyll/jekyll.git","558","3","[db7cd6f61203b77d4b7e5e13d2c01e3afc5ed0b6, 8e939cd86e67b81ecc97108684928b4ca553dd4c, a99adcafaa01fecd4f3bda1a781b538be720084c]","2","1","db7cd6f61203b77d4b7e5e13d2c01e3afc5ed0b6","0ca45a48e53de69fc17e12114f31d96d20cb11b2","e02049727b8414a8a1e7b6baeebd306f1384566e"
"https://github.com/jekyll/jekyll.git","564","7","[f3a29677f9763bf935d36fa260ec36acdf126dc8, 12deccc51379df1c1cc33a7839078c345ff509e9, 20110571ef8a3d15d94ac19a47f474bc59f38bb4, 3885057e9e4f8cdf1df40aaa55983e45e9a0110a, 473d85b580bb755476cec61ffead3cb6131ce6df, e3df910533eeb808325a326d0bd1a79f9cd31c4f, 3611ae99d9c42f4eb87d0357a0c1bb5d7afeb984]","6","1","f3a29677f9763bf935d36fa260ec36acdf126dc8","ee2c41ad6a46a87f118b5afa1d2b8f5e7f61803c","2a81fef9969b65104cc4a0b1a6d876766696e974"
"https://github.com/jekyll/jekyll.git","582","3","[40e3a0470402bd0ca140f15b4b5494250b64e97e, 87825e1e14ca3e95df42ddae2306bf4211603fa8, 46dd5cf5a2f0ea4a99f5b99c0e84c8c89166f806]","1","1","40e3a0470402bd0ca140f15b4b5494250b64e97e","298d56aab21a7d0d34be14b0b7ccf01524068700","8257f0abd984797ac98dc4c801c186a7994ea05e"
"https://github.com/jekyll/jekyll.git","583","6","[57ccbe08ea8553e31d4234380277865a3d6569ad, bac65ea8c5f42502eee0f1571b057564aa74bed4, 49a3f543f3853c44894c82d8cc70997ef737c5b3, 3b2d68d3337fec9645b721c67eef999765cd30db, 2b73696d0305d44b903f64bf06296e574fa61856, d5dd423bfde2efff8c4c34e17f67f6473f99dc85]","6","1","57ccbe08ea8553e31d4234380277865a3d6569ad","30f2bdff5b71a6dcd05f097cc0d0a92b22d19512","42cc2445a5cab8173d6d45b87b9544c91fcc32cb"
"https://github.com/jekyll/jekyll.git","679","1","[67904e849d6d0575c8f9e5d1d24852d37343030b]","1","1","67904e849d6d0575c8f9e5d1d24852d37343030b","11d2d78cd99386f3038c247bd3a74a1db08c766a","f66f791668aa7c074c7f599d12f3b59a4ac718ea"
"https://github.com/jekyll/jekyll.git","694","1","[3aa80b7d048edcddb246468b6e10c477764f874a]","1","1","3aa80b7d048edcddb246468b6e10c477764f874a","ac704b9763f68243ebd95597afcd6a2ce2f228f1","3b93625a8f112d6572908d658b7c1e338b91a1b3"
"https://github.com/jekyll/jekyll.git","746","2","[cf51e32d0eb8d8ba3ab7785391b8526a154b5cf3, 31ae61b419fd422b7384ab006e66814b00532657]","1","1","cf51e32d0eb8d8ba3ab7785391b8526a154b5cf3","512c7fdb058e26db2b399199ee606fc31adc4999","b3ddd985a4a59f6c6f27c3bb46ec3e788f614f5e"
"https://github.com/jekyll/jekyll.git","747","7","[5878acaaf1a0e0883364143abde32447b4f2f771, 6c40c7f553fca8eddd5cc42f86b141d1245e2a89, ba1cfab73c785a4153bfda14c72c7f5ac4100428, 8204e479c38f2c0fafbf504b8929c74190ee145f, 67f842546efa980146778c85fb613e6c9b53dcb4, 1298ba6908e9beaa30462ae0d6ba45e776c7e806, c0e01597833039472d3d0e9c6b6318aa94c9fe0b]","2","1","5878acaaf1a0e0883364143abde32447b4f2f771","afff4f0bec019f5dfe584c826883df990c7f9801","c42d27e42805d205ccbd009d66c8e0300ba42132"
"https://github.com/jekyll/jekyll.git","748","3","[1ba23c32c69ad70721615e5b5cb82aef34606534, f8e86721481eff5f12910f0be800a1e36a790381, d50656021f2ff9ea0f46bd1a58eb1b4f1cc83d1e]","2","1","1ba23c32c69ad70721615e5b5cb82aef34606534","afff4f0bec019f5dfe584c826883df990c7f9801","ecc5121918ba6fbec97f18d766a47ee3a18328f4"
"https://github.com/jekyll/jekyll.git","752","1","[a72629908ae5c0886c4c1962df8ed0d1324f4868]","2","1","a72629908ae5c0886c4c1962df8ed0d1324f4868","b3ddd985a4a59f6c6f27c3bb46ec3e788f614f5e","ec0eff3315b5694be512d82bb494efd888370288"
"https://github.com/jekyll/jekyll.git","777","6","[a9b80b2f06580efa144a09da0f139759db180630, 10a1b9451a270a24e3465c15aaaa115d2917db01, a78230ccdb50750e736843ae524e7cdfac60c112, cb5bc1093e2e7c3db63a76c096ce86a4c2eef02c, 1ea667474b8c82bcaccda08dc4e58b46649b3ae4, ed815b0d2c302f91e4985137afd674cf102cec37]","1","1","a9b80b2f06580efa144a09da0f139759db180630","f47612ee9813ec997e8a409a5fca61c67a687b88","c603be6a38745c3d6b9e6f33a48c85489cc15650"
"https://github.com/jekyll/jekyll.git","782","3","[95a3c54ddb374a757cec468caed3d413dd2ea9e9, 62d7f5ecade234b07fe51fda22ed4ffd1e391bcc, 06c45df8c3181fa2967dcc7952939e90b11af23a]","1","1","95a3c54ddb374a757cec468caed3d413dd2ea9e9","e097a156576af38690067cb0fd954caa72c22dd1","87978e79f43278366d1ee002e6bc3c5046f473eb"
"https://github.com/jekyll/jekyll.git","784","2","[2756503e7b32f9fa819e2652fa4932a6cc700401, 735194ccaf7f7b9079f31ea09aa4fb8ad856b3c3]","3","1","2756503e7b32f9fa819e2652fa4932a6cc700401","378ec5a4b85ee33ebc7e099b68c60498bdbff8b2","87978e79f43278366d1ee002e6bc3c5046f473eb"
"https://github.com/jekyll/jekyll.git","805","15","[b2b634e767c7a8775b41e8f8a28353577d84e340, fcce0d5482e6cd541e3e6857cad00a6969a9dd4e, d070a77716f65fc9cbdef1aed91943959e9616e0, bff1726a5a24551164d958eca93983b96a975203, 6a72d4a98690d5b13eca50c42bcbb9c8c3daca35, cd2688ab6665367b3e65ce7d1e878bb00599f4b9, 9bb59e9999ef7ecd6ce64022fc6394906c9f43e5, 30ceda52ef6f00a1edefcd8c9ce1bf1e81c1028c, 659f0869e078249c2dfa1a6b088f8f934b9956f5, 233589e15076c41ac4b95ad6e0595f2f6a4a7ac2, 532bb9e9cb4851405ed595ed315724779b93b286, 4935e85f7cd1f09cefbe9988fd0e52eeb49d6f9a, 03488b1cde735eaac9a75a64cc155324f4167e64, ebe3c106047f5843f354c8b88a640a146bd1df2d, 82c3ee365f5a8b948ce2ea853d75a954fa709939]","17","3","b2b634e767c7a8775b41e8f8a28353577d84e340","ec25ddee17d7a569e564c01ce97b1cf994d0d8cf","f92d6639e65a66a159c260e8b4068197b5e09e42"
"https://github.com/jekyll/jekyll.git","838","4","[918bfd5fe5f9f411869f3bfbbf81a478316f04b2, 4359dba84ad428b5cbf38d4c0f8863da491a2a87, 657a8d7239533553571559aad954b40764e55b79, effe23a00896a2b91edaf873a5611ee165a0a3f0]","1","1","918bfd5fe5f9f411869f3bfbbf81a478316f04b2","64e87bfac98164f93db49c4cd4945644440f4b8c","c22753030041144f2e1094a1c6bafaba3c1ca0fa"
"https://github.com/jekyll/jekyll.git","855","1","[87a8695196a70cc2b6d3a9ad95dd3d18ff121120]","1","1","87a8695196a70cc2b6d3a9ad95dd3d18ff121120","c1761bc478184c199b8fe3ec82c12f0615f53720","1c515c9789620d244317fee992e66b85a7c05687"
"https://github.com/jekyll/jekyll.git","863","1","[db6103bdeeccd46d97fa96319d724c6e2e19bbc3]","1","1","db6103bdeeccd46d97fa96319d724c6e2e19bbc3","5e790a6d4975ca63859878954b1ac236442c454a","6e8fd8cb50eab4dab527eaaa0b23d08593b9972b"
"https://github.com/jekyll/jekyll.git","867","2","[e5279d47733d25f88519025ee1ece33bc725d660, 9d1641f163e6b20507436872336414cf6df931c7]","1","1","e5279d47733d25f88519025ee1ece33bc725d660","05a982e5bcb586ec6d7cf2431c2b8a0ae5e7c873","a67adabf98985984186caef6ef00dd295b589867"
"https://github.com/jekyll/jekyll.git","870","4","[b50056e8df2da8e23b5290eab2703f547f35478f, 528ec27df008fd06161084eb56adaaf535f10779, 1c4b4ae2717d38d7c0c1b406557e9982c59a1330, 0f4aed9ccfa0776d7ca8e1548a3202b7d80d1019]","1","1","b50056e8df2da8e23b5290eab2703f547f35478f","48b23858ad00062d88fb12bbee0b0f07c22ce964","a0f3860cfa8a4f22e0d55991f9c535f8e41597ec"
"https://github.com/jekyll/jekyll.git","877","3","[afd1c21af495a782c6476460fd041b6052c27676, 2a040fd5278e6b5a8444a16968622f09c0429574, d9b12bc090aa0b275a764eabb0c8482ef7881f99]","6","1","afd1c21af495a782c6476460fd041b6052c27676","d6176d6010b971cb2921aa0a4c8ebb96d7870fce","74734d46f8f6f18fd55706fbfdd75a1ef67047c2"
"https://github.com/jekyll/jekyll.git","883","1","[b89f943bf22bd7f36c8378791ca543e16a59f442]","21","1","b89f943bf22bd7f36c8378791ca543e16a59f442","e58d0ae0efc23c5d58d16de0758de4f8f6f7d58a","d63acc140db95f62e851b984005fb07701d97e98"
"https://github.com/jekyll/jekyll.git","889","1","[bb9462f12fd9d68a86017c6f174b3dd1d817d6e3]","1","1","bb9462f12fd9d68a86017c6f174b3dd1d817d6e3","20303de60dff8e282ca628c70302856f4ee15ec1","9f4d4bbae03aae862bdd825ef3223ea538adbf79"
"https://github.com/jekyll/jekyll.git","916","3","[8b72f142178ce281777e9b9fe8a18e6cdc4dfad7, 63a51df90937dcea8e3d0a3f8dcdb32d541e7b93, 559cd6c7e70f96bbda7cac3d36aee13a03206a39]","1","1","8b72f142178ce281777e9b9fe8a18e6cdc4dfad7","44a43b757ddf1d79331c6b8aa00fc46e31eae1f1","af3fe0f30d172d8ab712919d0aeaee8210639250"
"https://github.com/jekyll/jekyll.git","918","1","[ac56e9dd1684f6bf0c58dfc48bcb5378866ddb61]","7","1","ac56e9dd1684f6bf0c58dfc48bcb5378866ddb61","2812341c37b06d709871db542b797077c51458e8","407fc82b2d822ace149dfaf6ee74991163a9e2b6"
"https://github.com/jekyll/jekyll.git","959","4","[79a178f7f15c4daecf6d3a88a8d7406896d8520d, 736e6a78f14e3096fd212f8ac8c7925761d97076, 245d9677d73fe481e6b3e1d3ad878d85d5b3303d, 6ca9633354f67b3efaabbc5619ec6bfdc1d70021]","8","1","79a178f7f15c4daecf6d3a88a8d7406896d8520d","ce9fcfaebb0d9bcdafa8e60b0626655c854f90e9","ae584e43ed11467290ab40b8557c77c07db17feb"
"https://github.com/jekyll/jekyll.git","972","15","[da80240fac1d7b6a737f87c865a72423f7c69c89, 3aaa889218fe8459f5f3081ee9d6f9095fc70154, 00aa2955d810ba35d64a5b45dfa1b99c240f4a87, dead70724e18e0e4b2265a9df4d9a1e481223063, d15e4a9c8a494f30a38d6cd94b21c37f746b9235, ff3edbc16b9d11f56d4c45b2737cd6f693cb8505, 68907ab833c80db7138214d2b6195c7aa5e2a5e7, 7d3a5f82bea9016ce5fdd90b171a2c8f8877aa2c, 5a60adb6bd9069cdbeb78910e358f2412bf0728d, 4f06ba78849f84e23ab1670eef4d464488765d3b, ae039663b950724fb917aa950c694037d33b50d2, 6dcdf06c8a5f8b3bcc4637cfd7ba506b4ae67e15, e19d6c3f7edea4be431c66e2ee3218d85a8eb338, 62cfd45d7958cd3c107a1ce19713ddade22a8d6a, ab35d32febe8cf6c9bbf94953f8417870388d5b5]","4","2","da80240fac1d7b6a737f87c865a72423f7c69c89","00728655127b9920d0ff416e60c8876653418078","d870dfedeed2d47a779b6c0e9290ce3358ff600f"
"https://github.com/jekyll/jekyll.git","1020","6","[7d93e3fdcd9485787e9a5958eb528df03db129b4, d3bd81361cbd440a178bbd53219c4d6915c24fa8, 06785f2bfd38a61d2e511de325df20810d98d069, d36c3b007356a8ac90a602132653f2e373d6c600, eb064b66841a00b9552acf3379cab80480cdbc0b, d3e23c2fae0e73851dd71da2a05627e043ef1313]","41","13","7d93e3fdcd9485787e9a5958eb528df03db129b4","2d0d27da73875a2bc264eb229f075417a7da8f99","dac2b17123b71c83aa9f74e4511c234b039e1c3c"
"https://github.com/jekyll/jekyll.git","1041","7","[5e9b7343bf505319b97eb1094266bb06a58c2589, 5d1a24e291dd0901965bb5309ffc8145116c48e8, 669c80391278c3ed9b7431eac4c56fedbc50614d, 8917ef011cae1ff54a5d7d631113104d5f89a8bb, 27a02e163b04aaf9ce60226270493d4b92ef5dcf, 7a31029c79355795bcd97215000dc4be802f57a2, 48bf711ec79e4b7131d0332e26eeabb1f5db48e2]","6","1","5e9b7343bf505319b97eb1094266bb06a58c2589","d40b6d6ee011b24909257b4427c8627dffd18313","b3371119fd7cb2e154750fe0fe3e147832b9c296"
"https://github.com/jekyll/jekyll.git","1085","6","[f55eb1f3fb0a9f871133144074e063c1bbb153f3, 3d843d81e6b170264809fdc2a22d214db5f64db1, a87cda4b128187740f6ee70c264cb8c4912e0451, 65d43ef398b81127c692995664170e561bca8da7, 057b8cae7ff7d4bf8d7e5765735ef331923017b8, 336bb447505392b7861c7d6c16c171451ebd0d15]","4","3","f55eb1f3fb0a9f871133144074e063c1bbb153f3","3318c38eec56cbf2d1da7141e0ad93519447fda2","6883a0b39725646e8efe75977ea5e9395d56fd03"
"https://github.com/jekyll/jekyll.git","1106","5","[dec27bc1669f1b3aa7cdf3f0754e5688d7ee58f0, 2b29e091777f90a2cb5769325edbde9eaefbcb02, 9d547f74cc16f498779c602a9bb749dd5a5b082b, c1da91cf5c804de2a65704ee4ea168827acc39bc, 877cba9811a092e1ce7100ef3cf14e7f17f98804]","4","6","dec27bc1669f1b3aa7cdf3f0754e5688d7ee58f0","c378f741a8bc88333a0f06b4ef67f634a7b6aa26","2547d8adf38b903fd83a2e4c5bf127dddb2a600f"
"https://github.com/jekyll/jekyll.git","1108","3","[f11837dd7b203f622b3b79b5c929b779acbf317a, aaf0ba15ccbf9e2ded565b4115af9dd22b24ff8a, ef2d558874d5fe24db751fec2a07a52166482360]","2","1","f11837dd7b203f622b3b79b5c929b779acbf317a","cbe5f8e4dda657e6a5c275ae489b7c16ed321dce","f7271a6ef958d250d01d92784a28e7558b7452c5"
"https://github.com/jekyll/jekyll.git","1114","1","[3b7091aab7ef169ca7d05f45a54cfe750364d21c]","1","1","3b7091aab7ef169ca7d05f45a54cfe750364d21c","6d9b4c2abad3f28e6faa0a186a776e3e14313132","00c898b2e9057e17a846d0d08e1ec291601991a3"
"https://github.com/jekyll/jekyll.git","1116","1","[004f923644f16dba949143e92d0c74149d6140f5]","1","1","004f923644f16dba949143e92d0c74149d6140f5","a312115a5a7c6fd6f18f8da7bc6726d2fe4dfa1f","191c2279d24ba8137baa18f29314a8863482343a"
"https://github.com/jekyll/jekyll.git","1122","2","[c8d1c3d2640a88cb6fb719f78402c1a7d0eb8836, 3768d90278a76bc7cd405ceed9d8b029c9efc489]","1","1","c8d1c3d2640a88cb6fb719f78402c1a7d0eb8836","ba2e1390ad1456db30c40afb651c9d9616e5d481","565bbada08ec6f4bb827365d5ef06ce6eee3e89b"
"https://github.com/jekyll/jekyll.git","1147","4","[9109da32f9c329219bf84cfc0f2192a2c5075e21, 7bcf8d689ef28b2d07e7196371ec1854f50c8f2a, f66862c508d5405006639c3dd63b4322b9483e30, 928be16fabf7aad9ddc40333a9529d2b9102fdfc]","2","2","9109da32f9c329219bf84cfc0f2192a2c5075e21","a098dc80cdd18e58479f005facbb985244f0c3a2","eac3ac095fd32b21c5bf626974e80536b27f9650"
"https://github.com/jekyll/jekyll.git","1151","1","[5e10958faab58d6f380f4b17aa0032aa5a6284ed]","1","1","5e10958faab58d6f380f4b17aa0032aa5a6284ed","9b81f29625b7feca2999885ad83c515fada213a9","e0a011c917f8bc1a7751a23f2cbbca2788cd7c67"
"https://github.com/jekyll/jekyll.git","1173","17","[43a28aed967b66de87e2a539ca92c5cb93ce9b66, 5d9662f80f2aba39158cd26ea00216f4877e79a8, 52f0b36558e97712f5f0107fbc3b9fe6ac475c32, d0e12d69bc73346c156039e569b3d54d2e6ed806, a701e59c070338677a27a5801cfa3d4feb12977c, b6d81c58df04991fc4b1f8eeaa46a23cb3af6be5, 02f281eef3ead61af68f38b439eec1f859a2f2ad, 8a257aca6b40adc73e22909ffff0ee6e1a4818d0, dc30114605bd4c8f121a02e3d4b1aa5e700fde22, 2a5cf11ee27c0faeda1009d6a8099882230038fc, 75c5c162979b7cd729131e682b4ac7a299ca9067, 4acf343fea062e26def0cdef77c45a596a1a30ca, ac03af3229777ddd3fbfb43a646339789e32850a, fe6bfc6f1b2540dad111153d855a5ec91b2fbf33, d438362971b8a8ceaaa8d5cea6207e7db398aea8, 842470b0c4d3a1e738d6226cd5800779ffab6870, 11917645f2159e7c94449e1103237dddee0f42de]","14","1","43a28aed967b66de87e2a539ca92c5cb93ce9b66","7227ad4ebb987a717ff38ced9db9d2bba199519a","cb8a4b4d6224ec9a0180658aecf3956c45ed21a9"
"https://github.com/jekyll/jekyll.git","1225","7","[5d23760280c46ee134014c87fc754977994b0f0f, 5a350788e739adfef1acb8911828cf651367bcb3, 8ee1b2a1fd5ffa56aa012e894b16252eb3bdda54, b0a7f9c8c9694a6e324d5c0abde5b11fb685a755, 519b60d0121d529839fbc18a9d538b6fc4c462bb, 0ad2c338c4c199e5e7024d2e941f7af0d7e17711, 34de676713b28586abfdbd23df75fb457cb4f364]","1","2","5d23760280c46ee134014c87fc754977994b0f0f","13bb7360c05d3e37b3e7db9db3996a7ccc7735be","01b11d098ed0e226ae39e9d6152546dc0a634f0a"
"https://github.com/jekyll/jekyll.git","1234","6","[996db6912df946df464ebd2d21b37c15aa9c670c, c77d06446d0a5f95b6d4fd2617c124c84cc403c8, 68c0e8f847a426b3c4f482e1a6b8ce9ca4af2369, 4b4a46579a3407fc2e1a9e019ec0aed2261248eb, c95f4c0f5be9666a8e56f0b1ad94a329012dd094, 078b2785e41809c02e157790095da46137a2528b]","2","1","996db6912df946df464ebd2d21b37c15aa9c670c","6723db815729199179eaf290cca58affbc0cb150","90b67232888a91d6054a82e5f9384075a296c01b"
"https://github.com/jekyll/jekyll.git","1259","8","[a041d506810fc8611f193b1c137f859f36ee4ca3, 0553dc2f85d489ab6340063965ce323b5cc88aed, 0701fa7b164acc6f01305763c3a4300c332fd06e, e3c74d5365611f04f50652e888eab764f5c6b7db, 1f2250e7a4bc11830dac5b233aeb48352677e61e, ccef84a8033f5d4b2a9ad4ef7b85d17a831d4c11, 3a96d01e4a96cc0409c8001e8e92dfc2518c2b8c, 95644a844f8782929c952c0c95e00b526ea3b458]","2","1","a041d506810fc8611f193b1c137f859f36ee4ca3","7539e2109b7e940c5e6fcb020a0573316e0454ee","bd0eebdb054b2c5758295d2afcff7f737bac8798"
"https://github.com/jekyll/jekyll.git","1264","2","[fdf58c5ce2ba9b294ff7aacadc7fafe70f648e0d, 5445a1bead4d6257526208bed03f6eab078ab22c]","1","1","fdf58c5ce2ba9b294ff7aacadc7fafe70f648e0d","bd0eebdb054b2c5758295d2afcff7f737bac8798","19b2d2eeb6a5f1ca8a9be1fa74f93cd2e6a22ba6"
"https://github.com/jekyll/jekyll.git","1307","6","[98ed3b1c8f5a6cbf701db7df5597e216bdabc9b4, d84b801feca8b4255112efe7d65b85eb557effa0, 1238ccefcc3f79a339c2880f08ddb05c41ddc3d8, 55de1354677a9c39bbeac7811d352cfc4f18fc63, 79992fc3c86fefe1ca08b01152ac52c9c7915882, 71b10e2d4a8184ba48c69f1ed46fbbc1e4891855]","1","1","98ed3b1c8f5a6cbf701db7df5597e216bdabc9b4","190ab7f6b8c7dc45df324f175000ecc8e56a90be","568464bc0eae3224a43a4e756af1376af13477be"
"https://github.com/jekyll/jekyll.git","1311","4","[cccfda7de877a899ffb0ffdffa2fc5e4c2fae593, 866935dadf75ca6d04fd3486381b2ddd7e96f79e, 3a8992314245a79a546a7ee0a7c6b0fd50845f46, 687176e22c49484b502bb341fabf139ee6ecb25e]","1","1","cccfda7de877a899ffb0ffdffa2fc5e4c2fae593","c4a2ac2c4bfc4952ac73f4f69722718c2ec0c744","59b6cafef7ecf0dcb46747264ef9511c6f4b6ad6"
"https://github.com/jekyll/jekyll.git","1353","2","[0594adb8fd7ab574a261870a7f3e2f827e19ab33, 83f726f503c292a266c590b883aee2c6b84b508d]","1","1","0594adb8fd7ab574a261870a7f3e2f827e19ab33","21b6a01980eb2ed7f55964ec4706d700fcb8bafd","36006fa68abe7f750b66539e045796b4afce9aba"
"https://github.com/jekyll/jekyll.git","1359","4","[bd59fa14f303cf2101faa982cc2af44d16db1d77, 5fdf637c6abbc65b52eeb9d55bc682cff1382515, a902fefed56760361cccf8ac63740181445ec555, 274c6d366700273874a05f893226c172992a0141]","1","1","bd59fa14f303cf2101faa982cc2af44d16db1d77","81807cb5af20b3e6b318ec2df795a3bd9ba539a4","7e2298b8d02bcfc141bb9d8b573adaacf8c79883"
"https://github.com/jekyll/jekyll.git","1395","2","[a66d96ce0a5dc8dad65ff5ca5cd9675e03f38a59, 05f1fac2a7e1c1aacb7638948fe59f557f6aa67e]","2","1","a66d96ce0a5dc8dad65ff5ca5cd9675e03f38a59","f385fd9efd37e8911a6fedfba14eda225ecfc27b","0e68d34e1bc971d8e25715d97c3c83e0de460ba2"
"https://github.com/jekyll/jekyll.git","1403","3","[880a503094da94d63f872e9fb5e2758bdfbf45aa, edbc273829e73f369913b7f2c6e8c4049285772b, 5f807e74212af2f7c8dd87fec3743e3616066627]","1","1","880a503094da94d63f872e9fb5e2758bdfbf45aa","20180923cf9a3b4521bf266910548b2a2ee8f4ae","579d9fc813477b9962df61fe4334f8afaee6885f"
"https://github.com/jekyll/jekyll.git","1415","2","[35ed101651ca984df373e439aa389444b66ae275, 99cc12cc0a9d46147dd9f1322d4059be82986ef4]","1","1","35ed101651ca984df373e439aa389444b66ae275","e58c1ee30611bb11feff9a6d5352ac7045bd0351","21c7f2298a52780c88927f688804f909a71e5b27"
"https://github.com/jekyll/jekyll.git","1419","6","[467945bedbe5928f75742b933012db2e4e5d2cc2, 460d9c1c443c81ffac95c7d5a496506feded33fe, ae679405441cf2bf6426486c97f8dc67006a3070, 497c10897f9a767b66aeeab42b2a849034fb594e, e868a8437f9e0f6b28f6cfa897c524454c3df3ef, c8786b7b281281bd127309b2a8fafea38c5d2cac]","1","1","467945bedbe5928f75742b933012db2e4e5d2cc2","d59b2c3ef6a22b70f5705a2a60967bf2395fa22a","7a9bc641ee30b5e926f22e39ddd35f94a96562dc"
"https://github.com/jekyll/jekyll.git","1439","3","[c76e41d157cf239e14384351b61472e50073c1fc, 0371b6995202fd8fc19055301b218d407be56aa9, 6c22ae37597480bd0489eb3fe2efa0ae539430e1]","23","2","c76e41d157cf239e14384351b61472e50073c1fc","b9c3d8ba0393f8d50c1c12dcc76c793b156ce41d","4f20d7ab2489bf92b1388178f23ac17b7d826875"
"https://github.com/jekyll/jekyll.git","1443","3","[12a8be0b982936c7e3ccd346b58b453ee4d12197, 418c978b9140868d8bd681627abd2cdee67298a0, 604fb3286c9e9625912e45d31b07e18fc79f56aa]","1","1","12a8be0b982936c7e3ccd346b58b453ee4d12197","3c6377d66576d5aac0e3ce63c89b86506d9b3305","8f90ba82a4d1a3fb025152ec66db3705612d8490"
"https://github.com/jekyll/jekyll.git","1445","2","[e37b3ca8e17e574e7e47fa75df78540b082ff8c9, cbe7e3e80e33ab1b67b24877bac929774101372b]","3","1","e37b3ca8e17e574e7e47fa75df78540b082ff8c9","65275e5841dbac22c8e79649188a29e9d0d2a37b","beeca433aeb23b1160b32ec8e36f809b599655c8"
"https://github.com/jekyll/jekyll.git","1447","1","[921dbe0547deb096a0a748faf86781fec64bda7c]","2","1","921dbe0547deb096a0a748faf86781fec64bda7c","5aefaa1c48b055061877fec1162aea144fdf8927","ab679cbe26aa56c32a59c26c348e88e5b72cc820"
"https://github.com/jekyll/jekyll.git","1473","9","[53b2e1372c78806681a8c3918c59e818f5e8e660, aee7d7327f6cce5b128e93581062aee4287da209, 03291eb5f4f3e9933b7f98d4c3569fd00728026f, 56b64d688d0e59f24d0c94ce9aef66b01f2a766e, 50065a27813c5519aa296458b41cd81e6a8bdec0, 1315112ab51f292cdf95fc2b857de32f01c20eba, d3f9da7645397d63aecade6c1a64d204ffa1350a, 5129a3ccc3bca2d47e76402be207f5caf438463d, bf3a20b2d71342540ccd3e31c487178502ce1305]","1","1","53b2e1372c78806681a8c3918c59e818f5e8e660","01c09fd7fa551c6bee0d78eb086ff64bc0aaad62","4f20d7ab2489bf92b1388178f23ac17b7d826875"
"https://github.com/jekyll/jekyll.git","1474","12","[fb523722b572c4aa7aaf9df4e6d1692479d6d980, ab3aaebe6d877185a01d9287faf2fe8d7063f00a, 5dcd84b71bd4a89805ec9a2063bb25ca2c89c53e, 6c48e9bbdf0e4ae9fa774814050c9ab17c589dc9, 7f1b916f32f0f5a09ef4d1d8b327ca5431674c98, df3c163eebbb23a10c32266da9ae653b4d5a604d, d96f39360b80d3f59425fd011c25b97bb499ccfc, fd1778203dace01c549c8726fb21b326d24cce17, 9ba89b9ab1568b095ee0474dfeef00f79e891e38, d8e68bc0e12773d5a21409082517cbeec4099721, 9f6965c1b5706834ca35bd49e52affc1515409a3, ae7e4854748ea7e892e44c122a457080ff055ff0]","1","1","fb523722b572c4aa7aaf9df4e6d1692479d6d980","01c09fd7fa551c6bee0d78eb086ff64bc0aaad62","4f20d7ab2489bf92b1388178f23ac17b7d826875"
"https://github.com/jekyll/jekyll.git","1478","2","[f68098c7fc29385a6053dc69f4e35716856148b3, a5c1a01965e781445f38cac0666d14c17489099b]","1","1","f68098c7fc29385a6053dc69f4e35716856148b3","e278997750298fc23198df0dc45024b70dd21107","edfa1c8ecde81fc9146a22eb8669340bc5f726a6"
"https://github.com/jekyll/jekyll.git","1488","14","[1e0d9f899b5f81da7e2dbe7c324e34352dba4fd9, 19b0fe97812b2b31ce26b47fd73a07cc1f3264d4, 3a1c18ede202385ce74cff7d8b2d6139fe81cd6a, 2ee7e735318db0448ab45a7f1f69f8487363785f, dc0e577b44193a8761c44c14812a65da96011152, 7c1709fab4b0ef1ce9957cbcc6635f538850ae3c, 14e0abc4e2c4a2931199a39c88699a123d40e349, 558d0e8ac9ae48719a71eac48ffc5cb06fbd33c4, 9c9e96cfa7bfe73f41e2d35a71f822907000c554, cc80aab1919ece7872af24f1ca735dea1e500464, 12d9f8b02bffb0cc779d78216d302758c7a4eb09, 367a818c267408f364427e0e7eba1d2a4ea9ea14, 3517b9f4e2d2f7d38d448d49b9bb59f2419f875e, 19e704f408268f037e9d612ae85adbf253583254]","1","1","1e0d9f899b5f81da7e2dbe7c324e34352dba4fd9","5c109ee8dc885fb39b6af22b99a0472a0533dcc9","cb22320ae618db375f372d1b1243fcd1b46e586b"
"https://github.com/jekyll/jekyll.git","1490","4","[ea054ef1491843ad78846b85b115fb3eba7e5f88, fa2713202558acd0b20f2093107f27540193fd4f, 00f21ee93ca28913ef027caef893488d2f93ff75, 2468b9f45c379ab5a0750b3e5731f5ad2c9b4f4b]","1","1","ea054ef1491843ad78846b85b115fb3eba7e5f88","b6cfb8aa4f3daeeeddca10af37230cd214ee5764","1f94ca786df4f77b32c6a7f8515f3bfe6aa8443f"
"https://github.com/jekyll/jekyll.git","1504","4","[3755437d089674102289edea4dab5c0c99c96ea5, fc98f06ed718d0c077de888e4417c5a0e6b0a674, 54b74fafba7d42d54a22abf4cb41033900a9aa0e, a2169bf0c4170e9dfae53e51ce07d508a745c3a5]","2","1","3755437d089674102289edea4dab5c0c99c96ea5","c8a715d09b1795693cd504be4021a122e517bf06","693d1b84a8389bd181e88792f2df35cf61cd1136"
"https://github.com/jekyll/jekyll.git","1519","15","[622507309513f5a4102ef96c0959416eba888596, 2ccf7f1cfbce397fcfdd7841257a8cb8bf692224, d2b1d538bf402809753c981548a9ec8f6c7b7b44, c906dfdf713fa07f3a45b2026111233c362b5e1c, dd4fe87f69e04025517ee7f403754d87a07ff0fe, fb39b41ffb4c596e31cdc6f11d6e58bda250403d, 764dc8883288173f2339c5159c632ab127b81a22, b74c90dc20ee0604f54198235122606afc2d3090, 0dc680df0b0ec57a16d8dfd024254b37a3ad2f8f, 3a6ad0737cededaa6f2cfd0866d06d75f3249261, 7be78de93a272db1e01b40691edb5f7a18f75d43, f1a422dfffb98e12349dbf0e2cc2ca47f0afaaa5, a27e5825b9868c909a0fde040d0d64bbab306e9b, fd98d5b1e694dfbbf2e8524ee3067ece8257a1ee, 330005d932c203e3465703c6aabb2993dbed7aec]","3","1","622507309513f5a4102ef96c0959416eba888596","1d8fff706bfe1d4ca814987a229d66a9e3e85a93","d379e3c012ad1785c0e45291cc82816941790362"
"https://github.com/jekyll/jekyll.git","1523","3","[22f7380abe5f474271de43e70eb5285442c8fa5d, 955dc38400485f7275612ac070f4168e9cf27cc8, 09c6ff4f9c9568c103788e2d7f0c9804c7706492]","2","1","22f7380abe5f474271de43e70eb5285442c8fa5d","9db5a1a6cef453ff86a837707b814984126277e2","6bd07501e8ec7862fcdb09324c07a38a12f456af"
"https://github.com/jekyll/jekyll.git","1529","7","[2804e08908628755b53febe007356e283952c00e, 199728144942c7fe599ce74a9e3c3d84f7422711, 46a5ab99f9710539c05131ce1526cbd834180fe9, 3a330dc7fcbbd0b4e4fe50a904f1b6b9df6fdb42, 26663a6cf91ed6fd9293a91a3ec80d4cda58be43, 91e9ecfa63b68ead5595ecfd67fea3e5ad33aef4, eded314bb134a169c940fc3d1771b2cba9bb2af9]","5","1","2804e08908628755b53febe007356e283952c00e","6be33cf6ef11a8ea281d78d1a8d6bfbb6e36d517","75854b5d0b0cd244a37d9b190d2fa12cf8489497"
"https://github.com/jekyll/jekyll.git","1609","1","[18279558da9bc7f80b0a431b1305ff0a6103e895]","1","1","18279558da9bc7f80b0a431b1305ff0a6103e895","fb8e56212322cbf404f2489f309e8e305c004d8a","56a633ae95f4c914caa5c8059c3d4d3a7a3c0d45"
"https://github.com/jekyll/jekyll.git","1620","1","[22f2001ff531e23f69c9e5f60f7eb92b6ee59219]","1","1","22f2001ff531e23f69c9e5f60f7eb92b6ee59219","dd3018ce026d345acc5029548d91a611b2982fec","ea397d09460137762e79e45c287933cc11c7836d"
"https://github.com/jekyll/jekyll.git","1675","9","[036cbda2f620942a84b475a858d5f3a88b71a322, 5647a902de7d58e98e3be6b1417fcda1b5ec46ca, 3ca2cb0119608a2f31c5561917c9de4c4ab4d663, cab9047de10dbfec0dd322acfb191cf0dfdf38e3, bd442680ea6809a9ed9811fd0a51577c5865c852, 4bf716c2ad36d955a27250e12509ae9e4eb8b940, 0831d2b0f839f8dfc2dcd39387597b4f89a5ac0a, 92064134d67eb17392a45e4fc82d83423a4b8ff4, 903cce27451db147ba04377f25d0fb11865c75f8]","9","1","036cbda2f620942a84b475a858d5f3a88b71a322","012387396a9f196a746327767bc3c2b998e26bec","354b4b9c545d05e52cb2180411ed0240b72a6832"
"https://github.com/jekyll/jekyll.git","1681","2","[d362faea3b89f5ff9f8a3f375578e0e6d29e29b9, 1ebce2688157c42921f478fba02af6d4c07c35bd]","1","1","d362faea3b89f5ff9f8a3f375578e0e6d29e29b9","1a3a607fcf164e2dc3778223b999bdc75c19a8bb","b7bdcb19ca558df274c9ae515e0bd67454f5dfdb"
"https://github.com/jekyll/jekyll.git","1682","4","[412fe8b8deee006114fa81308717b028beacc789, 10ee83d680c9ab049f306df8ff5c29f8223f939e, f9ffbe0d6ad66919a9a85f422183382fafe7ded1, 43ef9a2e4ffa09560e0cce232ae26bc25da0f3ac]","1","1","412fe8b8deee006114fa81308717b028beacc789","6e8f31f4060b8564a52256139a53a7f3ae7a016e","12a55b86ac273f79daf225d60289e3540ad928f0"
"https://github.com/jekyll/jekyll.git","1693","6","[2bfafb3b33b801212f390d8fec1c386106e78b5b, c2b750448e4389d5e766b77ce43f7e89ad0a9bee, 8c1706b66e2c147d8ada59188f2315d74a97f486, 35712dcadc781770c0fc2e5176d79e3aed9ecd6f, 396aa16f9900b10daead6c36281b8824df8dde2c, 5b2480c8ba093f550f46dd3aa3eecbb624f4e5c3]","3","1","2bfafb3b33b801212f390d8fec1c386106e78b5b","fa8618879d469b39fa1a0ce48de3e4b2e2694086","12a55b86ac273f79daf225d60289e3540ad928f0"
"https://github.com/jekyll/jekyll.git","1721","12","[e91db82d2620e2981691ec49d9a0add20d8d557b, 5591ff2a6bcd4895e334d9f35e344463473b832d, bce2c2efb41fd128195256455dd9714183abb124, f0fbc8f356086f5dd53fb03a274cfdc25ebb76b3, 249b13a98a58b48752e1ce8314ac6aab8a21401c, 5c9f9a4de8ac23d10c498f2fead7720f2df141bc, 8d898dafde3d4624fb5ad9552571c21b3e1ca7cb, be5966a2ec63a3bc7ae1bd4f4dba3cc8120be4b1, 6187861e911eb624434e1fd77a9a8696264d1fe8, 615d49ed664fb117540fac6ca8aafbf3cb7647e8, a4b9bab1dce7ea58eea878b1bc38b7ddcdbefdb0, 480e35037bfc058819709209d528b602c838c6ea]","1","1","e91db82d2620e2981691ec49d9a0add20d8d557b","b58cd5c13265b972c9ecac6f1250b05807225972","a26663fb3618df8b2a028f00434938ce75aa3dc2"
"https://github.com/jekyll/jekyll.git","1724","3","[fb9de8cbf609e929ec263c4f2e9293c8b00d7b36, 5ed9d21ec7954c66ba1fad4f840c80754addefa3, 0bdfed4b255d3a0297917fd5eae5458172b46214]","1","2","fb9de8cbf609e929ec263c4f2e9293c8b00d7b36","9f1593299a1aba4f43ba689430962c09aac201be","7af757a3fc1ca2d82657136ee6109c6972c4a844"
"https://github.com/jekyll/jekyll.git","1725","5","[960e01cba815b92918c602775202715c1c525b21, 2b275ef192214be0c6c00e7cc614c2e749ba9014, 96a37ac1abacf9bd84b526595ee47878609e97db, dd851943c08a4a3eb2687138a7c7985839d5d60f, 32b4de3ea6eb82eedc2177d1ac083e23fa1a2586]","5","1","960e01cba815b92918c602775202715c1c525b21","f1869cda988d4ed4da0609ccfb9534138f01910f","20ea0c8d56572c1e34f09f8558428679ea5f618a"
"https://github.com/jekyll/jekyll.git","1741","16","[ed7fb46b96c4ff9128364ef2ac67557a573e9d54, 4fb437cfc6a4ada7014948006669cf810bcb296b, 8944cdf544db94c988a439ee339d8ef02b61d2e6, 063ee6fb67b62e9346ee1a53f012cb418eb95259, 22ff7d00f48e53fc998a675342873f5d09e3b1b8, aec4286ca6cb0669007a405ad67721cf55e2f794, f4918a623b056382e29528f4208942928a4f8ed0, 86e717fad45751da0a9c27993955a4cb26f4055f, cbee41330e0998b48cd73341bbb8e4522ab5975b, 315cfcd727a555b5df85b98116ab9c6a939945d4, c120b96638786407d9087393100e2883ec3ab8d2, dfffc2e72a20c199e656f6bfa6ca977475ee6a01, 1d81f2553d610f79450dbeeefdd3999051660ece, e0ef667dad526756c70431b6e3453fd759eee885, 5e0af8499324f985501f45bfa6f74954cf684206, 8382a8b91b2fc84d569fbdfc43ea9c099d409944]","2","1","ed7fb46b96c4ff9128364ef2ac67557a573e9d54","249642733bfb52f8b00f0c3cf6e0ed45c0755572","6842148389cb53bfc38d4557af81100fdd4c30a9"
"https://github.com/jekyll/jekyll.git","1772","3","[694599645f24006d65baf787e5f05ad47c2ed32a, 310688297b2333cc6e5c9e240712db6e0a1d2ffd, bf1d9a79c4ee7c408127ca0e46a8b7d2340238fa]","2","1","694599645f24006d65baf787e5f05ad47c2ed32a","23ad7fa4bde350e24a5bdbb7574d6027a0955fb7","41adc30667bd48a2a7e70b3c7573ef1dc6889792"
"https://github.com/jekyll/jekyll.git","1779","15","[699eeba9f02d0b59aced006be3979e15e4d9ac18, 1c52657d7df1a764a96243f4b37ac0c6963a3800, 67a451ea8414761de811aff1eb427f932ae79645, 80910293293c606de620f6f5092b9a649d475b80, 1cb67932f6272f3817ff5e14570ea32fd4f3af6b, 299cb931470c8e3186baffacef4494d18e4705f5, 8060cb60a2ee17a7bfe306d98ba07398ebd201b9, 5775603f49d95f6c3861934b937917db683d012b, 0874c14b2c875ef67cf90a366a04534a05b6349d, accea6648c73b79d09c20f9607a899a79fcc02a0, 2ba26f1bb634d51f7dae527dcd8162ffbe39f09b, fb911af2cd7d7baeb96d347a10519d25433a8fc9, 9d44d3290b95473516c398f48f4e176d228e2d6e, b3fdaa97928d628aea67ffcbd07680e8d0d42590, 3ccd8dad3198a63cd4a1d63f47faa4eaebe9e119]","9","2","699eeba9f02d0b59aced006be3979e15e4d9ac18","20ea0c8d56572c1e34f09f8558428679ea5f618a","70d9225d9c8560f8f1bd3118afbaf667f7f936a1"
"https://github.com/jekyll/jekyll.git","1783","8","[110aeee9a21a2ead1afe3325852be9f79caa13cf, e3f6d860a2d72b9f1dac87ad706d623fff368ea1, e141dfa03fca35cfad4e4272e44b9e32dedf8568, 87ef39aeb0ce441e6de5f32eeae615774bace906, 01f41a7cfcfa1a0e8fc9cacb5650fa47a405cca1, 848a11b3a8275ae932d45c8e98a5aefb7c2fd3f7, 75efbadbc9225c199dc3cfbbe77653c81c3af81d, 9ff245dbdb81baf21448af96e2309b9e69756ecb]","2","1","110aeee9a21a2ead1afe3325852be9f79caa13cf","0761769ddabd2fd5ad84f977363b584051fea482","41adc30667bd48a2a7e70b3c7573ef1dc6889792"
"https://github.com/jekyll/jekyll.git","1798","5","[2a92ad77ccca51acca34cb13dfdfeb8f328a1a5d, 4c6ccc8009680b978ca74f83df3f344ee2743303, 2138dfc0ac0b8c2f016fda74daebefd11a41fb09, a93795bcc06f7a9283602efc4e8ed3f0d37a5272, 50e945f25187c362ae49b27d6a00a5a9c3b17802]","1","1","2a92ad77ccca51acca34cb13dfdfeb8f328a1a5d","fef96d95e14c2c8ed5d8fe1045c714e2841e9fc4","cb8572fedbea1876c8baec8bb096938b8ed31305"
"https://github.com/jekyll/jekyll.git","1808","1","[760cbc7f91ecd3dada0d6ce8c214bbc102bebfd9]","2","1","760cbc7f91ecd3dada0d6ce8c214bbc102bebfd9","cb4d15561ce0ac93e54839e302cc1bd76cf37120","92907c9545a7925cfc8ebfcb529144daae5d2169"
"https://github.com/jekyll/jekyll.git","1820","3","[0f4d646510cc4f8d323a8724eccf1ba85fb93c77, bec4a07c1287df0f1194d2fd5be55a9e5fa4c1e3, f606d9339b40f4e442834da5f11018334de63a13]","1","1","0f4d646510cc4f8d323a8724eccf1ba85fb93c77","de49342324c115dc07784371452a3e38cde4cc45","79c2d5c8f7e762884626fd66d7eed081004dcf0c"
"https://github.com/jekyll/jekyll.git","1852","2","[4fafdfccf3a974fdcb4574bd65210833ab9a08e6, b7e34175d01d2b44b0138915f25c06ed1a1d9f1a]","1","1","4fafdfccf3a974fdcb4574bd65210833ab9a08e6","3212aac4bc57854569a75f46bf764b6fd61927f8","20f44be87f43b31a8d20431ba019cec6e8967dfb"
"https://github.com/jekyll/jekyll.git","1890","2","[c0dfe3165c85e7720b8639d4add697ea914ceba9, 40e44a2051a9387dd68be9ff98574d130c2dd9d6]","1","1","c0dfe3165c85e7720b8639d4add697ea914ceba9","d4300be7580db3cff8bf4d9e679e81cbe1880b8f","dcad4b286749403023ebec9bc32f51723017cf59"
"https://github.com/jekyll/jekyll.git","1908","16","[0bb2af8dee0c7d12a9a49c9a825871cfff7d7248, a62d868c748670502029f3203a1d6b1c26f3131e, 1e7dbcaaff7769b7a6df816ca005205824469683, 5d6b755d7d246a82f760b06bc6bfa27b01fbd6be, 95491eb7e7c111b20b86b18756a26a0f971c4595, 930aac3b79f41142a7123b3f897b2fed39a1ddfc, 3418a9197a2878b55f4b1e31da08baeee0a2157f, 1bbacbd396c812b2b840f392af0c086a37b9d864, 81a7b2267267d3712eaadf8e4bf8f0b14e66b72b, f883acc6644bd60930aa88f2504af3b0e04a7f89, 26dc14881c444198f2c57d740d8ab126525a5b67, e3594728706db09aae99401b317fdb64a9751b2e, c6a37a424b25b0ff73fa80cd80ebf5868a457ec1, f99c726085569fffcb65de0a28da93df1473369b, 0e0e25b9ba75105295fb925751af83d6793fd83f, 04e0b318c8d9395a4b780c0ff2671b4e51a22afe]","4","1","0bb2af8dee0c7d12a9a49c9a825871cfff7d7248","d68d29c06f2f79e08ddfe5c4105880e8ad541946","9e22d23801fad50a7b69d84c0827a216a57a6717"
"https://github.com/jekyll/jekyll.git","1926","18","[9d2849c56201d3e6322c309bf36606f4ef5f62a8, f72365da4fee5e69cb96d20dc61c7fbdafe0f198, ef22ebd7f180c6bd1e18762803bb4b97134a8cd2, 656dcca3d293c312ea3efdf719427c9d1ef0bd86, 2b01b06ec884ab149c619333ed94fdb89dea69fb, f8f678430540680fa71a7d0f2226664e4d363ebd, 00ed567f9996c278a8d426b60711dfb124026429, bdd84f275ea53da95b598e9c829ca66266199a3c, 99721ee8aab2b08064dc56a9782997a403b21d2e, 0fa03d265100e345cf2bc9e25aa5323eee3d3cd5, 53dec6a4f66193ebf3107c4a30f053deb168e42e, 639acea0a7cd51c55cf9d406ac4a6273b95bfa21, 1b20a185ca4bd71add78d3881037f4b7d677158e, 1e15df070181857e7ff079f72e2bce6a977b0d9d, 5a990f7854806f24bf0cc2d79529d56e1993b015, fad210100b1f7620bb1397d35b183d7cdcd2aea6, f612330565f55fa4ecc52b1fe57a71e8832f9691, 73e589df5607726fb0379f6c5e18db5089562768]","1","1","9d2849c56201d3e6322c309bf36606f4ef5f62a8","08f6f3c2ed971146fd68a9cf6c158f408bb83a6a","f9d26bfd51695b28879930dcab88148d268a097f"
"https://github.com/jekyll/jekyll.git","1940","2","[45576a39a665ab354e9105f6abe2c829659e5e8c, 96efa9ed062e2a690534ac435f960a46f135b773]","1","1","45576a39a665ab354e9105f6abe2c829659e5e8c","2484833bc833188af297db6ef2f300d06b38a780","d1c626f2e26afae1684ac8aad21b9d21b06c8c51"
"https://github.com/jekyll/jekyll.git","1948","10","[270ad54eb365466c0e87593650b7ce616427e94c, 042c960df06118c87fe349e4b40513e73444ce27, a3d53a74bec6d1fa5f47ddbcbcf8bf6fe045105d, eb06cf0d3d73d795c425c5f8ac05dc85e8f0559b, 44cfa0540face9970aae704096aa75d8d1e080ae, 3fdeb8c59149940fb37dcba4b66311e768460e1f, b19997aee45f2a07357cbeac37f91dfd98b07b04, 7fba828f027abe04288a4aacb4ff575bfa0229f0, 16314ee4a25227380ed070dc27a9e2c421ba4ca4, a21031eae967869e8d345e0115c0adb10342341f]","1","1","270ad54eb365466c0e87593650b7ce616427e94c","fdebe492cc36f128327c4854ed8d1918286fc0c3","58dacf796fd31d91e2204d85060eec41f005782f"
"https://github.com/jekyll/jekyll.git","1952","8","[7f10b324315801c457ba41de5f6b669426789856, 7dc6767bc9a3f6d9ede5160f3f387e1f93da56b9, 05218711b2c9026dfe4849d164a489afe18b205d, 6e80ba868e9c7b0546d97a1a9b9766f0f5c1a14a, 81a2d03e58f1a5b5404177c4cd848d808f9696b5, bd0e45c1b9b3bd8c51ddc64d5909c2c413dab165, a71b755e9e539d595ba47c27832978f2f4b3fd09, ce3fa7fd0239f8eceafe21f17e9da9074f1904da]","2","1","7f10b324315801c457ba41de5f6b669426789856","f9d1739680c0bc05fc82e7001e454abcb2bd8fad","f9d26bfd51695b28879930dcab88148d268a097f"
"https://github.com/jekyll/jekyll.git","1999","3","[4123406bd2531695adddb5c4a3b23233e02e0080, 70672c98d9f20825029fff0d072174f5da28d2e5, 151ffab6fef28e6d35380e696c22e3a004952b79]","1","2","4123406bd2531695adddb5c4a3b23233e02e0080","fa1cbb7708e36b1bcca28072cc15b1ad906b7653","d1c626f2e26afae1684ac8aad21b9d21b06c8c51"
"https://github.com/jekyll/jekyll.git","2039","6","[dcd7b362697f896df2f6d69735a045c07dd9b89e, 1c146ec649aebb55ce8c2259fc8b00a8426e3d63, 050e982006feaad46ddc83743ca06287957c5a64, 2d0e65b5f798ea3685d31250f4a4c0f74bdc8486, 5836b441f6e412272839c3a9c0801ebdec4d798f, ea71036e8ccc20b42037a07f307adcdb469a34c9]","1","1","dcd7b362697f896df2f6d69735a045c07dd9b89e","0b1d22dd614b3f7fb1dcc432fc18d16e0f1b445c","3e670e72abf5fb4c03e5b4f42e90d624fb354827"
"https://github.com/jekyll/jekyll.git","2079","2","[c20fc036042aa5092f22981b264a9d53ee4dbd9f, 968f3b0911245de58a8c4a19aae115baa19b6992]","2","2","c20fc036042aa5092f22981b264a9d53ee4dbd9f","47653381b1b4f38849a79193e3fd16fcfe8ae27e","65f0d66e39a89f9895be097f45935f303ea700c6"
"https://github.com/jekyll/jekyll.git","2081","3","[5a92a73010eb810eb0f185645f1023022522b7c6, dc4d7c0bf4cf20b16ad0c51040bf4aca05de9c04, d64fd1e8fea9de400109cf0f3f181d590e67293f]","2","2","5a92a73010eb810eb0f185645f1023022522b7c6","92db4ed89f532748c03fb071826f81c34ea389ed","5c680db7584027de3bfc4fde04a144d16087aaa2"
"https://github.com/jekyll/jekyll.git","2134","4","[da273b685a699d257ead4d590e861e4c14f9e288, b46000f6afc3d9632ad870f85f24cd40990e3de9, 2b9b61368745f85d0255ac50042922662733d818, ef9388684b35f22cff66fc9e25b01fbc37135701]","2","1","da273b685a699d257ead4d590e861e4c14f9e288","3a9ca0a796ba89abd65f8cbe9eff2ba5fd63bf49","4caf613be842ee643064a91e4edc72d70d34923f"
"https://github.com/jekyll/jekyll.git","2140","11","[1a351284ca4cb4a37031bfcd084e5437559f69c4, 538c2086a58047d41cbb4e3eb3661bcef86e3601, 3e164d6daf5b035cec672d06a3b12f09a00f151d, 2588d681c96679b3eafa2647759db73f13792bbd, 78831d94cde90d4ed7422f436744f2c339458c1f, 642349f797c41b2cd87f8774d7c598339c832a54, 1ac46b17c43dbeead83b62bc6820dd8ebf96717a, daa9e11994482d0cde3901732dd0758f8e33400d, c48de6b320b3a6d48407b82d9005b9c854d152de, 2df63e5b9df8c6e28f805d6052c86bf9214a3731, 0ad623fb85377c8554b9d3eea5d472d164d6e2ba]","4","1","1a351284ca4cb4a37031bfcd084e5437559f69c4","4caf613be842ee643064a91e4edc72d70d34923f","065b25138321ae9694ac1d9efe86dbca92c83992"
"https://github.com/jekyll/jekyll.git","2221","1","[df2ad2ac595d3ed5d998108cc3b55fb0eef97bf0]","2","1","df2ad2ac595d3ed5d998108cc3b55fb0eef97bf0","202894c19686121ed63a832c550586b970d5a402","7d88f72409dfe5d8d11f336c85e6dbea7861f416"
"https://github.com/jekyll/jekyll.git","2223","4","[316cc8559c78cd3aac8683d301d2baaff6cf454f, 58d8fef7ecd3f8b900130dee003f328dfc563884, 2b8017dfdc3d1a237bc7aa63427228701bbe01f7, b2ab24583569623ddc0681be56bcfac31fa89754]","2","1","316cc8559c78cd3aac8683d301d2baaff6cf454f","4533e60489404ec4014506642cd8d2d3e571c303","6a756881f920008e40f2894e5044c7a16444e9af"
"https://github.com/jekyll/jekyll.git","2224","1","[9d70088f01d41dccbc3e4eedd7f2435ff25dcd31]","1","2","9d70088f01d41dccbc3e4eedd7f2435ff25dcd31","02366ae5fff8ccee465a308445172f121b979a99","e27e2554d9abf66c7c333990386a17a59ba0f8cd"
"https://github.com/jekyll/jekyll.git","2230","1","[5cffe5ecb5194ef0e26e66ced1e2ef5285a934e7]","1","1","5cffe5ecb5194ef0e26e66ced1e2ef5285a934e7","16a4855200c7860fc741e152f77b3883c0e60f05","72b7b1f0566a3c20951d7b2414f04369e24b1e81"
"https://github.com/jekyll/jekyll.git","2267","1","[cf779b27604f70b485e82d691733be6c3ec45733]","2","1","cf779b27604f70b485e82d691733be6c3ec45733","2ad0fbc8ff7076ba62e48327f8e023f908c05d24","dce4ccc5a445af75b3da5012d8bb49d05da0ca11"
"https://github.com/jekyll/jekyll.git","2273","6","[0ce425443f619cf275f9709d22cff7fd0e8a3a3d, 82bd83fe7f5282ccf73b2396846e1acf362ba277, aa0d82fa9679843e4356aacd7cb737bb98f16ba3, a428acec1c41eaee206f36fc2fdb41a0479bee60, 155cbd146356fe8c80c92bac96cee77958324fef, 6a31e650f32054c9723b2b14cda1d7d7a1e8dfa1]","18","1","0ce425443f619cf275f9709d22cff7fd0e8a3a3d","2de18d31abd2fca02c52054500a69b36bd634a99","093a5efbe1309ac4c4a12ed52a0b24b12cc0b995"
"https://github.com/jekyll/jekyll.git","2298","1","[f688c9df81c257bd1ff7e75d1fd4c46430f2a2b9]","1","2","f688c9df81c257bd1ff7e75d1fd4c46430f2a2b9","d97bcadd034b1e4c23cfeef95c75558dad452b4a","3fa9af17fa5449fc7f59618d429febe5a7d06fff"
"https://github.com/jekyll/jekyll.git","2299","1","[8ecb70d3e3a9fcb2e43bf1cd8298462ba31e7336]","1","2","8ecb70d3e3a9fcb2e43bf1cd8298462ba31e7336","d97bcadd034b1e4c23cfeef95c75558dad452b4a","3fa9af17fa5449fc7f59618d429febe5a7d06fff"
"https://github.com/jekyll/jekyll.git","2315","2","[5a807aa12e52e9fd33a30c86e308dcf842b3ee4d, cd946a587b2e595615606b7dd46fb6f10802e8e0]","3","1","5a807aa12e52e9fd33a30c86e308dcf842b3ee4d","e8971b29990de3343eccd31a1c8e0ef21f28056b","4fd2b54a7de9f8c2fd7c120c2590fda7039b093c"
"https://github.com/jekyll/jekyll.git","2319","5","[355b20265e048f9448ee0d1f99ed8b936d5b40b4, cfd6ebc7478ac2836ba59d34988f4ddd05cc611b, e4a2319bf3e9b9bf7c7775263424e76426911897, 657b2e4be33cc7dba548b7af58182f49e80d29f7, 98fa570c86a40ac7ef1a5d83437b0dc264396405]","3","1","355b20265e048f9448ee0d1f99ed8b936d5b40b4","4dde9d9668bdd3c954c678860653034a8d18dd6f","a4f3f5c583e68a7d9be59bf63e2ad6930c1585b3"
"https://github.com/jekyll/jekyll.git","2322","2","[0a1e3cd2508c797d7b8d1038636a6e7111e5cd3d, 535d78de7d25045341d0501ac6fbb244a09e5a5c]","1","1","0a1e3cd2508c797d7b8d1038636a6e7111e5cd3d","a4f3f5c583e68a7d9be59bf63e2ad6930c1585b3","486ae25fc18660fe8bcf7f965cb56b34d0abddfc"
"https://github.com/jekyll/jekyll.git","2323","3","[ba77a024d6eeb12c5e3113ab37fa8ef9e8489794, 0756d1f765a7cc7815fad5975a61393234fc0762, d88354e2dff644248c94617b8a20d12c7cb78bb3]","1","1","ba77a024d6eeb12c5e3113ab37fa8ef9e8489794","a2e0d76d4ec341e0201cf01e8514c916e3f114a3","dd5fb69c2fd7561b3cb4f3579eb45912af70603e"
"https://github.com/jekyll/jekyll.git","2324","1","[a49326719132242c05e744f59d3c8b4afc1435e2]","1","1","a49326719132242c05e744f59d3c8b4afc1435e2","a2e0d76d4ec341e0201cf01e8514c916e3f114a3","f1c8e388e406e2cc022354562d8bd683d1262072"
"https://github.com/jekyll/jekyll.git","2325","6","[2b2e027b34a60cbb438dd048a4a532858cd5bbe6, fff313a62dc6712654e4da6c668caa3c873b54a1, 6dcfe1283a775fcf4a27c3a395e05714c2aa9c4a, b68149c7bc861cb758c6b0f8b211261705cc2452, a076ce070284702b108fd1e128b0de3011df948c, 58b4ffd93595720fa63cec45b349631e90d3b4db]","3","2","2b2e027b34a60cbb438dd048a4a532858cd5bbe6","dd5fb69c2fd7561b3cb4f3579eb45912af70603e","a0aa3fa6dcd9950ecaf59aa30a814fde31f2b930"
"https://github.com/jekyll/jekyll.git","2331","3","[7806a0d6bb241c578978bbd84a52e61e19ad5933, 5c17d6266d0838b477b07880ac7211e084413c6e, d25f41915987f4daad1488077c1b5cb03d2cc78f]","2","2","7806a0d6bb241c578978bbd84a52e61e19ad5933","2a7b1cbd98cd0a05f3f406f45d3172cb96190e6e","b8c04dfb6dbbe4ba450d684cb1a955f1fa4aa350"
"https://github.com/jekyll/jekyll.git","2339","1","[fab5a715c5c914bd3b939b7a000b410798f2a8a5]","2","1","fab5a715c5c914bd3b939b7a000b410798f2a8a5","b8c04dfb6dbbe4ba450d684cb1a955f1fa4aa350","2f2e45bedf67dedb8d1dc0d02612345ee5c893f2"
"https://github.com/jekyll/jekyll.git","2340","3","[0cb1ebcda18306ab165e18556428c2d940bbcb5b, b5916caf4bc9082574a008a45482c617e19687e1, 5ea06f3ad9bcf62d419ebc8bca505e33d58205c3]","4","2","0cb1ebcda18306ab165e18556428c2d940bbcb5b","d80c64368122f67d8aa63113b9a688f6215c21f5","2f2e45bedf67dedb8d1dc0d02612345ee5c893f2"
"https://github.com/jekyll/jekyll.git","2343","5","[ec637a13e9f54a438b023c746c82a2895138f0a3, 05e8deae8dba106475fe596eabb05ebcbdedca68, 3bc4f590eaf3229af82c337c8bbee158d834a1b6, 237df13778a9bb0b5bc27dc90e9a30667fe021ca, 74b17ff777280cb34033236534dd12efdcdd4271]","1","1","ec637a13e9f54a438b023c746c82a2895138f0a3","8b678a8f01f9ca2395435918d355c05ff10bdf61","09946386b171d3594604c0c6f319ed27e3d07563"
"https://github.com/jekyll/jekyll.git","2346","2","[49c39f43a1c19958ab414692736987b2ae1c8b37, ee0167d7060bd967204d30fb9736a23d3d134974]","1","1","49c39f43a1c19958ab414692736987b2ae1c8b37","52fbd940c3c5985e6202fa83007e6cdf63677873","605adf88d5a296c79b4fb3a676d1756e7ebddf6e"
"https://github.com/jekyll/jekyll.git","2348","6","[8379958d957d81065ff6961adca6b427538a2e35, d8d7ae3f0ec2189f5c637538c311b75a098b09f9, 5bbdf2239dfe43bfac637118d2bf8edbc51e2e9d, 937efcf8b8f781b724bcbf4854fcfcd2f658e324, a116eaf0eefd88519a4c0c19910432accb01cc98, d79d94277b72fb8bc429242524fd9dffa0df00fd]","2","2","8379958d957d81065ff6961adca6b427538a2e35","606269b33cf3ba8418998e2251796791414fab79","486ae25fc18660fe8bcf7f965cb56b34d0abddfc"
"https://github.com/jekyll/jekyll.git","2349","9","[8a11c0e92a7efc1013c8af8e9be6afae68fb86c4, 6f90939221248b33f66bcd1a89fbdd9c33ac8f29, 8a926d4f2943f6f1423fadda975a0f019f4e81a8, a42690dd38ab7f7365fe2910a4c30a7439790ba9, d948e0da91b756f5736298d7e6b6d90ec7fb9dfc, 35a467117ee72e92e1b7808a0419f15a487b7b46, 69683467031b3a34c64fc160ff6ea8fd18aa0466, 445347e25995f58cafd22bd374244c257b122876, 53368cc3e1c932726716676a1eea61da898220d8]","3","1","8a11c0e92a7efc1013c8af8e9be6afae68fb86c4","e1dbda47edb00ae815bc8d942ece0d5684ef8088","252ca94b81fab106bfcb03772c1a3d1758f88e0e"
"https://github.com/jekyll/jekyll.git","2350","5","[6eb29a4808cc9cb585b6d48548d401d23a3d5875, 2e00c5957b408361df3ff261614ac011ef7725b3, f099d00cb0b7875c5cd7dee4fe68fc47bd2b4821, 808d6c6a628de0f50eaee667a13bdbd58d96a4af, 556131793fdde439d58b277cca43cfe843b42d94]","4","2","6eb29a4808cc9cb585b6d48548d401d23a3d5875","e1dbda47edb00ae815bc8d942ece0d5684ef8088","b85eb4a3736a039ce8c5caaf20466ce0ebc89d5c"
"https://github.com/jekyll/jekyll.git","2352","3","[1f6940feb2da4f804b7acf0141512d8ad31affa9, 9a0485e81265c892734b4199ca3423610eef12f3, 5b540cf744bf4994c4c374c792da2d3ab17f9fff]","1","1","1f6940feb2da4f804b7acf0141512d8ad31affa9","252ca94b81fab106bfcb03772c1a3d1758f88e0e","dd268fae95d1d7785fa3878f8fc62110e2c40d7c"
"https://github.com/jekyll/jekyll.git","2354","5","[080108b0f0a5cc50aa1eefdc80dc2d03897baef7, 9da140fcb2277c6201e50980a8a6f774dac4cf29, 288d5045d2fbb278505d120259bc29a6b6b9b74f, 73fa7dcad41be24e0d5f32856361c07b5622d7f3, f3fd105b40afa0ee3c6e313123abcb7cfb8b5b68]","1","2","080108b0f0a5cc50aa1eefdc80dc2d03897baef7","ccbd2c39a1f2d90a78ef13f17998178a4e4bbcbd","563933f114e08697d13b7730d007f6b4567485f9"
