"REPO_URL","TASK_ID","#HASHES","HASHES","#PROD_FILES","#TEST_FILES","LAST","MERGE","BASE"
"https://github.com/jpatel531/folioapp.git","2","1","[4cdea803f21fd9f959966f8bd4a1bf50f82bc83d]","2","2","4cdea803f21fd9f959966f8bd4a1bf50f82bc83d","7aa8b00739aab00de0518bed13ecbce3bccf9f3a","d7ad747a8631b7352551833f5af98b912e98ca3b"
"https://github.com/jpatel531/folioapp.git","3","1","[8895e4866ebc42d8ea7f5055a0cf2c9a8bd01e3a]","67","10","8895e4866ebc42d8ea7f5055a0cf2c9a8bd01e3a","19ca8effc7deb52be9e2160512f5953702332804","a2129546d5614f75d71bd4af26f236a98000c9e6"
"https://github.com/jpatel531/folioapp.git","43","8","[f08cb3a95c973f8e8aae929ca9d121c7849e67c4, 7af82170c4504b3aef0593b31aa4b0d579b31dbb, e402ef35b9df7f64069e5a822f0d75e4ab89e8f8, 1820aa064ec91851552a1a8ee801fc5ae766683a, 4616b546b35091714cbf9ec42696372203f7a00f, fcd7b392d92941a3fbaf85ddb0422705f0127ae9, 8be700d25a18b7235a6cff34c9e8df452a49f8da, e4061a3981481b2b43f47ef835a088183a24526a]","23","3","f08cb3a95c973f8e8aae929ca9d121c7849e67c4","d96dae24c0419a91da425a609dd45e855069a8e7","7fb02a2d89db8d1f0e636557d87ce23b52b51b93"
"https://github.com/jpatel531/folioapp.git","44","18","[eeee1d02636477a38f9afd096a30ff63f833c03c, 2c2147ac87ac15d958b15c7079c056f9ecbafa96, af02bef5ca4e32daa145642fdb71deb0cfbd8e08, 9e49ec105c757c9fc09b1849a357e2b4b83210a6, 42098bd8e8b1da6c4c2f6a8567ed746be0190aca, 255ef4872830cc7d63f547a18fbd1460cdb9aebe, 8260febef37abda5588a3378662bf0cab6693806, 62fab6a06ee4c5dad91d827bffd45d8c94ef8793, a6f98320c3090327629046f3a916da1dc5ec6a73, df1808363f4b328d2d496e636835a553a1002bbb, d041299fd906664bc2ac3388295dac9e44b603e1, c3522ec0f4105de67d4538a61ce3c71abc1af8ca, 3be89c516946f1a928dc6c6be344f30efcc68e1d, 49b689d69bd26c271d2c45cc7bf604d32b3956bf, 294a7eac1ff569c431cfbc64fc9d8bb5593b5125, 13e3781ee5fa9969712d4abb4361ef8b7ec30513, cd2fece2ab36a7d040b0fb876b985896c491cf40, e8f076743961c377ccfb25c0bcb26fdebf243399]","17","1","eeee1d02636477a38f9afd096a30ff63f833c03c","3967ff94fb739a752470e318768bcbdc0b3df211","35a0410514d22b38f171595935259fca149e207e"
"https://github.com/jpatel531/folioapp.git","46","2","[ed0db366e523e5f8e6485f2ae335e11b305c5447, 59a1ffddf132011a086d903cd9a7aa0a61551e00]","3","1","ed0db366e523e5f8e6485f2ae335e11b305c5447","4df6f318f5c444ef7ac911861c0d154400743bc1","adcf819c6f53dcd804113175bded5629ad88bf04"
