"REPO_URL","TASK_ID","#HASHES","HASHES","#PROD_FILES","#TEST_FILES","LAST","MERGE","BASE"
"https://github.com/leschenko/ab_admin.git","2","21","[0adc9064eede5b5c7bdd2d1bf0ef36bc68524701, e67c7789f25c1d692afcb1e5ed8f55afdb3b1160, ea56c0a292f5fda5a90c5ee641e55b7007811903, 59bf0f2c688bec9a65591acdf8947db083e1dd31, 7d4b3baf698b34c5d84ca9bc558fe52ab9b73e05, 95eae1d9187afffd7dad6b2daa2a0ef885f8f800, 19dd4e18c58d0c58b8c400169ef7e86157ff708c, 812a76d26b6322822984f69433713e3b5c99ffa2, 40dc8cfcc57f6f640c0086d2efe31e01015950d3, 1829a1cfd47a41538f13ffa7356d2bb51abb698e, 53b362536a4987bad68a8a34149b36aabe59de30, 560712ca666ead383133997f8143543f140fff85, 3121c7666bd4ee49c12924146ace1fce011cd238, cbb12b158f08de10e265221985f50ffaa1d1383f, 955ad900859ddfdc66c6765e2547e721ce2f0860, 9ee551b50f247eee2154f6256b4f85224ff1e269, 1aadc3179c49c6ba09f8bb694a7f1f47f4a4c424, 74333a24a3c1c5af8d288bffb4206c65df53f9ad, b0021ab9e9ba11df835b7f6efc06e7bdccbec1cf, dac6d85331302e16049fad20d6b6e7f007151eae, 1cee66cc60c55202f5deba1afd2b1e7ae6706b48]","16","1","0adc9064eede5b5c7bdd2d1bf0ef36bc68524701","eac614819b5b6acc5c375dc7f369e0df0373dff1","9c95ada58a008d4c960daaa1d7899fe6c789b3d3"
"https://github.com/leschenko/ab_admin.git","38","6","[cf47da55a2611c3e87a194ce5902ef614ed693c5, 85d63ced6565c436e48e37d4c52f2c5589f55fe0, 408a1f6ee847a530399902297ccf42e877d05eb6, a503238e4c013d187c12782ac1fe37a9baa0ba2b, ffe170d69c2980fe650dcfcce098d6cbd1590bb8, 37c5bc94b99201737c3668b74acb58f05118dd8e]","12","1","cf47da55a2611c3e87a194ce5902ef614ed693c5","a7cc96720090bde98a48fe6271dab5990b2b29d1","f37dc4af6c01c41a01801140625ff36ba83d7f32"
"https://github.com/leschenko/ab_admin.git","4","49","[66addc15e869cb26c6d7750b7fa17ced66e82393, 8960ae3572e603e95ee26985b00e6b521c9d70d9, 56c9c37aaf4f9a6571d8741b40f931c5604dd0c9, 8359316c470a4624399baf3d5597194af3e5e538, 9eeb7ba63d22a5045e03418795b56f83d31efef7, 33d7b1cc2b006628d206d809a97196336c2d00a1, a56d9baaf7ab7b2bcd6c6d8077bb1da7e7f1901e, 7119dc2d57a749eec74d09d531db461e1708a41d, 831cdbac42f69d664d32ac27de7c9e2ea7b1f11c, a877ac778f1232ceddb59009409a26235b530938, e1927121981869209d31399b7d3b4ca3f55eb0a6, 3b1f42c255d43dc09b4e0fb5fb4fea5a510fa0cb, 331fe199d3a284cd287dd2ad690cc75280d040fa, f87d35173736818984a499786849ad11ff47e633, 076b109b24406cbe420cd957d10eea67271bb24f, 32cd72a76f45cf4e203e0a924598b1c05daf7b26, d151781a8cbc458f2d4df61928557c166469a107, d2d661b879329b5d242dd8334683cc5ff53cd2e1, 21191defdd8420a9ec69809b770c1fa8d765219d, b3e2e1f0141d0fe78c8050044046e594c6d522c4, 6f67b9f2b5a2889e272d91d59df661ac04f69833, 5583d40f5df0d49f6cdd696dda482a0c55c2505f, b174a9955e0ff66f923fd7882048674e5fa72516, af22f7401078b3b24bbdb548ab72c3c345afa3f0, bd24b603893ec91e7eca3815df2b8453e313f0e3, 3eb8ed2d1b3ff74b629da7f2da541e203f2e5bf3, 5da948ec8422533b26ebd2d779be56a151be2c2f, 563d8ae1a86c4f891ffd442ef7fb578977ab4932, 9f2d236ed7fabd9b2dd6435ff05283986c315c55, 00253d555cc23c56e75ec3969597d24cd9064762, fa6d33ef65c6c4fb9a2696d1aed6ca1e7657a04b, 9c30aeacea70041206d4beecf48a1598f75cbbea, b1ad55af7eebff137a0061c073c2395b1e4bd85f, 36d64e279fb70eb545cca7f09213bcb721f1cd73, 5b2fb2efbd07a28f02cfb9c9b92e0cba9c7684d1, f15b01d50370727cc4e24e1b001a9557628b7706, 76edf37796ad9731dd590f229012ec3220188051, af2a766e8ee0c0371667a9e63ad49a7b5c7041c0, 978335c3d332764ea07409ef76b1df730f5fbb1a, 104042d858d091690f114ea3a9bab9aee6e3900f, 54eb006cb2d5696dc94e39b3ec7749fe44dc6b8f, bc7af7ebe5594a7883a93b1d73d9ed7a0144227e, ead080f2d54b1e9a21b089284824fa400653b8c4, 163774df8c6d4dd5a35ff773431e4b1d855dbc42, b292de823ed4fab2109b38bcf9a946189afc2d24, ca80cda9fcb9c5a94b2cfa6bf4c50330b79bfe73, 53622306e65680160912f6fb1523521f98625fb6, e48df775121178cf9d16e8fe5a3efd1c05497c1d, c2b135eeb06e28648c3241f10fea5933144280c9]","63","8","66addc15e869cb26c6d7750b7fa17ced66e82393","9c95ada58a008d4c960daaa1d7899fe6c789b3d3","39bd0f3b48b24a83a5d820281b82ad989d458fda"
"https://github.com/leschenko/ab_admin.git","52","35","[039dce984cf1690cceaa237e21c12b93b603e760, 6b4b48a03511a30d72c41ae3067d8619e8b9bf04, f0076003d7cb2051bd81868169485b43945cbf42, 9dcfc373305c50b8129699e36b97843742b6d227, d4d2434304866a14f7e81df5f9e5dd14bc8db3a6, f60811c59f0935b392b206ff80ab812189d07e55, 4737c80918a4be1da87e116cb46dc90ed40a92f1, feac98d89bd220e414d8e43c73a87a39cf9845fa, 000315546ebf3c68d95f91a22e5cac034d56ce56, 51c50281bd1bc15cd94763c3f1bc5807978d6f34, 947937f79133aa9b0d765e586af8c019f30d03db, 9984a7b065ba7ccd8d5179a4eeedf8bbc9f59256, 2334945167428b945f0c25337600b89a1936f2b0, a89853acc768b2ba380cce857a3d4fee50a6915a, dfc1ce36c60727bd5b2fac330485f311fca4dc2b, 32aa9113bda1403f6e8afed6932b5b86e0f27876, 1e4f57d3edd11ce4c283b6542e078e7aedc2b063, 4ef3297bc138701ac2f1a10c9c0231e5cb1cd7cd, 5cadc65db081b188ddd7e40aefb0d7c93a3f8d5b, ca93e84e4650c5520f49443d97fb0f49339c8f77, 048abf08befb37ac6ce0cd07c0b03357e9081e9d, fce727b578e114a526ed507ae92fe169601fa2b7, e343aa4c82f57c9b0df44551025f57e1c59101ef, 95ac4b8b9385bacd1217d464e1922f9884546d58, d765c977b29a67212ebcef78b06c18daa57b0ed8, 17ab0406b0893608c5845b84537824bb1e7e5fa9, c18042b1e0eb56086ea7c032931f75bafd3ff60f, 15672cfd4abf8378f6c1bb765549d7401f03087d, c4cdb9f80b9f7873d48942ee1c9a68e8381497c5, 95f0c7d1ad51024905f9d9f1763eedefba7eb112, 171e67a3da6dccfe053d5eb5c49b6cf5b1c26b6a, d7b9fa57a69d39507f16a39a88bfbb3f082ae733, c57e2502d9df60d5ec067096c70844daf3842088, a3612d94ff6dd68f2ab01ab25f5fd204efb13d8e, a23a147757d8f480f401308219bc3cf7ba5dd55b]","19","2","039dce984cf1690cceaa237e21c12b93b603e760","4b80818809dff538b042586730efa6f157ddeec6","e55bc4f652efd800fdbe8dab11debf19f71fb68d"
"https://github.com/leschenko/ab_admin.git","7","10","[9aa990d93bbf9ee900f79bcc27c41e671704470e, 772eb006a613578eebc71e6885eb1cfbab082c9c, c79d2ab13abf708e6f911745fd748e8766965bee, 26ecf53286d592e10a4ada6cd9ad7c18f617d559, a515eea6157956b1cb8f78347136f8e626b5955f, 47e844fc8253cb0013880de9bf3200a39f38a6a6, c6628e59a5f2bf0d8af54cd23360e9ff2b4e657b, d447cc8cf14100b74a9c349ef09e188e1e585799, 59bc337290801bc0701d448693c1e3172b528cd8, d1eb57c6fd22b5a31c7dd5503932ad3e57162df8]","7","1","9aa990d93bbf9ee900f79bcc27c41e671704470e","0b853439143abfcdd066e072b61c0e4ff9ef04ea","6fda43182987fc6440dfa167ce4ccde52338b544"
"https://github.com/leschenko/ab_admin.git","9","31","[113c9040eb74dd35e2521608eac492b151207dde, 61f423866b7c3e60b6f0ce08a03928aa454b6891, 1c8d3bd4e4e8fb5aa4b3475ad3da97cd6d6dfc0c, a7132aa18d3f12f159df407e0a6f6d563b81e408, 4f3f7af33c9561f941fc68f003377337b9a3fe62, 705c30eb81c862eef47c3b74cc6a9728b30f2524, 6d20c8bfc8f946a2a02a6ab433f40acfcf28fef2, 913c4dc2566a06ea3ba9a978cd10480af820b430, b8036210c415800e903555778ba726accdd53bb0, 63508fc7ff89558b6c290c7789600c29f2480ff4, a6ecbad9527d81e7089f2e0585953d45dfcf0d27, ac835b3162fca6d5dd969aefa7a1d3a70f38038d, 0bc99346ee2c831e60b57ac964c2325edb400f60, 07e3cf8140e0bd7b2238f0421db7cee7a47f8a83, 7e34126ff9c901df483ec702b9ad72c1525a25f0, cd2a719eeb57b6fbc7d944a38e58007b4c14ce3c, 1aa0cdac4bf51ddf27f6e88fa14b08810112425c, 8bcde0121a111fee22f9a5a29a633222acfe52bf, bcf0b1bbf1e7da2666b630c2932bd48dc1a30b03, 1eab0fc2b11249482cb1ed967a459dabeb5a1e13, 1b4ab96aa9c49d0450f87a9265b9e274daf025aa, 2c7d93ffeafa0a635ebe4153e59c2f9c30abb536, 77ccb3e38845494a312cf9ead88021c551bb2d2b, 366e603033fb1914ca0a3ea952f928b795ff2e36, ba1fb81f023c631aa9f0733b3c053c1778cde447, 138fd342a87178a7c99fa5c2e66439d5ec407971, 0189f7875f27ce4574fa65dc6ad11ece48a78e6b, 0fe733edfa65703d398ff70defe1c51154e6b50d, 6e01c99dc8de1808f0d196db7d8d13b17bb52c3c, 4cacff43669126d1091494a8d60d236366d12a6f, 5f8dfdb4846ca6c561de401744ebe3d48da9cad4]","16","2","113c9040eb74dd35e2521608eac492b151207dde","f60885be18985c570fa0f8f4a40bc7f369a22e97","c7ebf6bd9d8ea9ab99e24359fa4553f0d2864891"
