"REPO_URL","TASK_ID","#HASHES","HASHES","#PROD_FILES","#TEST_FILES","LAST","MERGE","BASE"
"https://github.com/leschenko/ab_admin.git","1","2","[48928f8df2be375e5ef3841e881011ebeaaca7a4, 19edc5afc2bbf46337edbad86c0f4592571da72b]","1","0","48928f8df2be375e5ef3841e881011ebeaaca7a4","2aa96798b7b1a487264c6f67cb469cd34eecd05b","454cdcce313f535ff0afaaa70af9fc1787fc5cb0"
"https://github.com/leschenko/ab_admin.git","10","2","[776d618ec32cca298c1959e99558c70db78eeb3d, 31ed045a18a433e34735bca0605bda20541b8b46]","0","0","776d618ec32cca298c1959e99558c70db78eeb3d","c7ebf6bd9d8ea9ab99e24359fa4553f0d2864891","0cb7df8e2ac4792ffa6ccf9d87bf949cc10b67ea"
"https://github.com/leschenko/ab_admin.git","11","1","[f56bc02afacdaeccda488cb14af09730d6f0d3be]","0","0","f56bc02afacdaeccda488cb14af09730d6f0d3be","7c269a87865154c180821825b6d90d3654fd19fe","478e5eae276185d401f6b2a5d1fa88498ffa2c58"
"https://github.com/leschenko/ab_admin.git","12","14","[0cb7df8e2ac4792ffa6ccf9d87bf949cc10b67ea, 7202ad01b12e51f642efdbbe3d7500857af4643a, ce62953dba60642e02469dfe7da772cc3a50f3de, 94a9c1adca27006bc196861f2a613dc23853c460, d885a7d870955acb56907799c292edc637b67ca7, 3f3499bdae255e5ab8640a437dc3fd9b085ed460, a5cffbe73924e72c2f61ca0bcd16df60732ceb00, a72c921209f24fd08a57d4e3537609d425459d68, bdcb4f2868cd3420c623b9e286ce98e974f4fa07, 3dc1c359f5933b586700183d4a5dd9b2917f6219, 3deb358d39d43f79e39f434b1b9a9ce8f5a9c1d4, c64a1883be3be9a43a3cf7d118a7a38eedf516cd, 13949f7d58e45166ec6a7f60580539b1122bc7b1, dc734c024eb868ba9defcc08495181b19401fa0e]","12","0","0cb7df8e2ac4792ffa6ccf9d87bf949cc10b67ea","7c269a87865154c180821825b6d90d3654fd19fe","cfbd05008501cd797ede170b7075fa5e3f236ccf"
"https://github.com/leschenko/ab_admin.git","13","4","[8841d992a3aef1aa4975ba8aa8cf75b4d304fc3e, 9c2046e8b85c00f087cc95459ad28bcaf9aaba5f, 4c0a8968ee5449120df40054a18e0ccbe30a994e, 5e3d4bcc0c913de63ed98b1b1996d937ea138ad1]","9","0","8841d992a3aef1aa4975ba8aa8cf75b4d304fc3e","cfbd05008501cd797ede170b7075fa5e3f236ccf","c563894e46ce9a390f949fa5c72ef2fc165ba610"
"https://github.com/leschenko/ab_admin.git","14","19","[b1886efd3c603e363ebed0853ba2adfaf32e26fa, 033548280d651b85fd06e24e59e8c2eb1b67ffc7, 406aeee9313d9e038dab682084520c3b1d79c201, 84b470c97283d8e58af71417b2b521290f493c4d, 20e13a4e6f083907c208be095ab47ff8632c376b, abf81ec7d230786de06574a67a5b629759ed1b38, 0f7faffc4881a2c44b82a6d6d811eab12897407b, 326c814248ce74af9cd57d8d61d6b1d45e261be2, 4b4ebbc7ea9e244c71b5631a6dbe73089860638d, 8b5bb21c5df01f17ea928d21ca676902f38768f6, 60df4c061b245d2d2979219fa960b4235397ad7a, dca85e149b699ca8d0f69ca6f175ef193f2045bd, 02d219e1022b2e3bc9c1315641fdc9d859a451d3, d54d8fd21506d10fbbff5668dcf1fea054c2c04d, 74b23d54dc2b0cc926345cbde5c3ded3ffc005d8, 1535df928d52855dd2c40bde7b236b05feff9891, 5564ddfe66e1bb965017c2b284967aa212071439, eda4034a8c270a361941815edce1e6dfb62eeb3b, 7f88174bff024e1485948936c8a5ed454a3c930b]","11","0","b1886efd3c603e363ebed0853ba2adfaf32e26fa","cfbd05008501cd797ede170b7075fa5e3f236ccf","383230b51f7f2701426f88d2db33afb61eb7796c"
"https://github.com/leschenko/ab_admin.git","15","17","[423b980edac2b6a18e4677f27419bad7ad4a94fc, f89a9dfd7cf47f10b608a4a0b9dac82896625ccd, 52d430e56faefa6d83e07e7f0a69bf46bbc0f040, 079765f01a28e22748c7903e9c6f13d279b6db18, a924d5f92834ce91d49b8f04c277cddf8030daa9, 72656649225bc08c22d6c8e12d444db2aa661260, a4fb537d5b7ee8df89172501d18d14afa80034ae, 66b873620e592dd56da94c9a3c88deae398e22a2, a5d708c277895b279c60a7fa8c0598dc5222c527, 40fff567060e9fe3f54cd27686d3b24cb400bb47, 72367931c74736e21f983e9729720aee44fc5b39, 3622544eb75e8622450d7ef8ad596be8a8bbaed6, 717b2743885c8e3f081216cfbe0077cc27e52ae2, f557386a20b7c6fdf7fcaa3d67c83ecad10a5090, 7d942e6f07230f4d97b5b5c2844a04e01951493b, 0060ad0ac38976bfec94ddfb0d4d54b906683700, 65b02546cd191ea7ace8b6cc212b9168a601f93d]","12","0","423b980edac2b6a18e4677f27419bad7ad4a94fc","c563894e46ce9a390f949fa5c72ef2fc165ba610","84287bfa0a4c1c3323bb21f0d7bf8d841985d825"
"https://github.com/leschenko/ab_admin.git","16","14","[478e5eae276185d401f6b2a5d1fa88498ffa2c58, db0ee4495f0c229715c2045be12866904d4e9e11, 866b995aacd80e8d927a67c1d5cfd3b1ac297598, 899caebe517f7755514e5618b21ec34f039023f5, 53f087f8e93cf7294fd3cd2caa41793aa380b250, be109e569628a52f7351b61301696d32bd690aac, 498496ac3c899dde2ac3341fcfad9267d0763a78, d2b159affff634a81dcd3fbb6c49daffde4bae15, a2c41357ad75140e00fe75e5e81c8738143faabb, a44b2cccf71a027f5a2f1142f0febfd655c0d299, fb66e7f16ee40f180c1a0e7736d5815e8894ca7b, 7f828d057034cca836a55abfa3ca9c38c8f7d325, 40ba04da37fe3c132509e090ff501270639935c3, 911cb51cb8629492b616cb6cd9cd24c698fc4292]","9","0","478e5eae276185d401f6b2a5d1fa88498ffa2c58","c563894e46ce9a390f949fa5c72ef2fc165ba610","84287bfa0a4c1c3323bb21f0d7bf8d841985d825"
"https://github.com/leschenko/ab_admin.git","17","2","[ace07e67d372c5c4635cda03e60de4f63d16a7d4, ea52e0dcb37ec6006998e73e3689ca2b69cc98b8]","1","0","ace07e67d372c5c4635cda03e60de4f63d16a7d4","f778873812b744372fd38c11d3ba64e0d301cea9","fad5101658c9672831f2b1c45b94ad6090be1f85"
"https://github.com/leschenko/ab_admin.git","18","1","[383230b51f7f2701426f88d2db33afb61eb7796c]","1","0","383230b51f7f2701426f88d2db33afb61eb7796c","f778873812b744372fd38c11d3ba64e0d301cea9","24334f2a8a75bb76f6add8564aedf4103bcd9714"
"https://github.com/leschenko/ab_admin.git","19","5","[81a7217aab7b0d11fcaa2f52a4dc5afd146d55bb, c5c6fb1b34866c8354ef73a31564ba83274e69fc, 346ee6e6db0e626efe605b03a0e1344d65f38de9, 3f57f5340e1a5b98d354422885fe616c3134fec6, 4fbc1f6abe98695af8f7287a008e7fe9ae0bbc07]","3","0","81a7217aab7b0d11fcaa2f52a4dc5afd146d55bb","fad5101658c9672831f2b1c45b94ad6090be1f85","eb3cf79e3b0e24282e121b2a11d94faabae76795"
"https://github.com/leschenko/ab_admin.git","2","21","[0adc9064eede5b5c7bdd2d1bf0ef36bc68524701, e67c7789f25c1d692afcb1e5ed8f55afdb3b1160, ea56c0a292f5fda5a90c5ee641e55b7007811903, 59bf0f2c688bec9a65591acdf8947db083e1dd31, 7d4b3baf698b34c5d84ca9bc558fe52ab9b73e05, 95eae1d9187afffd7dad6b2daa2a0ef885f8f800, 19dd4e18c58d0c58b8c400169ef7e86157ff708c, 812a76d26b6322822984f69433713e3b5c99ffa2, 40dc8cfcc57f6f640c0086d2efe31e01015950d3, 1829a1cfd47a41538f13ffa7356d2bb51abb698e, 53b362536a4987bad68a8a34149b36aabe59de30, 560712ca666ead383133997f8143543f140fff85, 3121c7666bd4ee49c12924146ace1fce011cd238, cbb12b158f08de10e265221985f50ffaa1d1383f, 955ad900859ddfdc66c6765e2547e721ce2f0860, 9ee551b50f247eee2154f6256b4f85224ff1e269, 1aadc3179c49c6ba09f8bb694a7f1f47f4a4c424, 74333a24a3c1c5af8d288bffb4206c65df53f9ad, b0021ab9e9ba11df835b7f6efc06e7bdccbec1cf, dac6d85331302e16049fad20d6b6e7f007151eae, 1cee66cc60c55202f5deba1afd2b1e7ae6706b48]","16","1","0adc9064eede5b5c7bdd2d1bf0ef36bc68524701","eac614819b5b6acc5c375dc7f369e0df0373dff1","9c95ada58a008d4c960daaa1d7899fe6c789b3d3"
"https://github.com/leschenko/ab_admin.git","20","3","[24334f2a8a75bb76f6add8564aedf4103bcd9714, c7f0c58e75c50d2791b6286079206e34a6e7116c, d2297b9868f67348787f9977339887fa95c13ff7]","1","0","24334f2a8a75bb76f6add8564aedf4103bcd9714","fad5101658c9672831f2b1c45b94ad6090be1f85","4aa9d67789dcd15c3e5d24858a4d74f0bd93b82c"
"https://github.com/leschenko/ab_admin.git","21","7","[4d3f9badd0fec91d329745b736be44807ff048c9, 7d4d250d8cb8f5d60343dc5983f58e07386646cc, 1b261cf693869cbff58c0cc57f6d046ce86e4eda, 523d3a32c86db447318601bcdfe6236f9a77f696, 2fb3716751eb86ea12db5d22b15d1c7316d10e13, f56acbd4b4eb00291151cc1d92a1e44b27cd9938, bc2ae22efb8e218520cc30830c8fcf9a5c2409a3]","8","0","4d3f9badd0fec91d329745b736be44807ff048c9","eb3cf79e3b0e24282e121b2a11d94faabae76795","581b17931c9acdd02d3999b4b6022c7f7ec19a57"
"https://github.com/leschenko/ab_admin.git","22","5","[4aa9d67789dcd15c3e5d24858a4d74f0bd93b82c, af69e9b430321b9c6f9a044aeeb31f18f351fabd, d6d27081074be26f74fba4669e220746dca86c17, efbc8703cea039cda68f49c83cbf768675bc3c94, fedb0882cdac7e9144e640caf6b7ada9ab6be36f]","7","0","4aa9d67789dcd15c3e5d24858a4d74f0bd93b82c","eb3cf79e3b0e24282e121b2a11d94faabae76795","58c6968b535bea64fdc93ac516e937d67a3df63c"
"https://github.com/leschenko/ab_admin.git","23","1","[14c064216af44c0fc43ca9cbb737ff51bf8ee6e4]","0","0","14c064216af44c0fc43ca9cbb737ff51bf8ee6e4","581b17931c9acdd02d3999b4b6022c7f7ec19a57","70e0f22ca2e36740a5a5eb4c125cbbb2bf908f41"
"https://github.com/leschenko/ab_admin.git","24","2","[58c6968b535bea64fdc93ac516e937d67a3df63c, add85d0cdcceea4a3b69fb1c26e3eb529fb8c70c]","2","0","58c6968b535bea64fdc93ac516e937d67a3df63c","581b17931c9acdd02d3999b4b6022c7f7ec19a57","6c2ed83171606ddb9091532835757e3f63989358"
"https://github.com/leschenko/ab_admin.git","25","5","[25819e51ef750a7811dd7de0ff056e55e0d139b8, 107ef6ff03e55dbed62e89bdc3116f0903253fa0, 6f7234db81c4c31598d194bccc08d1e2d35e3a7b, 5b9c35ba84601479142a9350f484c368e92cdc99, e02916e06e35a38243c72c6d33026fe8a0db2750]","2","0","25819e51ef750a7811dd7de0ff056e55e0d139b8","70e0f22ca2e36740a5a5eb4c125cbbb2bf908f41","4f547ca5ea2c2f5f8daffd112960828eadd6659f"
"https://github.com/leschenko/ab_admin.git","26","5","[6c2ed83171606ddb9091532835757e3f63989358, b186418d7cb207a352cf1d05cd48a6283fa805f2, cdb2327853a1d4f0a78871062d93a4175afc855e, 6026445e6bd791b79d5410c300e9206a6186c9b0, 9fde04020effd64f7598430cc297622e5fc63af0]","5","0","6c2ed83171606ddb9091532835757e3f63989358","70e0f22ca2e36740a5a5eb4c125cbbb2bf908f41","493acb785ef9eb667469ba4f71a7577c3710c8fc"
"https://github.com/leschenko/ab_admin.git","27","4","[493acb785ef9eb667469ba4f71a7577c3710c8fc, fac4da4797cb4fa060b013b3a451b77c2424fb73, 18158f822a42b84fd649da1456ad5fdaacd277a9, 02007156bdc642c0271ae6db30ccbe6c06c6f8c9]","2","0","493acb785ef9eb667469ba4f71a7577c3710c8fc","4f547ca5ea2c2f5f8daffd112960828eadd6659f","be2fdf0230918bd94a1a37f6081f9dc299dba857"
"https://github.com/leschenko/ab_admin.git","28","4","[39b8d12c7efcd36637a69df3c25ac77547ae3467, 0b4fe928d7fc8abb5992dd56f673b36320c881bb, ef384c805aab6c336c6cf0e9446c6b7caaadbd40, db2e28f43ccfb0664386b79e53d0f84fb6718af1]","3","0","39b8d12c7efcd36637a69df3c25ac77547ae3467","4f547ca5ea2c2f5f8daffd112960828eadd6659f","be2fdf0230918bd94a1a37f6081f9dc299dba857"
"https://github.com/leschenko/ab_admin.git","29","1","[6c1c6519289308ac676bcfe289835bf9b63c1f0b]","0","0","6c1c6519289308ac676bcfe289835bf9b63c1f0b","8a05cb68f173c9bc1ee1c68a986a0bd44ae4a871","9b8a20d567b43cd15fc1f8008471f81894f86f4b"
"https://github.com/leschenko/ab_admin.git","3","2","[70e01daf6e8d7a92b73e40bde51e38442837050d, 3759b7b2e1aac290d2bb04dc14f65ea9071d55ef]","1","0","70e01daf6e8d7a92b73e40bde51e38442837050d","eac614819b5b6acc5c375dc7f369e0df0373dff1","454cdcce313f535ff0afaaa70af9fc1787fc5cb0"
"https://github.com/leschenko/ab_admin.git","30","1","[a36c00cd52e2835e66706e16185b95cdf9333ffa]","1","0","a36c00cd52e2835e66706e16185b95cdf9333ffa","8a05cb68f173c9bc1ee1c68a986a0bd44ae4a871","89a5864d8c7d4f7c86ed4e004ee3612f05563c13"
"https://github.com/leschenko/ab_admin.git","31","2","[30ad68ac6f5cd99fac1b7d88667387da4e2a8c56, 08fdbaa9ffe65f8ddce0eadcadf6b42e0106508f]","2","0","30ad68ac6f5cd99fac1b7d88667387da4e2a8c56","9b8a20d567b43cd15fc1f8008471f81894f86f4b","74e6a9e1235bb69d7b858be6c127663e16578f08"
"https://github.com/leschenko/ab_admin.git","32","3","[89a5864d8c7d4f7c86ed4e004ee3612f05563c13, 3b8cb3e00132a6af6f7ecadf02eee0832f8c2f8a, 6a4b33f4fa9c6b54339f707747a3292eff1fbf82]","3","0","89a5864d8c7d4f7c86ed4e004ee3612f05563c13","9b8a20d567b43cd15fc1f8008471f81894f86f4b","74e6a9e1235bb69d7b858be6c127663e16578f08"
"https://github.com/leschenko/ab_admin.git","33","1","[db8d1489ba8894aeaaad1cf48ced4e1ea552176e]","0","0","db8d1489ba8894aeaaad1cf48ced4e1ea552176e","25a602f05fc307bd4d0d1b6e05673b318fcb4a9d","1c1fbd485e9899dc42b6c20754afc4d7b074ad64"
"https://github.com/leschenko/ab_admin.git","34","3","[78ace1023cd747bbbe4c65e97608afa224f00c59, c86ab6208863f0cee2b2fdb9d3c080d88a40bb47, e9c6591f7f30a23939268ed1f2d939b6306e7a05]","3","0","78ace1023cd747bbbe4c65e97608afa224f00c59","25a602f05fc307bd4d0d1b6e05673b318fcb4a9d","1c1fbd485e9899dc42b6c20754afc4d7b074ad64"
"https://github.com/leschenko/ab_admin.git","35","1","[e08d2fddb5512657bce4e5c073fa17982429e905]","1","0","e08d2fddb5512657bce4e5c073fa17982429e905","a44cad25cbecbcc063d7f13d0328dc62f36a0afa","40bdc4febf620191293ac7b5d34e7b7afb96eebc"
"https://github.com/leschenko/ab_admin.git","36","17","[40bdc4febf620191293ac7b5d34e7b7afb96eebc, c07b1c7c56166f4d3f8a8935b03c9c455643e008, 8c8cf978f8a275856aca721b1d6c8dc198695d3d, 6b583453c8c64c25ed71cb987175202cc72366ab, 9b6e97f0acbf9cbe7e540ac7177645626ff76b9b, 712793239c3cc3c049a9182218390c4363fa4aaa, 49f24cde86197c428f4cf78ac168cbdd347a534d, eea23bf14b83228298696d1ab95944dbad9c0685, bac2b9520407399074b58e0e72f818752df4bc18, 01dff9393af96945e65aca0bde930340d6da5a82, f6a1c28af0085a4a7f0744ff82abca918efb88fe, 66116db37acab2c0c205101764d0ea83352a833d, 45b29ddb4515130cc5210fd754ee3fd8ce7c5f4d, 9c5645d9056676025aad8abd6a610ca9264ed08b, f08d9d5298e91fc4974c8186ef113d9f57ba3b24, d39fe9e6f6aa4360d407c51c41ff833dc0bc75aa, e65e65b120fe1175a7731787fc86cfd0df4aca5c]","12","0","40bdc4febf620191293ac7b5d34e7b7afb96eebc","fd16bafe2756f3f35d25c53536bcf83961963efa","a7cc96720090bde98a48fe6271dab5990b2b29d1"
"https://github.com/leschenko/ab_admin.git","37","1","[8415f36a76447bb58c0200f73f8f3627334ed59c]","1","0","8415f36a76447bb58c0200f73f8f3627334ed59c","fd16bafe2756f3f35d25c53536bcf83961963efa","cf47da55a2611c3e87a194ce5902ef614ed693c5"
"https://github.com/leschenko/ab_admin.git","38","6","[cf47da55a2611c3e87a194ce5902ef614ed693c5, 85d63ced6565c436e48e37d4c52f2c5589f55fe0, 408a1f6ee847a530399902297ccf42e877d05eb6, a503238e4c013d187c12782ac1fe37a9baa0ba2b, ffe170d69c2980fe650dcfcce098d6cbd1590bb8, 37c5bc94b99201737c3668b74acb58f05118dd8e]","12","1","cf47da55a2611c3e87a194ce5902ef614ed693c5","a7cc96720090bde98a48fe6271dab5990b2b29d1","f37dc4af6c01c41a01801140625ff36ba83d7f32"
"https://github.com/leschenko/ab_admin.git","39","2","[9c35da6577c53b1e38160d2b035cf7c21037aa15, b0b28960a83a9ee4988764d5c7dab2ce88d07192]","2","0","9c35da6577c53b1e38160d2b035cf7c21037aa15","9978d00580aeeda47623be508a7df869e7a38ca3","57844e2d345b082c83fa1b6e5ec2ec004aba34db"
"https://github.com/leschenko/ab_admin.git","4","49","[66addc15e869cb26c6d7750b7fa17ced66e82393, 8960ae3572e603e95ee26985b00e6b521c9d70d9, 56c9c37aaf4f9a6571d8741b40f931c5604dd0c9, 8359316c470a4624399baf3d5597194af3e5e538, 9eeb7ba63d22a5045e03418795b56f83d31efef7, 33d7b1cc2b006628d206d809a97196336c2d00a1, a56d9baaf7ab7b2bcd6c6d8077bb1da7e7f1901e, 7119dc2d57a749eec74d09d531db461e1708a41d, 831cdbac42f69d664d32ac27de7c9e2ea7b1f11c, a877ac778f1232ceddb59009409a26235b530938, e1927121981869209d31399b7d3b4ca3f55eb0a6, 3b1f42c255d43dc09b4e0fb5fb4fea5a510fa0cb, 331fe199d3a284cd287dd2ad690cc75280d040fa, f87d35173736818984a499786849ad11ff47e633, 076b109b24406cbe420cd957d10eea67271bb24f, 32cd72a76f45cf4e203e0a924598b1c05daf7b26, d151781a8cbc458f2d4df61928557c166469a107, d2d661b879329b5d242dd8334683cc5ff53cd2e1, 21191defdd8420a9ec69809b770c1fa8d765219d, b3e2e1f0141d0fe78c8050044046e594c6d522c4, 6f67b9f2b5a2889e272d91d59df661ac04f69833, 5583d40f5df0d49f6cdd696dda482a0c55c2505f, b174a9955e0ff66f923fd7882048674e5fa72516, af22f7401078b3b24bbdb548ab72c3c345afa3f0, bd24b603893ec91e7eca3815df2b8453e313f0e3, 3eb8ed2d1b3ff74b629da7f2da541e203f2e5bf3, 5da948ec8422533b26ebd2d779be56a151be2c2f, 563d8ae1a86c4f891ffd442ef7fb578977ab4932, 9f2d236ed7fabd9b2dd6435ff05283986c315c55, 00253d555cc23c56e75ec3969597d24cd9064762, fa6d33ef65c6c4fb9a2696d1aed6ca1e7657a04b, 9c30aeacea70041206d4beecf48a1598f75cbbea, b1ad55af7eebff137a0061c073c2395b1e4bd85f, 36d64e279fb70eb545cca7f09213bcb721f1cd73, 5b2fb2efbd07a28f02cfb9c9b92e0cba9c7684d1, f15b01d50370727cc4e24e1b001a9557628b7706, 76edf37796ad9731dd590f229012ec3220188051, af2a766e8ee0c0371667a9e63ad49a7b5c7041c0, 978335c3d332764ea07409ef76b1df730f5fbb1a, 104042d858d091690f114ea3a9bab9aee6e3900f, 54eb006cb2d5696dc94e39b3ec7749fe44dc6b8f, bc7af7ebe5594a7883a93b1d73d9ed7a0144227e, ead080f2d54b1e9a21b089284824fa400653b8c4, 163774df8c6d4dd5a35ff773431e4b1d855dbc42, b292de823ed4fab2109b38bcf9a946189afc2d24, ca80cda9fcb9c5a94b2cfa6bf4c50330b79bfe73, 53622306e65680160912f6fb1523521f98625fb6, e48df775121178cf9d16e8fe5a3efd1c05497c1d, c2b135eeb06e28648c3241f10fea5933144280c9]","63","8","66addc15e869cb26c6d7750b7fa17ced66e82393","9c95ada58a008d4c960daaa1d7899fe6c789b3d3","39bd0f3b48b24a83a5d820281b82ad989d458fda"
"https://github.com/leschenko/ab_admin.git","40","1","[e514e01d922dd3b723adad7afc25a0ea87c7e9e1]","3","0","e514e01d922dd3b723adad7afc25a0ea87c7e9e1","9978d00580aeeda47623be508a7df869e7a38ca3","57844e2d345b082c83fa1b6e5ec2ec004aba34db"
"https://github.com/leschenko/ab_admin.git","41","2","[1443c7cc75a0aac96834696c693da51acadc8de9, 8f59d22f662cff0f33b5e37683b8dfd43567ee78]","0","0","1443c7cc75a0aac96834696c693da51acadc8de9","f37dc4af6c01c41a01801140625ff36ba83d7f32","5e6aeb272096625a39041a5891e7c09acc47f5a6"
"https://github.com/leschenko/ab_admin.git","42","2","[63502d60c23817847ddb7ee90d84ac5d656c992a, 92b51d3a94dc59de8fddce65946f954dbb52b289]","1","0","63502d60c23817847ddb7ee90d84ac5d656c992a","f37dc4af6c01c41a01801140625ff36ba83d7f32","5e6aeb272096625a39041a5891e7c09acc47f5a6"
"https://github.com/leschenko/ab_admin.git","43","1","[cc69174a788c3ece38c6fb9732cb071df0f54248]","0","0","cc69174a788c3ece38c6fb9732cb071df0f54248","2cf119d3548df8613a21ff2ea0fa7a78954cfc28","13bce51bcc3eee1fcbbae2341a0090d8d1fac58b"
"https://github.com/leschenko/ab_admin.git","44","1","[cfbede45f27ef50423e33cb7fd5643ca23c7ea6e]","0","0","cfbede45f27ef50423e33cb7fd5643ca23c7ea6e","2cf119d3548df8613a21ff2ea0fa7a78954cfc28","13bce51bcc3eee1fcbbae2341a0090d8d1fac58b"
"https://github.com/leschenko/ab_admin.git","45","17","[7a37ae89eef983eb885e3a54f87e926d7bd57299, f5f9a6e2ab9fe4b6f14fcb08660c32dc0fa48f75, 1cdd50b04f4b5e3b930cf54d669b87bb5a31ef60, dbbb5ba148f058ffb4138a698f3ee795e04fec75, dd4fc3581b1f14f24bc5e733f8b515b8783e863a, 9ec2077e7c1c6fcb766d2ecf65199bc242f13526, 54e5bc5711057efcfe70ccebaaf42f4f67fd6456, 98784a378c0cd06ba165e3e8f392d490b61eb892, a2eb696c9f8ee300a13113df51a5fe8c92b59365, d633f90b7140f901a6235feec7dcf2226f2a52bb, 59955234f350a7a1607cd2f1c8de6f74011b87da, c637181c6fd16feb15e487a2612c848bbfbc5588, 480c68bd11571b2f828012b775997cc3ade6c88f, 258428d092ecaec87d90d1f60d685ef4e0368057, 4165d8f6141eef1bca5cf0b4144a88eff1c018a0, 25a940f68cfbd64e1ac8665484b01fc2c02cac64, 0b48a392ce32f9c883903439a1a4ae3c41a0497b]","19","0","7a37ae89eef983eb885e3a54f87e926d7bd57299","90d5fa3e8113ec5a4e0cc7d871c079cd1397c104","936d590d56e25f0812962127353a970e3a64056d"
"https://github.com/leschenko/ab_admin.git","46","7","[da3f4eae0c149324abf50000ef22ff6d519900b3, e7c576c45ebbea1db471d8544fb1244351a2ad6a, b8252eac23e9bcb2c51a6e44a1ab592e3c017db1, 40f4cc4488109e8a16f8600f013cfae788890797, ef3ae7a2e7436cbf3512ab4400c8de2cb61db86d, aaa395eb83703c7030fae172a3b4f4989d2e7df2, 838993b758c25b4ec35385ee980a87362c655f88]","4","0","da3f4eae0c149324abf50000ef22ff6d519900b3","90d5fa3e8113ec5a4e0cc7d871c079cd1397c104","89e44b70ad47ad27fe8b3856513238b2955ea3db"
"https://github.com/leschenko/ab_admin.git","47","2","[228cb8dd328430ccd579b9ddabf8f7ebde620af9, a67c0b571923b9bd2b52fe3b31cb38a4808fbe03]","0","0","228cb8dd328430ccd579b9ddabf8f7ebde620af9","936d590d56e25f0812962127353a970e3a64056d","ebc3299cd4955bc9cf8b6827c2530829b520d4cf"
"https://github.com/leschenko/ab_admin.git","48","3","[9b4b5ede75da3fd5e673b6767f5c8462ae0f001f, 969df0a9f71d6ad27cbce10f5eac28ad43be2cfa, 2682bd6391f44be84ffec325eaef3fe649f61ae8]","10","0","9b4b5ede75da3fd5e673b6767f5c8462ae0f001f","936d590d56e25f0812962127353a970e3a64056d","7b02844654201ea5c98361a9348ee6030c83021b"
"https://github.com/leschenko/ab_admin.git","49","34","[b5257a423ed613cf829084751ad5eb0d1870a503, 38704a7f10cfcf45e4dd9addbfad93a4ca5627ac, 509ecbc7b0f579de2729fee34b39682cc19bd24e, 2f8bc31fef6abed62f791352de009c2d7d411a7e, 492eaaa0e21beefcecc69c4d3b7464302f8ab231, 1ab7c7cef84faf3e38fc99ea6fae1a6a3467be88, 8893ae13e01cbd427c6373bc00f70385405420c9, 47891f6d579259683ddf8803cdca0f73be101554, 844e388701dac9dd1e5ff866141cb8883d94adfd, fd562398c9b368488b2684a6c84969b433b99aa0, ce1b4349be67d9879931db3ee429fdf70feb6ed2, c26b2c55c764e27b98e07b09b5145e6a8b340448, 70164ffe759a943597ed79602a227614a064bb8c, ec82c7f602b55bffd954af7f46ccb11c5c0266f9, ebc3299cd4955bc9cf8b6827c2530829b520d4cf, 2a67f7efa6cba2068e7d130e140c565ff76372fc, 6de069412190ebab743f359e601f3eef29adebb8, 26d1e646a12e5fe4d732819990d145aa3d0bd52e, 2f16dcde67a106e3da950e61b9bf6dd94b5083d9, 6103abdf0688cb972587dd21fa7709a53c941fdb, 8c9fcc68bd1d25136e9eb3b36b5a703449cfb3ef, 2289d89e8fef56b13df739ed9e8c0e875f3b714a, 8444979efe4e4e9d78bb1166249a558b0d3bd758, 5bb12563b63503c3878bfe3190747d9a8ab32b10, 8213a9fdf8f6db2605d7dafc60b8644b17024ac7, 6d293011b6a16cba9bd7b672c6fc13ff525a1c19, bafb1926a7d62730fd6cf7c58a4fe6060afae0ee, 5cc5d120def7ca879e027f322f876e3b3812aa7c, ef8b19e17b7ba692ab399781bd45d981fb5dc765, d02abba3310478c80942febb8240b6a8101a1174, 3b062b1e117532946d48d884e9352944d0c39560, ebb241664c4e7fdcdad8a27f9a6fd6737a025539, 9511ed766763639297c89a8fe230e78bd92ac667, b1b8bf67a48a5553b949d2cf4e8e66b7d2563286]","54","0","b5257a423ed613cf829084751ad5eb0d1870a503","7b02844654201ea5c98361a9348ee6030c83021b","4b80818809dff538b042586730efa6f157ddeec6"
"https://github.com/leschenko/ab_admin.git","5","10","[454cdcce313f535ff0afaaa70af9fc1787fc5cb0, a5b852e1546589f93fd4f9c5886a696632666e63, 59f8e547e8adb23e3b7a220d48421ff8fe7fabac, 8f73840eb3f1978d522e3286b65a20c7f1a026aa, 943e540c1a75e6c28d2ae4d00659f50a69d29c51, 9d72ffba4f28e39a5aa2af70450a62e2d487eb03, 6155b5bb857c0824f65c70090bde6980403c08d6, 848033e1ffda92699989519905a1412e811a4295, a60acc2f628ad252286be3e4066913b8af921967, 544718bb9bfe287d98e9714b73b0af39ec0dc0fc]","5","0","454cdcce313f535ff0afaaa70af9fc1787fc5cb0","9c95ada58a008d4c960daaa1d7899fe6c789b3d3","39bd0f3b48b24a83a5d820281b82ad989d458fda"
"https://github.com/leschenko/ab_admin.git","50","1","[535455bf3b434b38caa1f73c917a46587cca1bf6]","1","0","535455bf3b434b38caa1f73c917a46587cca1bf6","89e44b70ad47ad27fe8b3856513238b2955ea3db","61c59608465fec986448afa9e2035f293cad3da4"
"https://github.com/leschenko/ab_admin.git","51","3","[b6c6b6f533ec58ef763304c4ea085d59764cabfb, 0b1c48e6adc349cb74a270fe5ec47567eed8e8e7, 341da77761fdd69e836b1050923a4b36708140ba]","3","0","b6c6b6f533ec58ef763304c4ea085d59764cabfb","89e44b70ad47ad27fe8b3856513238b2955ea3db","61c59608465fec986448afa9e2035f293cad3da4"
"https://github.com/leschenko/ab_admin.git","52","35","[039dce984cf1690cceaa237e21c12b93b603e760, 6b4b48a03511a30d72c41ae3067d8619e8b9bf04, f0076003d7cb2051bd81868169485b43945cbf42, 9dcfc373305c50b8129699e36b97843742b6d227, d4d2434304866a14f7e81df5f9e5dd14bc8db3a6, f60811c59f0935b392b206ff80ab812189d07e55, 4737c80918a4be1da87e116cb46dc90ed40a92f1, feac98d89bd220e414d8e43c73a87a39cf9845fa, 000315546ebf3c68d95f91a22e5cac034d56ce56, 51c50281bd1bc15cd94763c3f1bc5807978d6f34, 947937f79133aa9b0d765e586af8c019f30d03db, 9984a7b065ba7ccd8d5179a4eeedf8bbc9f59256, 2334945167428b945f0c25337600b89a1936f2b0, a89853acc768b2ba380cce857a3d4fee50a6915a, dfc1ce36c60727bd5b2fac330485f311fca4dc2b, 32aa9113bda1403f6e8afed6932b5b86e0f27876, 1e4f57d3edd11ce4c283b6542e078e7aedc2b063, 4ef3297bc138701ac2f1a10c9c0231e5cb1cd7cd, 5cadc65db081b188ddd7e40aefb0d7c93a3f8d5b, ca93e84e4650c5520f49443d97fb0f49339c8f77, 048abf08befb37ac6ce0cd07c0b03357e9081e9d, fce727b578e114a526ed507ae92fe169601fa2b7, e343aa4c82f57c9b0df44551025f57e1c59101ef, 95ac4b8b9385bacd1217d464e1922f9884546d58, d765c977b29a67212ebcef78b06c18daa57b0ed8, 17ab0406b0893608c5845b84537824bb1e7e5fa9, c18042b1e0eb56086ea7c032931f75bafd3ff60f, 15672cfd4abf8378f6c1bb765549d7401f03087d, c4cdb9f80b9f7873d48942ee1c9a68e8381497c5, 95f0c7d1ad51024905f9d9f1763eedefba7eb112, 171e67a3da6dccfe053d5eb5c49b6cf5b1c26b6a, d7b9fa57a69d39507f16a39a88bfbb3f082ae733, c57e2502d9df60d5ec067096c70844daf3842088, a3612d94ff6dd68f2ab01ab25f5fd204efb13d8e, a23a147757d8f480f401308219bc3cf7ba5dd55b]","19","2","039dce984cf1690cceaa237e21c12b93b603e760","4b80818809dff538b042586730efa6f157ddeec6","e55bc4f652efd800fdbe8dab11debf19f71fb68d"
"https://github.com/leschenko/ab_admin.git","53","10","[ac6cf96311aeedf15384d582d958f69ee7854808, 46d5580b7f762e0be486f95af5fd99fd04bd8cd0, 6821ce62e3b8f592586fef7405e422612adc2d0c, a634d22624ed8c13633ea231cdde985036d51f50, 0b9202549eb715e30120b723eb8f096ebf3a501c, 1449369e8edb1df5b4dc7cb0c7ea49d53ac6ea71, e7f0ec4e24ae5c569b3490a544db05ec2ad388fa, 08b29d00c16c46e22da1a9b98b6caa0fd42ab306, dd45f411c5aa44d0f15fec468e64414327459162, 88f5202b7d724cec337b465fb7b486028956369b]","9","0","ac6cf96311aeedf15384d582d958f69ee7854808","4b80818809dff538b042586730efa6f157ddeec6","e55bc4f652efd800fdbe8dab11debf19f71fb68d"
"https://github.com/leschenko/ab_admin.git","54","1","[b0642286e3629cc231717134ea66792f5270c519]","1","0","b0642286e3629cc231717134ea66792f5270c519","03e42539711e0512fb327876df8bdefc8523275d","7c70d894aa43610cb21804505aaa671f06ad0501"
"https://github.com/leschenko/ab_admin.git","55","1","[64338bc94c49aa12d1b831b147a6f8eae4ab2b4f]","1","0","64338bc94c49aa12d1b831b147a6f8eae4ab2b4f","03e42539711e0512fb327876df8bdefc8523275d","497ebfb8d1baf0eb74e01a2a3fa777a74ab122a2"
"https://github.com/leschenko/ab_admin.git","56","4","[bf1761fcc1a24791eeea88e7fb71c88e0b9e9bc6, 0e19884967b9b3b091e68e970c1fb6e801eaad93, c77691d644107d1465dfae5b4e11e979a822fc00, c8cf44d358a17c1a9f8c10dde06cdc3f590c487d]","3","0","bf1761fcc1a24791eeea88e7fb71c88e0b9e9bc6","497ebfb8d1baf0eb74e01a2a3fa777a74ab122a2","8cc1faab4a229279353062fa70228dd727f7ecfb"
"https://github.com/leschenko/ab_admin.git","57","1","[ec2e0e372c2c47fb16899cf348ab778e3acc1c85]","1","0","ec2e0e372c2c47fb16899cf348ab778e3acc1c85","7c70d894aa43610cb21804505aaa671f06ad0501","b8b13ea299d0783c1eb8248140d25e00e57f2a2a"
"https://github.com/leschenko/ab_admin.git","58","14","[8cc1faab4a229279353062fa70228dd727f7ecfb, 6b3c798e26b73b0f698087b578a995fcb5039d7a, ab573864fc244947d52152861c063c4a405929c5, 45799b28991be6cb98acfd6741166232cc782935, 31a9852af0c2dbd2af7fd01b5a5489bc9c214e85, 2c40e429ac6a336b95ca951142f7791040962803, 6e6a7ce565d9682b3f9d6e8961c2fafe3fb37e1c, 38c294707bbebc1dafedbbd6126cbf22b5a1b468, 0c152d370b54803cd3997c99a2b0544ee630c02b, 751ad02fb404c7c6b83813b8b64000b5f2cdcc66, c89d68257b4b998f4c002838500f0b087e95ea03, 28a606b7231bd1ae2b03f1419393e1ac7776f4dc, 1430dfcd0704ce8be5f683fcc0e100632dfaf6f8, 13c45a773f96099fd864ffe90eaa91fdf3388478]","8","0","8cc1faab4a229279353062fa70228dd727f7ecfb","7c70d894aa43610cb21804505aaa671f06ad0501","b8b13ea299d0783c1eb8248140d25e00e57f2a2a"
"https://github.com/leschenko/ab_admin.git","59","1","[b5406396d78441675a0b8b2a53e89c0a0d124594]","0","0","b5406396d78441675a0b8b2a53e89c0a0d124594","1e4e4a5e73ce6c46431a9fcba46d6ee3d0a06f13","8b26e8fc52ac0ab0aef1e93c3ea38a7d7b5e2474"
"https://github.com/leschenko/ab_admin.git","6","4","[42b60e6ab36d60215cf3056f0fc0b8a9e2705aa1, 582f4607afd25cb44f327aab66d5a1e455cc1e86, 7c1a63fe7a89205eed5ee7ebfc82c37d07486177, 6466915c8896bcade86b860070eb0667b0b63a11]","3","0","42b60e6ab36d60215cf3056f0fc0b8a9e2705aa1","0b853439143abfcdd066e072b61c0e4ff9ef04ea","6fda43182987fc6440dfa167ce4ccde52338b544"
"https://github.com/leschenko/ab_admin.git","60","2","[dd4e9c887475b76677884b2f4332c661ee83693d, 48c165730edb407da81dbedde5cda51b899af41b]","1","0","dd4e9c887475b76677884b2f4332c661ee83693d","1e4e4a5e73ce6c46431a9fcba46d6ee3d0a06f13","8b26e8fc52ac0ab0aef1e93c3ea38a7d7b5e2474"
"https://github.com/leschenko/ab_admin.git","61","1","[e93886da964e6e3273ae203fe937498172246f3e]","2","0","e93886da964e6e3273ae203fe937498172246f3e","78120b8ad907f9278c9455d6d57bbe6fe193e541","0a8f41f1236dd4c397e43a44b12cae3826d9e458"
"https://github.com/leschenko/ab_admin.git","62","1","[0a8f41f1236dd4c397e43a44b12cae3826d9e458]","0","0","0a8f41f1236dd4c397e43a44b12cae3826d9e458","67e963e51f257a6e94277cc3e122a8ad1a5f629e","119b39166a1c1f17f66346730c859d5faf2cf941"
"https://github.com/leschenko/ab_admin.git","63","1","[c29375dc16ee67ae4759ab29484db1f7a4b74ab9]","1","0","c29375dc16ee67ae4759ab29484db1f7a4b74ab9","67e963e51f257a6e94277cc3e122a8ad1a5f629e","c8ee956ebe38e5eb44f44c14e9928f5c651bc474"
"https://github.com/leschenko/ab_admin.git","64","1","[99d5e587a86677385f6958c992c813e703a1a538]","0","0","99d5e587a86677385f6958c992c813e703a1a538","119b39166a1c1f17f66346730c859d5faf2cf941","c8ee956ebe38e5eb44f44c14e9928f5c651bc474"
"https://github.com/leschenko/ab_admin.git","65","2","[b146ef76f02913421c73372f7511b51aacfb1e7a, a6f157e1dadd9163c39695cc328c30cd8e1affbe]","0","0","b146ef76f02913421c73372f7511b51aacfb1e7a","119b39166a1c1f17f66346730c859d5faf2cf941","c8ee956ebe38e5eb44f44c14e9928f5c651bc474"
"https://github.com/leschenko/ab_admin.git","7","10","[9aa990d93bbf9ee900f79bcc27c41e671704470e, 772eb006a613578eebc71e6885eb1cfbab082c9c, c79d2ab13abf708e6f911745fd748e8766965bee, 26ecf53286d592e10a4ada6cd9ad7c18f617d559, a515eea6157956b1cb8f78347136f8e626b5955f, 47e844fc8253cb0013880de9bf3200a39f38a6a6, c6628e59a5f2bf0d8af54cd23360e9ff2b4e657b, d447cc8cf14100b74a9c349ef09e188e1e585799, 59bc337290801bc0701d448693c1e3172b528cd8, d1eb57c6fd22b5a31c7dd5503932ad3e57162df8]","7","1","9aa990d93bbf9ee900f79bcc27c41e671704470e","0b853439143abfcdd066e072b61c0e4ff9ef04ea","6fda43182987fc6440dfa167ce4ccde52338b544"
"https://github.com/leschenko/ab_admin.git","8","1","[d0f9738a5e6d9c317c72c9989ca8957ce0cc841d]","1","0","d0f9738a5e6d9c317c72c9989ca8957ce0cc841d","f60885be18985c570fa0f8f4a40bc7f369a22e97","db707449e4b5008ebe7bf1b5234830600692ae9d"
"https://github.com/leschenko/ab_admin.git","9","31","[113c9040eb74dd35e2521608eac492b151207dde, 61f423866b7c3e60b6f0ce08a03928aa454b6891, 1c8d3bd4e4e8fb5aa4b3475ad3da97cd6d6dfc0c, a7132aa18d3f12f159df407e0a6f6d563b81e408, 4f3f7af33c9561f941fc68f003377337b9a3fe62, 705c30eb81c862eef47c3b74cc6a9728b30f2524, 6d20c8bfc8f946a2a02a6ab433f40acfcf28fef2, 913c4dc2566a06ea3ba9a978cd10480af820b430, b8036210c415800e903555778ba726accdd53bb0, 63508fc7ff89558b6c290c7789600c29f2480ff4, a6ecbad9527d81e7089f2e0585953d45dfcf0d27, ac835b3162fca6d5dd969aefa7a1d3a70f38038d, 0bc99346ee2c831e60b57ac964c2325edb400f60, 07e3cf8140e0bd7b2238f0421db7cee7a47f8a83, 7e34126ff9c901df483ec702b9ad72c1525a25f0, cd2a719eeb57b6fbc7d944a38e58007b4c14ce3c, 1aa0cdac4bf51ddf27f6e88fa14b08810112425c, 8bcde0121a111fee22f9a5a29a633222acfe52bf, bcf0b1bbf1e7da2666b630c2932bd48dc1a30b03, 1eab0fc2b11249482cb1ed967a459dabeb5a1e13, 1b4ab96aa9c49d0450f87a9265b9e274daf025aa, 2c7d93ffeafa0a635ebe4153e59c2f9c30abb536, 77ccb3e38845494a312cf9ead88021c551bb2d2b, 366e603033fb1914ca0a3ea952f928b795ff2e36, ba1fb81f023c631aa9f0733b3c053c1778cde447, 138fd342a87178a7c99fa5c2e66439d5ec407971, 0189f7875f27ce4574fa65dc6ad11ece48a78e6b, 0fe733edfa65703d398ff70defe1c51154e6b50d, 6e01c99dc8de1808f0d196db7d8d13b17bb52c3c, 4cacff43669126d1091494a8d60d236366d12a6f, 5f8dfdb4846ca6c561de401744ebe3d48da9cad4]","16","2","113c9040eb74dd35e2521608eac492b151207dde","f60885be18985c570fa0f8f4a40bc7f369a22e97","c7ebf6bd9d8ea9ab99e24359fa4553f0d2864891"
