"REPO_URL","TASK_ID","#HASHES","HASHES","#PROD_FILES","#TEST_FILES","LAST","MERGE","BASE"
"https://github.com/MageTest/BehatMage.git","1","2","[f4a79f2fa384c04c6516b2aefc35e6fb6d4e44d2, 8d002bbb8de2c8a82e0a97724965cc85c0db0982]","0","0","f4a79f2fa384c04c6516b2aefc35e6fb6d4e44d2","487554044f05e5e8dae4ca7196feb7798fcde19e","807e7f71509aba930672e1a71487e18963d6cf56"
"https://github.com/MageTest/BehatMage.git","10","2","[42a5b9c242830861b0683464994da435ed31b45f, f6a04b54c06da1f71c92dbfb411dd5afd399413e]","0","0","42a5b9c242830861b0683464994da435ed31b45f","067d68a8ad442186b307dc6256b14ce25d4c97b3","1e8af0800c321e372df0465214558d5d98d049c6"
"https://github.com/MageTest/BehatMage.git","11","1","[c1f4ce3d96a44bf66c2a804a556102a4ddf9c682]","0","0","c1f4ce3d96a44bf66c2a804a556102a4ddf9c682","067d68a8ad442186b307dc6256b14ce25d4c97b3","1e8af0800c321e372df0465214558d5d98d049c6"
"https://github.com/MageTest/BehatMage.git","12","2","[d252622eee3d42c032bfa7fe83c39a3ed885b88b, c759efdf169a7b06b64d32288a4415f87909cc8d]","0","0","d252622eee3d42c032bfa7fe83c39a3ed885b88b","a51d2a6d79c4139abe057a8d3c277dbd9c3d0df7","d1950aa98e75373bfa7940c181f790b1f35cb380"
"https://github.com/MageTest/BehatMage.git","13","1","[c2d866e93939b4c51356b8881b7e770d38ce6705]","0","0","c2d866e93939b4c51356b8881b7e770d38ce6705","a51d2a6d79c4139abe057a8d3c277dbd9c3d0df7","d1950aa98e75373bfa7940c181f790b1f35cb380"
"https://github.com/MageTest/BehatMage.git","14","1","[65e24d33cb91f2521ee1f9fb2447f9b2ebda41f1]","0","0","65e24d33cb91f2521ee1f9fb2447f9b2ebda41f1","d1950aa98e75373bfa7940c181f790b1f35cb380","4ee01460660bf2af70e439037cc834c04e63f3e1"
"https://github.com/MageTest/BehatMage.git","15","7","[4ee01460660bf2af70e439037cc834c04e63f3e1, 463031154a4f3a3a46536f8b1f48faf2ca106f2c, c0b000cb698ec53164a0fa535f34bb4ad6c22a22, e47f38397be8f1d2331aaa9e80ccf805fb2f7272, d1192832bde9ee1468f0b8c82ed94f465d80d76f, ba1aa981a746c51cac3bf784f18e5d3626f6e905, a126bd7061526b68a79b08c0961cf064cd892c14]","0","0","4ee01460660bf2af70e439037cc834c04e63f3e1","902d993a1ea7ec1b82b121c77d80f7fc74fd8a9c","026436fba15b2941eae646805d3ac9f06bb4f865"
"https://github.com/MageTest/BehatMage.git","16","1","[b33cce22101839830b2904e713833a7df41368e0]","0","0","b33cce22101839830b2904e713833a7df41368e0","902d993a1ea7ec1b82b121c77d80f7fc74fd8a9c","026436fba15b2941eae646805d3ac9f06bb4f865"
"https://github.com/MageTest/BehatMage.git","17","2","[d2cf871a62cc32e7a02bedf448347665c7571900, 04685bdaef3871afde9a95bdae4516029dac5670]","0","0","d2cf871a62cc32e7a02bedf448347665c7571900","0af191847733248b278cf10f0982e771690dce7e","f40005541355ae6fca12512d7799a21aec701bb1"
"https://github.com/MageTest/BehatMage.git","18","1","[a7852d528a77ae9c7a0f45a9c16e88a380820441]","0","0","a7852d528a77ae9c7a0f45a9c16e88a380820441","0af191847733248b278cf10f0982e771690dce7e","f40005541355ae6fca12512d7799a21aec701bb1"
"https://github.com/MageTest/BehatMage.git","19","3","[567892de03034fe0e3b5275ec7c0949c4b464c12, ca7b24526c2cacd30c7432da7d5a60b7b786284b, b72d455177d36d7d9d408eddeb5b7abf90356cfd]","0","0","567892de03034fe0e3b5275ec7c0949c4b464c12","79335a96eab60622341f079f32f481afbcc9b77e","da1de13f7ef162bf46e04c9492f3596c7934c098"
"https://github.com/MageTest/BehatMage.git","2","1","[14076c0149a2538adf3b6febdb9106d0d3579b8a]","0","0","14076c0149a2538adf3b6febdb9106d0d3579b8a","487554044f05e5e8dae4ca7196feb7798fcde19e","807e7f71509aba930672e1a71487e18963d6cf56"
"https://github.com/MageTest/BehatMage.git","20","6","[f40005541355ae6fca12512d7799a21aec701bb1, aa6723cd8c19bbc8af5fc687f67f62f995ae25de, 9fd12126f383d3da2c79be3b729777ee43bb32fe, f632efee0b8a1948468e84adf1937c301f1b7192, c04aaeee5527faa79dad34f81335ac163dac00ac, a08cc2a83adc2ff1f32d77c89bdffaa283ccfd0a]","0","0","f40005541355ae6fca12512d7799a21aec701bb1","79335a96eab60622341f079f32f481afbcc9b77e","b335a803b752071c862ce2c204e8fcd75e360049"
"https://github.com/MageTest/BehatMage.git","21","1","[acde2b954aa6ebe1b4d19c41cce5e781a269c1a4]","0","0","acde2b954aa6ebe1b4d19c41cce5e781a269c1a4","da1de13f7ef162bf46e04c9492f3596c7934c098","33a0e4494310a4bc0e9ff0b165b3bcdad4db0dc3"
"https://github.com/MageTest/BehatMage.git","22","1","[33a0e4494310a4bc0e9ff0b165b3bcdad4db0dc3]","0","0","33a0e4494310a4bc0e9ff0b165b3bcdad4db0dc3","5b061779fc22c493256d6e783a633af498601cef","786a2ef973c92eb292810fae36452625ddde8ea4"
"https://github.com/MageTest/BehatMage.git","23","5","[aa3252582d6687dbd042cfdaa173b6aeecde6fc0, a65f2940f28a942fa1221f0d3e7fe71d197ee42b, 7d92aeba0ed10abe0707cf5dde823f8173f1f490, 837314767b7b17e90d2579d5d7471d3ab46afd76, 86b3dba5eb11d557797b177ee3b4408fd049620c]","0","0","aa3252582d6687dbd042cfdaa173b6aeecde6fc0","5b061779fc22c493256d6e783a633af498601cef","786a2ef973c92eb292810fae36452625ddde8ea4"
"https://github.com/MageTest/BehatMage.git","24","2","[617f1231075dd6f6110217244223e0bd4697db24, 803265d2a413a124c28fab7e881c4fa11ec57640]","0","0","617f1231075dd6f6110217244223e0bd4697db24","b335a803b752071c862ce2c204e8fcd75e360049","65eddf0d97711d1ce789bf817cc11aa40c4c4045"
"https://github.com/MageTest/BehatMage.git","25","6","[84916f340b62af21982f737d29b3e4fd6d7143bc, 8010f7e984a51d6fa7291b73da5961434e4acb6a, d83b9d3cfc3e5e20053557ab989ab7fee006f708, c66c8c45bcdf4b0cce8bd67fa7e6b65eb6461351, df093082cadf640118c23cd591d9ff23aa7cb528, bfe3e220661be3da77d07853f7bc4da1ed666b78]","0","0","84916f340b62af21982f737d29b3e4fd6d7143bc","2c0677c737678c61b200e9dc3308f3d3a27da479","65eddf0d97711d1ce789bf817cc11aa40c4c4045"
"https://github.com/MageTest/BehatMage.git","26","2","[6b29943640f6e504538767f4614204c807144c87, 053bb4ead4cb9780434364af89b470999ecf4bb4]","0","0","6b29943640f6e504538767f4614204c807144c87","478538fae7a8c0e9ef7a36828dba9279095e3f1b","1d3d0461f82f0000b9a8d16a2782bea8a1151ae5"
"https://github.com/MageTest/BehatMage.git","27","2","[f1f733f7b5847d64e91183466bb466329997963f, 36d4b1548bad44d3c3ff5b0ac29f1cf2a0d1f007]","0","0","f1f733f7b5847d64e91183466bb466329997963f","278070bee543fc8dd319c414a0a430105527ca35","65eddf0d97711d1ce789bf817cc11aa40c4c4045"
"https://github.com/MageTest/BehatMage.git","28","4","[2579448d2ced13dbd3a9d6c83ffc8f9ed5ba96e5, 822dc46ecae2242a3eb79c98778a418329bcd616, dbe2cec7b3db7f4234d5ffedeba22f703cc17c8c, dd9ba71200f090207beb5c9254adda01ef2519a1]","0","0","2579448d2ced13dbd3a9d6c83ffc8f9ed5ba96e5","1d3d0461f82f0000b9a8d16a2782bea8a1151ae5","65eddf0d97711d1ce789bf817cc11aa40c4c4045"
"https://github.com/MageTest/BehatMage.git","29","1","[7207180a1b2202b9f6eb3bf88c91328ab6717d96]","0","0","7207180a1b2202b9f6eb3bf88c91328ab6717d96","1d3d0461f82f0000b9a8d16a2782bea8a1151ae5","65eddf0d97711d1ce789bf817cc11aa40c4c4045"
"https://github.com/MageTest/BehatMage.git","3","1","[3ccea2d41d680fd5d7752c9fb82aea30371dfae9]","0","0","3ccea2d41d680fd5d7752c9fb82aea30371dfae9","807e7f71509aba930672e1a71487e18963d6cf56","379f8e6c793d621d34071fff01e8855042d127a9"
"https://github.com/MageTest/BehatMage.git","30","1","[1eb3d680ff34b5273e40100de55c6c26f4a63d02]","0","0","1eb3d680ff34b5273e40100de55c6c26f4a63d02","93c8ae6a75ec3b587306644415adad1df8143200","0045bd92c3c581d6d682b602bd5de225d50d71d5"
"https://github.com/MageTest/BehatMage.git","31","3","[550b49ff0b8b8defe7f7d31c2829b0b131f16a39, 6958c362a9dee30b06f4146b5426846b3c892e40, c04ea156c9052de6fff5d17cbd77298f42ce6134]","0","0","550b49ff0b8b8defe7f7d31c2829b0b131f16a39","93c8ae6a75ec3b587306644415adad1df8143200","0045bd92c3c581d6d682b602bd5de225d50d71d5"
"https://github.com/MageTest/BehatMage.git","32","1","[d4c335ea2f01fdf91503989287eab0f91f76ab17]","0","0","d4c335ea2f01fdf91503989287eab0f91f76ab17","bb755385562e163447878feceecaec7b3640c706","45c233391c26522a3bc1951235c9d99e6e9229b9"
"https://github.com/MageTest/BehatMage.git","33","9","[c713d6c3bd9ff746dabc0c24280c16a4bd8000b3, 43da035fd580ba82dd24d5063dbe97cd894d7e55, c4c9d6498c8f5a0313a8040b387f24e1e78b8936, 9d5da49b27aa1f821d29f22a013d08964c97ee4c, e8b8fcd16e0d35929d0a1376f7977ddddd687a3f, 4dce97ddea36d6fcc43f91bd5042e6bb993f92a2, 5c86a973b0f1d8ff44eb2c787e54d31215fb521f, 33d0e517cc9d630d80f0cdfcd0bbed16b8ad57a7, 268720993d058cfca35828a7a24a50108c99b179]","0","1","c713d6c3bd9ff746dabc0c24280c16a4bd8000b3","bb755385562e163447878feceecaec7b3640c706","45c233391c26522a3bc1951235c9d99e6e9229b9"
"https://github.com/MageTest/BehatMage.git","34","2","[9d9299e4c7fc58e0d7eca89c7676e2d26d9b77fb, f2d8adaaffca259d49f91793dc600ac5cb1ed529]","0","2","9d9299e4c7fc58e0d7eca89c7676e2d26d9b77fb","3d14e2f4cba804ad18c53e94aacd29973a418f7b","29e1b3b3715e9f4d76c98ba41b28ae750f6f1e35"
"https://github.com/MageTest/BehatMage.git","35","1","[d18c3b49780f3151d3552a8e07dd55b2ddaab252]","0","0","d18c3b49780f3151d3552a8e07dd55b2ddaab252","3d14e2f4cba804ad18c53e94aacd29973a418f7b","07627bfb08ab91e3b527a9209c5cca1e29ca6e0c"
"https://github.com/MageTest/BehatMage.git","36","1","[8ccf92088e3e91587baec613e2fa9d119c49a4c9]","0","0","8ccf92088e3e91587baec613e2fa9d119c49a4c9","07627bfb08ab91e3b527a9209c5cca1e29ca6e0c","4b1287500c6c889df89c536d47ef232a2ccc9541"
"https://github.com/MageTest/BehatMage.git","37","2","[29e1b3b3715e9f4d76c98ba41b28ae750f6f1e35, bb1d5a42d68aae56e630dd384479f5b3898fa4c8]","0","2","29e1b3b3715e9f4d76c98ba41b28ae750f6f1e35","07627bfb08ab91e3b527a9209c5cca1e29ca6e0c","4b1287500c6c889df89c536d47ef232a2ccc9541"
"https://github.com/MageTest/BehatMage.git","38","1","[1ca6eb7dd4324f7ed74ce88c91b8bfdcff334b4f]","0","0","1ca6eb7dd4324f7ed74ce88c91b8bfdcff334b4f","4b1287500c6c889df89c536d47ef232a2ccc9541","7bf9cb80bbb20e652fa2bec8f8fa1b21f2e1bfb0"
"https://github.com/MageTest/BehatMage.git","39","1","[707861541e62a88a8c97493b4ff4b5a490f5f5ec]","0","0","707861541e62a88a8c97493b4ff4b5a490f5f5ec","4b1287500c6c889df89c536d47ef232a2ccc9541","7bf9cb80bbb20e652fa2bec8f8fa1b21f2e1bfb0"
"https://github.com/MageTest/BehatMage.git","4","2","[a0a216368cd93b898e02b7e1d6cd7d5501407945, e7876c0add6fe01cc7b6f362afc41cf6909b0302]","0","0","a0a216368cd93b898e02b7e1d6cd7d5501407945","e33e622b774072518acb4292f0ff5ac248d744f7","ae15495c3fc63a928cd410a3e12d561bb167b111"
"https://github.com/MageTest/BehatMage.git","40","1","[522963f61fad25257bc4edc4ff904cc29334ec28]","0","1","522963f61fad25257bc4edc4ff904cc29334ec28","f6a1aa6aa037a008cb0452c8aeb86780549113a3","501b8a025093355dfb851a7f5dfad0e9ca87c122"
"https://github.com/MageTest/BehatMage.git","41","6","[770e9f23b54854f0b55d109a3cfb285e9167483f, 2c99cf7e40cfb39743c154fd46b6c6e815a7f6e9, 0f7d4464c298454e86b08afcbffa5cb62044a090, cde8f389cd44c4cfc2b1f5acfcbbedfd97b08993, 850bef184536aa2a93fae36aec8129d695f060ce, c4d28d739807efa3bc3d22612eb29cca20aaaa6f]","0","4","770e9f23b54854f0b55d109a3cfb285e9167483f","f6a1aa6aa037a008cb0452c8aeb86780549113a3","501b8a025093355dfb851a7f5dfad0e9ca87c122"
"https://github.com/MageTest/BehatMage.git","42","1","[23ae10a0a6d67a551665fdd406cb33d5d49fc07f]","0","0","23ae10a0a6d67a551665fdd406cb33d5d49fc07f","501b8a025093355dfb851a7f5dfad0e9ca87c122","d85ef4fcbf01565ab42a82f36a717bdf17ed2d3a"
"https://github.com/MageTest/BehatMage.git","43","2","[ea51f2df2984a8159ea295367fa1db75522bb819, 832c9edf868b4e9a8225b2b4fe4c0be808bd7fd6]","0","0","ea51f2df2984a8159ea295367fa1db75522bb819","501b8a025093355dfb851a7f5dfad0e9ca87c122","d85ef4fcbf01565ab42a82f36a717bdf17ed2d3a"
"https://github.com/MageTest/BehatMage.git","44","1","[cb08a994edc10afa5691f2a07558661ee3d96a12]","0","0","cb08a994edc10afa5691f2a07558661ee3d96a12","2176997b5f82c1f01d18244933466e7122eec274","b129620468c1c96b010bbc157f90f73b2edee9a2"
"https://github.com/MageTest/BehatMage.git","45","2","[b81a7871a0fefe6ded2758275819502d353845ef, 370717e1acf53d870021531dc112eb7cc56e0575]","0","0","b81a7871a0fefe6ded2758275819502d353845ef","85d2a27dd44e80c3797ec46a1fc3ed5f2ada7e06","8747b9f3bfd338b89debb22e09d8a9a11301de45"
"https://github.com/MageTest/BehatMage.git","46","1","[b129620468c1c96b010bbc157f90f73b2edee9a2]","0","0","b129620468c1c96b010bbc157f90f73b2edee9a2","85d2a27dd44e80c3797ec46a1fc3ed5f2ada7e06","b7560d7e95bf62f8666afe63ac4ab3b7b8eb0f76"
"https://github.com/MageTest/BehatMage.git","47","2","[7a63a08bc95c7525bfc58b3ea0b81a6039b10097, b3c4d2126d356fbe5842718151bd8fac20e906e5]","0","0","7a63a08bc95c7525bfc58b3ea0b81a6039b10097","b7560d7e95bf62f8666afe63ac4ab3b7b8eb0f76","a69d072eb387c4926b0bead9d4bd6300eb8726e9"
"https://github.com/MageTest/BehatMage.git","48","1","[8747b9f3bfd338b89debb22e09d8a9a11301de45]","0","0","8747b9f3bfd338b89debb22e09d8a9a11301de45","b7560d7e95bf62f8666afe63ac4ab3b7b8eb0f76","cf7f778ec3894b326143d0b02553176487b5c6f1"
"https://github.com/MageTest/BehatMage.git","49","1","[b74e4703ec3c95d1e41f49948a3b4c5d76d5d3e8]","0","0","b74e4703ec3c95d1e41f49948a3b4c5d76d5d3e8","cf7f778ec3894b326143d0b02553176487b5c6f1","6fee33e69115139a60ca06ed01651a37fb958db3"
"https://github.com/MageTest/BehatMage.git","5","2","[be8ec3c50fee37aa2d6436b492df993168b5cb2f, 23c1bd56562b05c6c22170c8ebc8214096dfaf30]","0","0","be8ec3c50fee37aa2d6436b492df993168b5cb2f","1233ebbde59b0dcd695610b14d52af81836f0739","379f8e6c793d621d34071fff01e8855042d127a9"
"https://github.com/MageTest/BehatMage.git","50","1","[1d8c766fbaee0fdfd714037f27d82122cb491fc0]","0","2","1d8c766fbaee0fdfd714037f27d82122cb491fc0","76836a53061973cb41c0adec7e63efad147f9ca1","193e983d9a6077d526c5c5eb482b07f05edf47ff"
"https://github.com/MageTest/BehatMage.git","51","1","[a69d072eb387c4926b0bead9d4bd6300eb8726e9]","0","0","a69d072eb387c4926b0bead9d4bd6300eb8726e9","76836a53061973cb41c0adec7e63efad147f9ca1","193e983d9a6077d526c5c5eb482b07f05edf47ff"
"https://github.com/MageTest/BehatMage.git","52","1","[d1a4521b98867a7059c892540c71a80f91c9f2bc]","0","0","d1a4521b98867a7059c892540c71a80f91c9f2bc","6fee33e69115139a60ca06ed01651a37fb958db3","d2d8595fa3de402f9afd46e1d9e90f32dd2079bd"
"https://github.com/MageTest/BehatMage.git","53","1","[60b10bc5bcb69b29d6e6ca1773e552a5c2e28f5a]","0","1","60b10bc5bcb69b29d6e6ca1773e552a5c2e28f5a","07afe6a4d080cb324dbd338df1ee45efeeddecd5","a2b45e08a66463fedf64604d3cf8b0dc4e96a656"
"https://github.com/MageTest/BehatMage.git","54","3","[d2d8595fa3de402f9afd46e1d9e90f32dd2079bd, 7eb81550c97e84c2a160f3139d77dcbb87707577, 1bbc8d94911e85f2e6a55d495919ed02c9f9696e]","0","0","d2d8595fa3de402f9afd46e1d9e90f32dd2079bd","07afe6a4d080cb324dbd338df1ee45efeeddecd5","cfcdf6abe86323dd6781c07d25eb9a8d796c820c"
"https://github.com/MageTest/BehatMage.git","55","2","[5546eb7b32d81ff30939550efb132c9007478065, a36d44f3c480178f1e11890b017320ebd3096b62]","0","0","5546eb7b32d81ff30939550efb132c9007478065","8b8bf1e3283dda81b4a0ce8c27f05d0ba6ca7794","92b89ce05569e778262af5dc43676edcc236cc4e"
"https://github.com/MageTest/BehatMage.git","56","2","[d2d8595fa3de402f9afd46e1d9e90f32dd2079bd, 7eb81550c97e84c2a160f3139d77dcbb87707577]","0","0","d2d8595fa3de402f9afd46e1d9e90f32dd2079bd","8b8bf1e3283dda81b4a0ce8c27f05d0ba6ca7794","1bbc8d94911e85f2e6a55d495919ed02c9f9696e"
"https://github.com/MageTest/BehatMage.git","57","1","[3c3c2c4dbe3a21f0d79ac5967dc937db26b4ea90]","0","0","3c3c2c4dbe3a21f0d79ac5967dc937db26b4ea90","92b89ce05569e778262af5dc43676edcc236cc4e","1481714594da9a2265e4aa142458c6a9ffbcc928"
"https://github.com/MageTest/BehatMage.git","58","1","[1bbc8d94911e85f2e6a55d495919ed02c9f9696e]","0","0","1bbc8d94911e85f2e6a55d495919ed02c9f9696e","92b89ce05569e778262af5dc43676edcc236cc4e","cfcdf6abe86323dd6781c07d25eb9a8d796c820c"
"https://github.com/MageTest/BehatMage.git","59","1","[4b6d32441835a61a65f456f2a955ea64f4848504]","0","0","4b6d32441835a61a65f456f2a955ea64f4848504","712df21a62e93182d8924a1fdc849a6e13529bc2","9c765d402667acc0c7cd32704945e58bf61fa281"
"https://github.com/MageTest/BehatMage.git","6","1","[0ca50d55e375d4b49eb8852c4ab328da660912fc]","0","0","0ca50d55e375d4b49eb8852c4ab328da660912fc","1233ebbde59b0dcd695610b14d52af81836f0739","379f8e6c793d621d34071fff01e8855042d127a9"
"https://github.com/MageTest/BehatMage.git","60","1","[a2b45e08a66463fedf64604d3cf8b0dc4e96a656]","0","1","a2b45e08a66463fedf64604d3cf8b0dc4e96a656","712df21a62e93182d8924a1fdc849a6e13529bc2","9c765d402667acc0c7cd32704945e58bf61fa281"
"https://github.com/MageTest/BehatMage.git","61","1","[bbace18b88739469f1b15897c526d41a4d8dd3ca]","0","0","bbace18b88739469f1b15897c526d41a4d8dd3ca","1481714594da9a2265e4aa142458c6a9ffbcc928","9c765d402667acc0c7cd32704945e58bf61fa281"
"https://github.com/MageTest/BehatMage.git","7","2","[dd343167d95dda46a4e640f3ed566055daa3feac, 3e20be3713bd7368a9f806eb63398b313c6fc200]","0","0","dd343167d95dda46a4e640f3ed566055daa3feac","eae3d732326284aa27771fe62e1cf1b44f558fac","1e8af0800c321e372df0465214558d5d98d049c6"
"https://github.com/MageTest/BehatMage.git","8","1","[3b2772ff966c898bd3e6eb8d438ccea42ccea9fa]","0","0","3b2772ff966c898bd3e6eb8d438ccea42ccea9fa","5c006ea3b77cf69b68b00a11ef8ab411104add70","42a5b9c242830861b0683464994da435ed31b45f"
"https://github.com/MageTest/BehatMage.git","9","1","[0f6465936f6a5f793b5271c9e0ef2c4d9333b36f]","0","0","0f6465936f6a5f793b5271c9e0ef2c4d9333b36f","e4005ff03db999eb20ea182c85dfb7ceff631cb7","42a5b9c242830861b0683464994da435ed31b45f"
