"REPO_URL","TASK_ID","#HASHES","HASHES","#PROD_FILES","#TEST_FILES","LAST","MERGE","BASE"
"https://github.com/makersacademy/rps-challenge.git","1","1","[07264299e9768dee3c6a3131b47caa9626edebd5]","0","0","07264299e9768dee3c6a3131b47caa9626edebd5","6fc18dfbfc6f6d00965811f3cbab77ec906803d5","3c51608f7d03b4034a0d0cc80174f61ccacf9351"
"https://github.com/makersacademy/rps-challenge.git","2","2","[3840f907ec4eeab6a0b4be251d565dc4ce589d00, bf3e4531bae806687c670af15b9ab3d1e9d9c3f7]","0","0","3840f907ec4eeab6a0b4be251d565dc4ce589d00","6fc18dfbfc6f6d00965811f3cbab77ec906803d5","3c51608f7d03b4034a0d0cc80174f61ccacf9351"
"https://github.com/makersacademy/rps-challenge.git","3","1","[2dc2ec0fe9b66c4c822b0c1171f6f0aeeb31bf93]","0","0","2dc2ec0fe9b66c4c822b0c1171f6f0aeeb31bf93","1617aaf83a29efa2bd3a28f6b20b2165468638c2","a07e860f45965d83f80a113d03c0c38f5e8f0fb2"
"https://github.com/makersacademy/rps-challenge.git","4","1","[ece351b8d31960be2be0513c8fbb0237a91d23d7]","0","0","ece351b8d31960be2be0513c8fbb0237a91d23d7","7d7ab279990e88976df388f6d75bc6746c607c43","e423e3d25e6aaa46481306c73b0cb0eee48d36a7"
"https://github.com/makersacademy/rps-challenge.git","5","1","[a07e860f45965d83f80a113d03c0c38f5e8f0fb2]","0","0","a07e860f45965d83f80a113d03c0c38f5e8f0fb2","7d7ab279990e88976df388f6d75bc6746c607c43","e423e3d25e6aaa46481306c73b0cb0eee48d36a7"
"https://github.com/makersacademy/rps-challenge.git","6","2","[cff2ddcf6adf6139888729fcd1625a55b974393d, 80669df3f476db5c5a191420275edc98b4af09e6]","0","0","cff2ddcf6adf6139888729fcd1625a55b974393d","4570b7214686909cc073c280b7e599482acd367e","43831340b0d36019aa6a462c46e4e5f3444efec5"
"https://github.com/makersacademy/rps-challenge.git","7","4","[59953a8672f5fdb2f74d149a875340446276117a, e1eea797b4158e3c0800b7b8b404ab7f6e64fad4, a11d2128e9605c16587bc9377cdee2684f2ed4ae, 54707445d3f5a344e331e11ac8484f6f80010068]","0","1","59953a8672f5fdb2f74d149a875340446276117a","4570b7214686909cc073c280b7e599482acd367e","43831340b0d36019aa6a462c46e4e5f3444efec5"
