"REPO_URL","TASK_ID","#HASHES","HASHES","#PROD_FILES","#TEST_FILES","LAST","MERGE","BASE"
"https://github.com/mikeymckay/chits.git","1","2","[7a3b790b1dad336c8cc25bb926c0e6d99cb36a7d, d4f1e8057c3c8b4359ca17d17a4cebe2567771d0]","0","4","7a3b790b1dad336c8cc25bb926c0e6d99cb36a7d","876f9f4dd22378f08ed88a75882b766006692e1f","24c4ea08a92b10565a525531d4a4228821e329da"
"https://github.com/mikeymckay/chits.git","10","3","[c1a2f4935078ced2e933d753f5e04fa158b26e9d, 319324336e7f8ac72b39bcdcef13a2684bb65a62, 7064926b1f54be46caa077b0411740e990b58d2d]","0","1","c1a2f4935078ced2e933d753f5e04fa158b26e9d","86700d49c01f3c02fe171699df1ca3888bffce75","1cc8311b4415609aaa0eb74cef396b7aa3e87121"
"https://github.com/mikeymckay/chits.git","11","2","[9e610f1e095e3cc026f53b668247b39874f9f3ab, d430e3e89f24e44b3d4d206c951f985e1e42dd6c]","0","0","9e610f1e095e3cc026f53b668247b39874f9f3ab","86700d49c01f3c02fe171699df1ca3888bffce75","a1c3a21f6772a30bc7a6754627975fd2405ba7ac"
"https://github.com/mikeymckay/chits.git","12","2","[6aeb048f80938a7b8da655d5be4b2a30f7ca21b7, f257ae3fd688e780d068d5efdc199920c4856f63]","0","0","6aeb048f80938a7b8da655d5be4b2a30f7ca21b7","b36bd1950d364c3bb86ab3629c11c0c7f29d2337","4b120fd9116de58e5ffd36705f62c6efd9a00012"
"https://github.com/mikeymckay/chits.git","13","23","[26791a4f6cfec833eedff0a3792a767e4d1fa4cb, 416d81a38f059c4877f32cf472941a1e036deb3c, 7e606ab02ad440660313f99e8ea71659495d288c, fba2a60adfc5dead7147f1f2a779e4cd133f07c1, e44b07ead4231006979749964d5eda71c40725f6, 3dbc31809d2707c905e4877b286b247ca4b76af2, 58fefedb720135716e98a70dc4cebc878e7c8f31, 8d43abfdf0c2d75beb0d45e55c60d5dc93ff8e02, d706bc31bb2967860fc7e616e317d88798a3c281, a7197bc215dd5ea7b396e307a3a3da07b4827f1b, 4085d502fe0392913f59567af3d6883bd0b6c84e, 293c19c1a56fde34e70d7b44b76bea0bfa929e15, 378870eab0968e5dc1302256569be4963f2e7cc9, 315fcf1f62f9bd87cac33067f9f51659fa5cf742, 99678f13a8b67fa9fbad9e3d51e05aaa51e06887, c3e3c672683de68e2f7480e6044a03aa7730835f, de484bcd125d0cf9383c2932502b30831f73da74, 531dc50603662ccf18dff52f2aacac8a3b7a505d, 89c42d8333a5acbadfe26916bda1182f37fefa70, a5c6f746dc64f4819cc15db4e7066376ec4794c7, e6e3db54ca3b2868a71783788d7b8ae3afbca052, ce0838f88f7c17bb91c04a74360445e51267ce6a, 0b400a4288ffed636eae018f3031725ba2b76d48]","0","0","26791a4f6cfec833eedff0a3792a767e4d1fa4cb","b36bd1950d364c3bb86ab3629c11c0c7f29d2337","57dc903f26d0892d29ef09adf54fe55431f4d7cb"
"https://github.com/mikeymckay/chits.git","16","80","[57dc903f26d0892d29ef09adf54fe55431f4d7cb, 88487ed60eccb9dc5d78c4a408ea84af2a713d04, 03155faf78f108dc03be9cf3b91fb759b30ee869, 70abd9952fe4c134962d5c92dd245a8c950c4b5b, ee8ec63a48cfdacd47744923a21568a9c2b0904a, cc42fd1cee91de49c6dc24d6424886b5e655081a, 069c8b76652a2518efe9dd12ec3448957b9e3f4f, cb0efcab5fc95985c732b1a5614fa1c38b0733c7, 3ed5aa8b2890cb04203dd4d414a7a153419e81d6, 8d4e57c568bbbc02fb8afd4a760e40a96d174b50, 6cad99936d1bfcd88b20374b267bb85fdbfbd495, 05b60e4c99ad70b068d9b45a55f4b14369c00a44, aa7d7a403a17f2693e01a2aa19e062e87e3e6635, 828d7bb3cb8f0f96a124ca1c5ea2cafa26565627, 1deccf312d61d44704058c5b80b136f244d74907, 282a9fe3d97a4cab70b0cf38519dcc08767c094c, 2f9ca3dece373c16f315d508cabe6cebc4a0572a, 7b95ae8a413282383d1b4b7a2d97b817b5af36da, b08b3852c331dca2b85f733848b1b09027183da0, 7013ecff74d0e43fdd49bdb606af772f2a2a3412, 404b1f84253f4ba381e9d06609c5272a9adb56d2, 69a8f76435cd42530c39c58d49550e4a2b7893b2, 3c7f97ee91e42329f5bcbc18fc19d3a5ce744eb6, 2e372123e740acbf5cb71e77ee0a066e43b52f10, 8e31ba259606b3eee54c2c9ed2e183c79c85e77b, b33ba0ff569999d70a177f0ab60de01afbd2762b, 6f9577ee1fbde1fcf1d2b1128acdcb25d7c98455, 0425ce9206fd6ea69d95a673457f3db24cda48ca, 3ede6ed4f08f3ca50c94ca23477948a193ba1718, 0e73ebd791c5faaa5d1429888c7e2c207d9dc29d, e377ac4136582780f90d7584cbe141369d5e8d48, 83a2ae8d96eced8179fec17d02e71e04285b1228, 3f584fabe5e156267e087f50e41ae407913b8b1f, c6e48c0841593115305248a6154be0f095a0b08f, a0843749897776052fcdf2de8ae66cd7ba47de65, b8c0a82ee5f612b0cd8f90c049219e046fc1d517, 311068a38b250dbb82fdd8a039be03c2b75f77d0, bfb5290331f08a4d986a78751593ea6e0842505c, 018214e7cc1338369ae0188b31436dc65e679df3, 94f096690ec01847938ffe40753ce5897a6b3509, 7afc61d3834435e5cd1ed79689113c0beb9c10a9, 064df56391f55a73c2eb794fd41e54067a107800, 718125fefdbf5ffafcae231d2b07ccf893dffc61, 5deed40a3877f4f80680e60874ea4be931b669e5, d023666c2146e43f0c058b6fc65142d522acd4bb, b6eed039640a9405c7b6cda9e164b480793dbc1f, c883782bdd28a8c0a14b244cf4397629a2d493ce, b0e143b44d79d3dfb31217ea1210a6290bb7a46e, 1406eeb96d1536a658ff40675309ec625c6b6a81, 37794baae40e07dd0cb1d5bf2a68e1c8740f78b2, 09698615356a035aa7f6620a8d0a703143605885, f6a158347671a4456560ddaa7f0edfa7a69df9eb, 813dafbfbc69882ce2c3610497ead4f0cd6c13aa, 91a5d282b99a658e1eabe65e6f58aec9704bf8d7, 7070747c51384c2638287a7ce4773674f96fc38c, 9cf82e5f1f25beb1fdabccf66e61872748471f13, 1727407f351929ad930beca5f462fb0959b8b840, f584b0102f87beeae43fe55708616b2d3cd0b449, ac0213b860daa5b20c7ff7d05c4630c3a21d4804, 3185b659b68ab60f6522668a513f61386cf46f65, c4e0ceb59dab9d722e059538dc7a399a2c2f0dc9, 8e8b15b62c7aa9188602f9723ced16756ee645ec, 03539801a4074bff0b271ab46ced065fa60ffb22, de296de4f7a9b9913161b6820bbc981180bdee4b, 5cbd2dcfb0d4cb9f0b2c7c8ce574282fa4387ca5, f142d800a4afc2840b649b47107b2ee88394fc55, 5abab7a3afff8104dd062e14b59bce80214a2610, cb4ebdc58d1160fd27371d58913bf37d776a9ab9, 83a680096e79b43f4a049b613b1748a1c8bec37c, 326749a0863fca74990aadcf7c0ae1e3b3cd1ace, 79b198e02cca41a25ba5dff77913be1466b0a0ed, 0d83e018db3a0d0576e2fd435c9790ef9c834ca9, ae5bf56c6356be09397317fbd246a7ed308fe48a, 87275f996e0558c769f68ccfdc46283d84916af3, f68d894baf66304422a2bbe65d7b646137469e74, 8a56c6c95806f18955c9241e17d821e4e5c6827e, 3ff7a50e66f2a24d9a9cee6a7e812635827bf16c, c510be0416e1a82e8a4fe8f2e0b70fffa3feea3f, d34a7763e9388e97fdb0bff86ecd0a317e16dd04, 490cf80e64517b69bc4fa2b2c908fdff1b69a477]","0","0","57dc903f26d0892d29ef09adf54fe55431f4d7cb","4b120fd9116de58e5ffd36705f62c6efd9a00012","b22c8e8c2d4e4a8304c4945363dc33d3f9900bf3"
"https://github.com/mikeymckay/chits.git","17","1","[235305fad27fb7430bb504dc52ab37ec9ec8fd62]","0","0","235305fad27fb7430bb504dc52ab37ec9ec8fd62","83c91248b5e6d8c33fbffcac891c5d0aede5809e","f6f46ae4acf3bd58e0e3aadc871f451466d4ca5a"
"https://github.com/mikeymckay/chits.git","18","1","[0ccbda0eafe8d73529edd1f933e2ce1af856df25]","0","2","0ccbda0eafe8d73529edd1f933e2ce1af856df25","83c91248b5e6d8c33fbffcac891c5d0aede5809e","f6f46ae4acf3bd58e0e3aadc871f451466d4ca5a"
"https://github.com/mikeymckay/chits.git","19","1","[e2a5f69db34e2ef3c6ced3767e03488d9fa4b87c]","0","0","e2a5f69db34e2ef3c6ced3767e03488d9fa4b87c","1cc8311b4415609aaa0eb74cef396b7aa3e87121","090109b8457684b903fb2477cc871f5371c1ec97"
"https://github.com/mikeymckay/chits.git","2","2","[5ffe3e131e54fc978d7c50aa2b22228f79bfa1ff, 3c65b777c8475f380ea9b5f1e2e53a176cfc0a5c]","0","2","5ffe3e131e54fc978d7c50aa2b22228f79bfa1ff","c6ebf9df113365c1cdf2c2718b6c690d1a25e76e","792ab7ebcfdc084ae036c6130492f890ab236d76"
"https://github.com/mikeymckay/chits.git","20","1","[a1c3a21f6772a30bc7a6754627975fd2405ba7ac]","0","1","a1c3a21f6772a30bc7a6754627975fd2405ba7ac","1cc8311b4415609aaa0eb74cef396b7aa3e87121","03e32f2404d8dc4e73f0f78f69734cd454005d23"
"https://github.com/mikeymckay/chits.git","21","2","[85f1a9c4be4f59b9655347a0bc505c350a72da10, bf27ce7d7176ba939df75803af5417a040323578]","0","3","85f1a9c4be4f59b9655347a0bc505c350a72da10","03e32f2404d8dc4e73f0f78f69734cd454005d23","d9c0d0b8383fc3f7149746cd57d09b0bc01ce2ad"
"https://github.com/mikeymckay/chits.git","22","5","[1e4dd62101fc41ee39e9de3b32591961ed4d3543, 72f6b57763e39860157d604befb48c90fa27369b, 5e6f685c7451834257d537650903adf72157eb74, 775d3fdb0afd6ab1b85a31f48f287935e6d2f77a, efb93acdca3a8891bba4d51a5a348d8a797716db]","0","10","1e4dd62101fc41ee39e9de3b32591961ed4d3543","03e32f2404d8dc4e73f0f78f69734cd454005d23","473414ccc2669d59955b4258aca1973271b7f87d"
"https://github.com/mikeymckay/chits.git","23","3","[5e6f685c7451834257d537650903adf72157eb74, 775d3fdb0afd6ab1b85a31f48f287935e6d2f77a, efb93acdca3a8891bba4d51a5a348d8a797716db]","0","10","5e6f685c7451834257d537650903adf72157eb74","090109b8457684b903fb2477cc871f5371c1ec97","473414ccc2669d59955b4258aca1973271b7f87d"
"https://github.com/mikeymckay/chits.git","25","1","[eb2384a9dfefb259cbeb3c366eed0d016f7ff90d]","0","0","eb2384a9dfefb259cbeb3c366eed0d016f7ff90d","d9c0d0b8383fc3f7149746cd57d09b0bc01ce2ad","9c08e5219045109de0a22d86274b3d75decab4a3"
"https://github.com/mikeymckay/chits.git","26","1","[459dd5caad8c2dcccbdf778ddee1ae0c96429ee4]","0","0","459dd5caad8c2dcccbdf778ddee1ae0c96429ee4","473414ccc2669d59955b4258aca1973271b7f87d","025c5c095c30adbd2bbce83bf3dd2d0605ce7a9c"
"https://github.com/mikeymckay/chits.git","27","3","[20208fa583be74a4da21f90364dfb547c2a0e5f6, 9c08e5219045109de0a22d86274b3d75decab4a3, 025c5c095c30adbd2bbce83bf3dd2d0605ce7a9c]","0","0","20208fa583be74a4da21f90364dfb547c2a0e5f6","f6f46ae4acf3bd58e0e3aadc871f451466d4ca5a","2493eec6a711034b3080d1820dbc3220093c0f02"
"https://github.com/mikeymckay/chits.git","28","26","[b22c8e8c2d4e4a8304c4945363dc33d3f9900bf3, 595b8051442d2252930910e306acac8ab9b724f3, 6a1697c40bf3b610087cb8a1bb40de7386f73eaf, e02777c0def04ff39dbfd1fc5c479004fa9e02ea, 5e87ad04085769e3ce90aff275cd0be3517587d9, e430857cfb526888ba7865e8acbaabd5f9c1f8df, 1e26fe58b1cf21713fd66df91b71a88a07a95911, 8781ee65ded79f3ff30297c945da4f6647c951f2, 91d86d612a91f5b48ea224dcfbe3555d890d81e1, baf2bf0920aecb390acd233453eea8f6494f9dc5, b3f64200da71918f654e7fbfeae5fd49931c30d7, 6bd2b4810dbd48cffa1274b4eaad6686e3bb39e4, 88d374a8bf156c6a3807614bc1e18cfeaf1ca1c5, 715279349041c53221bf67e1cb90d8666955c9cb, 18cf9ce1a86685e48609c7c9b1694ba37c2a8f64, df37b5e4393bde8f43603d1f283f02cdaf7bb983, 9706c91fef97a749fb1a73230fbff4c600a1eb09, d8b83f095e86a2fe30fe0a5fda1d239eeeb77743, bf2e91ae0a4f712f15c0e7a49810400851afc1b2, 47d7dcbcd5cd6169f4d9534ac5b6187537fb90f0, 0428a496c2e3be820a26d68d158ae77876d1fe6b, 80fb4a398cce1930622569b451dc8643c8e1e796, d640eb01382448f5a877074fcad7883a637c7e88, 1bb9e7d9452743541765754ac9dbe077072ef9c5, e0fc8399da727d0a2c263de12a47b7fd77cf6fea, 25b26c59e808b415a44296d34807c78b4f4af5a5]","0","0","b22c8e8c2d4e4a8304c4945363dc33d3f9900bf3","f6f46ae4acf3bd58e0e3aadc871f451466d4ca5a","1b520a8c5e84cda95fd449cc2d80c0238c1267d5"
"https://github.com/mikeymckay/chits.git","29","21","[1b520a8c5e84cda95fd449cc2d80c0238c1267d5, 7c08d17601a1273d2cedd26e645cac29949c34b2, df6b99cc5cf612f45e7c8823c52864a329a4f0c4, 9c590d432f55b4bcb6db902f722cbf90c4861c78, f74c3f7424adbab62b43fb7b1fc7d6823ba16baa, 68c44a659f543acc7880f1f9a841543dd20cdd69, 3c156a60b42b6ba748a37650190722030a61d0c2, 4452301d54d5240817f2fb88bbf4db958e62c4cc, de66365c645d335614b01ee9c0785ad4b0d1779b, 0a87417f10d85768dce0d5b12cea43fc5e5d4a2a, 8e133751ad0b86ace21f9543d256e433ddb0d893, 7216351894281c79946f19d65b06d3c433ee0fbd, 313edb892e6401b8a0b2ea7bc96bc831505264c5, bc7c1736af03a346630a70bfe38526d7b192a0b0, 470006a12247f6dec56ea934de91d2ef5d51ddb5, 55a3aad0761af09ffb90736baabdf93ea417a946, eb261b80be55019c8f6e14cdaec575c77a9c0a47, 720cc7441fef43838fc9ae893bc8766cb2685ded, d83481473af01b7fd391706c7d78e014c6bcfef8, 885e8ccc997e7ff008f1209d58f6499f6b80e714, 2ef036d48ecc2032eb92f198899d87b8a945f76a]","0","0","1b520a8c5e84cda95fd449cc2d80c0238c1267d5","2493eec6a711034b3080d1820dbc3220093c0f02","9781361212ccf5afe63c19eb9c355c8c3421c75e"
"https://github.com/mikeymckay/chits.git","3","63","[323af133b7d1f1b55cd3255999646651b289631e, b74297b5ef9b121042f5ff2a990e0e9fae72ee45, 3b731fdce314c40c636c655e16995cb4846fc117, 5a596ccadabda9f83ecd5d341d9b9e3b62b38cbf, caf1fe9d3c1a96e47e12f01594acba5940206c5e, c853e6915ff990b286af1213c8adf914254e5b2e, 1a5ac6056bfd6ef7501fe7717bc83344599542c0, 66af04341ea864a5a1c1c182ede93dc1de246a26, 2cfdf47560a46f78882545311eb5336e7455ad24, 9b1ea01fcd2118aad7f418f4a9f628e3a6a9923b, 40f8ce318435d0a39caf2e008c050cc844876fef, e956dc1291a82c3b5e5f84a6bfb2ba3c6e0b180e, 51738fc26de334bc8bbfc4162eca6a2b1e8d8872, 4f36c15d590382ad2defd531e272cdbdc92d9f4d, 95b83d73938e8bfaa0b8a5b8a15365cfae990307, 5fcfa41500d42755dea769ee818c676454a38887, 1411db06f61cf0a5cd07490cdc467b9f7705db48, feeff9e84a3fd72d5141e75f32845319faa422ac, 5892378e786fdd96a8ff1bfcbe9636983bb97602, 008419c45b49ca83d171b121f9677b7f9a7b9c64, ce5afa77fcf62b4fe44af68755be5f03a887d463, 86b0e13a81bfa0026d1b15533eb5cc9a440e7c95, fab9b9a3a518ac1bf6c151f8bd4845dce6294938, a4ce9294df01b2366b78eb7f5b618f508fc585f4, 7edc47f6121808dc67a7b374e1ae0242d526b421, e05688ac2e835f7156076c138336b02b98eff1a6, fe6e7c9da773eedb78e62477e3bd4ac7beb41d6f, ee2ef2242cab49853fa50916a1ed3ecd750e5e27, 17f876584b930e3934158352b63e49f9761df369, a00ee16cefb8463133e7e0653090b4f993240da5, c9a5a6951eadb31a93a4412544548391d5ae1185, a19e7e39a65e3fcd033ef20ca3464882ff869f0e, c6a1b2d1a9d5a022cd81bd0e9b7b62d5034248c1, b33642daad9a2f4aefd2aba6f552b8395eb82fdd, 5c9208ecf1b2abc5579d5023e23e3f54c72aa9c3, d3b7a7707eb250f372b140672f226b8ec087c915, 6433d2f493c41d42ec2f256c29526c7d26a67649, 9b3596c79d5f5476a588435eb2489a48af65b6ea, 0821b3fad4cb1c4dc359f03fbea8c57c2e0f25f4, eb58c46921cef63d15e646c7b50dcee3a0733836, 3db96f4027f0a05af6cd447dea374ab580968786, 0853e51be2e99228ce217a12ef7935a59d8f6aa9, 584e9f8c471f3f93909eba254b3a23aca9dc3efd, 4e3d4a232ee2c288305efdbed502953a4f69b78c, a90a20a51d5e51e624594427ae6978ad67ddff1e, 8272a33f53831b02fa6d5e2c28dc703477993d3a, d2db6852d48868930702cc71f8fa0ef7a3e41750, a180abd67f998f4eaed7e653310a80b922ea52d6, 44e9e0488828496412b62de65b1961b1c24e7696, 7973ff452f37e8f08f1dd36bb1be0e99d5badef0, 2bd5338e96161abdee4e8b30d38ad6daefbfe505, c803412b3d3a5f56a6fba201412ad77777ecc874, a031befb1390c407d3f5cf84de7a32c6b83ed0dc, dda00f0e489451a5a9e344256c65fb48df3fc4f4, b65041405ae7beead2cadd2dd72a4b8aee6c83ec, 4d2b465a006abab6c4db357b9234fb41a0ad1f0e, 5594fe0f47110065944b713d4a38069f7ee8834e, 77fa94578a3f588dacc23f3a97b17d08aae3475c, 5b1e4cb6b6b60f2f9d52d140a97125e579d3cd29, b2bfbc27b13513fdecb7ef3d383003497d396f95, a3d43eed7a9c42192da676216a1781bcd99260c0, bd42c3c75c17ba2d01800b1807ec308e03fb4954, 428fdfb6259380dd1e5389cc758b0b9ceedd2b26]","0","0","323af133b7d1f1b55cd3255999646651b289631e","50d94a2c483b7224b752f1ed8157d40f7633823b","b9bdc5c14c776b36e87a466e24973f1324815170"
"https://github.com/mikeymckay/chits.git","30","4","[d472a8d6d72c2b5c5045c95c6a8e9ac03da13d2e, 301c75782f9e77ff1e252549e1a89fe481a69752, 5b965d1b7d136256ba7c0eca55e0bb0dce6e796a, eaac79629a19f7b6194af6ecc65757f915cf5366]","0","0","d472a8d6d72c2b5c5045c95c6a8e9ac03da13d2e","2493eec6a711034b3080d1820dbc3220093c0f02","02277b9e0ec9c6ae9a39aac0c6d8de3ac5dca9c1"
"https://github.com/mikeymckay/chits.git","31","9","[2bfc58bbb691446df1ffea8ca8460d126dbe47a7, 449166cbc375bcdb8298f5fed2b193a5f6bdfd5a, 88e4a7d35c32c91e2884fec99608c12575a6a955, bf2248df33018b9718ebb3c4e7e734388128aaf0, 0db00bf08ca35d78725edd0009a10c2cd6ecc362, 094e9ff2c039053701932c69f788d3fff3c80148, f7b8735896be5b56a36122a31d7a3a0752ced495, 9b5c39b685a381e30702b4e4db984b9a629fcc9a, 6cbc383d6d5500eb8a6eb72b6807c7355bb4f7e8]","0","0","2bfc58bbb691446df1ffea8ca8460d126dbe47a7","02277b9e0ec9c6ae9a39aac0c6d8de3ac5dca9c1","5f8e8f8c5b01c79fd1df3796bf864666b2c4ab3b"
"https://github.com/mikeymckay/chits.git","32","54","[9781361212ccf5afe63c19eb9c355c8c3421c75e, 53db2bf7196e9db9691bb766ca4885daadce7d2e, ee42f6d614d312a10196fba07fba71e3639d27a8, dc9e9ffc8c61bc592dc40d616c8230f30accc806, 9526e444e7de263567d610706a0df5d7b008c6d1, c787673b4ea36259db25b915e18aea58e92085b6, 9950f3c6e0d71c73e326bd4c45736477533c209b, 59bc24ae8fce8ca594d358d9982dfb37412dff94, 9217ebf7ae2aca93f0ca2361b98841d12c0768c9, 365533fcfee8930412a11a354b179a033f82eaee, 41dd6142c2a04535d8dde5d6a84b3e80ca29c6fa, b1b9cf869b89f49a488741623d38fbfded4fe643, 01248fd30e767497c0b45b1e7936513106f5e4fb, 8746c003621f5aedc00247c8fc82e562129559f0, 606242ff0de8768b45573e94b24583692c3cdabd, 41214c60c6dfee3452009e3f22b25f9228849059, 450c8176521733409251145b9b69e9b3e2cb801a, 28e7d88d416e50aa5d22821e9ebe044b446d9a08, 99ae48451b21fe0cf74ee967ca0965c882a63478, 0684d37b3a2f700cce33f38c20f49bcd16e8e876, da0cea58559acc8e38350b496d7d237a247458dd, 96b66cf02357c835c3409548ed2152bb7ec94a7d, 5ae7305b71c697becdd1c37bcaf61cff42e68eb5, 1622af809b2817b85f6db080ff49bb7afce009e2, dbc34f4b0f8ff724f69e7c423d974743be0f3b5d, 16b4a5fe75b355dab49c39584e533ee57f35f8a3, eccc000c46332c8058b0c14096c0da2920c41f0b, 1db0c38314be48ff35594aeb8f516c37e4a2cb08, 3b2a9b00c5278e5ff9bc4fe3c8a1c2733b3d9a3e, 7c5dcdbe0b6666a0964a0e8564467ad9d953a16e, 10020d8677d74e93e56e65200b13fdabc5d2d57b, 2e27916b85155d3c10aa63573a27724397d7efea, 7722257597de665c3cd1d75a1b29f2c4ddc19af2, dafe6e2ef4af7155f166bed5a9473589b3f241a4, 7b3974637e855d80d6e006666fbb286de75fbe67, 6a910ae2af6ec598963414a6a82dbe3cbfb5d602, e0b29e1c952d4c09d5ca034cf239b53b578215cf, c615b6653f98cfee767e8cdd7cbe2fdb28de506f, ccd7e2867e2b6841c34283a5ff830235424d8d4f, d7e81a9252da3dbf3628abb94f670b99efc83071, dd571730dc64ea5cc77bc2322286c8b6f016e452, 3ee13027fe103087cf3019a69289715e688a636c, 23f6f0de93796238080576b7b594949de7e8893c, a3bf8788a29f3bd72fbd52a4aa14d5493988639c, 719af3bb19a0183a8a4919d7ae723b8f5c73440a, d923cf9d8fe0e602f237abd493d674e0e8331371, 0b31fe94e47c2253be061a992d66de264f9d4373, d0154f9a292afef0d2847bfb038700ac4d767e2a, 88d5f7f3e38529cc17ae1a67466fcde21ca426aa, 19a18caf328cdecf7c346a529c78c8b5ecd9e274, 92f9ebc7b942798421202c3a37cd8507567a769c, b4eaecb0fe3db337acd48e37e2f7223b43dd0f30, 50a19095386b7d7ccf73a93d000432a03acc3677, f281923841dd968726dca94d9d9dc3411d979ab1]","0","0","9781361212ccf5afe63c19eb9c355c8c3421c75e","b5723d72eb7d1852bddf5a664e0ac81b8dec23b9","5d4c92707f10d5c08aa2cd895bb6aeeb6a7c6d60"
"https://github.com/mikeymckay/chits.git","33","13","[548d21c49c9b1eba07fa22208d90e8a668a36b0b, 5eca1dab523eab4c67aa9a0c607d59fdb9c265ec, a481967c2984921749d3ac4b91cb8109afeefb09, 628f8301ba4329280a2b28be6f8333829f01914f, 9fe8ef38f7d7a4c9ac16cd837d1d4b9b94c2c7e8, 7d600198abd49b6a5b2bf0e3722f88dea9f26424, 9afe1978a1d0b7888b6c6c57d8db2455cd8d18fd, 501757d8c575f052b2e822a7b9c1f45d1ab29036, 06100926da976888458bd1c28869c0c72119c3e5, 1749005efe1ceea9f64e2bcad1be2c01061a0657, a9b25a443151136791bd1b1dec2a0a4af3995473, a0fe791816b60423670ed59975671a1760f14773, 0911b87119048299398785fc76eac0fcc64b4e0b]","0","1","548d21c49c9b1eba07fa22208d90e8a668a36b0b","b9bdc5c14c776b36e87a466e24973f1324815170","0091863c3e63e20b472f947b44c89a89c62809fb"
"https://github.com/mikeymckay/chits.git","34","17","[dd571730dc64ea5cc77bc2322286c8b6f016e452, 3ee13027fe103087cf3019a69289715e688a636c, 23f6f0de93796238080576b7b594949de7e8893c, a3bf8788a29f3bd72fbd52a4aa14d5493988639c, 719af3bb19a0183a8a4919d7ae723b8f5c73440a, d923cf9d8fe0e602f237abd493d674e0e8331371, 0b31fe94e47c2253be061a992d66de264f9d4373, d0154f9a292afef0d2847bfb038700ac4d767e2a, 88d5f7f3e38529cc17ae1a67466fcde21ca426aa, 19a18caf328cdecf7c346a529c78c8b5ecd9e274, 92f9ebc7b942798421202c3a37cd8507567a769c, b4eaecb0fe3db337acd48e37e2f7223b43dd0f30, 50a19095386b7d7ccf73a93d000432a03acc3677, f281923841dd968726dca94d9d9dc3411d979ab1, 5d4c92707f10d5c08aa2cd895bb6aeeb6a7c6d60, b1d4a73ac5006d4eaa598dd6eed02f53e9bc104b, 6be7910a2edb6a2fbc2b5cd88eb1db42d1e17d53]","0","0","dd571730dc64ea5cc77bc2322286c8b6f016e452","b9bdc5c14c776b36e87a466e24973f1324815170","d699d1fae2d738df09dbfb01a298e7dc91093fe1"
"https://github.com/mikeymckay/chits.git","35","14","[0c36356916d727e49eeec2bdf80fc3823fe6b2e0, ae9687fa5ba290c7b75524a22a64103cf77b89c8, 6eec358a1490470ede9961e4030182dd6d0221f0, 786c1c021605206b151f53c58c4d68bb8da01086, ed82946d0155836b39f507adfa52addf3f24f238, e37e0397ff5bba13a56321fcc67f0d054816cee7, e70ba54206773d85ae2e34f8a9a24effb201902c, d31dab45d06912c7c98de2cd91b36dc6f48fee25, c004baa07e8f858003f8ba202128259542363191, 007492451f93ca170f53f6f3ba0eeff39e8c1aab, 5bc32d22a86150592175d8cff78ef516e552bdfd, cd5f53d609cedecb7cbe312f0a623a805db521e5, 95f854f4bc997d408c7ca5692b78eb5b68a24463, 810c39a2cfe25471db70a1724c9c9aad8708dc2c]","0","0","0c36356916d727e49eeec2bdf80fc3823fe6b2e0","5f8e8f8c5b01c79fd1df3796bf864666b2c4ab3b","1dc747166e4abea6e65b35ba9f33459e809278a5"
"https://github.com/mikeymckay/chits.git","36","3","[5d4c92707f10d5c08aa2cd895bb6aeeb6a7c6d60, b1d4a73ac5006d4eaa598dd6eed02f53e9bc104b, 6be7910a2edb6a2fbc2b5cd88eb1db42d1e17d53]","0","0","5d4c92707f10d5c08aa2cd895bb6aeeb6a7c6d60","c619b51d9e3e0f516603053ed710468f744db06e","d699d1fae2d738df09dbfb01a298e7dc91093fe1"
"https://github.com/mikeymckay/chits.git","37","1","[c3646fe5dc6f8bd1e0ee19465b2c5447263c6e1b]","0","0","c3646fe5dc6f8bd1e0ee19465b2c5447263c6e1b","d699d1fae2d738df09dbfb01a298e7dc91093fe1","db35e36f077211a04edb65f8d3ce8e25112263df"
"https://github.com/mikeymckay/chits.git","38","5","[db35e36f077211a04edb65f8d3ce8e25112263df, 3adcb4fc5a3f5e6664819bfc7e15aec0f4c698a5, ded6e6548b8c94df2df60eb4c617c1ff79a81eb3, bfea9594823036fdbbdf3d4d5cba1fb391d6ac50, 91aa8ddcf1f3767bb9ae79c154fdbe14e0f4c429]","0","0","db35e36f077211a04edb65f8d3ce8e25112263df","d0ed40dc6ae4699d9eeaa2652375406f8e6194af","eb6be57dab97aeb9828fa1adf72d2af59a2ffd75"
"https://github.com/mikeymckay/chits.git","39","1","[61609225686b9c2d1cb141a03757a07eb10b351c]","0","1","61609225686b9c2d1cb141a03757a07eb10b351c","c80a2c599af9daef66c0bc74f61d54d28a023f2f","0010f22fce2f732e8ccb34e3f64624ebee957d00"
"https://github.com/mikeymckay/chits.git","4","1","[c61492602f429d3000c3e5c76bb3210250a99be1]","0","0","c61492602f429d3000c3e5c76bb3210250a99be1","a7a86c572705ca80477822e8f622df1ebd527de1","b36bd1950d364c3bb86ab3629c11c0c7f29d2337"
"https://github.com/mikeymckay/chits.git","40","21","[eb6be57dab97aeb9828fa1adf72d2af59a2ffd75, 1f7de813b759368f5c14d58ca4058febd08d36e4, 969d95afa30cc322db6462a4dd739a46f84e52ee, c4b1d296accd6f1177129d10d5209bd8c04abeb2, d5af405a310d55ca62040aa5830aa0948e52dbba, 750f3fb3dd60c82b06007ee72108f78cda6c7e29, c0118cbfeb6ffdee6d7b237204d3bfb72d1cade7, 6277f1fb8b0e7ca055f0e2440e6b7304ff678fb0, e74e11b90f0a54725c52ea5d2b18161783271c49, b2110fb6e94d1bc2eef52b0947644198a21aeb9b, 261febec3b82b212b3d0982ee9d67ef7ebfff947, 4d62fe53d17e0e7f649772b974fbfc6257ef7bf7, 876a4184a52694dbe7e3591bd77718a08f648223, 961f6456f3e44b66f31d26bc0cb33044f377610f, 132fcea743ce54fda3c2e65bc9ca8ab6b4e089b2, f6dedc18bcc7042a0c2bea5c6b8b8455644c8e28, 47900a7aea27b4b4b3b39ecd64846a55c319a0c4, 8fe89f2331fced27f295eeef919a7e0d6c2564e2, 5291e8dbefa8998a6ae08a532b73479afedde532, 0db4777ed5a808c9ca72adcc9caa25661c24bbac, 0cb61a8d5f5f39a6640d9296b77feedf91e58dac]","0","0","eb6be57dab97aeb9828fa1adf72d2af59a2ffd75","c80a2c599af9daef66c0bc74f61d54d28a023f2f","0010f22fce2f732e8ccb34e3f64624ebee957d00"
"https://github.com/mikeymckay/chits.git","41","5","[1897408e79ecf58157675bc1af2389ec16d63449, 5c1ee7b97219899e9258f3fa45dc27d6fa9c72e6, 36e4600e35ad27df13cf6ac7577876d45a9ed24f, 4dbef0e2938f0b0207463199f21bb4ba589cb049, 4d5cb864e0cf08ca24664964d1ec75b737b36c82]","0","0","1897408e79ecf58157675bc1af2389ec16d63449","846d8eb902735659a4957ad4e480090e9f6460c2","cc61e83baa28248864ebe30d3061432aeee42958"
"https://github.com/mikeymckay/chits.git","42","7","[9afe1978a1d0b7888b6c6c57d8db2455cd8d18fd, 501757d8c575f052b2e822a7b9c1f45d1ab29036, 06100926da976888458bd1c28869c0c72119c3e5, 1749005efe1ceea9f64e2bcad1be2c01061a0657, a9b25a443151136791bd1b1dec2a0a4af3995473, a0fe791816b60423670ed59975671a1760f14773, 0911b87119048299398785fc76eac0fcc64b4e0b]","0","1","9afe1978a1d0b7888b6c6c57d8db2455cd8d18fd","846d8eb902735659a4957ad4e480090e9f6460c2","0091863c3e63e20b472f947b44c89a89c62809fb"
"https://github.com/mikeymckay/chits.git","43","2","[d91e2a6188d5045d9996adb83a4198881ef90830, 8cb745bc514ddfc29eec432ac68c0f9496bc71e6]","0","0","d91e2a6188d5045d9996adb83a4198881ef90830","10bd2dbe5a715dd1166acf1ae2d09fcde2353222","1897408e79ecf58157675bc1af2389ec16d63449"
"https://github.com/mikeymckay/chits.git","45","10","[73d12a2770cb171e576f89e15dc15d834354c66b, 3893f53b4c64c1789db2b9ab0eb0fa8f424eabd1, 7abfa28641165bd65ec72100a5bcd0dfa89d982e, 7eebf105a6b6718c5a686c9ccc2dcc29e064553a, d6aca0fa06d4a284872da87936020c583d9d26fe, bac996a6f56a01444ac2d3343f7cf325a35bf88e, 4718862e4b0d82752ae97374daade7c30726a52e, 69269bd928c8e5a8c2b0316eb9a71dc5aff11d16, 8f0a2da5a4596da9a5fcebbf603fafb448a3769b, 53a97382512efef90afc2691842475d49eecde79]","0","1","73d12a2770cb171e576f89e15dc15d834354c66b","ec6d1e7ac868e54a41102a2c296e556bc611adbf","1138c62c90af649783e443f1f3d71f80a6776b2e"
"https://github.com/mikeymckay/chits.git","46","32","[92a4523872c4605ef52552f7fc3ef6f141624f9f, f1a36a3e7674de2bbf6f032ece01427ceb0fdac5, 0ac8385e745b168a53b509d0d9e360d09c27ac8b, 4bb9ea82866d5badbd8633bbc17bbe34f4901bdf, 228f293809564ef4717314cb2919eb26a3ed416f, 27c1970e76f218598c52d9c5e3b8b5666c5bfbac, 635b5fbb283bae48eb50132189082a6dd7851361, 645b3f1f00ba60728aeb95dd513930be42c00bef, 69e5920e49aa4a28feab5c884520865dfe089f2d, 112da8d2f9617783c29927b1da37a09e115ba605, 3eca391e3d42bd4ed3286dfbd4b59d59f1f2af66, 0826f3daeaeaf669469f2f8c67fdf755d2d4ad1a, 2c75e7d723b7e3505e19364468e5ad30cafa6282, 4065f685db8bf1e8224bab837a86eedb952c9da4, ce6d073c50e738e129bf9e9eb642c68d45a34f40, 0f660a4a1389093ea5b91923f71ce8cd30e79541, 6bfb62af92b71b8a729c770001ae173edb8fa990, 66c4670384735ba6b6e475557906924dc0a01a14, af2540ea6d96453281d3e47dc6207c8ea58e2c35, 7903ed1f0a9628b3842cfb35e2b63d8d381feced, 11177fa1a90ef62e2081ac4653162980ea56c92c, e8933130dd8128b1d12e20fb21a63d5b7dc9a534, dd89f5559289e0371073c9e33fe17faaa627162d, f1428867a675b0e3b1f1ec1b6e837e69edbdb44a, c869dc5e913d978046ce0940acc86444d7bb06a4, 7006c0e4f9746f597772b2396785390f4418ca7c, 1f4f65604af4a83e3535636026dfe71a0facc12d, e8d8687f9348af592177c04c1b85f7ab4cd780b7, 66a37a3fdb6d3cba3d954d60aa6bdd8ec12f80a2, 53c7106b448b5108bc69a91e52737803d54eef1b, 2db142a486e9703fd86c71d26a90ea5e5c2fb0be, 014f9264f499a09c16ff5a1f2dccff221f167ae7]","0","1","92a4523872c4605ef52552f7fc3ef6f141624f9f","cc61e83baa28248864ebe30d3061432aeee42958","a9cbdfbb4059b57cb05a881d3fe4292413eeb4a0"
"https://github.com/mikeymckay/chits.git","47","1","[4f515e261eda78eed14039b9323396cf34d18a7f]","0","0","4f515e261eda78eed14039b9323396cf34d18a7f","cc61e83baa28248864ebe30d3061432aeee42958","dcbbcaba310dfeabf22bd3b3f1b66181664fc0b3"
"https://github.com/mikeymckay/chits.git","48","10","[1138c62c90af649783e443f1f3d71f80a6776b2e, 9c7e96c244b81acf259ac967e72f27b716af2c72, fb83b4ecd6ac2e9bfb090338cc395b630f706c99, 6a29cea642be87ed628a411f9b5e3e393c876a99, 66f72c0ca9760badfe94ccb38208db2c278f7e88, 7699b03120709a849f35747f6bb3f775198c6467, fdbcf49e2883fcbf9ea96b24d8222e62cf3587fb, 70b0674b80b0b5a5ce5c9bc86be3a4c112e4eb26, 77afe235fd80c345b489336fb38d9085b697b261, 44ad7e7da83fbf01aaa7f93f93f492bc77839931]","0","2","1138c62c90af649783e443f1f3d71f80a6776b2e","dcbbcaba310dfeabf22bd3b3f1b66181664fc0b3","0091863c3e63e20b472f947b44c89a89c62809fb"
"https://github.com/mikeymckay/chits.git","49","1","[845afc8ae7bbe268a843f3ef174ca7be3442c1dc]","0","1","845afc8ae7bbe268a843f3ef174ca7be3442c1dc","f505e24c91a8ceda489a5f18895e80e97835e36c","5084ff9388a1cb7add427ffaf3ee55be89db1d85"
"https://github.com/mikeymckay/chits.git","5","44","[bead2bf1f413b5038e4d3ec24797c380b61adbcc, 1651599b4d607b5892509e4d888179d1aba6741c, 07348d06c24cb879bbc9b1e5d428de22b23ad71d, 4083db4f1d2628086c6165d0b2cdc2eb39a56de2, 0af5c48bac1335ac2ae3f7be0b740eb5754077ef, 4733b5c6559293a3b355d47237b181eecf08ff4f, 0584788e6e6d8ca460d6e600d01b31d4a0e4875a, f79b5d658525e036d66e6dbb65f5a04ece184e86, c25b13088b840d66495740fb33c8baeb555ccdc0, 525cca0b26091a945c3b0609ce8116807e380536, 64c57b94eea55a24ae4f151ed67faeab941defc1, ca452e8ba6a9834137897c4250043d6ef657158a, 78eae06ff45b4c05de6f9d3847ce9f5126a5dc31, 30d187399ed21ff2e542aaeb18681d6d53ee49df, eb6f04af2699ff3cacdd12b7bb8353e13d08131e, 269472ac8d8089501a7c1b5807c092aeb2f04701, 39a6bae37e6d68c3eb00d2cf4b45f15936857a26, 3a4b9a4c52c06c27887d537d56ae3eb2db04171e, 52c1b49b641d5bc65b73ad467980d7a5828c58d7, bc32e9c2e370dcf9d98a34c457b4351f4b72af9f, 60e31895789673af0bc1b003d0f56b0fc2fdcb5e, 755d05e8a109f8e4cf3af9b44c82fc5f3f03ca53, ab6c456d13f3f284dce3ce42cec28f43f6e8413e, def57e01856a0247972cf5ff0d2ea0a4d43d8620, 7aa7f88550bd816c039385cfe29931de02eef8d9, bdd010947550f375b17ac0b3486e461c7946d368, ebe489fecb459ccfba06448860bdc4e2b5ec4553, 9cfaa9a405e84ebc04060b7296a2b4cd9c5f8936, b71f07f611c8395abc122604406ea2eacc786fcd, eee47ee66da73a5fbd501e6402b1ca6883ee3f6b, f8b00a04b780523b535411d64246e4ac3bc1618f, d74517bffec00e854558276947c376106ca218ab, 12099c236e2ddf76feb2373e009a19d170071318, aecf6946cdfb26d512c0d9509e3fbddceb5b096a, ff52613437c15df99b84de42dc903b31b0540632, 160eb7e777c7841baba8f515a93749f03f4112e0, dd8901365fd1e9721d9f50fd02e4ca066d1f3497, dd986cce46e73bdf89f975de7cfc2c2f6f608f92, b5af68fa4a870126b751a8d508518475beb4adde, 07ef85a81e1aa418b899d5388680474bbb5c1a62, f51acc5c2e92db754698d22b375d3950e728b1f1, 303aeac36a830f318db8b46a2d4ff13b867772d0, b0411dbcdcbde180cfa9eb74eea1a714008cf4d4, 7ac7c845e19830b728a0ca91936e23086e914b54]","0","0","bead2bf1f413b5038e4d3ec24797c380b61adbcc","3f99e15d8a241fee5c71770b741b2c51976f18c7","26791a4f6cfec833eedff0a3792a767e4d1fa4cb"
"https://github.com/mikeymckay/chits.git","50","2","[0091863c3e63e20b472f947b44c89a89c62809fb, 919477aca94ca074f61624e2256fbc0608dd795c]","0","2","0091863c3e63e20b472f947b44c89a89c62809fb","f505e24c91a8ceda489a5f18895e80e97835e36c","1e502fed4c0763eac4d447b3e655277dd74b3246"
"https://github.com/mikeymckay/chits.git","51","1","[d16ecf330de0d46db1c268a56e8a5ad8540d350a]","0","1","d16ecf330de0d46db1c268a56e8a5ad8540d350a","5084ff9388a1cb7add427ffaf3ee55be89db1d85","7b17bc2607b3a0f76fab2f54d7039fc2c0b296d2"
"https://github.com/mikeymckay/chits.git","52","18","[1e502fed4c0763eac4d447b3e655277dd74b3246, 1a79f6ba76480293bb7d4f7186fc1cd55da48d76, 094ae17611dbfd548cb84247bc8e0a59d11e3b2c, fe62b88f9956733f25332daa845cc119dc650e96, 1834af36b35f9a84a187619dd96f1a6243816ee6, 98550821dbdd860f6303d65a64af0725e5febde4, ed3f5a114b6530089c9ceee071c7a28137d651c7, 9d038025d198db376312339c4cf39e96c3bb90cf, 0531bfa35a546b3d224fa4f3f5ed8594dddfc6df, 82d291f373e5cc496afb131b73bbe4ab12f87106, bb5f60ff45f8afa25abe6e4ea359c8eca264d96a, 5b220ae19ab0411ce53c6834ea9248577ed0f8ee, ae5df428fdb89cc3b73b4bf0cf8f9e541f4e4f0b, 79a3557137c3492a5cfee76aa00943381b57fe88, 75bc36c2a8b37c98426f89745c21e884d8254dd6, 0c15c21afa308a0a46faaada864d65a5b67ef53d, 2b1b10c449221f24e205de1f1d03496e48bb6069, 6ef53478d172022e43d5193e42cb40b28f5748c1]","0","1","1e502fed4c0763eac4d447b3e655277dd74b3246","5084ff9388a1cb7add427ffaf3ee55be89db1d85","7b17bc2607b3a0f76fab2f54d7039fc2c0b296d2"
"https://github.com/mikeymckay/chits.git","53","6","[3a069be2d4194d7aeb810cd03d8286381b84ed98, c109672ab2e5e046ae185ec9809f1c912effa052, 149fb1b961b1f724cfa8d245b6603fe26875addd, 9097ddf9cd381d9d38f98b56a3a612e64f0a6f9b, 08b1a006001f4c32433fbf4cfd985d814086750c, ce4195ea3565ee093f38cf95c7dd042147a34181]","0","1","3a069be2d4194d7aeb810cd03d8286381b84ed98","23a1ce1eda787b0934fab75d2c9d55ccad601b97","b9dd72216c63d6da7c2ba1bce5e2ac0415d5eb8b"
"https://github.com/mikeymckay/chits.git","54","7","[22af03a469b6827de552aecb59166a1aa96741d6, f436b24779a63ce8d1628d2addbdd54501b844ed, bf336bbfa7d8fffb8838cb3e1f3b0c31cc5b9cc0, 83195cd298b00a3f67b2e91062d226d6a765923b, 6005f8a29caa307dc7931133563f9b0ce96af1e2, d25a22e1c9e3bb195f4905236621215455a216c2, c8b9a170b53822895a283be8caca364adc71acb2]","0","3","22af03a469b6827de552aecb59166a1aa96741d6","23a1ce1eda787b0934fab75d2c9d55ccad601b97","bae35989b97b2cacd6747cc3e530a9ff1932c363"
"https://github.com/mikeymckay/chits.git","55","2","[ba52b118695e5a981e9e397a38c1959430243c8c, e02ef6706c6e0d32c3315fb545d8b8f88fd8fcc6]","0","0","ba52b118695e5a981e9e397a38c1959430243c8c","a9cbdfbb4059b57cb05a881d3fe4292413eeb4a0","07428914bd466a9009f811269d4fe98c072b82bf"
"https://github.com/mikeymckay/chits.git","56","5","[c109672ab2e5e046ae185ec9809f1c912effa052, 149fb1b961b1f724cfa8d245b6603fe26875addd, 9097ddf9cd381d9d38f98b56a3a612e64f0a6f9b, 08b1a006001f4c32433fbf4cfd985d814086750c, ce4195ea3565ee093f38cf95c7dd042147a34181]","0","0","c109672ab2e5e046ae185ec9809f1c912effa052","a9cbdfbb4059b57cb05a881d3fe4292413eeb4a0","b9dd72216c63d6da7c2ba1bce5e2ac0415d5eb8b"
"https://github.com/mikeymckay/chits.git","57","2","[63c94225ea052e3851be2e2070f43ec2f46f02ac, 2a93824fbd721ac7031600a2918b89ddc17abd2f]","0","1","63c94225ea052e3851be2e2070f43ec2f46f02ac","bae35989b97b2cacd6747cc3e530a9ff1932c363","a2973577347f23e6c21f60987731ae9bc6255432"
"https://github.com/mikeymckay/chits.git","58","1","[ba52b118695e5a981e9e397a38c1959430243c8c]","0","0","ba52b118695e5a981e9e397a38c1959430243c8c","bae35989b97b2cacd6747cc3e530a9ff1932c363","e02ef6706c6e0d32c3315fb545d8b8f88fd8fcc6"
"https://github.com/mikeymckay/chits.git","59","2","[dbbd3f70ddaef8065a6809e3b64f8086ecdd09aa, 4919c03f8ca2f80fd73265ce62c8016883dcf60b]","0","0","dbbd3f70ddaef8065a6809e3b64f8086ecdd09aa","a2973577347f23e6c21f60987731ae9bc6255432","b457925f155286a8e3859f20d7b0ce66caafa9f9"
"https://github.com/mikeymckay/chits.git","6","3","[81f3546a8baf2ed62b82a9e3b45e002309717943, 85f1a9c4be4f59b9655347a0bc505c350a72da10, bf27ce7d7176ba939df75803af5417a040323578]","0","4","81f3546a8baf2ed62b82a9e3b45e002309717943","792ab7ebcfdc084ae036c6130492f890ab236d76","d9c0d0b8383fc3f7149746cd57d09b0bc01ce2ad"
"https://github.com/mikeymckay/chits.git","60","1","[e02ef6706c6e0d32c3315fb545d8b8f88fd8fcc6]","0","0","e02ef6706c6e0d32c3315fb545d8b8f88fd8fcc6","a2973577347f23e6c21f60987731ae9bc6255432","07428914bd466a9009f811269d4fe98c072b82bf"
"https://github.com/mikeymckay/chits.git","61","1","[8b6b0d3e5eeb9f0e5f004a00e7a9f292ef5a2eb4]","0","0","8b6b0d3e5eeb9f0e5f004a00e7a9f292ef5a2eb4","07428914bd466a9009f811269d4fe98c072b82bf","b457925f155286a8e3859f20d7b0ce66caafa9f9"
"https://github.com/mikeymckay/chits.git","62","1","[013ce0e55b71ad737c678169ed6fc73ed4bc8290]","0","0","013ce0e55b71ad737c678169ed6fc73ed4bc8290","07428914bd466a9009f811269d4fe98c072b82bf","b457925f155286a8e3859f20d7b0ce66caafa9f9"
"https://github.com/mikeymckay/chits.git","63","1","[f73a3017214afb7cda7eb09827cb69e60c9b3ce5]","0","0","f73a3017214afb7cda7eb09827cb69e60c9b3ce5","b9dd72216c63d6da7c2ba1bce5e2ac0415d5eb8b","5e9fe3ae91c711450bdb4af9a3b5c9e40097be99"
"https://github.com/mikeymckay/chits.git","64","4","[dbbd3f70ddaef8065a6809e3b64f8086ecdd09aa, 4919c03f8ca2f80fd73265ce62c8016883dcf60b, b457925f155286a8e3859f20d7b0ce66caafa9f9, e3210db7271391a3eee371b9060e0dfd2b90542e]","0","0","dbbd3f70ddaef8065a6809e3b64f8086ecdd09aa","b9dd72216c63d6da7c2ba1bce5e2ac0415d5eb8b","50dfdb776fb6fc51453078dbad4678387e60fb94"
"https://github.com/mikeymckay/chits.git","65","6","[9014fcba9fdc38cde275511f01c03a9981ac80f8, f730e4bd55e0d09c67e7695555ea55506fab62fb, 7c729b8d0398acf143b3b7beca9b4e8648b43227, f9cbb403a14ac21fc602324aa450fb31a7f8a3e9, 73efbba64c1a2c930cbfd4e312e3536aa5f03f44, a549575e4ede5c8cd5abba6c48d91bc485585ab8]","0","2","9014fcba9fdc38cde275511f01c03a9981ac80f8","50dfdb776fb6fc51453078dbad4678387e60fb94","9a5a00c827e45921ed1b4d8d68bfc80147bde514"
"https://github.com/mikeymckay/chits.git","66","1","[5e9fe3ae91c711450bdb4af9a3b5c9e40097be99]","0","0","5e9fe3ae91c711450bdb4af9a3b5c9e40097be99","50dfdb776fb6fc51453078dbad4678387e60fb94","9a5a00c827e45921ed1b4d8d68bfc80147bde514"
"https://github.com/mikeymckay/chits.git","8","3","[9e610f1e095e3cc026f53b668247b39874f9f3ab, d430e3e89f24e44b3d4d206c951f985e1e42dd6c, a1c3a21f6772a30bc7a6754627975fd2405ba7ac]","0","1","9e610f1e095e3cc026f53b668247b39874f9f3ab","24c4ea08a92b10565a525531d4a4228821e329da","03e32f2404d8dc4e73f0f78f69734cd454005d23"
