"REPO_URL","TASK_ID","#HASHES","HASHES","#PROD_FILES","#TEST_FILES","LAST","MERGE","BASE"
"https://github.com/ministryofjustice/laa-apply-for-legal-aid.git","9","7","[64087d1ee1e01fe937a721269cc8f2b121863929, 27f3f46f83e2bb081a30f730536b20ae7f9637ee, 39fa47ed12a2970c4f0d8e01d47c133c5eabba63, 34341923cfae2fed422c186b3037272c7bb1cbd4, 4039fda3ad987213e43c7b5ba986d3dc3a3b9ede, 7bf2064834943795e3c78ece513bb7020dff2d9b, c6fcf825912707d13af34baeeed82b30d00eb89c]","4","1","64087d1ee1e01fe937a721269cc8f2b121863929","0d1ec3c881c25a0ac7514ea893420c35931f23a4","52d7a1f8c33e3fd4bbcbc4f8e5adc1a84a2ee77b"
"https://github.com/ministryofjustice/laa-apply-for-legal-aid.git","12","6","[e65d6a6bb7586b8e2b3446a4f45a9975d751ce93, 2bbf6d2e32707ab74b05b1ee4473f98cd148e59e, 55c125543e29731d2fe2b065dcb9c75d884e9412, 36a36b01b542113463d29a0f02471012f9638ac1, 6598c4c0ebdc292a9d0f707349d70e282c239829, 37849c292f19aa0998d2fa4ac11995593236eb37]","15","3","e65d6a6bb7586b8e2b3446a4f45a9975d751ce93","633433f59f8c70faad137ff0adcd667be7fc2ffc","1f32055aaf4fd98124827b4a09e015a63d39fcd6"
"https://github.com/ministryofjustice/laa-apply-for-legal-aid.git","14","8","[1f32055aaf4fd98124827b4a09e015a63d39fcd6, cbfc65b1d0b90583e0b51410592d4b283db46e2b, dad7f8e8a6ebd29bfdd11f2f20123fd9356f1e92, 8e09f07e8d69bb3fade081fe245ec560b7c34a73, 43c9b0eb0f55158c3a20b24e12e5e1184cc517ba, 98967fe1448bd65ea0ee5e946dbc6c59567a88d7, 2f79185f12bca3604d545d430e7b4e7da3e389e2, 6e04deb60abc45c049758edbb840df47c3991ef3]","34","2","1f32055aaf4fd98124827b4a09e015a63d39fcd6","b44096b0909bc69361e22e0acb221097302413fa","9d750eac3eadfc9d76c98d5f32cc4519be9c0f7e"
"https://github.com/ministryofjustice/laa-apply-for-legal-aid.git","20","5","[1815fd1c253cc7e2a94d53e0b2cc69826a415112, 2319269b85e559c9ddbea021a21334394ebec150, 8e6de14dc3944e335218f2cef96ee6d8a868af07, f42bfac0b2b43f566908c6e0fda99df4d0602a36, 566febe61861a17ad758ad9d38dae474f7907367]","1","1","1815fd1c253cc7e2a94d53e0b2cc69826a415112","bceac143ae3eebc45c83a1cc725cb98a8f5af61f","1904bd0c7d7f7dc62294d4340eae2178bc778b86"
"https://github.com/ministryofjustice/laa-apply-for-legal-aid.git","21","13","[4a69a249bf0e3f1f91ba06a93c82c6ea63961310, 441048a24c3ab30a60d9a6ea568c1b6939f53cc5, 01c7db31ea2d081e27af5867c4138221b6d77bd6, 62c006719795dcf5331d8bbc40e98ad2ac7f4a41, fb291b592144e1a39d61a0ab1b72c02850c0094f, d08a4caea02cf09f011280edfeb2242b605c4665, fc31c62380654a2e78eb71d8db94464b5e3162e5, 00913e5bb2ad3e2a1687ffc3f6cf69b91bf9da19, db37fa6a1066be6eb22e4be16128a468045cfdd0, 8b131d038e48f78ee8c940ecea1a1d13113e66bc, 82608485484d89fee5c94a37213f37f44ac10484, 1c6ae0d7140e6861a0cff69e09ea74ffdf3efe73, a523a2fcfe6f2b56d694510e1fbb7809d42029dc]","6","1","4a69a249bf0e3f1f91ba06a93c82c6ea63961310","bceac143ae3eebc45c83a1cc725cb98a8f5af61f","32f682325413d95cff2c42fe1af05ecfd4c77572"
"https://github.com/ministryofjustice/laa-apply-for-legal-aid.git","22","2","[641213b38ad07c14dc649bb05b4bfc3e15210b31, 6ba77535ec412b20ecd82a8a8f7ec16c1d14230e]","6","1","641213b38ad07c14dc649bb05b4bfc3e15210b31","32f682325413d95cff2c42fe1af05ecfd4c77572","9320d2588a3e38dc8425548fcb3ca198c2c58f71"
"https://github.com/ministryofjustice/laa-apply-for-legal-aid.git","24","9","[d4d11d3cf02f27c3d7f93642525e588f85c808a0, a4468e9f63e739bdae08f57b7422779a45c4171b, 87b850aa4d451d02fe325847a1149444e877a685, 117ac0fc115b1ef0c1ed8cd95f0a79670481407d, 40d41559fd6279504084811e026fa645874d8d97, 93a4ca6aedb40a373d0cc72e55187d3977ece873, b1c87cf2260c1e2a0984482c55cdb8b8c739eeec, c2e879847cac1a25d6938f405b1fe2a06d0c1d6f, 9d1ba6e06d607a3a734f2f191945d9f4de4d8214]","1","1","d4d11d3cf02f27c3d7f93642525e588f85c808a0","1904bd0c7d7f7dc62294d4340eae2178bc778b86","7a576a92409ef4708c162cff1aa7214b95e3a43c"
"https://github.com/ministryofjustice/laa-apply-for-legal-aid.git","25","9","[9320d2588a3e38dc8425548fcb3ca198c2c58f71, 3c23e29c3b0bbd4144e5af85a3a466f682d5c79e, 346bc69a40dbc86ad17f3e8a87e65ccb14417460, da80733a6daac3519a46323b20c869785fedfe0b, 1a9ffe7bb08a9ba12832d92d8ec8971d96401a17, 00cbfe5d03c559d0b0339a0a43ec555554ca5a07, 45e98ce705970264724aee2be2c45fe8e40ad3ec, 17b764e056651b45ff58690576e4c9684421731c, 90c91d1fbbd3a2de7c1bf3ca0063161e077177f5]","18","3","9320d2588a3e38dc8425548fcb3ca198c2c58f71","7a576a92409ef4708c162cff1aa7214b95e3a43c","387c28f58624135c1f1be013185df66af4d02301"
"https://github.com/ministryofjustice/laa-apply-for-legal-aid.git","26","8","[a2d8cf5d713460cb92650f3526e3cae38dde5e00, e99b2e087b2f8baa954e98d90553e37920f19778, d77508d88d4b15ac977e9570b96cbd9e314e4436, 8be64175741b312f422964052555dc82357ca82d, 11664119470de11d3e8a30bb2d8266084122dd3b, cd18e010238b5de83f30bab6153cac5d874d4db2, d9c6b2fd9eb09ab66f565d84111e9a5199e2a0c0, 5031b1f71df79c7d10e80271a94e5448c80b0a6b]","1","1","a2d8cf5d713460cb92650f3526e3cae38dde5e00","d6abb722cc75385c7898103c333ea7e3730276b3","387c28f58624135c1f1be013185df66af4d02301"
"https://github.com/ministryofjustice/laa-apply-for-legal-aid.git","30","7","[5bf87bedd631c929c322130836212964630c5b38, e85b5602dba04a910fcf2d763ea42b5f43d47ccf, c1f005d1c4f6d9a91e7bb79d871e23e138e2104f, 3481327cabbf64b4734e53d9cbeda62e9aa36336, add03ece5e448ef2a249b972ed92a6b01fe835e2, adb5f73036f5f55023bea7588eb492161261d071, 57dfc1b4b68f5474839be4772f61f5db7e6ca24f]","15","1","5bf87bedd631c929c322130836212964630c5b38","1e27ff765ce307805c4c62113114d2370a0eb1ee","876ab0899bd6a2395dcb8487e1e7c4e5babeaa4b"
"https://github.com/ministryofjustice/laa-apply-for-legal-aid.git","32","22","[b65dbbd28db3d3effc368aeb61288856cfa95e0c, e415183366805f5db21247f201f628f05fdddf38, a514ed53fe7bdb32a71be9be72cfcff6b7243996, b6c9e116678cf4e5553a8ad9020419e9df556c6e, 01a7295a1bba7c72f94e8ff0e74f9cc6cada4ea3, 74f71da50e52762dc7f9b8ab676c66c8cc0c731f, d46d77925fb50bc805c4053fc42bfab83fd35d85, eca4d89b11098fc6aa017ecaa4857fc1851a22e6, 7d363cda230c9f09843284d5dceecc106f2bc81a, aecc5d0ef46ad33bfad017f968334ad7631668f9, 1bb3632ed47e333eecb73e8af205cd41b9993e86, 86bae1e5e4032b30d1ffa0f2e101fc0b666dc1e8, 45fc044438d911be7914b78b590f2b2372077dfb, a2c35ae3ae732adf9fcffaea0277d47c62ae0e4c, 38550b6f90d491fa3e51fbfefd10b072c685fa27, ebcc693ffb4da6a44e64a6dcb03a697fa30817f8, 8c46e9d2c4b7447418eda36e23c39f9576050fc0, 73e0f9bfef77b4f5dd3bb9982fd93c3bbdfdf541, ae9aa251397ac1ea245cc7d773057c023563a7a9, 33b49b14fcc15bb77f1cce03b0f81eb9f765674e, 240835932db610fe429abbd484a376d9ba3fd416, 1213a2c3730caa5a1d759cd0f5760dfc7cf05011]","6","2","b65dbbd28db3d3effc368aeb61288856cfa95e0c","96a570085353aec39164fb8982718728d2d029f1","007c13dcccbe69f8b27704fbf23336995a5dd78a"
"https://github.com/ministryofjustice/laa-apply-for-legal-aid.git","34","24","[007c13dcccbe69f8b27704fbf23336995a5dd78a, fbbbae49c8c4e00707164733c2e5715ad4d36992, 0f891a756b88363426e881f77339db4f53edcbfa, 71e18f4baa316d35b6818fc8292fd96690471e4e, 6aa44d68d6d1928648cb7209b82d4a8fb06aae9b, 0827c1973ed8ca31ca9c6a78f8f55ba4c866744d, f96f5cb6b0b166e2179d426c5ae880745004137f, 92b8b6151697f2710bad7821cda5364771525776, dfa7189e74647e954b594feee21a8be510c4e7c3, 1fabe87cd19e3486351439769357f6757a137b08, 11296fb14851b9a6f12cfba3a424493f4ce8729f, ad4a480c4423daa3f60b8958e9659d4890ce53da, 767e513a99d3dbec69372eb808261d9576c41b3e, 683308cdb01fb076fb3620213d422535c5fafc54, 36b591a353ba1831d49090c59e33d927bb96018b, b74cf8e876a73296783fa1377b267ec137518813, 3fe6f4255da9283cda4ce5ce39899da806341eca, 173e82095a7ee89b592047f670db6d79a4fccc67, c7d1e4e8034abecfc80203be08e8117565968b4d, 4005668eb43c11dcbe5cebc7cc3bfaa13e526f4f, 57713d9333478a73c5ad9e911ea01d1cdc9c6556, 8ce4b8e97b5ba1da25cc0fa08c3b79f25da42c7a, ee76ad41e866806e4c97ece8fe322c39970751c9, 01ec982e6881e5779c59f2032bf5b374a90c8e07]","33","1","007c13dcccbe69f8b27704fbf23336995a5dd78a","7802a9eab525ee4078f7703284dbff1376f1f94a","ccfcfd1a86b7740fc828375443e5147c3323f599"
"https://github.com/ministryofjustice/laa-apply-for-legal-aid.git","50","4","[42f62d12906e5b63395046cda1c1d6f949153f58, 4ec4555b018b6c65a231961dc981be406f9bcfaf, b7f196f4de66229cdbbf77c07bb12f3efb424f5a, b36eded7fe74eb1efc8e66a4a2b9fa60b1d99b6d]","3","1","42f62d12906e5b63395046cda1c1d6f949153f58","dabf5ab363b8f909d9263f9be0ccb7cc6318896f","651e604d7af63748a5ef9e9357f9c2badcb1cfda"
"https://github.com/ministryofjustice/laa-apply-for-legal-aid.git","63","3","[35c6704d647dc2854a74ebcef7e808a3d9f67c33, 4379dae150b4cc37f4228992c223e64ba204d5a2, 8303efc33a0016577a345a2bfe400bac959bc999]","1","1","35c6704d647dc2854a74ebcef7e808a3d9f67c33","a6ac34e963c37b07fe5fb943e8764bd7db6ed001","c590b8aef9636c73dee23c52af223369a3ca829b"
"https://github.com/ministryofjustice/laa-apply-for-legal-aid.git","64","2","[762ce3028284626821b1f8bae6490063d6a09360, 9b9225325f1d4edc96b4ec51fd9153094c024ecf]","1","1","762ce3028284626821b1f8bae6490063d6a09360","a08c3d5e932bf3b3253e9ad525ce12d04465c4d4","ee3f904f4fb0cf68c1e59ea72b755ed5eda55b9e"
"https://github.com/ministryofjustice/laa-apply-for-legal-aid.git","66","3","[ee3f904f4fb0cf68c1e59ea72b755ed5eda55b9e, 9d11ecf69f4e88cc0cec839ab46fdacc3cb97ea5, fc3e6d03de01e8984da9aae9ef6356380470dc9e]","10","1","ee3f904f4fb0cf68c1e59ea72b755ed5eda55b9e","a049f05ce8c8a195f3902bc50714f02c814e5465","86c568e7bfe40fab5230048e7ee35e111fda4994"
"https://github.com/ministryofjustice/laa-apply-for-legal-aid.git","76","5","[29ff228f5434ccea3128a2e860e82967adbce643, a2744b3f65390c659c0dc110a12fdee70ae106a7, e5e204fb1d3845224bbcea7977d76c786bd1011b, b5ffad2e40fc6a4d2b5726ab0ed6d1dda49dae1d, d282a9510057d603962ddda43773db6f679d6932]","2","1","29ff228f5434ccea3128a2e860e82967adbce643","1e4015e5991f579a9eef0dbdb8aaa0d6e4665942","9152eabd125d21310ca7acf2688e9f76f89ce996"
"https://github.com/ministryofjustice/laa-apply-for-legal-aid.git","78","14","[f826ab7b3994433ea237b5c27972490c638280a2, 037a106ce8b8317d2e8f7685c0f06a699af005f6, 8a6019073eeb2afa0d0117e417e00c27730e5728, e6621cd3306f248d1910105b06a4e337ae136400, 542ed84e1083eea03f76e671f37dc9122ed168af, 7b12be62593c07ae37e2c090cfaa7bbbfad008fe, c7ad4463e8422433836558652b15e5c7adb30cc3, 9b6ef522b007255cf64a6ca665d659a8bf7b3851, 5d1693bff87d626141b95eb162897e6867dabe86, 61216d0e31f6e1c6935f565b1e2a099004571e57, 0c220270f5ffb960c08169ec6a872286b452a626, fd483d70afdef81eca63b2c73c385c325f4f357c, 567ec38c1cfaa083c075fb325cd4799532184c26, d93d472ea5f6eb05624cd2136f7681e894bb169e]","13","1","f826ab7b3994433ea237b5c27972490c638280a2","be7f7c4d108f904156c65334aa5d7aeed80ba32a","a58704ffb6d58c71ead303a7d777df0dab6315ab"
"https://github.com/ministryofjustice/laa-apply-for-legal-aid.git","84","9","[ede34e3d437286aa0204942dbe021d7582e54a3e, ccb49f6921c62c00372a9841df17f5b0de80b3cf, 3502d6412a9b7c0fc7a495ab5c080dc0833dcb63, 36f3c997beaef4203843ec46d474b4526bfa8ba5, 4f9675a1fba83f15a23debd5b8658689f6126fc9, a94f7f58ed7fe8a1f06b252c81b56ca247c21516, f945bb6cb9a04ce975be25b5d74e6ec81b66aa5a, f6f6546436c9e7ff8ada6944b00111bf25f37052, 0d9beb329210f30374b902ed639dc8c1a52e6d8a]","9","1","ede34e3d437286aa0204942dbe021d7582e54a3e","c0c69571a24edc032c43aa14d165481b6b072707","1238983f14b11ccd9821abfa219637763b7bea3d"
"https://github.com/ministryofjustice/laa-apply-for-legal-aid.git","88","8","[9eabc27ac78dccd29d06a2001f5ffabc4e05ea52, 6e30b6de36c70a821bb5c303b118bd9fd4690e73, 5ff9743cdf51d385823f129790728e3983164a8e, a7e6936db547479faa96d58e5f19a9ccfa40d95b, b23f2be0218aafdad5ccd025071e4ed5291973e8, fd6acf577722feedd23b5c57ac6449d135630701, a993245b28dbc8efb946ee04fa2bb65058ed09c4, 2d618496d948759fa13e058bc5299695b152f027]","6","1","9eabc27ac78dccd29d06a2001f5ffabc4e05ea52","b5a63a393750b2c35b500162d6d9ac110f1d0f8e","44530f722c9ee42108c75c4187f2e9e6e91e95c9"
"https://github.com/ministryofjustice/laa-apply-for-legal-aid.git","91","1","[1992ed1464eb74cabd04a43c27d9e83f4f4ef77c]","5","1","1992ed1464eb74cabd04a43c27d9e83f4f4ef77c","cbc7722e69861ab9fd8806fa4688788e36793fd3","c973b5b31411ac9e929643bd7080cbcd54e56171"
"https://github.com/ministryofjustice/laa-apply-for-legal-aid.git","95","18","[0174ed9f782e66106c18ecaea6f4abe01f3b2744, 77bf42201c1e82e9004cdc49db97ed603589dfd0, f705a125c704181650bcdd0fd5cda47301a62f2f, 5d1f9ad2a1b82dda1426c663c0bc779f8fc5aeb0, f4239e60865a2638ed4e7dd74592e19d30e844c2, a65b00ed95781e2ce90496c58c807180c34aa6c2, 7bb564c0a414809351779b23c54ba2a9a539c912, 3617631c3e18db3a69d690f7999ec86e800efef5, b76bcfd5c55aed943ac7f81512c55e79aa2740fe, 10226c0c6a6de596707928df1e93970b4fe6144a, a397528f64c85a67857f948d301c95ecfe90c4fe, 7765c766f97161842eec39ea25c9db94bac27218, 1a3e610615e1a6eeab1e25b01eea5b360b61bc12, 862088556c3185cb8b7dd4bc416891c7c1444da6, 8b618a62323ad835d909c511738e1c850173e8a3, c042541e4e228a8b6960ff23803fc997cd4bfada, f29a74dd7c2ad12173c1c41f61f6ed9fd9287a43, 2e9ed2ea5bd9927d520f44319dc2657fe815aadf]","54","1","0174ed9f782e66106c18ecaea6f4abe01f3b2744","b30a8bf7581773151dfb290609287828f517532b","0eae6d1c2e4d52f9ddfd6c7af8b179262346965b"
