"REPO_URL","TASK_ID","#HASHES","HASHES","#PROD_FILES","#TEST_FILES","LAST","MERGE","BASE"
"https://github.com/newscloud/n2.git","9","2","[897ae6ea1960dfeabf10944546124b97190e6ae4, 3883f4884d9e5ef02408ff90b5c67c9b2aeb17e6]","409","1","897ae6ea1960dfeabf10944546124b97190e6ae4","3113189108b7cd8854af7bee6b9416e52b92ee98","49539860c94adf5b5a70d805e927312bcfc1544f"
"https://github.com/newscloud/n2.git","82","5","[4d52ae7c3ca3eb96ef7de66fc779ec9cb3eb2388, 6fe23f35c70bc67faf29aab790de9550bdbbaad5, d4e1522a8e09e6c1e1f1aaac36f884f99d0d2b0b, 191ca986f1867f7083a181638ec84f2a6553811f, bc3c646f5626d30e95cab963cd6cfdf9139e2318]","388","1","4d52ae7c3ca3eb96ef7de66fc779ec9cb3eb2388","6bdac205145e6d6f16f63b0006b43d128e09092e","4d3e447131524d1523bc70c9162953d61b843f65"
"https://github.com/newscloud/n2.git","212","3","[1d2d26d73d4da8420927517ddd99c4d0ec118444, b3b348b9aa9e6a0daaa08760f9718bd70583a76f, 3ce49d0d59548c100a802be378fee4514e69b404]","64","2","1d2d26d73d4da8420927517ddd99c4d0ec118444","3d09bedff31282f16c3b3adc093b829bf1ea185d","36c10483c869a70dbe6027ebc83f3a317a0207f0"
"https://github.com/newscloud/n2.git","243","4","[59608f92d1952f6e1406095d282e2b1d19206602, a8ef97a97e09b6697cb2db038dad768d07d1f87e, 78db2a5f46b99f73cbc4bf2eb32ffaf1ef2c0fc2, e3627472cf7a9fca9ef74cc8035734a1e05056e0]","5","2","59608f92d1952f6e1406095d282e2b1d19206602","440156ec34b37f0a2fefa382b61167ab3aa3e7c4","ec4842cc8409cfddd5451259f4e6be93d3ed2a62"
"https://github.com/newscloud/n2.git","252","1","[6c0297cd0945291c22e94196fdbcdf10bc860fbf]","3","1","6c0297cd0945291c22e94196fdbcdf10bc860fbf","96ea3445c89a1c8c579aba7e127e582974a66faf","f68509e6d141251eb438b516d790005ab06593f1"
"https://github.com/newscloud/n2.git","254","1","[d5504b76b583e6104c0cf98ecc7591497cd18258]","1","1","d5504b76b583e6104c0cf98ecc7591497cd18258","f68509e6d141251eb438b516d790005ab06593f1","d3e6250b1319aa7a1b7fabaeb313c3c9935dd224"
"https://github.com/newscloud/n2.git","256","1","[54d65c804eb0053353203259c70c01384c8d116e]","1","1","54d65c804eb0053353203259c70c01384c8d116e","d3e6250b1319aa7a1b7fabaeb313c3c9935dd224","fc01e5be1f9b0d86f5a391fdbaa188a09a7ede0f"
"https://github.com/newscloud/n2.git","278","1","[874c212cacf6e5c9bfda158630458b51a464d176]","39","10","874c212cacf6e5c9bfda158630458b51a464d176","1220bccc8a23208557566367a07e953f5b413b53","090e9f9f0653c134e6ec79edd5a828aa16bab910"
