"REPO_URL","TASK_ID","#HASHES","HASHES","#PROD_FILES","#TEST_FILES","LAST","MERGE","BASE"
"https://github.com/oneclickorgs/one-click-orgs.git","100","18","[3b14dd362ecbeaff37304db91de3f9fbba4b0505, ac16c44576c97bc85042a04c5596ed6674ec2311, 7ed3ce5415e78d8c288eb44f5c27c0d14e5fa88b, 6b47668250a91d224cba04a7bd4757fc93557006, 4136a29224bb9fd34f311eb2eb3f02d2c902c830, 24de48cbe403c0331a7f3799bc396d3dea9eb91b, da19022a25202bfdf4948a580bccc02809647626, a931196f942d38e68c4282193917878888b22d20, 1d66e20b95432571879f61cae61abf68b76a85d1, 0b2a2cd9a24db088c21faf13275d3915e5b0ef22, 09c1c6341362621100a76722ec931752121f1571, 1edf0b62a703887bcf7f32d32b6434aa3badb283, 4fb46e64948dcda88bf2efb39f9d40279611a410, b279a5f64d277a71fc81ca47323e5b9254da788e, 29f9adccbc56b4dbcfcc76b727eabde65fdbdb81, 2db37009e9426c422f3462ae0b90d17a617e77b7, a193a1c26fcc14396a2aedf8bbdd69e7ac31420a, 684079c9a0dcf92999c1c7993cc6e01c4fa18cdc]","38","3","3b14dd362ecbeaff37304db91de3f9fbba4b0505","6e7da225ed0ab1adaa8ead9e09d7c37cab64a464","d27b7787864a766d180bc19b99eb4fb84bb72ba4"
"https://github.com/oneclickorgs/one-click-orgs.git","105","2","[7a2052c74fe99846a4bbd0104c56195f8578cb89, f0d2dca928461d65d67bd2d440a5b27be0caf74b]","3","2","7a2052c74fe99846a4bbd0104c56195f8578cb89","bc2d5da6751fac98e6b5404d12a8f163df15685a","848d3c6a47fda4bc3186c2e0a8d83b66c182b51f"
"https://github.com/oneclickorgs/one-click-orgs.git","115","19","[8c7cd71928544616cd5886f86ab1a6f2532c9dd3, 3842cef9888febe6317b4ccaba1bb663e51f14d1, 7b9494054860b062e5d94925b9889c30956ea1b2, 1d92fcc037f4fa8fdf7fe73027f77f33ea2b5e2a, 7c47371c0fbc4668969411683f8b4d95c3c7a206, 881f25c1da40981ceef19d19a35949862fdaba7f, d3811d17755a9ab60ae64b06fc1b4029f8751239, fe3b9057019e2c25defe3cbf8fb5ec5e4060590f, a00107aa962a0f1ce0d901db0f74034f12d3f6b7, 38a52a23010b28b4614defde82e72dbe7b750c77, 7dccae3f6d653bc58c09e05718e8b49200e1800e, 50bf7fe714841e03003c09afd4951b200f11efd3, 753e1b9bf9ab19cc3ff3e2cf6c177ec63a2adf30, e4e7eaac9201c3ea72bf018fe567aa4e3fd285a8, 66d97799b163844f76be396ddbf404fb8a3b4910, 8351de4c41db54feff82a32f7b1dfb1014b0293a, 165b409271a54e1a3a6f666687baff94ce9fb064, e63d90208b65edbc963415f9407e875994d54247, 0966a5961ed172b6a4dd904b86998a0f2366a202]","15","1","8c7cd71928544616cd5886f86ab1a6f2532c9dd3","522b89ea41b162117e8ed818ac9f57e73f9f2aad","102a01f6b8c9ffee792cdc9f0f02c0ae8d6da87b"
"https://github.com/oneclickorgs/one-click-orgs.git","127","14","[3842cef9888febe6317b4ccaba1bb663e51f14d1, 7b9494054860b062e5d94925b9889c30956ea1b2, 1d92fcc037f4fa8fdf7fe73027f77f33ea2b5e2a, 7c47371c0fbc4668969411683f8b4d95c3c7a206, 881f25c1da40981ceef19d19a35949862fdaba7f, d3811d17755a9ab60ae64b06fc1b4029f8751239, fe3b9057019e2c25defe3cbf8fb5ec5e4060590f, a00107aa962a0f1ce0d901db0f74034f12d3f6b7, 38a52a23010b28b4614defde82e72dbe7b750c77, 7dccae3f6d653bc58c09e05718e8b49200e1800e, 50bf7fe714841e03003c09afd4951b200f11efd3, 753e1b9bf9ab19cc3ff3e2cf6c177ec63a2adf30, e4e7eaac9201c3ea72bf018fe567aa4e3fd285a8, 66d97799b163844f76be396ddbf404fb8a3b4910]","13","1","3842cef9888febe6317b4ccaba1bb663e51f14d1","c64b7d105ff1bc81490149f9d4c3006985665596","8351de4c41db54feff82a32f7b1dfb1014b0293a"
"https://github.com/oneclickorgs/one-click-orgs.git","141","2","[60f2200768a679c7162c57c45f517112a00f8dd2, 58fc03ca0e0ebcf50c957f455365dcf457259779]","2","1","60f2200768a679c7162c57c45f517112a00f8dd2","afebc4d5957ec76190f28a4c2b4f0234b45088f4","15f66e35151004d947a071da98d8fe1dd77b0c2b"
"https://github.com/oneclickorgs/one-click-orgs.git","144","1","[db4ed537e03eeda4169997e4afa650cb7e1fea89]","1","1","db4ed537e03eeda4169997e4afa650cb7e1fea89","6942d0e93e66b818fc38ece6d70da3644141aac8","7b388e63aefa1fed1edc239358ba7079919e578b"
"https://github.com/oneclickorgs/one-click-orgs.git","146","9","[cb1a972f01438638f5de0f6751bb8b4b9a8e5ed0, 868c278fda9221e9355c9aeb6294090c8a5a61de, a75cb306253425ef78bc783e5ca1923703ad68b8, 7cc5b7438c3b821be603bbc060b06d15b2a005ad, 537a98e8e02082f634698511315c3536b6338fe2, 29702a92bce0a6acb680a0d9836844c3ae950a0b, 898007cd9c98cd2c971db6120c41bf4d7241a323, c054f7376e45935cef0cb6eacff5ed29424f96bd, 673db7607f3dc4afab50417751eab8b9052f4605]","5","1","cb1a972f01438638f5de0f6751bb8b4b9a8e5ed0","8d63907310a77939ac2fbe51f37bf00ebe6dac32","57b0379676ebc98d90161c4f5c76002dd8002793"
"https://github.com/oneclickorgs/one-click-orgs.git","147","6","[d5c09b9ae8de7b3ec5581cb511ad3a5075638c5a, 909af76698d805413dbc8d9cdb9e381e5756e509, ccbad5303eb410a5e3f152df02a391b72489229d, f03b78b64b30891eed641b388af452682b53fdb7, 5b88fb415fa5451d67f4825536736f4befec373a, ff6053ef84c26cc910b2df9c89eba18493ea5c65]","5","1","d5c09b9ae8de7b3ec5581cb511ad3a5075638c5a","ffb4b888407dcc79fc7772cb3a678845853a039c","3953ce9f1a6cd01bbe9d29fc0018c572d5ac0d67"
"https://github.com/oneclickorgs/one-click-orgs.git","148","5","[cb1a972f01438638f5de0f6751bb8b4b9a8e5ed0, 868c278fda9221e9355c9aeb6294090c8a5a61de, a75cb306253425ef78bc783e5ca1923703ad68b8, 7cc5b7438c3b821be603bbc060b06d15b2a005ad, 537a98e8e02082f634698511315c3536b6338fe2]","5","1","cb1a972f01438638f5de0f6751bb8b4b9a8e5ed0","ffb4b888407dcc79fc7772cb3a678845853a039c","29702a92bce0a6acb680a0d9836844c3ae950a0b"
"https://github.com/oneclickorgs/one-click-orgs.git","149","6","[29702a92bce0a6acb680a0d9836844c3ae950a0b, 898007cd9c98cd2c971db6120c41bf4d7241a323, c054f7376e45935cef0cb6eacff5ed29424f96bd, 673db7607f3dc4afab50417751eab8b9052f4605, 57b0379676ebc98d90161c4f5c76002dd8002793, 75b593e478f5855861e6304174b8e14470aa5861]","3","2","29702a92bce0a6acb680a0d9836844c3ae950a0b","3953ce9f1a6cd01bbe9d29fc0018c572d5ac0d67","4893ef4f492b582de2e20a4ce06091fc6c403f52"
"https://github.com/oneclickorgs/one-click-orgs.git","150","1","[adcb7f2407c5e46c5083f64d3c7f830addd60cbe]","3","1","adcb7f2407c5e46c5083f64d3c7f830addd60cbe","3953ce9f1a6cd01bbe9d29fc0018c572d5ac0d67","4893ef4f492b582de2e20a4ce06091fc6c403f52"
"https://github.com/oneclickorgs/one-click-orgs.git","151","32","[42d777f3762c0237fcd68167cc7993425fcf3cf0, 4e6eb69cc5ab47b390bc33b08a48aa5fbb2a9d1f, 9a241c63cab4b36f796009ed4a3d07f22805325b, 89687b415c9ca01705a396dde7a9ea52078a9688, 97645349c232a0f6ac6b67c7446e6047835d2ae7, b6302738deec6bd453e43d677f95166539836635, 9bbefc1e64a45aedbdb0678624e1911437552822, 92bec1fac787eac9c71ec7220113d627174527a4, 40b404b1ccfac63e04c79392de811b5c7e9f6a24, 3046df92dd7ed9f9285636a0527c0d0f9504ab44, 80d2ece04327c0f0454458d8dec2d62c34339409, 77028a706db8a12f2af3590808dc0897b5f5c5df, d3a40e160c3b62aec3ef708296c6e207d78e09cd, 38381f0edada5ffc73c6411297363594e274c6a0, 54b613d00de103ebba6b657a3f07f84177b84687, 9efa27b865e806dfcb8cc362d0b1630283b7612f, 8a836a73ac3dd86730fdd9e9dd2dbda1ac756160, 7a9f55ff47f6387db11823c10e2b09e63afd8ba6, dde75d6b04133805c62248e65d8d468964b084c5, e5d2927f1fc37d8ec27f21bb16d073784fd3fbbf, 23283d8132ede0c928396fcaf13e91980d40c34e, bf820fede1efe41908cfc842a2405ecc65c4bf1f, f3287a68c6c76eac0cdb5cc4dda7c4a674a1ff0c, aa02855a7dae8627b2bb3d63ad7998dade2e48b1, c69088ec2203beb636c3c90c569e82bdbae759d1, d669337df890fdcacefebb87019af8ccd1d0188b, b35898d032d19b362fc359e7268f5e4a00fd9825, 403cb0be76d45cfda7e5a980ee4c687f55c15da6, 4d31075ea86e9e8785dc78f5bcf719f79a26fe8e, 875803ee5dc8e89437d1e1134cc55a515036f471, be58c2fe6dcea05c09f75efade59d7d7a218aa89, b5144a8b48af1e8ee66cd8a0a205fdd1f4944a06]","18","7","42d777f3762c0237fcd68167cc7993425fcf3cf0","7b388e63aefa1fed1edc239358ba7079919e578b","d27541ec02af993e1161f41e6be975f9fce18bea"
"https://github.com/oneclickorgs/one-click-orgs.git","155","32","[d4e313937c1ab7d88e1b20ba40bd3025fe042932, 4633dd798e895d5989860353fd5a89f971c44121, 3c18bd67ee5ae69d56ea40474162950c22332ccb, fd01c934205b063c9763bfefdda3c1289f3199bb, 47d0f6847abbbaec3ddfc04328e9d485f07dc90b, 6f75ec7d727d5b60955b47b6560d3f23c68b739b, 764b587548ba025f5d3dd996f87501b5b3e63f7d, 0e7d60f0bb0cb7b880f49c40931c6b278f2a23a8, 0385eb99451cab33fd9ee36fe013baaadb21c28f, e0cc70c761e02c2e4a85b9d5fe5185cc9f3f5471, 78a136f6ead75fd33fcffc14a9a862b8412342ee, 9825f4199f7573090560313058a3999ab233d563, 551323050f09e573b6760665d644713725a8904b, 1cfb21b3448adf0882943e4aae257a95a1dda5bb, 8e2fe1e60526808ed19575b74293d714ce7bd076, 5443d12f01e3e91a1be582141df2d9c501062cdd, 145f7404475ff727fbce9a8b877a3a3ced8e962b, 047948ea0317b924ca4362199a79ce77ba347009, fc2d85e2a7294666079d3671bba0d8c4f1ad30e5, 32c1bf0e5b1c00dd92f510b1a8858bcd961cfde9, adffda827d42e11da496b36370f1b0783ecc0793, b7c7e4a609b818b0261a94b339bf58ff3fa0fdc7, d25e0672497bbc5829f63e3cb4092944505425fb, b3bad57b90336244005f9b2df93a44567c0ed6ed, b9306f14e1e8f7474174ff3cc87126649418a6ef, a34ca4e3e7ced19fc3f703975b3d665b16cae7c9, 20c8e3a9cc4719247b050d37687367323430cd8e, 881c04097c6447994d6c4b1888040ccdca98e7b9, 70c355053266b6712d41f2ef013343e1fd2f1c4a, ca1afbcb84595606fcc00b03029106cc3c0df877, 3967f8a8dbdea4f8a6556e72f710dfc0639941c4, 76eeacaece0d6459bf263dd1c00011ee8fa6b5b6]","72","25","d4e313937c1ab7d88e1b20ba40bd3025fe042932","d27541ec02af993e1161f41e6be975f9fce18bea","b47df4ed810e73456b6616d9c27591093ff58b25"
"https://github.com/oneclickorgs/one-click-orgs.git","156","2","[57b0379676ebc98d90161c4f5c76002dd8002793, 75b593e478f5855861e6304174b8e14470aa5861]","3","2","57b0379676ebc98d90161c4f5c76002dd8002793","d27541ec02af993e1161f41e6be975f9fce18bea","4893ef4f492b582de2e20a4ce06091fc6c403f52"
"https://github.com/oneclickorgs/one-click-orgs.git","159","11","[4893ef4f492b582de2e20a4ce06091fc6c403f52, 4f574fec2624fb6e93fff14af50be561b7f23bf3, a5693850f858056e5ae4066559f82f11ff199af0, dfbeffd06a6ae3bd21421dc0d165caf820fff6ed, adbefd49dd34f5043850f76ea47c240990ce05e2, 204f208009881ca52be581d6333e7c4ba4fa7539, 4ccf9bbf8aca00f3bb9f78061190a0ea5339467c, 98dcf42f9c681d90f67f2096be34027e4540090a, 48541c559bcab1ebb9fb5871faa9245cccb17278, 7ec968a37a00fd96d57b7ec4186a59212daed81a, ca726c610fa8ccae2315d193f69bc376a3f57519]","5","1","4893ef4f492b582de2e20a4ce06091fc6c403f52","440ca59e86785e38b76136e9da33e9ae6eccb88b","033a43bdcb0fe8b8f958bb023ef0e25cbc959351"
"https://github.com/oneclickorgs/one-click-orgs.git","160","26","[764b587548ba025f5d3dd996f87501b5b3e63f7d, 0e7d60f0bb0cb7b880f49c40931c6b278f2a23a8, 0385eb99451cab33fd9ee36fe013baaadb21c28f, e0cc70c761e02c2e4a85b9d5fe5185cc9f3f5471, 78a136f6ead75fd33fcffc14a9a862b8412342ee, 9825f4199f7573090560313058a3999ab233d563, 551323050f09e573b6760665d644713725a8904b, 1cfb21b3448adf0882943e4aae257a95a1dda5bb, 8e2fe1e60526808ed19575b74293d714ce7bd076, 5443d12f01e3e91a1be582141df2d9c501062cdd, 145f7404475ff727fbce9a8b877a3a3ced8e962b, 047948ea0317b924ca4362199a79ce77ba347009, fc2d85e2a7294666079d3671bba0d8c4f1ad30e5, 32c1bf0e5b1c00dd92f510b1a8858bcd961cfde9, adffda827d42e11da496b36370f1b0783ecc0793, b7c7e4a609b818b0261a94b339bf58ff3fa0fdc7, d25e0672497bbc5829f63e3cb4092944505425fb, b3bad57b90336244005f9b2df93a44567c0ed6ed, b9306f14e1e8f7474174ff3cc87126649418a6ef, a34ca4e3e7ced19fc3f703975b3d665b16cae7c9, 20c8e3a9cc4719247b050d37687367323430cd8e, 881c04097c6447994d6c4b1888040ccdca98e7b9, 70c355053266b6712d41f2ef013343e1fd2f1c4a, ca1afbcb84595606fcc00b03029106cc3c0df877, 3967f8a8dbdea4f8a6556e72f710dfc0639941c4, 76eeacaece0d6459bf263dd1c00011ee8fa6b5b6]","71","24","764b587548ba025f5d3dd996f87501b5b3e63f7d","db0f96e3217d8758464f552b2296e1dca600a741","b47df4ed810e73456b6616d9c27591093ff58b25"
"https://github.com/oneclickorgs/one-click-orgs.git","163","13","[ef989c4123868879b52ab6261abcc11a6d99c3de, e05d6baa8f5cccfa70cdf0b8fa653b56c0012300, 534d660eab87899d45bea1ef24a998a0a61b7a21, 88225837b2f83983126eca49d1b7247b61b7d7fc, 7e831936262c7fef41bc4fcbe8887b5a735458e8, 57ee0c62450f9455b176b428ffb63cf5aec2215a, aae5c6e4cf7157ce106acdf46bd6d9e62408ce11, 6e18a01ba86ae48425b77030253ac850c416f411, 016336e479605bdda6950ad0562fe18ee3e10cc3, 84d502ea8ccf59678857c288ad50ff18572f589f, 1c3c2c84aa9e8a643754a9f0bce37feabcf1934e, 011e879fc1deb3c43781e0f5f5dad58e419aa31b, 59f5eaa805ee619faa2ed8662e9b108ae85a7d25]","3","1","ef989c4123868879b52ab6261abcc11a6d99c3de","033a43bdcb0fe8b8f958bb023ef0e25cbc959351","a2a73a0f5b9eb4f88911ef1e5ac0b9c0aa00f4c9"
"https://github.com/oneclickorgs/one-click-orgs.git","167","26","[311a83dcfca675b7ace078b774350f2cb7060259, 770eda6b441ffd7a613b17f9dd8b53a70f465e11, 48f65fea9995e5040605c9387daa8f7079f749ea, 43003bde22ddcc72ea762c8897ec8f23e2c19aea, 6b21e6fa306c1396081b58ebdfe37c3c09161325, 0bf26603b139cdfbfa4795ba545944bcbfc2bd47, a8c64207e38778292ade9a14d5b0cf617392d383, ecf14372add9aa3291aa41d3c7a135de66f90a05, 6e6e0550d9b06cdc24256e7db56480bfc4239198, 8f43bf61f0c32a43a7622a0207991c3af166608d, 78ecedb5a4e286c3f8cb401af0f7c74f441830e3, 271ccdc083a4acd5cdd995e7c7e2e36b7978ddbd, 48b47436b16d1c3a7db1fb9109f7943c41491cc6, fd4e77c8cd4bb7bf57429d097b9f15454f6604f0, adf659de3441cd3e62893b6ddf5419979ec2058b, 4ce1504f11b42c1fbe4f751d0d42ba78cf778f35, a74b02a6d92a20317d401c6beacf82da135324f1, 8b99043099c43f24b9b043bc057ceb99ca23c484, f066b19dfedf1d80f77f6c8062c8960f86e27107, 89a714bc11786925cfa78b740a010ca11b46900a, 2dbe37dc905210b86a076db2dfbd95e7dcc6cbea, 4c93ed66734c379d487f3bd921e39b1ab8c9ae28, 4e0f0bfe25b74c019bc02224cc0cd6e0eade898f, 5aa1780a3ccdf9a9948135cd62043a28adede307, e365bc48a43aea7b9927f92fc8bca07f28e9925a, 18f6dcae5319e68afaa3af176bfecba3e3bfc4ee]","6","17","311a83dcfca675b7ace078b774350f2cb7060259","af7c5f307d53e77a710a386f272d8936e6b490ea","cdd9d8862f4f2fa246d4ac4d1e18d04efb0983a2"
"https://github.com/oneclickorgs/one-click-orgs.git","169","48","[53030b67d4835640cfea07228a016b07bc89e16a, e63134a6fb94dbe1da3e3301c5218e4b51360ab3, 23d7f606948f378dc732b2209e9ba0d9c62b5fd0, 77466d690547e0f7f09a42cd877ad1ac7a3b1ae1, 033b8258d4560cd859b1ff6f353b87d4c226b41e, c036bfbac9f880c5f7cea345beb5085b8e52c0a5, c55b74efd88ff9a1ff62f078d161f85c87f7db5e, ede9734c740d76163a75142599a8cba48fbe78be, 9e425d3d3e371b8fa6a5d4fa1ad57836c7d2917d, cde313826f44c39cacc68f931c77674886ca9ee0, 999e68bdb3fd17432e0a296d9797e8a2e40779f0, 9636c3bef083c0441fd51a04f619e332ff61e543, b0b9c30768a01de17a92ed5ea1c3f6a0530f723b, 5bb32d396980c06a512ee789944cbd26ab15b8d6, 4ca3a55855bd93c5b63f457ebc8b843586392d29, 67ab95861a6287b95dd2dc7c878871fde46deb34, 58a631c9e140c1d67b71ff980e2558fe913d286b, 2ab004e7a661bd8d8be3e3026c87aba896fc3787, 7e7e18a1ac04b2e4e9c3951e55d34eb5fbc79bb6, 4aed846e6424d589a51574b13d034e08dd6b8349, 9a284753415e35fd6f18abe66c57d9d838df1ddb, b85f23242723c2d11daaeb155f198293d6bdd517, 7e6c126bad263aa49bc554374f5080ff0853e41e, 1322ee9b2d33d07b4c0db67ea994e044d0352b04, e5d0b2313b7515003e5ce658738f19577b726218, e7cd576373d369d9d6ede1f1be2e1a286de263dd, 8d6d87214ef57272776ab462639267d8eee02aaa, 3bea7b614c005403ab83850b79338df695f5337d, 806254df031e51e26c53aa946b5687a2f6fe4d4e, 1c960793218908fae7d984cb293429e62f5bb83d, ddab5df2d8d24dd78b9f5ce643d4c57eb4f1d1ce, b44786f6fb7ee3e998b6be6bd402f3b0b0799608, 5a828960a61f96637b6b9eabe800b1f409722939, e9c4e81b5709bb4e2adbba11f2f73e534675bab4, 1bc62276313fda20120cb542da9768e943be590c, e76229ef597be11297bc613c453dce814668dad7, 364de59555c49866f3a67f4b042e3b548d17ae80, 9ca446516a3becd7016d7bbd4f9bfaca15754a23, 2f3b81caae400e9e036eed6287ee0042b3372d62, a078c99d2e3e0d49aadb46df0a5d7069096651f1, 0420e188ede4279cb75bf4d4108c9284a3c7ad8d, 077935ed9b3d3776f86a1643d1b40c964924ac14, 08511347fad4e0ef99886688f11bd981ebdc6ee5, 293500c67a1a538296586c1c91ebef27ef29236c, 51c124298315645c410be2bdc4af7a97db99be54, b84e0e057a69d55158f6f8dadd7c94f533051184, e36147c116ab5484f6f9de4695d8195bbb813acb, 0ccce65333578555541085aa1a2ef8909d6be466]","63","2","53030b67d4835640cfea07228a016b07bc89e16a","fbadd19a5d696ee8fc98251d7a41591cc082722b","0bf26603b139cdfbfa4795ba545944bcbfc2bd47"
"https://github.com/oneclickorgs/one-click-orgs.git","173","27","[97881d67da5d490b15dbf37f3fb4dfc1a63872df, 311a83dcfca675b7ace078b774350f2cb7060259, 770eda6b441ffd7a613b17f9dd8b53a70f465e11, 48f65fea9995e5040605c9387daa8f7079f749ea, 43003bde22ddcc72ea762c8897ec8f23e2c19aea, 6b21e6fa306c1396081b58ebdfe37c3c09161325, 0bf26603b139cdfbfa4795ba545944bcbfc2bd47, a8c64207e38778292ade9a14d5b0cf617392d383, ecf14372add9aa3291aa41d3c7a135de66f90a05, 6e6e0550d9b06cdc24256e7db56480bfc4239198, 8f43bf61f0c32a43a7622a0207991c3af166608d, 78ecedb5a4e286c3f8cb401af0f7c74f441830e3, 271ccdc083a4acd5cdd995e7c7e2e36b7978ddbd, 48b47436b16d1c3a7db1fb9109f7943c41491cc6, fd4e77c8cd4bb7bf57429d097b9f15454f6604f0, adf659de3441cd3e62893b6ddf5419979ec2058b, 4ce1504f11b42c1fbe4f751d0d42ba78cf778f35, a74b02a6d92a20317d401c6beacf82da135324f1, 8b99043099c43f24b9b043bc057ceb99ca23c484, f066b19dfedf1d80f77f6c8062c8960f86e27107, 89a714bc11786925cfa78b740a010ca11b46900a, 2dbe37dc905210b86a076db2dfbd95e7dcc6cbea, 4c93ed66734c379d487f3bd921e39b1ab8c9ae28, 4e0f0bfe25b74c019bc02224cc0cd6e0eade898f, 5aa1780a3ccdf9a9948135cd62043a28adede307, e365bc48a43aea7b9927f92fc8bca07f28e9925a, 18f6dcae5319e68afaa3af176bfecba3e3bfc4ee]","6","17","97881d67da5d490b15dbf37f3fb4dfc1a63872df","e2fe7d20709b8355e0b22b604e8b6d0e900e7924","cdd9d8862f4f2fa246d4ac4d1e18d04efb0983a2"
"https://github.com/oneclickorgs/one-click-orgs.git","19","6","[a91f77fe7b604d18068f1e1856639fbe550542e2, b11ea113de8f1f21f830e46cb5a783e4d67294ba, 256faa31e9ac868dd87b3481b4fd6052c8b0b283, c286a302220f2a0339bb8f30983c24f78c8fc6e0, 7e265c54e55e48cc87db365ef003b21f74c81f27, 9dfebdc8f5af4f72fc3114c4b14e856e7e217a0b]","8","1","a91f77fe7b604d18068f1e1856639fbe550542e2","02d9665e51430f6421eddaac01722801135859d5","527f17f230490d813fdd9bf5c2f051319893e5a6"
"https://github.com/oneclickorgs/one-click-orgs.git","43","8","[4e972b0f9e4b9334621424ece2f540f096eac353, ca434c43a1f51d4faf9a2ede9a44f5b03f188446, 71b67d36bf9dc902daf18ec6100d22a68636c75f, 013b117a1669a74d812dfbbacae357e3345e723b, 9df919f2ace2343cc600f0abddf5714ae2e181be, 8c68d252f8e1abf17e99c6f67d963d451b0588bd, c0c509725e4891475adfa75dfb1c1f81cf82e848, a1f39afe5046a66235116efa0d9c9688363909b5]","6","2","4e972b0f9e4b9334621424ece2f540f096eac353","5cad638bf4d2d5f9bad2017d1cce1c34ef01de12","2d8f4f626de957b039758eb79e8ac32cf2d594c0"
"https://github.com/oneclickorgs/one-click-orgs.git","52","52","[a1661163ff4b853b6b22d2064644c99a9518577c, c91b0d2d4875b31fee89b610df85667933ec65cd, 4360daeaebdb6567c89f0654efc0ed4f25fd9dcd, d484cd67e82bd8fb6e7e697a675b290cfeb9c8cf, a2bc073b1f739ce71c40ebe887a6920167b4c9e7, e16dd64a9e3b2affbb193e1bba3913f335f8ff5f, 6e15784f15d368eb0da5fc52017001be758f3167, 7390e376ea3d03576c768d0d1da94ca4032e1b11, 8f6cecc985a9a2fa444218c2b77c8cf38c96c803, 3cf31fda39d78b68c5f190c4adee951792158ade, de6f582eafd1f66c1b7eecc425c6ad648333b539, eac79836671d2d796a804e24c57cf596f82d4c1a, ea26869240be1c67ac2477bac114773171dd5c4e, e4c33866fa04f52c1a39c477b5527ef66e330702, ea771391da2d3000b3d7dac1fe44dcb62dafbd89, a1fecd5c269156f21d877bf0092cd1d9ca365c22, ebfe8a5ff7addd6cada9f9941e71f6c139b3336d, 2f96224de8c29b297b868b17f4c8541836380848, aabd4fe7403fb58f55f3f035fab82a0239184908, 29fdc2da30936b7715619d00cb79a8702516bbfe, 6a36590a0c6f62e266f7633a5cb36fa926dc1307, 98080f3ace519375fab893a739c858111634f21b, 6f9a79f64c7c1f1f46152dc72fc28d7454db5477, b74397548457eb1dfbc10b089be4605e0bb2115c, 273ebcbb460edbc4d97b7a84e18d3f38cdf5851d, 15911759dc4292b418ab50af33eff5e97e82814e, 70c7afcacf45d4b46d15bc06e73ed1aac3b59d45, e6c192129d975ff9d751f44be002b8554c753a69, 8b41b4ebd45f61707248a71586f08b9fdfb79d54, 616bd1ea73e59f54fd0becea34a16eeb0c43ac2f, 4c77aa8b701ada066dd8d294ac7e917282235013, 3d4c0000427ab4b8b682c606a107a8014dbf9289, 7d50fbdb45ca5671f6613a9bfa62330178471dd6, 7a3cc90393558bae4c9426068416b2a9bc5fa54d, 03e986173c690cd859a69fe5e7084691b1e74afc, f91944beedf0b78616871faff8775f3d4d4a908d, 8fb7959a67dd9c0c6ea8d818df3f488b52b77b01, 590f55ac6afad3ec5ced681d14894204c2a313b2, 21973057e20305595c4ac273c9b1bd31b80450e5, df0a4d1e9373ceaccdfdc10ee83e0c4a45046b08, 9e181e2dab73c7278b40b20f8ee5527682333a3a, 6c62f0810371567e44bbf220ea4c3f439d4dab8c, 18f9a3daed5ea25a496f9193617d825b033d066b, e85945a26ba59c1382cf80bc4f0ec12de7f8c604, 9a04b95b2236a125aa40270109ced3892dfc1c2c, 99f4e699a808dbed5105b0baa8c54b18acdfae73, 723eac5a8641b9f780a4ed5631d71c370bedb9f1, 8b1a3a37a6a9e416fbdf2b44f4471fb59773eb09, 5094d55612b64f8b96483fd3637c7800ee173e50, 7e10e4fe6cf005f6bf618cea502ad24367d6febc, 902d3b6ff7cf463793d2c87df94eab432bf3d196, 5ad110735318f794d865516b879e640a320f785f]","22","9","a1661163ff4b853b6b22d2064644c99a9518577c","fa7cb3bb3778b682fd855a6247931d7ad064d2df","99f1d223212a97f480bc4391a07482c5310a9fcd"
"https://github.com/oneclickorgs/one-click-orgs.git","58","8","[c670820a6a45e14a20d55d2540ef74562ad9b174, fd78e0cb0f540abad7bc805061eacf24a561fe72, 19ae651a31197d958a456545551140da4b435884, 2cd9a7a6f5f2dabcde1a2f7b9d9237015bde8cad, 29f950ba1028ace7b9c60dabfc204204c2731fc4, 1ced6f0cb951e5ea27ce0fc5b44b6e14d04235f1, 525bf9be0f83edfa3946d1a38f0c2a19cb6fe2d9, ef6e3298075a0146a4cd9bb0490b886441a3c6e0]","8","1","c670820a6a45e14a20d55d2540ef74562ad9b174","99f1d223212a97f480bc4391a07482c5310a9fcd","74d4a73be300fd5a28785a24ee631c990f38bc41"
"https://github.com/oneclickorgs/one-click-orgs.git","60","13","[6649b7a59181fc662e73d66c5edf007b0a24fc98, bd8e23c2c454e4145f7286811e1e60ca4a78e115, 7a973527418016ea0b08dcd42cdee5b69ee52557, 07441e106a0c4b335bea74a020e0b463c9b3f685, ca20e01e961ccb5e8215009bff8190db2da7129e, 7d8446c1affdd9a804b79ed9eae7079fd7d765ac, 621123a8fa67c1bc916da39a98933c40b58f22b8, 25c8c07f5407284be5fc2a37f46297d84965216f, cbd604a93e295d9cc9d80c97270c00506d09787e, 10b921cb38094ad6709fa9d51ccdbd93cfadad3a, 85c16271e594e8aadda3b4add73b016dccd9928a, 133272b5a52abc8fe835563c0c1393dff4aed9b0, 244a85978507e399c28c58c2f20b32fab48febec]","11","2","6649b7a59181fc662e73d66c5edf007b0a24fc98","74d4a73be300fd5a28785a24ee631c990f38bc41","bea4861db941ef200fe1fe9b24b3812572f4efc1"
"https://github.com/oneclickorgs/one-click-orgs.git","62","18","[17f7f7a216bd3f284f40461c38dae177ae0eb691, 331ee3acbd1d31f79757c2320284725b6e38cc5d, 343e42defcbaa122f3184089af098f35c30a9df9, 48f3d0acdc909c1ce24ca36345b4ed5f0769a99d, 6c15722f1c214e13598a7ef7ad5407453d476f1f, 8b03719d872f861e623e90f9e58fc4826067dccc, 1dbcb5795767a0805d3b68d12c479d07327bb40c, 0fc0e347ab3049b9756fa3feee581e2b0f37cb26, 22219654f3589b75248f504f2fb0df68f7cb9c12, 51f7f935b433f8982dbab33fce2225d5f5827a80, 983b8614025d840afa51014703f2c9f9cc40310d, 0169d75a505d20c4046121783b1f53064dcae675, 588042231e7dc1d6ed2a0f0a3678908efc20b8f1, 3562930e720229dbcbeffde24e8e50d5c9b9b221, 6ecc59549a487305679960676653b0e87d35284d, 5815d33b0064161f0fe88661dc1dcb7fd8f550d9, ca6e038bd77bc6ffc59646128df228ff61e1a4e0, e88304483b59559109233953fbb173e70e787571]","6","1","17f7f7a216bd3f284f40461c38dae177ae0eb691","bea4861db941ef200fe1fe9b24b3812572f4efc1","90ba787ac17bf5e15fc834be94991a1b48740645"
"https://github.com/oneclickorgs/one-click-orgs.git","64","17","[e1267a61dffdb9876290e81d3e81572f3f2cb161, e983f4f0762c692ca2e2a1ee2582ab04cef084da, a8dde1c43f4518a190d7611b2d494aeb9bc97d5e, d4f40cfaee2745e63c00a5cb3282850b40f539cc, 13cd609d6a997f34063000091f9383dad3086149, 341f53d172aa074b86c551eb309dab6e69391e07, 1e532796c979f135a4de4e1ca7531b639bda4732, c091d7ff43829a082dd643e9d5226c74589c8b1f, f32c3a56dd1e975810735fa16ebe527573f7639f, 83e3e190534ee967f050d3d2e37d0033eb5a5d9e, e79ce635a94d8f3ca6fa0421cb16320529b6f1b8, 0cc17abda9d15a01d32d1c545b01579a7505e917, f7478e0bc611daf5fd2f4742979af6f9638c5a3b, 312ab58e30e19127f6b85c3110cc2f86909b62db, 8c501304f610d77bc8b366c42ec47acd6bc635ec, 789f87d0fc1402788d62dfcd14d8b3e027f5cfc4, ab4f88e2f98a5879f2cfc733dc1c6ec99bf37e08]","8","2","e1267a61dffdb9876290e81d3e81572f3f2cb161","90ba787ac17bf5e15fc834be94991a1b48740645","0ab3713c927be772472d0eb7187fd3ea042d7eb9"
"https://github.com/oneclickorgs/one-click-orgs.git","65","1","[5fa18d636b0b4072e74e1653e1f5d06e96f6ba70]","5","1","5fa18d636b0b4072e74e1653e1f5d06e96f6ba70","90ba787ac17bf5e15fc834be94991a1b48740645","0ab3713c927be772472d0eb7187fd3ea042d7eb9"
"https://github.com/oneclickorgs/one-click-orgs.git","67","22","[78de06e54b7bce30411042ad6f131135f2fe54c9, f2aa4f51aae0d416a10940a429b20b52ac51e3e9, d6eb42c220ef797ec6636bd11a645acdcc8d58c8, 7e3dc48c60674b6256ed2f264150f82cf90fb902, 35baa8edb23e0b9ad76ef3c151f0a6ed2d29d634, c39a339db7a3b36c795539ffd80b0576073b3282, 2e7a787cf546211ba0ede517979ba91292670ae0, 2c92adb7d1a5b2f41e341e9a748b3e7d31108877, f952065e3dd49da1b84962b594657dffe2ef52e0, 1b932052b40508fdc42b14559742ae373264a4a7, 2e2488eaad65540149208a6b659c014613a86736, 2383891a61c242a9ce8eb4bff7576d3e40509731, 555cb05205f7839ff3e7ecf2fa63bec146c8f973, ef067c658072b99ca19d29f9a789055c682b7998, b223fa36b6041baa378181101b8ecb20f1599bb3, 95bb4a8da7fd44d4b1c9559082c9e014ea7c4fd0, 35ab75239f417234892caed34895839a2e7495b0, 534cb80841afbf9b3acffce1ae81f0e20f8a5e75, 8bf402dcbba7555ce3e381081157fc2fb9e402b0, dee239528239558dd79925b379134dcc3544c774, c428a0964661687f570e704dff5943b6c36e71ac, 15b41e01e5b674d256e910898a5131963f8f873c]","17","2","78de06e54b7bce30411042ad6f131135f2fe54c9","be58224cc07755a9982f1497ed477592328bb10b","dfc7afdb46f4764923378705382d54f00c0da61e"
"https://github.com/oneclickorgs/one-click-orgs.git","73","2","[2c92adb7d1a5b2f41e341e9a748b3e7d31108877, f952065e3dd49da1b84962b594657dffe2ef52e0]","6","2","2c92adb7d1a5b2f41e341e9a748b3e7d31108877","dfb8230f14a8d0d643179a93b924957b0262cbdd","1b932052b40508fdc42b14559742ae373264a4a7"
"https://github.com/oneclickorgs/one-click-orgs.git","76","9","[f60a89e5a3d19a69ac642ecb9ce5274fbc0834ef, 3db519a85e66b096a639be71bb21592f9f3eb863, 1fe6b2efeaca1279d78449c3a5285aaf3e23abbf, 4103f33eb8eb9641de34182403f4bf958232482b, 281708ded87a48c7f576d3896a15f3c7915a36c2, c3e3cc2a7603c3c8794270b34e866a6b6ae948f0, 8967b170f70cbdc6f48babb64872a45703dbe5d7, 8263628b11fad754f425a021a6048e310b640150, 87b5e5a436e67be7bbf1450e7b3d2c563771f611]","5","2","f60a89e5a3d19a69ac642ecb9ce5274fbc0834ef","8a46e1fac013813125bb4d61cdfecbbe5b1c90a6","793cbda5db803fde988dca22407d4f482b31c1b1"
"https://github.com/oneclickorgs/one-click-orgs.git","81","18","[fb51b76f5aa44ce03cdb7e4cef13202adfcd69fb, 74ccd44bf9853393745311d58eaebfbb44ab39e9, 667fa53188d7d362752eb905bc32028d50f96e54, 9f4faf4319e588f249c803f97452fbb408591296, 1b659e73db46a35409923b533e986cfed1285885, a5ed9b241672d64c2043d358f6a1edca59f50c3b, e6fe139e24a30ed119ef6212284cbc49af308807, a8eb3ba7a09a244da6c641f2a504e7c86aff3e53, 7163172d3d065a7c44896e710a77e16dddee358c, 5693525b4d0cd211b27f7537184e308ecef9e99c, 4a1c3b6a9d29d06bb03be08f65a9985a58e195ab, 26c08420edef1700850c25aa2f625094f97c952c, e52deb8d8107f5287981875cf0b0781ca01f0f16, c94124f03b1a77069fa5ec96c90d280cef2b268c, e51711b05776ecd97d4236b475dd35051ae783e3, 3a649990b076fe8fecd01f1d54a69d5b4ed0367b, 7b188b740c78eff16b45ef6d5ee4162c599f5c5a, d81a68b89823d3e91f3171596529141da3824b25]","13","4","fb51b76f5aa44ce03cdb7e4cef13202adfcd69fb","35bfa1978270f892be600fd14a0a076eec32cb30","7e73e7f1dca0829e0f2dd2b770ed138a9b0c0937"
"https://github.com/oneclickorgs/one-click-orgs.git","85","30","[31630a92594fe6a61ac61791d7f048578bb395ef, 28ceb67a9698368d7accc86fe4af55edd5d08503, b6db95410f56b899326505d8e09b27b24de2b37a, 89bfdd49a45cbf722399d79f843fc6da23f5ddf3, 72c15f98767fb8cee5839833bab8a69065d7490d, 23385c117778c0c2ce9b508bc757c8e16f16d700, 7b77ae0bf172fa51c744e28e6d2f87f15ca1f4e9, 8bae89868a60bd476f12aacc71424f60f803c297, d3b92034b22c152ec2ad4e5208e9a9ba467f3889, b33e14bb642ed1eebde3f10b4abc9fe8ac217f8a, 9dbb3b74ba47edaf774498f509f090b17f499cca, 1b9e9f152c63ee5e4e48017f10772c9c2d31fc2c, abdf919c571623c717be332540adbdf0fd281220, 37195e96fabc1374d1214e2f3e81ea3642a32585, 54ec44676adda2fd19576de9cbe6190444598bae, ebe760959158a3ba1e1615f4ffdeca3065b54cc3, 341dc66695752401eeb2ddd995a0389495383f4f, 9726885f57244d10bd6f9b34ea3d3fe3d9b8bac9, 63e08cd101142a36e2ea4629fb9b758582229da6, ed9ea4696f281de10abc38d08cac9d2b7dd4e610, 95327ab7c0127d8f5cad88251bdd65fe76fee106, 5c9331934318380077476a0bf80ae9b34e26b7b6, 28ee5acc01dcad37161052d79069166972556ed4, 697400731bc5dfdd1ada3de17482c200682bb505, c5ab78741f73d6f375f151eb9e29a6c0f0755252, b2b17f95c1f2b6db8fa3af737e853387c639717d, f0938f0e572daeb03c5990a8a276c7382b7ad1a0, 7c48084fcf3d3e486c4b65122a743928560008df, 40ed8ccb715b4607984bcba502bc5ef566ba2f4a, 8bdd42dd0f574f26b3a241d4777009a9f2a93992]","50","5","31630a92594fe6a61ac61791d7f048578bb395ef","cee7c84d7a93087dba74e51f39def2187c3ec435","a28ebf54c7c94cc89bb4a694cc37e53c5a050618"
"https://github.com/oneclickorgs/one-click-orgs.git","88","40","[e832ca286eb17bcbc5d2efa218c06026af25c81a, 6048d89dcc33acdf1df66697db9e94d808a4299a, 810f8e2d15590bbb3bd01a8627f32d06d6e601db, b8cdc94abd780e3e988e94a9d95e4bbe4fe6e5b9, a9b5d2ea875b39b327c36407b393e55e55d70e70, 2435b686e888af5ac3746fd4688b3e3512845636, 646e2857b4b669282cfd5eb4dc9680d8be1c37d6, b0b2065f62ccb5ae52e142834dd938cf590eaff5, 278ac84d27b4298ebc1408c0a2e43d1ef6ca6bdc, 560524e33e34edcf2330088c943713a981cdc0a1, b48f1194783ef24671e7e11893381bce9db5e34d, b856fc8185f450791db93f4cd9487cee00a2ef4f, 6fcd4ed2ed536e0204e076104b231d16bab9cd46, d81b453479bf8488919ce61643c893f8df3f7c23, d14970c11758b0828dc12d887bac55a3fe489068, 39b6732d547d3fe014cf17e6f16b0c10f6eb6a1b, a3b531f78bc73b1546fec8f539ed8a000d1a72a9, 84c0bef07401999407b6fa989f3d8cdffc9b0ebe, a6182df17d1bbcfdca48754633b9db6222475c62, 3e1db95f6672e42cfc7c2f1f801313ae9dcf8d1b, 98eedf7e72d941a0e27018bb600f4946158881a7, 5c26600831d9887104851286dabc9850ec2589d2, dee422eab25c022a6790d935d5b44097714c9f81, bfb45cb0377783cd1dee54171acab7d92d4f7843, 76df81bd01b75d13b3d67d0a9a9f9bf8a1529476, 5d53b93b9aba02d9277809dc74a407e6f5aab5f6, 7d91cff9423163942248bc9b036fa8e97d9aba6b, a71de28a884595b51054cb043b731356513d283b, 7a2052c74fe99846a4bbd0104c56195f8578cb89, f0d2dca928461d65d67bd2d440a5b27be0caf74b, 848d3c6a47fda4bc3186c2e0a8d83b66c182b51f, dfadcdc06e8b062bc0ea7cac230f9b9e7589bb19, 9f83156bc7bf55351e24bf902fe28d5baa195266, 3aee4b0ab9e9bc54b2666a965ecb58b6e0950a60, 7ccbbc1e83493edd71bab43a7137cb38813c0ffb, 22db9a7e2d830efd2a6c9058f0d5f33d03031236, 64eed4788f102e3ca7b221071052b7e1b63b4d8c, 2d8d94df703a5fb252717a07fde754d31e68483b, d1e123f0b2e2a4550c7625215d4c37cd30afe9f3, f28ac4237bd937e55ac61ba4e8ccd1b76f9c8b29]","17","3","e832ca286eb17bcbc5d2efa218c06026af25c81a","779a59c11abff8f9b67c02174901ce422aab2f7a","8b5c6d30ba9171f1105f6063f3d94d832a016a4e"
"https://github.com/oneclickorgs/one-click-orgs.git","91","28","[e832ca286eb17bcbc5d2efa218c06026af25c81a, 6048d89dcc33acdf1df66697db9e94d808a4299a, 810f8e2d15590bbb3bd01a8627f32d06d6e601db, b8cdc94abd780e3e988e94a9d95e4bbe4fe6e5b9, a9b5d2ea875b39b327c36407b393e55e55d70e70, 2435b686e888af5ac3746fd4688b3e3512845636, 646e2857b4b669282cfd5eb4dc9680d8be1c37d6, b0b2065f62ccb5ae52e142834dd938cf590eaff5, 278ac84d27b4298ebc1408c0a2e43d1ef6ca6bdc, 560524e33e34edcf2330088c943713a981cdc0a1, b48f1194783ef24671e7e11893381bce9db5e34d, b856fc8185f450791db93f4cd9487cee00a2ef4f, 6fcd4ed2ed536e0204e076104b231d16bab9cd46, d81b453479bf8488919ce61643c893f8df3f7c23, d14970c11758b0828dc12d887bac55a3fe489068, 39b6732d547d3fe014cf17e6f16b0c10f6eb6a1b, a3b531f78bc73b1546fec8f539ed8a000d1a72a9, 84c0bef07401999407b6fa989f3d8cdffc9b0ebe, a6182df17d1bbcfdca48754633b9db6222475c62, 3e1db95f6672e42cfc7c2f1f801313ae9dcf8d1b, 98eedf7e72d941a0e27018bb600f4946158881a7, 5c26600831d9887104851286dabc9850ec2589d2, dee422eab25c022a6790d935d5b44097714c9f81, bfb45cb0377783cd1dee54171acab7d92d4f7843, 76df81bd01b75d13b3d67d0a9a9f9bf8a1529476, 5d53b93b9aba02d9277809dc74a407e6f5aab5f6, 7d91cff9423163942248bc9b036fa8e97d9aba6b, a71de28a884595b51054cb043b731356513d283b]","2","2","e832ca286eb17bcbc5d2efa218c06026af25c81a","e14497059b043ebc840ac4a3d997555bc1021b7f","7a2052c74fe99846a4bbd0104c56195f8578cb89"
"https://github.com/oneclickorgs/one-click-orgs.git","92","142","[206c9cd2c60a8177fd7cae13966caff0665e9cd9, 9f286e18a88a181737122737a891c3979c64e2e0, 410fe144f39ade0308fc24a3420b15c1ca0f6cb4, a1c93dbdffe5710e31a1066f5034ad3599a4071d, a2f2933eaa9793e2f3c62e593e6a185e70453efc, 65519c6efea9eb27428aa066be4730f03dfdb91c, c2e7cfe80efdf6d4c0df72ac0e022955a2ba0522, f6d5ec029b49d6363cd0e7488df7342ffcea9e42, 8e2536f25b92cf88327bfd765895dc18de7169b0, f30dcee729a90bdf101cf7c6b641ba6b8cee75b3, eb729c114ddf963faa562660a65f33c0c3f32531, 0035660704348da83efd9fd116361ccd943f4138, c1b8b885723d78c5dd8718e2ab1db4febd2ee0a5, 3ba7573259b307dc8c9959e56781a317c98ce46c, a464027b8225dce9945fa91a1a632b32e2ffb76d, b98ffd927d5a8c38ddfe4c8dc0ba7805960fc2a4, 499c0f31a1afb1e0638e63592345c15f71d0f951, bca602c27ccd4859988d770e72aeece3de92daf5, 6659280aa4fb7bb1b712e3e8992924c48e407d12, d99d93febf66229bab78156154da0e6365563e73, a1f42cb04513f55a9e718793b700668b9b08895c, 7daab9748178c3bd04ee765d404cef299e360a9d, 2b68cf64efb22399a404f652475e094abb418696, 0468a630ac3a2dda3b29ea407e25054b7e18a207, b7fb1e494f0c34e9085655c1f1f452b6baffbff6, 5c90fc3c788e05051e4cc6bff7df510e454968c5, 598e33f085651cd70346f606d2b0b9ba2736a107, ab22b82f75a11af937d26e0801b7c21e5567038a, 645b673b58d1935ca29c54bfc4e49b4e5ba1d9c3, b2637d513f04053be35aebd9913b2d7ff04d073d, f4ae55f12c5b951a7fe214b0100fc96d18a827c6, 508691d527888d3e3ef6e2bb55c4101e9540c7aa, 8b3cadc2fa09287583dd9341e2766aa0284518ae, 012470fa83aaa870f6ea98fe1411b940e479dfeb, e4904373bef2744465ae702e827eb448b2822210, a0c63a584e0ca168face7b0ba066d0682bac52ef, 0aae5fe749e673f2ac861bb47c961f16831a410d, 6fa588188925ad3c9f180864c16571f86b2a9539, 12421b6ac4efce1f49ba8c9afbffd4e84a7e96b5, 8581525b0105c46cd5289087a990470bcf069b16, 3642c3b11d81e24e6e67261c99975c830e995373, 1482d25d0a6c6cdb72eb357cc2f3b0fb04dca3fa, 0fdc61d69b6028ebf03caf4c0fb272243fbe6269, 0ad7b3b54a69901364c0407e4ac18e8fb02e174a, 42356a89debf55c3df918a9fba97dea2c328f233, 2c21c13875431e48f11c99e80184b214e01f2569, 064469c97558d8ef6277f56196be82484aef1268, 82e60617099b6f5580681e862a46fab283bb9795, a1f17684f46cf7a0aaf2d2c520eace7e7dd93092, d8ff504afda33dfcddef5f50d80d53718e462cea, b01378ac51fe03bdd7dc2249d6c0cad39091e1ef, 20ef8a7b04f7f4d4ed027b83eb55f2c52cfa5b35, d0e842b56ed2d72b6a855779890e0e5fc246ec9b, ea8a3d6ab81cf9488cf5fe9be85a95d023539ec6, 1cdcc5b38595500186e35fa09ae1a664336a795c, 7300d14caba89d7e08b15a58cb276810d09d7400, 8cabbc92df7d3c4123ad8e36bbf7ae506b4ccebf, d1950ab2e305f508ed1edf51a4bb0c1ad027d13b, 020da655925f83a8f9ec0ab6977247b7fdbe3676, 455b0719350f3792de7d42be0457d2d3dad40f8a, c51bee5366d144108ce50b7b2d5ce55de1649fa9, f0fd3d590725b2ef116dd12c80cf8d0e2c6f9919, 5db25aef0a88779c092c82756781123e60636dc5, 4fb1edb1411790e9875325633fc6cf1afeee0e64, 9e225533cfadc923aa0e44782df86e4d0046786f, d5ec85fca93943de32a61d6bc9ac40935cfea01a, 471bd47dad964a56f29c8caf30d8ee695c293c25, fe4bc343fa76de783dfe37bf618701ac6ccd8b81, 54a1bade9592916b240ea87f83eb09fccdb9766b, ac961a91ef96b5097374e7d044dc9b2112ad6b65, fe8cc0b19c695cef53347e61f26ec6f4fe0857be, b4d9baf20a73cbcd3ff3cd55aaa380e58fbe6c30, 516d4a2c4ba81d4ac798ba4946d43d44f108de6a, 0e9aebb35e1a56204dd4c294835399fe7a6ac0ed, 24ca3d8d809a027f502a9108c4582843f3b46389, 3e55db1a71da89f628abf0b57d9d2c2ef0f6d613, 47c7392741477fbfb83ae877633ada69c718d993, bfbce81f9b6a6099930d88800dcea4d435bc7690, 618f3d55d19ecd2ef9ea7866452b9428e64a8210, f178170165865a830a1b8c4d5253eef0a0832b4f, c0d7e22c3191578505868b20f137c3decf0b0ece, f562ff4c9c7ed9a6c25e248ef6d3c8c299b9b8e0, 1dc5eafeaafe8ed7eeed67b31dd083ad53316dd1, 193ad10d5106f1c006349316eedd3ddccbb5fd5a, 701f0dd852acae9aab5247de6e1c5c5fc1438ddf, 2c85d7430631efa0d56c9d25a0f706ab1b2cf536, f5ab259bc71eb468d01fb0b59382ad27000a23a0, 40f3b96e273803dd734b68e890745994a92791b4, a216823adba5ed39d750d112d76947fb98d3cd4b, a587a02ebf4af1b23c28d94657d675c1aca1e2c7, d9f12e6ce4b1aa70fbad5c26c603c21915a11603, 4a84e93c293ae25050fd7eb53f4df8a809898f42, 2af49b550e3a3e072b6a77a024fea8ec6646782b, ff5c1ff1775833f3e1132ade76ecb9d3d236623a, c5b88b43f97c13543b15172e98e13a854ccc256d, a012bdfdcdf3bb1bf77e1a9b01d4f3849ac81da1, 5069fc42e866a586b5ec90fb1f708719fa3e568f, 0d63352bf4d6beea3348a24c49db83a53d2bef7e, f6cf6da6eca8174645b505c66e7b1d96a3d858a5, 8e397522354d72b39eec51f174308574f6e0e5fa, c1ed6793b9d8efa93e865bdc0496dc769b59e8b6, cde04f1ac56758346b66ba0b5efecbf7293998fa, 5f3067c6cd7b16bc23eaa9a5e432309b2012d96e, 7a117aef933c78d41f4e9227650e0e867fe4e7f1, 4697a048b4d5a0f14bc91df27d6dc1e24b9cb301, cc434bd0c564f7eb5711c78a50d2ea3032bac212, 6f4a02cd19201e63dba7c6419d4cfc21485ce877, afc9744864a2574fc001d32f9ab6cfb4612e961f, f17b3755e06607e518c6895620fd9f8234734945, 4b4643a8cefd3ad82babd8c4e674299e7847e56b, 6600b976f423f0297f1cbfff4a0ef0642cbdddb4, b6f0f1025110eb06b6c9ab644bf386b250c0308f, 902098070f9b0bd8c7d7d624a2486e80cd03c5c7, a90e1535c70b1bfe937d798155c7438d7c697f90, cc096c08360c596312fb6fa1c5766f6230bdf425, 3081a7d9003e2a2e9dfff479fc21820accfce0b3, de4696b07d580e3c320d1e993d0559ad0fd8fcc9, acc8d3dd3a761e4322cb119409fa588127bcbc84, 0512803c0093796e42f97059b2e4b18e5a7dceb2, 893b2025b9a2edffb8914f96ac50a8c5f1dc3701, f7d2c4358b6e90e4031fd64d512d2ce35986efbd, 4b8fa7710eb67611c2b5ad92e4437e4921724aa5, 10d7e46a0e777c3167f03c39d1355f627659611c, fa80ef7f1c56c8533def846bf6a2a0e4f329efda, f27d1fc8456253c804ee6e79965a89be80f40432, 5415e41ddc0c97c09c5cfbd8f207b620ad024b58, 743e7300b6442b9d468949a71ebb628d6cb2b799, 2f0c8ae7fd65c4ee7b0e703fc386928ce6aee9da, 8b3a553a9d060f907bcfcc444432fac0fc24135f, e8b775784ed5d8d5112d797b4759237bf9c62fbb, ca6e12ef9aefcba001e80b433dd0029a565f3863, a096676621ae4d74f38652cbf485d033725d2967, 24f8bbfecee380e9abb1a66eaf843692f20f0115, 75f01030c4288f29f9b598661497f436a50601cf, 5c4d76d7990572daaa4237cedc780eb04bac23a7, acd48915ab87ab9bba41f109ce08b6aa5eddb3da, c8e6df34947b339caf7a490e7cc8d7ae1df722dc, b3fec2ad7c34d4a48c787285109bc34d09894b4c, bdb4ac17442f54c42df6deb0aef157b8bbeb5ae2, 99e970377e2ee5ebd5a8a226486005e96bc92b4c, b075cf422237350b24acf5dcb168e809d1786b87, 200ad2758a921c4a0e5e136b97d2731ac34cd64a]","147","32","206c9cd2c60a8177fd7cae13966caff0665e9cd9","0c9958fee3d90f51e89f2470a268bb8a189dc31b","2fa9f929ea080d81a8048486d8dce1f3061f1e78"
"https://github.com/oneclickorgs/one-click-orgs.git","94","147","[d6305a211688fc0c19679b4897131c052840a4c7, 821d19d8048990c02f2225de727f6e9945698246, 60d680a77faaec169b15b3da5e8b139ddb092fce, a0ec59290f562297655bb121240e082803f8b5d3, 2baf94a4c953106a1a161b16d175b30c8d5629f0, dda6873d89e447fb413c2221373896f3a08dc8cc, 32e81dc5eab205207580e719aa2f4f7b7905d6cd, 38852661ae513df72737cfd6685c1a3c4f85f29b, d9e3f157e15f3201f125f7b07b7b8b557cf37f27, afa9c49a0c3a8e6b4b65d746a5f7efe70d1158fe, daf26a56f37c840838f2c9f56b141942159d24c5, adc673a0e6c57e5f984ad95ee0016faf8a4ff49c, 6012bfcfec68d18fd0871d5908199437def7cfd4, 0aeab530e318e2d18a0e6fec426758a797aec64f, d6ebc3977cc7849f4a669a49222b75fb1ae29f71, e74e3e60370e73b1b43393a348da4bfc9a1fa45c, 5c73a46d289593df57767c19f49b9fd680b469fc, d700a6b0a02a9ffa122191a8f708d3d7fc3fd3c6, a60d1526252a7026a363ffa3fc10732449decc0c, 94066649d028c75be57370d1d7da31560ad262f6, 479fd93ec76551f0b8894bc5c59b18dd1198ef1b, 1849de8930ed69f9bf81ecd07aabc2cd56f0b29d, 1ed19a10a10593bb749be0bda2f689227d39176f, 7edd904a3f53ddff82e5aeebbfdc2c4fefdb5733, ac75652f4c72a8fef4f0d4cf54f0a372c7c2b54f, be9489c4ffd2c8862cdef6d8f59e38644a9c2657, 1f7205903c177cfa81637ff6632cb40f359347f4, 6749e90ec7b99de2679be4a836f33dfafd64d11e, 7e2810fc176b187cc9c78a477beb77cbbaad98ca, 08d2842914cedd85af9d35a627e2e32ea983031e, 245d636db9740a86f7396ba677b5f0a46bfca192, 05f8c9d4d2a756f1be24b44a1020324491554b38, 4d111271dca361f44913318574dee48c94c12a9d, 1596f1815046a9ef7381aba0da35ac3dd66a93a2, aa54f6fafa9641e9b5b3a44f314b42734010c6aa, df4d7f6b6ddaa0a3d3c8232b2b6d696e7fc325b9, 93ebf3a377bc36465df1a1079a5de2bcb51e0fab, ebeed3d84c5183f67edeb2cbe2e383a6864b5024, 27cd430ed55da5785aa399585c7573610d8f9263, f3cae2f04a89fecf84c48f9782713e681ee0adb7, 13b8f8968a17366dcef6e51be5a78063d97a7e1e, aa36b692d7d6a760eeb1aa9fe366209cb7fdcde0, e930b6e9e8b6226256b5992d74e566ed04e9c403, 9276fe24fc69be69f9a61898c55f9fc878155414, 0dfaefdaf4f1e6d3024215d1886d4facc2166a99, 9ad345098e39f73d55904d9cdfbb15366742ffd2, 65ad1d525c7b9d739e997e7b74732e3cb7aed522, b30b68e22d47bfa967cb0cac555b1607c59769c8, 716753adb7c8f4a29cdf4e4d700df4f8f438ab77, f77d97b07dbd016b85912ac6b86fc5e6d0ec8c9d, 21a55ba81022527edcc27cfc103a52c5de6d29e0, b5c8b1ccc2838164482df5cb1717bac5d6ef67f7, bb057b5df04a82c253eb1522b5c7c57d78b5c7d5, daee0ae433bc123fbc0730248f8e20841214b2f2, 654c6274c0e45ff99288eb41832e686e9e1271cc, 69d9e5ea734693ab701c91c19b4e57da839a7a65, a52c202dc55203bf095183c6bc4f0673a9b25964, b9e24420812a10a50f517a192f210c94fcf7aab4, 569d5a192fbf7c276a5eb5c4b9a1b58e21441b96, 5943ae2798dc61bdce9e7a5bda1a9806d2f2c145, 7559247e9671e1097116973ff70705a0bcde3551, d988a6b568afeac15f6dd7b56b91cee0243f8b1f, 67b256ec420f30c1eee33b39e013a8b30843c587, 8fcda44df88e5bf47ed80e9bf4ac09bc026766e5, 6f22fc63beac7c8c816ce7546291a9a1bd704538, 1101d2920ff10ceb9536a90691686a2fc5d358d3, 11bdf68006f7dcab6255ae9055159f5b880509f8, b996f5a6519f8190f0d9f5979e4056f7b941f2e9, 39792c2af39033f93fad9050e0b2944b9f810834, d8bbfdb916b6bc588d276150a9456b4b7fa154e5, f4bf49ee81719ffdb221019874fdad40c1b84dd7, 418681212eb8aa7bf736d302fc110cf2b25810bb, de73c97bfcd22714e72b0cefddf1ccfd1c1f1834, ed9d23608585b34f3565f0ee5e7af68587ce4b21, 5fb08d902c7b7ad1def61d1df638887969dc53dd, 9be66d846dc403759d79682c105fcc28ee5b6ea0, d3c950fba2ffdd8e7fdc9279e40542382f38fe96, b137ca14a2849eca89ec346a314cb2a515a4a9e8, 01ab5630ecb35f8abafae7464057569c476ff97f, 9b4586327eccc9eaa050aecee8c4b302797c280b, 79e0e1b1a06178112bdb29491fea74587a032b2b, 1e202d7541a7e7391ef1b7aa2ef2f4ed7ebbf7b3, 4b209b1aaad505dd4efa67e2f983b6cffdd36078, d555e1e834d872de46e47c331d6f3d494ff11a72, f49557e487b82e1f6df8dd701202465792fe19e1, f8234fb7a0dda57894efe122b0c9575c6cb80a9b, 122883da8f9aebaaa885880cc3ed602dae8a2ebc, b91e325887b2122c62885552443b9f30002bb17c, 7d80d5ca2070e8bf60752d28cea9623b2e31f249, c5664af8f9a1b4c0d6e481be822e8105df9a5063, f8342060f12f22ea33834b6b711a809b1d3b52c6, 10465af20e2cf299fc4b44e6d9cf57042360831f, 6c613cc83239140c58c83a7000189114ffa1458a, 5efd968b151dfd4e9404cbdbf978f5c399ff908e, d931dd035d48da64b93751c511409a21971bbaf2, 36adf925c812c4eaa6f595f45ef2556a6776e9df, 6da3f0921d00443608478075c81183caf9c4ae2d, b4e167e106882b7a8e416df6c48f3c90e795ccf0, a2bd0cf07928d1ab431248c2677c2aa363e12aea, 3e87ee5b79cc1cc3425170f490f2729898efd1be, 2cb59032c4eac1baa01427f89bf2561ad7d3526d, 89eb414102711cde3ba04f37fddb35cc5c06f150, 23f0d70855e1aff8620ac7fee1416f7a72614ebd, 146d209f3098e84ff93b4e94c91004b338d1fd61, 7890f9c00e2cb9ea66bacafcb62e178aba58678c, 9855e006526569c7c50edeaf2f62a494e6a469ea, 07a1d56134a5f51405105bacdcf164db14cd13ea, b2c8c6f06a5d908015e8e028906f9136769f3739, 664ef95340d87deba44dd9d52c502e3bd0d4ef30, ed9eb7aafa5cfeb7a09b45220afa922f81afba7a, f2d4b6a1a81eea40b32f9dc53a91bcfe48607ada, 128531146303657b889218462f40a68b96fda43d, 464d2752e3ec90030e9b40168124d3296d8f2d68, d4771bd7262fb1a889244e563af275ebf2480e1c, ba115a5148a80d402414bc94d1d76c86f9eaaadd, 66c52f8c741c17648f808756a1f2f921081a0e72, caa75effb7f8709d520f62f6ef84b1cc64dda16f, 371e27bb999d25d6ee127c4bf4349095b18be0f1, e78bca271760817925b6f8667ef813927cb201cd, e36652ab968ade5d61db18ef0a8f472e93f13942, 22866a882a57a3cbcd54ab1142aa5ddaf1863c0d, b633b04fe9c28ef32c132d7a369ee0641092fe33, 6e5a33d15bce6e9a44957655b28af050d748bf35, b1f0aa21d8e888e4fe190a1d69ed83e9f3e452d7, ffc471be75d76f17e5136e43fb69d6abd895bfe4, a686f2b1fe8c017f4d802f534fa26b4f3c1b7e88, 416030d1a672a16c1b26d0e600160561e0a2e3bf, 97b029b815feca54bdb9c6a4931354fa553de818, df5f52f7634662f3258de45404bd6fad26543cfa, e8aacfa090db8d4282705b877afa4014a8a54957, 06b05bde3bcff71296c8cefe4d3d9737877a45c3, a0b5e0c5d91ac1b92a14f71a2e99a824a4b53529, bbe83e266577b7dd8d2dce7d65ece14b7d2eb8ee, 81495481513f8e841dd70b8273da30c5c4504fe0, c4b66fa9b894e7aecd80e7317cba25b58b398f3d, c9eebb5261c8785118530deb8e7ed1637aeaea94, 3ca3b3c82d4e8e1bded00d7915fa18461684f415, cca75d2fba8d2167457a0ddb18970f8d5e93b3d8, e3ec6e644094aa2b12e4ca1ab69b04c5387b9cde, 27fcb29923d6e616be68cc9f9352f7265b2d227d, 2223917e2913a342de463ca379ba82cafd474c36, fc35a3bced596df34b14938684d78d0965a80376, 260862fb0ceceb784c81d45d044e02bb95e09cd1, f2c62aaab316386ef59b9d8a71c23cf74f9752e7, 646569dbdebbd079a6cbdadc27a272138a12337d, 6c1b77b5f7fd02f1f0d13929c8dd2f1b17ca8c22, 1ea77e2c0fac6e60d6e174fcaff9d7633efc96b0]","149","35","d6305a211688fc0c19679b4897131c052840a4c7","2fa9f929ea080d81a8048486d8dce1f3061f1e78","1e57848faabf58010d490f2ffb100153728a858b"
"https://github.com/oneclickorgs/one-click-orgs.git","97","3","[1a91a9d31522efc49ec00d10e2a57f6c8836868d, a910810275649ee8eeb8a931bf52b2c3ea15c2fb, 2a1c46f7fb2ddada2a5d74802ea3cf926285c274]","6","1","1a91a9d31522efc49ec00d10e2a57f6c8836868d","1e57848faabf58010d490f2ffb100153728a858b","b02d28bdad7a1259a4fae7b4eae111429aff1690"
"https://github.com/oneclickorgs/one-click-orgs.git","98","42","[8b53aa0f96227e140531cf78ab271ec99f14e245, 405e5e8e48f9db04ef0759ee3d59e7dea383af64, 80bcf8eae3578cc840b9268e57b30a7deb03d9bd, 412461340c0df284e49ff356b958642122454e76, 2ce39ef83a48b14c4e69e5d8675e57bc2b504a19, f214ab1e3bbf95c41212f883552ba00b6dc99e44, 61f495382680107822b7c20f258f4751d4ba8df9, e5ec217cdcb5f0c41b66c9617dd44bddb4b6f279, 2490923984ec939b4ef64d65b9deb93839d5994f, 282fbab28bd6c00eba7186254fee08761968ce92, 825f3e748578b2a103d8a4f3e2da3ed1f84291ab, 23908d57991810cb6f6b19d017349f9cb93c3f22, 422314776d4e62c4296a28e30df0cd6e372d3db6, f424eb372ce5c98332e844d51133301698365a64, 35dbbf4a045874db047ebebfba42115622b5e3e1, f020864a105fdc0d8d1e35d686514737aa39666a, dc2c728422843642c56ca4d6575ccf647b11080b, c68354ef1ff4ee906d5cec68540f33f85933f44e, 3c91f8d3c7da9c02be696126af65f7268a4132e2, 61263da841398d91c261d704db0607a7976ba45d, 840640617efb300bf1fb6675cf2b2385105f2e7e, 0120ca4c7063ac5c829c1b1815a3658ea1f909dc, cbb3f7092f0df1e2735042ab18683341f390aea7, eeb99913d56d5c5d57f573087926181aacaf0daf, 3f8af9cffb2d272b2335d1af63aa8a51312d7040, 434c6fe3a81bec473c2ef745e2b1d255bc876441, 848945743780c5b028c116d0c6db9d75d62a78c3, 9ce7252ceee1c0bb3b1f7db06dc5b87a6b801e44, 09c8947f5ed8aad6ac8ee53afef9995aecb94054, 5e97c55a5c42ffba7bdbd49993fe6b0da62085db, 39793fb7c542bc6ecb3a1323d16520fe9fb7978a, 95a13fbaba4291bbf13f27355f5e1ad4e6d7c3b6, fe90b7c73f6281cf7580411f5557771365886993, ced86392f06cca3871b13eb7ee4955e02c70a291, ac276c67091c45f3cffa8d0d3a06d9aa1543a081, 505ea7b2b272937921d919f801879d7b13822ce8, 685d2e171b08eb78567e14718af456fcc8b48b3a, 18ee5ba967d083597918d98df57b4e3d08992721, cd1bfa960a924446ff3604fe98fedf59a39a2982, d3e1f686026b0bf50946c086b98353c9590fee48, 9ac6fb049b6333911a1dacf9d06b87f87dcfcc30, 363ad0787003842e2e8fe61c8c50b398f11a9ba1]","42","41","8b53aa0f96227e140531cf78ab271ec99f14e245","cc185dfae9dcfb13ce1c9e3e6cfb5f3df4a6f7e6","6e7da225ed0ab1adaa8ead9e09d7c37cab64a464"
