"REPO_URL","TASK_ID","#HASHES","HASHES","#PROD_FILES","#TEST_FILES","LAST","MERGE","BASE"
"https://github.com/PurposeOpen/Platform.git","1","3","[07662bc87681a18ebf9e9c8a46042a36a3d1f3bf, ecb24a7a1d754b44643c6b392c061c680a47d4fb, b0c31d1855ab26b1b9414f2ca39ad2658c763a77]","0","0","07662bc87681a18ebf9e9c8a46042a36a3d1f3bf","d491fa139783a7d2bd7e5ee7367c2366a594502c","6a830466a140cf0d76b2a37dc3c37684484d137f"
"https://github.com/PurposeOpen/Platform.git","2","1","[09da64e8342ef1ad79b6408613df05c523279e15]","0","0","09da64e8342ef1ad79b6408613df05c523279e15","d491fa139783a7d2bd7e5ee7367c2366a594502c","6a830466a140cf0d76b2a37dc3c37684484d137f"
"https://github.com/PurposeOpen/Platform.git","3","1","[bf221ecb3a3bd26213e739c1897fdda1a6f25e19]","0","0","bf221ecb3a3bd26213e739c1897fdda1a6f25e19","67aef0ca5572712fcd5f77b2759052f4bf96ca88","00d11c25d8d606cf2fdfaf2fa9c7667a86711bfc"
"https://github.com/PurposeOpen/Platform.git","4","2","[47165455a8137666b4dc7670b8140b15ec87b6d5, 6cdcec15d62a0fbd2d82dda7fe86091bbf935954]","0","0","47165455a8137666b4dc7670b8140b15ec87b6d5","67aef0ca5572712fcd5f77b2759052f4bf96ca88","00d11c25d8d606cf2fdfaf2fa9c7667a86711bfc"
