"REPO_URL","TASK_ID","#HASHES","HASHES","#PROD_FILES","#TEST_FILES","LAST","MERGE","BASE"
"https://github.com/radiant/radiant.git","48","29","[1fa58ca2b670e587e37585ed2ac121ee08cc40d3, 61763bac86324b28164558cf1cfd02f304f5b7e7, c70f4b1df750fd2ddabcf6d3dfb635d5cf092f03, 862024baeb437ed9b51ce104ae4f4e8de9f69029, 649b5970cfa24e73647058b6a09abcb931f464b5, 272fe5b2bbb91aab82fe94c1da44eb99f768c618, 6f4652bbca89527f573f1d5b09c8c6cb7c86120e, 8726105e3398e15ed6b27bc47532f6536e18dc3c, c33feaae604eaf1ab1524976ff9e98e9dd8efb17, d5d51cb907ba0cebae19c88d6153a2d8328a00af, 5128ee8214a98db7877de3d16e1759463567d431, aa814da53618b5b0d81a530fe0bd60953d810d03, aea540d4447201505b0f0ad12b1424581e4f370f, 041a6b696193b66e0f22b471c2c4ebe4e53581af, 087e476344116563806b915d025745ea781ee092, 420f00342284cd9ef888aa3ea0e936eba1f07ec8, 915828b59b72c1a5fe03b7ded6a9bc8046189974, 3e5fc9aa5290799b74efa71e5b5d723bc21eb1cd, 77a89d62c31b07c0de506f4f61c2a283c9a4516e, caa593f170757b3c97a5f956172ee78c73a536fd, 29271059122ead4c62335aadb3d14aee985a61e6, e76553b4c163109b7bafebc7ffbbec89c3476ace, 9aef581307f4d74a2590e2b99fb6765383c8bc75, 290d6c4aaf6202325be187e92ebf8043c3cb2e0b, 1bcb2b15dbd1d937e8bf0c31f698886f0d6c48f6, f4beef9271c1b1f9e775ac2990eff856bda09ff3, 7afc76ef1b4c637b1800e3592a3b23ae2daabf26, 24739dd4a86517ab6a7d368af2c3373412b72b22, 589aaf41d9e4ef6ee357bcae6d9c0d9275dd4f72]","13","6","1fa58ca2b670e587e37585ed2ac121ee08cc40d3","b521594d2eaad5e6ab3a018cbeb720109729adb2","d6ac5f867396cfdd499eab1c434bc80c6d3228f0"
"https://github.com/radiant/radiant.git","49","29","[bb30777b0261525f996b4e3258a60f0b9c3e80f5, 16f6eca35b1ae15119fd5b4c10a49e28a0190c03, d028d94a751552df8ef7f3a5989086b2b63979ea, 35f48d63e188d75da0673286566a96d1fd0a7b8a, 4db8a3952362509bf6eeba7c68ef322cb19ec6ba, 67cc1ebb68724a4e163ba3ebe8f71b7e593f0753, ceb9ae759b83dbc82c3e939aaa3fd2c4dae26b04, 13ec1c29ecb2f5b9707d0e7b8c1c7dfce944e22f, f96431ae137954518e641a0cc808c747f5b6afaf, 9f411cf953cc810b6034fbaacde5e665d57974a1, 26ab998bdc8560a169fb0057f37e9785cf9a9f72, b2baf5060e2403378e3d9d38edaf8c92f1f48395, 92057dbbccc6a457752b99d0577e6e61eb3fa451, 666aef40cfa189c4ce8e0a475244441e291621ff, 29e583c29980c66887531624c54c6105b14044f6, 3d29b081f612f780a7a31ba13d502a5bf5842446, 8b8653d9e699706987b51675de29b302ff460836, 37b274c9d42e140ae22353c3f31ec120db34fa12, 1826ef215ab252f14140a2ed04f0d47b7e301125, 1a2dbb976af5f95ee01e11f57da5f2ed70d773e8, 3c4a8a4c8b0943a544a0badcbb7cfd0466cd901e, 5d2c2d9822df49b9d6bd9d07478230c0b23f33ef, 1d5c6bf18367a868f91f03dd41748a7794b84fe8, 5376e4a2b9e2af85b86ff4f7d8a31605cd67a0cd, 467fc1f12dada41a46396d4eb0e8b79efbbdf60a, 6e1cefe4216202eecad5293648c7bce1308320c8, 2f26fb3f6fd8267765f10037f8125d84ab191ba5, bec8e9ce30bb8655ea492712537f77c8af6507d7, bdccbec1c4bbed7964873b2d148edc8f58a32c60]","13","6","bb30777b0261525f996b4e3258a60f0b9c3e80f5","b521594d2eaad5e6ab3a018cbeb720109729adb2","d6ac5f867396cfdd499eab1c434bc80c6d3228f0"
"https://github.com/radiant/radiant.git","117","1","[a1f4c113656986e2cee063bb9d21482327712e28]","2","1","a1f4c113656986e2cee063bb9d21482327712e28","eba9a16614854f6aa888dbdef01927003d83041a","0257e5bcdd633346da70d2353ffbaedb38de4627"
"https://github.com/radiant/radiant.git","120","22","[95f38dd1427cfa379c2bdcf8261a37fb9c02b545, a51467c853c98bd16d5aec12d6795d5142bda345, d7334e4c24f2c90796a89febb336aa630b526a45, 7426452bc44d232e579dee8dbe06f5294071bd73, f5678c17903adb25ed7c65eb02960c1d7dc4efc6, 2dba2eccf8f75b079ff7e1aaccc582f96c949571, 8c0d32fc9b30c47817569a0ecddce50345fabfd9, a39c5990d54026091fcdf67c05f5d56bd13f161e, c9ea6b68899db8930badfcffc54ef4316fd66995, bae8d34067c69022196c0e41e487e552583465ea, fcd90e9bc1b9d5ff1f0d196f2af94ad4675c1431, 92a62bef4b8aab91bdb0aa0fc813a4eeb01a8bcc, 0a4463daa71688b27adaa175de3dfd339d0081b4, 333c06553a19e2a3eb361fd4fb394a57d34c5dbb, fb84b765d5aeeaa76439cc0a07213430829039cc, d1f84ed5908f1cc15225773e9e4bd29106c485c6, 4af48cc82cab1e1ff0b4a9089553bf87a43f8931, 774400dec4f531b6217a3fe1c637d426c22afc1a, 398ade611cad2947beb3e00285d6078bf0722675, 6692731e4c8def68036e8a6d905319aa9f2b61be, a872391525dabcad2404bfd895105a4bb479fad1, 669fec77f12e051866d8b1fdcf336c92a9f97d6f]","27","1","95f38dd1427cfa379c2bdcf8261a37fb9c02b545","65da7fbf221cd88ed2793e393e2f9ce391d30258","2a24d96e29ed53de1b094b458ec329821a3772d6"
"https://github.com/radiant/radiant.git","138","1","[bbb5da3333abe243f2734a5c270960ab123b3e6f]","2","1","bbb5da3333abe243f2734a5c270960ab123b3e6f","28ed44cd72320a6fc674ba8eb894446fb2b58128","00a5f689f59e8898672057fec09e2f6d0838198a"
"https://github.com/radiant/radiant.git","157","6","[0e333ad3acb925ae7c384a047ced230852cce873, c8da9c1834a79a646c92aba0e271c5d29d9995eb, 4cbfc0e4c469a8b1169ef20a627a2b34e39441bb, 1a7940c653ff87a320c384a072323f7b000e99a1, 11c3886cdeafd5635550292b377d28654bce779d, a91268b8f5d694ade14341246fe46db6db859f01]","10","2","0e333ad3acb925ae7c384a047ced230852cce873","9019ff0b83eafeee37c18d938387cacbda6e6244","0e4d9d209d0211bc8e5d5d286af57eea7d4c393b"
"https://github.com/radiant/radiant.git","168","19","[673c109d2c29e6a06d4883583e5344dbeb00b894, f02084dc9fdd26178862ce713fa126670fe48f81, 25f780cf104915585f6ad850787367ec86d20e3c, d0d4fe51b0ac30c5f01e0072bcf845bf32e41aae, e2d65779807008d50d80bed569389735f3547e21, ab4870fe798f72d35cdd821504f209eae3445929, 372e97b94a44799b5e2bab5de8ed443fb5a502ca, 1c702c506cf5cb30dd19d9fd74957e5285cfb06f, dd8169e73a082223670639078f5a55e2e5b4f3e4, 09d5c75e23d43ef9a5d5a20ac76461bf38c38efd, 0291154c6ad5b1243ba3100bca1256c30cfa77c7, a930624c3786cd6d573b14eaeb69d9fe6054e7d1, 5f8a535f99e81fdd121d659faef22ea15ee13bee, bf5828c1433977e6bf3e5c905f5c912272ed6687, 7eef44a2ccf5c8697238ee1da37d6bc191a7f446, 52a9f3276f9961e472541611fcf7e2777ac9598e, c4b9e6fccd75c48b83f5b6b91f33bca98e5f6e49, 383f75db62e65fde26b079c9b8208fc24d77aa53, ea028d736a434861ffa296ac64422ed4ff1dd71c]","8","2","673c109d2c29e6a06d4883583e5344dbeb00b894","fd19260ac83606a58510fcde34a2b13978269608","f3374caff091b4dc17f1b48a70721f17f00669a1"
"https://github.com/radiant/radiant.git","172","6","[d793a7d4c15f431285b5224d16cffb439e547fdb, 0b84430518ca404a2739a15f65f6cca993ee0f31, 9142e9f0e25660cf860f86b191f8856a405d0871, d33234585d23e943870196f4c965239205a35994, bff6b9601f7558b294904853b44aa38b165391c3, 929cc514788776dc3bead618bc1a0fe2bd8e3868]","1","7","d793a7d4c15f431285b5224d16cffb439e547fdb","d38829565e6a31de5220a706c1876fc8350978c9","3587c1307d88eeddf059a4c09a6ba6964c6af92f"
"https://github.com/radiant/radiant.git","203","11","[b85b1717b11739bf7daef9248cfa39fbc1e71f42, dc84394a05c7e209e2e4c63e2bb5a6a46cfd564a, 276dd2b72b83fbb03173b9b23492e4b4906e9668, 172592aeaede915bdc5a0c186fbf6c6e1fa0d13d, 82eb9c1fc3d7bb7902d4eb03e82189020a52d161, 221d58a6af50dc67e470e11c5e1ea351905ff30d, d80d82154847baa0e27c5487043e26663f2f9bc8, d3e105d57fb1f921a297c7530cefa30cbb0d5443, 522fbcc50808efae5c8183fc49564be41875f1f2, ef8da9cb63e15eb122d455760af8282cde7a86ff, b5c58f678bd71189da4dd61d4d9b29c63831b1c1]","16","2","b85b1717b11739bf7daef9248cfa39fbc1e71f42","001dfcfd3881ca256aebe8568676d57c3be3e262","6b0d9d4adeb172e96b10fbd52f60e699e59052da"
"https://github.com/radiant/radiant.git","205","8","[782ffff5e2e0615d6025c83df818151e46a43fbb, 0a6d96f94f0943c119eb1e3584d5a0fa2019b757, ce321fdcdebe3eeb4966da2fd592450ba00b025f, 8d470349c67e69a5b739d264021be1e6e33d521f, d3e105d57fb1f921a297c7530cefa30cbb0d5443, 522fbcc50808efae5c8183fc49564be41875f1f2, ef8da9cb63e15eb122d455760af8282cde7a86ff, b5c58f678bd71189da4dd61d4d9b29c63831b1c1]","7","2","782ffff5e2e0615d6025c83df818151e46a43fbb","01e30718e43cbc0a05df87b01f86d15243aaa935","6b0d9d4adeb172e96b10fbd52f60e699e59052da"
"https://github.com/radiant/radiant.git","211","4","[c7176fe2d0a474c74103faaf4e7f944f783616fb, ea462b4ccf24d1878fcc0735da05cf3e7f79f043, 2691d7c8f086e5be2e0ecd129ced2a188c2fa966, f7855746f4264ba831eeb276269cc53efa94aa45]","6","3","c7176fe2d0a474c74103faaf4e7f944f783616fb","576a20b82f3eba94f0d9b3b74f3e1353a3ff7261","5d511d291af20170f8332760b7b31375cb636edb"
"https://github.com/radiant/radiant.git","213","4","[3c9df6cf39f297441f6b9e71539ffd2bcea49dc6, 78b394d3eb0c95c86eecc93723b0023a42e1de0a, d5761fccd85a3579ebcf22089d87f85ccdbff339, 77b224316a260e969a15dee115721c0d03d38c13]","7","5","3c9df6cf39f297441f6b9e71539ffd2bcea49dc6","de34824452bc61db7e95cfb0bf2027ab705df2cb","144f31dec58c93e69c33d41e0543956411cd097d"
"https://github.com/radiant/radiant.git","224","4","[b807826ba14924bec40c20518c51402b82ff7476, 13326ead711ca4c3c81a8cd615596bdb5fd98993, 331aa69572b3c09d43058f6e11a697f15dcaf87e, c4d5e86d83d91eb658b1446c74e4339aa4029702]","4","5","b807826ba14924bec40c20518c51402b82ff7476","5cf77ee2421e00847eaf9153a8a1b2b3b1a35f5d","e63f766cf3cb578325df725db194959de3a5f7de"
"https://github.com/radiant/radiant.git","263","9","[219f2bf0419673beaebfee30af3cac94567bcd39, afa15789ae7fe68086b4b16c6dbe99bf54d07a50, 3a96364749f19a7ca49f90ca9d91d0e3eb305242, 5dc7d486ff3a4d348452a70524a67cc9a8e978dd, 95a028242c95a16eaa17359e9126fd28069dcb64, bf2eaa940895100f4d13b4f41f7b1548ae305b67, 462361399002f6156722a38acb3217ddcac39ad4, 3fd7c90f4608a0a816cd5be094d97dabaa8e940c, c3fb06fdf4932afa6a1a5936deed1f616a9608c7]","9","8","219f2bf0419673beaebfee30af3cac94567bcd39","83a4bd47481697194c88a7782a4ae7cdc88c979c","b775ebe1f6c469fcb0fbb03b33afe1ee44bdb48a"
"https://github.com/radiant/radiant.git","272","14","[9d84c292ceab40113250b819fe932f6f892eac74, 1880ef84b219893ea971f489791aa1160eb4217e, 6c88ddbee1791e3616c18efec0d8ac84ad7929f1, f5961e76067161003b76c40d1c2a2f0edb00f814, 79b1b58bc1e5d01ba43e2e43b00312ff398c6928, e0885514d65ae73fa8828e426e9519528f9ff4c7, 0095be731f809401bbcfbcb6c4c570f579505a59, 33d154fe56dcf31309949d04b4110d4f2c34da4a, 0b863782b49f7a1b6746418ca10c13f4fd61fbd8, a49125c77daec100c578feccf94cfcc36842b493, 22c0e884b3932b42b2b50389c42edc1dbd20917c, 38ef06c06c1ac42a40e7a3271ab38a26cd2bf4da, f3963947b136d1eb4a3d448af1f9359da8ff35ec, e2a0339a858e7b9bc158717caec286a751648ac3]","15","1","9d84c292ceab40113250b819fe932f6f892eac74","9c1eb73a500dabb80a0bf1fbc47c96cc0166cecc","104524ac0144d52af998a4e1e3d4f6a0de5d1a2b"
"https://github.com/radiant/radiant.git","281","2","[b9bd58d14b16474a32fdce61e78373cff7029c90, 1238763c97f672716e33be85ed8a9de05b9d80c5]","6","7","b9bd58d14b16474a32fdce61e78373cff7029c90","00704df90ecebe37c38564c88c4c3bc24410c1f8","54b3a8348abe394c10071728f88b95413d3ee5d7"
"https://github.com/radiant/radiant.git","282","5","[512351fe5e4ab61cbbfdcb5866f6e5f9212c5ee1, c125dbf423dc84fbc9f5358e980a7b6ee6de7811, 343f9df230c62fba9718cc0934c484e72b8802cd, e00032742f86ef3c150580033ec1d19ac99c77ad, 5480f5a020dfe416887abb52b74a1449ca2f9952]","6","7","512351fe5e4ab61cbbfdcb5866f6e5f9212c5ee1","00704df90ecebe37c38564c88c4c3bc24410c1f8","f909ad100c6d6d17882db112df442c59607bf5b4"
