"REPO_URL","TASK_ID","#HASHES","HASHES","#PROD_FILES","#TEST_FILES","LAST","MERGE","BASE"
"https://github.com/railstutorial/sample_app_2nd_ed.git","1","1","[32c5e7e51da8f6a77d6c25f1b4846af397fc858a]","0","0","32c5e7e51da8f6a77d6c25f1b4846af397fc858a","6705d4d6ccf72535c990c41acf671673e3a8acb0","68eec1099953078763113f3ef2b81c000667e3ec"
"https://github.com/railstutorial/sample_app_2nd_ed.git","2","2","[2b25a6bab5bf2f6e8281f90c8bbe15698769586f, 1454c92b6420986527c75f97fee75fb5724ffd23]","0","0","2b25a6bab5bf2f6e8281f90c8bbe15698769586f","6705d4d6ccf72535c990c41acf671673e3a8acb0","68eec1099953078763113f3ef2b81c000667e3ec"
"https://github.com/railstutorial/sample_app_2nd_ed.git","3","3","[ef84b4fbcb89e781b900b363bf8e0ffe8dd89f0e, a0b264fe8c3aefbea6f473efba118a3e1a8724f2, 5ef888d420b81954acb0ba84f2be42fc7cd33e6f]","6","0","ef84b4fbcb89e781b900b363bf8e0ffe8dd89f0e","f28cb5c88c0789f5360ef9fa6a8406be2d6dda6d","782f152eb20a39afaad4fccf4fdb63f998088639"
"https://github.com/railstutorial/sample_app_2nd_ed.git","4","4","[31b9dd323763725f15bef6b53299a95c025fbd03, 782f152eb20a39afaad4fccf4fdb63f998088639, 3b75ce42b5cf78017a21b68571d68a1e0c587eb4, abdbe1360263699494f54aae5c871d52d1ae46ba]","6","0","31b9dd323763725f15bef6b53299a95c025fbd03","83d8daf0a3fb6373030f7ce554030962ad3d2a7c","6835042ff037f249006f14d3b5d46a911e16f74c"
"https://github.com/railstutorial/sample_app_2nd_ed.git","5","1","[715cc6d99c94076588295716a538aa0d74149308]","0","0","715cc6d99c94076588295716a538aa0d74149308","83d8daf0a3fb6373030f7ce554030962ad3d2a7c","6835042ff037f249006f14d3b5d46a911e16f74c"
"https://github.com/railstutorial/sample_app_2nd_ed.git","6","2","[481028b348eddb261325a2e4f8f89b6286a3d615, bb561996f821d1b4e8d4b83e9028e31977be941c]","2","0","481028b348eddb261325a2e4f8f89b6286a3d615","de6109714106da1a8d2c4ec74756369ee634906c","6d41f1f03c31748e6814d971c9ae9c9a6fcfbb97"
"https://github.com/railstutorial/sample_app_2nd_ed.git","7","1","[62739c746eb330091a8c76f5585a24cc49814096]","0","0","62739c746eb330091a8c76f5585a24cc49814096","2ad015340b57e56c31ac9a45b02b21c75b53dbc8","6d41f1f03c31748e6814d971c9ae9c9a6fcfbb97"
"https://github.com/railstutorial/sample_app_2nd_ed.git","8","1","[6836cda7229ad5c917f9ff0fa13436ad42c3dd02]","1","0","6836cda7229ad5c917f9ff0fa13436ad42c3dd02","2ad015340b57e56c31ac9a45b02b21c75b53dbc8","6d41f1f03c31748e6814d971c9ae9c9a6fcfbb97"
