"REPO_URL","TASK_ID","#HASHES","HASHES","#PROD_FILES","#TEST_FILES","LAST","MERGE","BASE"
"https://github.com/RailsApps/rails3-mongoid-omniauth.git","1","1","[e2eeb27a4b8e5288677c4c12f21050a2d2b1b525]","0","0","e2eeb27a4b8e5288677c4c12f21050a2d2b1b525","4f2e03fcc541a6f4b53f19d7fc0c85a9762276d0","ef3ab8842d27da6027d615f51f9b284d6f3736c4"
"https://github.com/RailsApps/rails3-mongoid-omniauth.git","2","2","[edf05880ddb6b89260dbf35c9ec2cea4e58c80fe, 2bb3894968d2d4c6b766a6b1680ecd3b5aa0ef07]","0","0","edf05880ddb6b89260dbf35c9ec2cea4e58c80fe","4f2e03fcc541a6f4b53f19d7fc0c85a9762276d0","ef3ab8842d27da6027d615f51f9b284d6f3736c4"
"https://github.com/RailsApps/rails3-mongoid-omniauth.git","3","3","[35b4bb10a9cecb0d42c7ca30e19ea2b29765c68b, f3c1d785237b405170ef05130a524468af0d54d3, 350b9e82cd887d5d7cba502ea6c3d3cd8d60d032]","1","0","35b4bb10a9cecb0d42c7ca30e19ea2b29765c68b","ef3ab8842d27da6027d615f51f9b284d6f3736c4","3e4fc8077b71a8f652265e9dab868392c403c366"
"https://github.com/RailsApps/rails3-mongoid-omniauth.git","4","1","[5c5cede097d090decf0b6f7a95a6910720d1f937]","1","0","5c5cede097d090decf0b6f7a95a6910720d1f937","ef3ab8842d27da6027d615f51f9b284d6f3736c4","3e4fc8077b71a8f652265e9dab868392c403c366"
