"REPO_URL","TASK_ID","#HASHES","HASHES","#PROD_FILES","#TEST_FILES","LAST","MERGE","BASE"
"https://github.com/rapidftr/RapidFTR.git","4","2","[af461764a062131681a3bb4a2386586f95a7fee2, 29517c68e0167eb18869d241a4c0bbb60ba19354]","1","1","af461764a062131681a3bb4a2386586f95a7fee2","2c50596db53abfdc5236e7d5568d38196e54cd26","87e30f5522081e9d2a8baa76ea34c57a3832d0ae"
"https://github.com/rapidftr/RapidFTR.git","5","1","[817ad86a1442e16e7fb72e611f0a94cc3d7427ae]","2","1","817ad86a1442e16e7fb72e611f0a94cc3d7427ae","2c50596db53abfdc5236e7d5568d38196e54cd26","87e30f5522081e9d2a8baa76ea34c57a3832d0ae"
"https://github.com/rapidftr/RapidFTR.git","6","4","[91dfb189c27b4e88dab40b2eced86a56cc0d728d, 5c862a143d5fdb37aa606f55ba8cfebe4b098354, 389742508a69758e9936cbe8f5a33b940c9a15c0, 311ce186b589450153d42112361f34c156aa1597]","9","1","91dfb189c27b4e88dab40b2eced86a56cc0d728d","00ac416847b91a52387e3e1f03ec29a6be25597e","1123a5a9ebb9dd66ff2db1d6ba4f268b1330034d"
"https://github.com/rapidftr/RapidFTR.git","7","3","[25bb0f8564ad1a8619feb37a309c4a3c0d168257, 7974ce8068fa63cf2fe15134edc132d841f5bd9c, 6d188bdc2044e58164a97209d332fbe87586d3d5]","8","1","25bb0f8564ad1a8619feb37a309c4a3c0d168257","00ac416847b91a52387e3e1f03ec29a6be25597e","1123a5a9ebb9dd66ff2db1d6ba4f268b1330034d"
"https://github.com/rapidftr/RapidFTR.git","8","3","[2263fb2450b0e93c060337c0e93d98df77595c3f, 2f844ffaf3de1e95362ff5e6316db01b6a99dff9, 261b5e780d3e4b2b53121b98cd0f37e362306a70]","1","1","2263fb2450b0e93c060337c0e93d98df77595c3f","1123a5a9ebb9dd66ff2db1d6ba4f268b1330034d","600298063d12cbfae738192ea940504acce5405c"
"https://github.com/rapidftr/RapidFTR.git","19","1","[f155fbd4caab1074214ac00f668dc5891040b81b]","3","1","f155fbd4caab1074214ac00f668dc5891040b81b","45d3bd952528c8bf208bf5c2d148dd22b90caee6","69710f2e5af273c8ec96a67a2f6f5c5d8e4bbd1c"
"https://github.com/rapidftr/RapidFTR.git","20","2","[c229d3a9f5cc073de34a8b2831a85f1d7e9b4032, 60cdfec58669526d4735850099ee43e8e6c80f01]","2","1","c229d3a9f5cc073de34a8b2831a85f1d7e9b4032","45d3bd952528c8bf208bf5c2d148dd22b90caee6","69710f2e5af273c8ec96a67a2f6f5c5d8e4bbd1c"
"https://github.com/rapidftr/RapidFTR.git","21","14","[47a744758d0b607e1550abbcadb642de0df14a37, c1a64e93a57571685b42f0e0215fec42409002ed, 37d81d2a02bc0a82d8200803efe14ea60f167afd, b68b716378dd7726849e3371dd839df071dfbcd2, 3d2dec42bc36ef08ed0959be185f94100909d0e1, f693d6497eba8fbbd210dd410f6cca01396bdc31, 4af9475e54de2d5ee13e6249d3f336e30df457a4, e6350af559aeea05cf6075c0207eabfc8aa3c811, bc81bdf9a6fef2d72bba18378f1b4c7a258b1eb4, c8dd71903ba08d83003bd7fe8e835c0825b34b61, 58f23cbde90ca2dd2c0a39467db1818f9a30b3be, b14db379a33a5959d64c599f7c1a63580120a25e, ca9cc01a5d705c65165dca56f656a876418fbe05, 69650265248424b9e03702938c9e9046f83a688e]","9","3","47a744758d0b607e1550abbcadb642de0df14a37","d80b18d30157bfba0b50e7292af98bd6f9755866","06594f9d1856568d1265c456cf7992d578bda4b5"
"https://github.com/rapidftr/RapidFTR.git","24","3","[e3aea9b841816e2b83a950519e4e167b74ad640f, 2ff14641975cd1881d2240a97ae92fa3495275cc, a395347a1238214ed2847e54f7a38e7a2234ddce]","5","1","e3aea9b841816e2b83a950519e4e167b74ad640f","d0171ff1f4d51490f112774908ac3ad41dedd285","50d54c005cb4878d8d97b964e6f53ef2e9cf9550"
"https://github.com/rapidftr/RapidFTR.git","30","4","[7ea8216e3af99dfdc190129dd626adc82194b1b8, 7c8f1cd0ce33d0964991f917ff9388c58afe27fc, f1739291197ffa7405613acfc2b45f375d311179, 33e36ae680a5bcd4c35438b4f2bef46a5eb8a515]","4","2","7ea8216e3af99dfdc190129dd626adc82194b1b8","12d619b16fc3ff5601c54622286f11b5283cdec2","f74c18f9074f6d5608199788ec69fec0e0d539ea"
"https://github.com/rapidftr/RapidFTR.git","36","2","[d80b23bfbbd7466dc0375e6c60cb785ca27f8429, 4f51399e6823cf3d6656310aa973cbb500708666]","3","2","d80b23bfbbd7466dc0375e6c60cb785ca27f8429","6be98d09d11be8ebb78e7649c93048ed3a5663ff","474534a07d3e66ebc01d6226c0f75723d5db04fc"
"https://github.com/rapidftr/RapidFTR.git","37","1","[474534a07d3e66ebc01d6226c0f75723d5db04fc]","7","2","474534a07d3e66ebc01d6226c0f75723d5db04fc","51a05de2a066641282fdda2718eb4756401d7db6","369a9dfad09d781f207b1d64441be35c5e038b2f"
"https://github.com/rapidftr/RapidFTR.git","38","1","[369a9dfad09d781f207b1d64441be35c5e038b2f]","4","2","369a9dfad09d781f207b1d64441be35c5e038b2f","4aa169618177beff53ad0efc93e7b83071f310db","3be3b7f0b046d14a5845eca72af5dcda705cddad"
"https://github.com/rapidftr/RapidFTR.git","49","6","[da9a55ea6611c4487833d750db730aef1fdd4943, 9af5094ba98c7da7c9e3c580ec21d38f64c32d00, 22f059ed40fe7403dd0640bea0ad3e9caa81d679, 9aa71f3fdfaa57edb063f1258c6480db3a22d874, 8b4dbdf33f18386c5cf59b07de151c035c45a412, d2f0b03ecca7241e01a1d436c607816c5e983c28]","14","2","da9a55ea6611c4487833d750db730aef1fdd4943","47376368dc82d5113bacb2a4b647227799216e2e","a445b832ce1b1549436b7cb1c44e3906be9a8b40"
"https://github.com/rapidftr/RapidFTR.git","53","3","[ddd26511b2dece96eb54ee1e6efa24a9414bc868, 18606a023d45585f1c66ecfecae9b025687adc32, f453342f16d334f760a93cbd7d573386fa979e8f]","5","1","ddd26511b2dece96eb54ee1e6efa24a9414bc868","fb31e4c690efa5ad02f3a7a24fd6e207af5d1f47","f46ffec46cc4488ae683c9b107c64da6a1cbd6fe"
"https://github.com/rapidftr/RapidFTR.git","62","1","[bf88b731cec52ec786b1d81bd7d5d1f498705fac]","10","2","bf88b731cec52ec786b1d81bd7d5d1f498705fac","fdf852315a687e628ea367edb43d2d8e5accd28b","0e8656daef4b588c595376e2fe06fc18c993b569"
"https://github.com/rapidftr/RapidFTR.git","64","10","[8800c1bc00e04504b70e5bbce9537d1af68ff3c2, f880080a59fb85c1ce3b47ccaff88099445bb4d7, 4c066338c03fa8932fd335f2d657d10fde638407, f8848000b3d90c87a7ceb7617257e4f475be011f, 9d000cd58c7f301a6dafa76da446cf4adc780dc9, 9fe8d88ba6449d81a9794f3283639b35eec40d6f, 87eaec776d69f35052240e06c1672342efaf266f, ce7b414f0b686d3bf9f0af66561ffd3bb26e76ff, 93e506ef6e4c79bba51e1e118bd2dad869c770d0, 91c5ae212ed42de7f06433df49c0939d846e95d7]","19","4","8800c1bc00e04504b70e5bbce9537d1af68ff3c2","0e8656daef4b588c595376e2fe06fc18c993b569","5045077a50f60a59562909a6bff85f96a20fecac"
"https://github.com/rapidftr/RapidFTR.git","76","2","[8d95275cf29340cda99da619779555ce05816517, 3d9a2232c4bd4f92ab779965bb6b886311e1a0ac]","5","2","8d95275cf29340cda99da619779555ce05816517","b408bb355c90ec2daf87c453fa2d3e32e63082c4","3e5c03e2c10f8f37db916fa3bfbf2079677e8719"
"https://github.com/rapidftr/RapidFTR.git","77","2","[7f3e38aab3ce502488dda1074a458d701b75fda8, 19a9796e5fc6173b09847da194da8e653c411ca8]","12","6","7f3e38aab3ce502488dda1074a458d701b75fda8","b408bb355c90ec2daf87c453fa2d3e32e63082c4","3e5c03e2c10f8f37db916fa3bfbf2079677e8719"
"https://github.com/rapidftr/RapidFTR.git","80","4","[af7d65ced62de49d7355011c64381640d187c915, 738485a0a2dfe2e712e10dff92e4fc1d745d7d67, 7b16e51fc7b87cd160249d96d0da090d4160eab8, 9cd1b6c00016dd746b43926f63fbd55f0116cb7e]","11","6","af7d65ced62de49d7355011c64381640d187c915","2e105ba83b0d559318db1e5881b7b1c2d41048f1","af2f68a09fc645b016438670dd412ce40d076167"
"https://github.com/rapidftr/RapidFTR.git","81","2","[899c80923c316a6b3f9f263018921789e8d1f0bf, 63a9bdc4e8a78af4dd482934f6d0ba39e15532a5]","10","1","899c80923c316a6b3f9f263018921789e8d1f0bf","2e105ba83b0d559318db1e5881b7b1c2d41048f1","0f64a2f9e2f886627e6f3562c7f26502bf0b025a"
"https://github.com/rapidftr/RapidFTR.git","86","5","[2cf9b459d25f308c2eca62fa9e8abbb6c5064f1c, 58ed30729617e95a40636a500879b1ddd05305f0, a3b9caa176b773aee50107dba47bc67f4c4e4603, d1a5b1418c7e22111662ad8823521533de8fcaf5, 432e45c7849c0b68b1ffe71bab5b78438226dd4e]","6","1","2cf9b459d25f308c2eca62fa9e8abbb6c5064f1c","2c9ce963ec63685580d1ca7f777641eec4a31bf4","d86edbaecf3bf922be388b569cc6806b400722a1"
"https://github.com/rapidftr/RapidFTR.git","92","1","[c8d9a81e31350641f1bf9a0a06ee59d836030660]","6","1","c8d9a81e31350641f1bf9a0a06ee59d836030660","7de882632afe3176381db770722360a04f5f6fd9","9cf0b3521b948698cac633d2441c1761a41004d9"
"https://github.com/rapidftr/RapidFTR.git","96","10","[6fb1c8f6662c36c42f424107c9461ba85f3e8dd2, c4323334a4a7cd48338091de4087707065df9ba1, 312df4d02b45bd7122b5c67f373824143b6c89f9, c9100d82b907e3f85037cb074e604a5759f80679, 261d958b4f95dac4606c062083fe2674cf3105b9, d5309ff3bf0df8e0559a0463d716591f6f142ad6, 50adb8b11edc44c49c5ebe36bd2dda13f5b6d0c2, 164d4e24f63b99b795b025387df9b5bf3c8f3fe5, 1f6e8184b83402cdac613d665860865fed8a4e48, 9e388885a27370d85c30e2f967487d074ae898ff]","6","1","6fb1c8f6662c36c42f424107c9461ba85f3e8dd2","c6926a96ebd1f84082cbda398ef20e745fc45f04","cbf65784245446705d8a36bf104dd359113df8aa"
"https://github.com/rapidftr/RapidFTR.git","97","1","[b21dad299d51749adeb3574535c5510dd872f22c]","6","5","b21dad299d51749adeb3574535c5510dd872f22c","32edb7e928ddbf24435a03b02758bab343322076","0d75c0427e9b3954d3e3a37b0d2ca110a61ad440"
"https://github.com/rapidftr/RapidFTR.git","103","14","[a97595964eca4210ae7573e9bd869ab2713e602c, 581e40562d1485cfc8971c52b80334455d4b3b90, 109c4a668b5cf632bdffab8d0ee66648f88a34ee, e15958ebc23a923c9e389c6c665600d34231aae5, 93b87236f42e4d286ebccd249f0a440bcff2083a, cf479591bcdfeeadf0db3db2878bcf57632c453e, 29b8f388beb8e30ca8055ae909216725d424b672, 9c3503a31889550d644e04507708d4db49d3f76e, 5a429d4ee1271ff2ec2e773bed60e2b71c46fb06, b6d6ad5d22b60b6406d214f19c5f4b2851bdefbf, bf40c3463743ed4618b333d190050cf46085e789, 0b1d60cbfe7f09c359852751335e738b1e4037bd, 366afa50f98429eb7fe611d3e6a1c102a66fe6be, fc2f1e82bba906703645953c5dca8fcaf426ea9b]","29","1","a97595964eca4210ae7573e9bd869ab2713e602c","e68730379ef70f4d669e422911726117ce0d60d4","544218a6d21c0bafd3869d285b4b2a6bd70d9784"
"https://github.com/rapidftr/RapidFTR.git","105","4","[b2422f48823beac9ee2be01ceadf20252c5eab9b, 84f3d15c2c478aecc964da2558ec945a13acf391, 01c5407585573745c66700ecf5eefdfa7de5a7b6, a2cbd1c2e6159ce492d6071bbd583c70fe37002f]","11","4","b2422f48823beac9ee2be01ceadf20252c5eab9b","544218a6d21c0bafd3869d285b4b2a6bd70d9784","c6f36d80cf85a631847c55da1948f74c0bc32876"
"https://github.com/rapidftr/RapidFTR.git","106","5","[78a9ed4d330bf22d21f6a25f8f198a91e8edcb69, ce270bb2d71edaec4b5fac9d2f189cd0f6691150, 65fe9ae60bf9d1a322e740ea6ea86ee2166c9235, 6a440a95fa3a323c7725e328f79b76f38cbf92af, 8c3ef8eddfaa5271dc0194ef7399ac747207859e]","4","1","78a9ed4d330bf22d21f6a25f8f198a91e8edcb69","6a13137e941f449cf5aee070ec26eea6721c3984","34585ea127d02d456d5298ec2e56b623bda4f317"
"https://github.com/rapidftr/RapidFTR.git","107","8","[c6f36d80cf85a631847c55da1948f74c0bc32876, 1832c190b3f2493635eb26fec2d46c18393c1e0f, b4cbd1d3088f4842b304b49919f1e79692ae0adf, aecc04e05c85acd13d400b008af2eca1fd929e02, 7deaf6e8b8472296c3655b51322122a7539994a6, 9744167391ab365e830dac90772df9f9704705d5, 84f8659cb8c0e13d2baaf8b8b9a53ebf362771b8, d9f2e3bef2288dc56318689ffffc0eddf9efb0c2]","6","1","c6f36d80cf85a631847c55da1948f74c0bc32876","6a13137e941f449cf5aee070ec26eea6721c3984","34585ea127d02d456d5298ec2e56b623bda4f317"
"https://github.com/rapidftr/RapidFTR.git","108","1","[0bbb9f427c8c2580abf0441beb3d4b623f2c814d]","3","1","0bbb9f427c8c2580abf0441beb3d4b623f2c814d","3b86e5dcebfdb53cd740ebf9f43d93528bc7823b","72e0e443b6cc347596f7353e369c80e4226a587d"
"https://github.com/rapidftr/RapidFTR.git","109","2","[5ea0682ffb23fa944667f3e6261e5f01f1a11004, 1900bb5682d594bbbc8cf22ec407e0035400e0d8]","1","1","5ea0682ffb23fa944667f3e6261e5f01f1a11004","3b86e5dcebfdb53cd740ebf9f43d93528bc7823b","f5e61f1cdfabac8109af9d58015e7fe3fec6e592"
"https://github.com/rapidftr/RapidFTR.git","111","2","[f5e61f1cdfabac8109af9d58015e7fe3fec6e592, a50bae455e4531deba206bbf0a0f4a401d7901b9]","14","1","f5e61f1cdfabac8109af9d58015e7fe3fec6e592","72e0e443b6cc347596f7353e369c80e4226a587d","9025c01dbb370b799a41a0568ff2612ab6e8e006"
"https://github.com/rapidftr/RapidFTR.git","112","6","[9025c01dbb370b799a41a0568ff2612ab6e8e006, 4242114d6302ce6e275a2c35a65acb0a59858149, 84acf58099ec98070f0c627484c814a2021059d0, c0739fa98e0aad25a5f3bba69c6860022c4f3e74, 8dda13053c1669820826c674416678117e5a0ebb, 590576a186b0b57f34fc9c4660a0f2455e0fb5e4]","40","2","9025c01dbb370b799a41a0568ff2612ab6e8e006","6da0dacd848f65b766fce74985da8b9397aee4e7","4ce4716be290646fb48e080a292e37a0a10144c5"
"https://github.com/rapidftr/RapidFTR.git","113","125","[4ce4716be290646fb48e080a292e37a0a10144c5, c1559376b63728aa1f790eda862052d20e2e58b7, ec00e864a2ae95cb1b059c3f8335a5ca6f3279b5, 0d66eca71fdbe89cd00ce580d531a94a233f860d, c19285ce9cb2bea00a79f17974139b26d098b539, 59c9c56c9fe82d416c1d90de38b9769a8b535cd0, 96547c707f840422f0fab4d92ba48c3052575d38, b8a0a6963dc9534f1ad34f1a4b887eb62142e2cf, 5be896262e3e15b1418456880dc45ee7c40c34aa, e14d59828241dcf5bf983b71c0aedaf2dbfa7049, 0d63a276281ee1b2835df32ffd823af4e6b21f89, 8bc75f252bd1ee964a788b67b0f282543bd42931, 5e467269614b7844753809af422ed146c819e598, 834d7db2791ff78d026d609bc474cad1aa0b9d17, 29aa1ce42e74c11dfb5ffbe549fb60527a7265cb, 509c3bd8db558514a78535a1a4722abd5ec5b0f1, 4e961145f17bb9dcaead478c39b28b76e40eeaa4, ae6437124718fcba854745148871504cb6ba6f5d, 46cfe5500d65c485b3725b7ef4768c0ff44d8eba, 06aa537a823cc07520801c71a7898c0842e1de44, bdd6eb52588d3657116901ea2e5155d104b97294, ea61cb9cf404519ab485869da71a7072ebe4590b, c97b3222d2b733e4c29c218e6c82dd647c304df2, 44a778b8f88cb5473c59135fe5de70bc328d41c6, 8f62a0dc1b0fdc2324b4668b3773433a988b0c28, d28a870a0b41b461f282e979f0f6986fe8809ef5, eaaeeadc43934ba9f59619c9cf67ea8b1ed0016b, 34f396d9b3e2d70c89ea8c5e6c981b70a1dfc583, b8a70653d7cbb194d8c9fd355b3fd1eae9c5d456, d1399961fc00bc2ee224285d0df0f5bd27c85769, 8fa728de91e44f17feeac435fab9b99bdaac252b, adafeed4698c768912ea9015b0f208656dae3f32, cf10200a4b51421dba04726513746697d478d15e, dbcbdb2b5e5d5e61336a4fb3e37929239d7b70bf, c9a27f59e7c068638a01f90fa4ecd8785a92780b, e5ef263a8d1f5d58a7c2798efbdae9f311e0158d, 1dacd2551bd31f591fe18bd189ef262542de79be, 7272d1c2fed8fed85a86aaf7240a9663598bc4fb, 69178ed1e8e6c46486f72833e60e1b4ca08f40fe, 3b0d1bed049adce66548558999f4409a62835ea0, f77ff9f2d4af3f26e8cf99b73b9c227ec500cf30, d4757d47eef8affe2888241e25181cff75d6afa3, d38c06132c08b0ba5515c59980f5fb00f7f6d401, 2ad36d6506ae20b7c78bf19caaf8a59935406696, 5032a2a7b9ad2060041e81d0bae013297a909f0a, bf933abefd2cc8f3b412339fc8962cf30288c517, a6ed910db025beb2d48d716b93ead82b9227d21a, 18fa784c3ce5a989c3161c3dd85e9b986c195846, dc8c6df9ac84abbafff0e26f3b4712083a0c1ff4, 832aecc827de5f0d6c0408f93f486bf5e07ea4f8, 45b2135ca59310852e99321b444aa90d33a95071, 2f33f5c405f701470639df9d3fa57525fd091009, 3ef20e30552c366bd92f45ad82b2f711599931e3, 04ae8f9d0fc1e0ec72dfed8d7c680ab5365689ce, 14b3dbf0919be722846984356f1170fa656c345e, 9693870d89f7974ad0dc001ee32ee058f6b7c532, 94718a72d6ec01b3ebf07815521e7128cb7c5f7c, 49a33e968c1e07568b3cdfd78c1173888a837dd6, d196663048b9cc57eea2e3b2ae4f86159c205686, 20fcb24fd56974977ae70ca38f52f13a58e61d12, f8c8dad6dbe02f64d6afd15498cca60091033095, 51662d257b4beea20adcf4afc16fcffcd979181c, 8daedee2a2fcfc4c6b8d13217843a6769aaf22a8, 833b19c561ad7048ba4507235331a347acc503a6, 7e15d96c28a22197c558cd04d58d752a2e7d09d3, cac1cd77dbaa70a0e184e3009bc9a913d129bf23, 36efe9352fc122aa4e8958d5f7deb40e4cb0daad, ae5ecb8a281fb8e0942349334c8836e5cd48985b, a0678b25c1acf7c7ff8d2c4d613f150d4a34172c, 5bd71c5eac9f87a40c782b2aa8a4dc23cf36f13d, 34654276b94a966fafe572a13542e47c9e8b6733, 68d39e70ce83be933af26ae5f327ab70271b8f5d, ccb3eb66c6ad8c1a957fe883a680525c9d1727ff, 5533c54f6fb55f511d98b50b3bc89363c08de772, dadc2d54f83b795f80f37fa08ddb916a1a629a49, 89fbb6e877afa96d2a723d624410a7ce081fda51, 40f052a57b17dfea8d71b042b2c4005792246c02, 9d586b84c0aeccfc8358e59ec575f06bf34ff2f0, 3477fe52abfa5e5f861a6c44ace9b4c9def7e5eb, d73eb9bb51e9d3307b1731e689620d77c2dad47a, 0c42018d1b9623beb7f4617bbcdbb25fd43dcb26, 99b0a18a2e79898c209d3ec80d7dccb689421b80, b38225a0012a21f04054642df6bc30f3205e7e55, 9464c88e99fb4112268b2cb6ea1f924c4ff79394, 6729548f15edc0b77988e2ba53e4bd071b23bb0f, 1f819be85805ad288a9e8948f58c8407e0c4805d, 05bc5861a135cf6abb361982ad18323cf89e797e, 97773f87a63afded139e4908e3550de73e04081a, 09b203525645a2a83841b43d4f37196b657f864f, b0543804a41125ce79371fff22436f72d7e833c9, 35ec4cfa8dc0e90895b05327e6f4564263eb2ff2, 5e21b956ff6197de7fc8e08a6e818c378c5cc105, 817e63d4ee7de77cca0f7aa67d121cc2ea94399b, 4ddede95c17b8afe004042d126dd7a069f5808ef, f0bcc7762d811f7d1b38cffc677195994fa99f9e, dac2264acff4a7681b745d8577587974a3ec9fc7, 15fb4b8f7f6f1dbb6217b306ffd3a59a161121e6, aa23747f4df8b8ac9907ddb758c10f0beacee586, 847661bec8c0c4614ecd374f675bf4e3dedc38e8, 82357d2f701455b4706615b2ad3a720c5224c944, b228f4c5ec8cb93d1039d521e2aa52ad50f8f833, 93146589cf2f4ecde28f7ddcf867bf97d07486de, 702d9c9c89c60cef4222f8c9c8bb7ac200ad0f16, 9bed6b53be23c4a5e2580d7f46c2eec930c57acb, 0aa4cbb6f9eaa412f921ecd48f19d6bd216351d1, b340ff6c07847c4cb00bf61545734d8fd721cdb4, 5d362302a49ee83339ad5f34ee101cf157dcc3b5, b6b0e097cc2e7e4a0eab92931fc6285bce7c7aa8, 286b3ba9aedd1dbabe80d25dadc524246b8b90b0, c2a11c8ea028daf2b8bf6f3d6a64d799b70a21b2, 2d9a49b7e39627ec15ed4a253f3ebe167abe63b3, 8785eb2c75b8b623c68eca831af05704761a6865, 16954e03906676e04e70c2844e17231a1a93bd78, 4c3fd9b94b7929ad38ad603150555a526a246334, a75350a435fd9dd3347ec37afea3d9af1823f393, df47663c8947fc38c9bb57e01a80c586a07be957, d472ae60fa7786736768eeff4b438499bcde6ad9, ede425eeed47aacbe1690bb6ae18158ede634434, becdae4ccc80427a4c601107e4fac59cc5c708f7, 29a7067209f7999f7a0877cfc8f1f500c538f334, 16d61c7f752314ff0377a40a0ea8b5d3c5ce1123, 56c557994ab852ec9ffeedb14615bc5ef8fe0804, aa6608ecc8061a9b6f2268f6828ca7a0affe3775, be5e8dec1daa1adeea47e50bdc6ab5ca72d38b8c, 3ad6dc9bbf39e71a73d1d044ca8798c8e5b8c44b]","98","44","4ce4716be290646fb48e080a292e37a0a10144c5","bc8697771d999f46752c0904e2864fe74f8c491e","b798ada10de9ca6ebab83ec0a296404032fc0790"
"https://github.com/rapidftr/RapidFTR.git","937","79","[5f3d5327e7eca62d24a69b1947ad8fe3fc4bec85, f95613706e91e265966f78517c5b94f022c58d27, 17e99cbbf6c9319e8aa7b526db0d676b5eedeeea, d0348e9e2a0499a995887b38fcd360531b376ac6, 5fe89804b380c3d5187079191231e415938dfec4, a021422543277ae42a74af729b68e6ffc017dfea, 8f6c33b1131eed037a7284033b8e5ce83b57fa67, 0b6bae17f99afa35a0bd080ca11ddfbdf78bd2aa, 339db1a8441810fa47264dcdcf8dfd81fb458cf6, 05d97c35f8af8af517660c151f2619c5703e5791, 7c5bbf3a718ee019168d0209565f48ef3d893ce3, 276b537433fc02b08599e269460c090232b54816, 2ae8b5b31401be2394063e7722f3d4e85e74cc11, 91c4a56f5e065bbda81e04b17b235b79b5bd23fd, c278032d0ee6af8884559c64a6fadf1e71e110ca, cbd9ceb74431810d8f22aa1a000b16fd4bb7f800, 4c7400b1343407e806a4b4aeecf4ebe575f1272f, a8d47d51b666fc69701536660c73f2dbc6182b9c, ba3a2646132d63f88a992f7fa1fe7db6a2784543, f14da95389f4fc14ba0f2ba85fbef723edda5d1c, f5a90fc787189e2afb11bcaf4d1eea077cf30da4, 60df66c0e08dd33e9c31057294fc7933e51028f4, 6f81602bc875e1e30f1d5e6496e6cf3d1c30932b, 7d69f870cf2be7ef5095b67b1f5128963e22de3d, d6b6c8e41c08eca117304cec5ca01cce75f9131b, dddc94927d1832ea0f8e925a545eb0ee906554be, 005f630dc7af59b2a3febf0f0f87940fdbe6125a, 96ffc6df3a8d54dad458284c74889c9382c06520, b1a9629b840f84994b4b51c0deb5b2933c7594f8, 84e6ae0ca80977a440555ac2ab10572ab4c0a169, f632359f0b6a04c6ca9fadbde287f9f0252974dd, e9467f755361d07932bc91379224355156cea09b, b7e296a251b6562b1ed6daa1d0c0cebddbd0dd0a, 34d2231ba14ba6529468ec61bdb65df39b8d0a83, 683f82b05de1f464d1fd2ba2f39d570dedde0ba3, 69b89efac79c8ef76b84746835b79da8f92c82b3, 74065ec171bc9803442fe8191cbcf9e1525bcf8e, d0502fa60b6bc5260dbe3f2c67be1d23a5abc43b, a3fa54b6bed9cf01caef0579a42c9a7c47b258c0, 2f8119496cb001bd438e70b7511d59db035698a7, 207ec8e6ef842b1be525d80c82eb0bc738cc2dc1, 72148d67db1030a6c6c3b6b887146ecd843180f9, 1ed3810b65f35570d24141a4d87fce18d24e111d, 7a95a57b6b1f461ebc1a2d020b313b0b62e10f84, e09ad5fc3af53d9a8c18695f31cf7ad8069590f8, f4616a46321cb659d1daad31009b3adf253b07f9, a35962252b592d83abccc8320b64c71f1d0879e8, 46606bbbe014bc440ffd387f0d4e009cd35439a3, 7adca7d8ccc40db5cae681bc5f5348b533523718, e489135b9ace04527144f872e5becd0952718835, 01fdd590bd1723558b34b76a7758cc67ec8a4eab, a39a0db931b0fc1afd0acb0dfcd046aba727aaed, c3daf545453849d9da0c923dcf9f39c2b2889038, 185df143673610e36bb8ac2d1039bc6e44ccfee6, 2a724ae0299a7164c1ecc7a121d7a8f2f20ef744, d5c1867bf2cdb9ee2e87fd3ed6f823977efc4002, 2e4e9ae4271428a30db62dd4653c1ad5624c100c, dce5bdd1a92eccceb25e3ee0ab7e2ce3c31328af, 7cdaea36a6b2dd57c4f1ea319346db5c8920f3a4, ced293e9ba021082d54076ddbf364e17cfdb460b, 320a31f00b1710907d8d0c0516b3f2f91ff4fc5a, da93d6288815ae96850a1722f72973df076e1ed9, 2c04eda523ef99c717405d6932b7546647d6041f, 40575675ee1dbd7ece21be5f9b9e76e64958affc, faa90dc501d73bb2871e94d0ad24117b53f43dad, ca4d32aa6af8c3bbc6e7e80812b0b0b2accc2a16, 6727b10a84b35ba54391eda9e0ac325222449905, ce4d28e3d5192ce06db51388ebc72b0155d9d918, a978356bb64a1e853b350392e422c32c52e7462f, fa9fa07937d5d31a492c68abf8fd1eb368f0d10a, 49c5fa82f5292dd62f387379596a5870415e6f5c, 0bfb59248f6b05bd3672a27025deb0167460a242, 7be432405e6268ccfcca4a117b5f3827ac9bdb72, f9cd0aef34488665930b5cfe8cd33f3bc2b199cf, 985d39439e278cce71a470280464a209cd899b47, 2120200d7bbd46add3713777f7ebf66ab1cc241e, 123e30b70e267311598fd2da7f5893d5c3574160, 1e8c58b2922fc9cb3025578d62c6d3fbabee5478, 097142f725a4a5a977401f4c42dd564596de61a7]","46","2","5f3d5327e7eca62d24a69b1947ad8fe3fc4bec85","70d5fbaa7a38d96dd049429aaba76e3b9f8898e0","635ffb20c140b3fc99083b04843210aa71566bba"
"https://github.com/rapidftr/RapidFTR.git","969","1","[d47493ecc9504d498b3a94a84e71ed621a3646e8]","1","1","d47493ecc9504d498b3a94a84e71ed621a3646e8","a6df6239a4faa97ea284bcb0fb0ecf48c08239c7","6642be866b626d63c97232f75067c280ee5cf89a"
"https://github.com/rapidftr/RapidFTR.git","974","1","[29b59732f6bdaa3b9cc4960a39f131153d65c565]","6","1","29b59732f6bdaa3b9cc4960a39f131153d65c565","45c9c6b59df52b3807566496475d72992c4aa852","3ab2efec2c4ad329882c8c0320c591dc5f78ef50"
"https://github.com/rapidftr/RapidFTR.git","985","1","[a70ba24b5d28fc7f6789076c6443e96b0758f333]","34","8","a70ba24b5d28fc7f6789076c6443e96b0758f333","24383113e26fd9be2440b504055069e3807519ca","3ca71256e54d7435a77e81cf108e147653851b0c"
"https://github.com/rapidftr/RapidFTR.git","986","4","[a403129f146dba6064596dd9152efbeab5a47107, 797b4686e45f5ce59793bf8e3df5bd12907ec846, cba9a4d1cc15d22ed250b85fb5fbcfdfa57f525d, cfaeec877445ecd623bfa62490298c4026517fd0]","1","1","a403129f146dba6064596dd9152efbeab5a47107","24383113e26fd9be2440b504055069e3807519ca","41f0cafcae0290cf69ee7a685eb104b35648b196"
"https://github.com/rapidftr/RapidFTR.git","990","1","[1798e6c535de8a23cd47a890baca27c84ff21bb9]","1","1","1798e6c535de8a23cd47a890baca27c84ff21bb9","4a2f1d759605fe514112687015e29cda98fd8c81","7d84b37f5ca3d024bd6234db454e757fc3ef15ee"
"https://github.com/rapidftr/RapidFTR.git","998","5","[e482c1867a148cf5e8453fcaa5fd6452f875421b, b19efd69319a081bd67f92982d3e9658bbf8372f, 35487b3434af1efdce8c11e2df775bd19d0c7906, dd2b6c69736b071aab53e564876042fa0e9c8735, 47a794fa9dd52a0e9977bfd829678f08949b1fc8]","1","2","e482c1867a148cf5e8453fcaa5fd6452f875421b","c0fb03528ae7b81fab48d653059be711536a4b33","ca36e51dc1e8477ee17e22a3524e2668b99f5ba6"
"https://github.com/rapidftr/RapidFTR.git","1003","1","[68ed8945b050d7776c2ce21d4176cbeafb815e89]","4","1","68ed8945b050d7776c2ce21d4176cbeafb815e89","e5b15acfbeeb810a09e6066ff83f2b3292b50181","9488ca6aa9a98b883141fbbe9e334c382c15e9d2"
"https://github.com/rapidftr/RapidFTR.git","1004","9","[64fff5e599c8c476e4c03804a19de6ddf41ddf5d, faa23d8b609938b7bbdb738c0cabe077927d4914, dda99ed01dd4d991ca4462340893a6cf1f83dc8d, 2062fefac0f3ca02bc345505bf248e064df671b7, d7762bf8cb612f75f8292d9e10289126f19e6d74, 56eab3a41d41ca66cad8403297982e9186679545, 3af2e3db0c6316eb3bc34565020b9aedd5639c46, 6c3aa9086a4eaf4f3b698a3aaa34f610da528704, d0827cb23c86e66c66c63f670b4d8481e8a292dd]","5","1","64fff5e599c8c476e4c03804a19de6ddf41ddf5d","e5b15acfbeeb810a09e6066ff83f2b3292b50181","98587eec69d0b1b2bdf734bec27268ba187deb77"
"https://github.com/rapidftr/RapidFTR.git","1009","2","[83d36d93a9849ed247219e4a0f80b012a293062e, 8ff9729bbb1afcb2aace7b0db305fedc08a9ac55]","2","1","83d36d93a9849ed247219e4a0f80b012a293062e","5966bd577209bff4f9355474f52b6306c7ae7154","00f8f26b31342341a2bc19fe662ab66edcf54383"
"https://github.com/rapidftr/RapidFTR.git","1010","1","[abd81abf4590076448fa96d65aba4f899bd7f117]","1","2","abd81abf4590076448fa96d65aba4f899bd7f117","4f5aada1557844ec3d77c2a30e9c5a907689f27b","76b94f5599d364edc6d8e16fee6edc3cdb98d70d"
"https://github.com/rapidftr/RapidFTR.git","1013","3","[cb5fa340fe292856ab79779205c72c42c9fe1736, 7b6dc196f1e630547bac3f91c32519572b02093f, 5fb1efa8bd81e25c0fef6937bc7a8d9a50fab0f7]","2","1","cb5fa340fe292856ab79779205c72c42c9fe1736","a39b273fb15b835ddfcc7f54bf53ffa9c5cf993c","00f8f26b31342341a2bc19fe662ab66edcf54383"
"https://github.com/rapidftr/RapidFTR.git","1014","2","[d3bc64d82dfbc9f9f7ce42142c53bdffa65d402c, fef44aeeebe2d8587a30785c05238fbe95614c79]","6","1","d3bc64d82dfbc9f9f7ce42142c53bdffa65d402c","2df4cbcd5a27a7d9424dd2d049d5d209c1f99797","00f8f26b31342341a2bc19fe662ab66edcf54383"
"https://github.com/rapidftr/RapidFTR.git","1015","1","[be657cbf39483a39de5965741a1be87986e9d273]","4","1","be657cbf39483a39de5965741a1be87986e9d273","2df4cbcd5a27a7d9424dd2d049d5d209c1f99797","00f8f26b31342341a2bc19fe662ab66edcf54383"
"https://github.com/rapidftr/RapidFTR.git","1019","2","[067d3fded9927f371e81b0f50379b2b348501ff5, 106e711ff1ae3191cec713ccdb87872de83e2ee0]","1","1","067d3fded9927f371e81b0f50379b2b348501ff5","8296dea555d66759d3e369a08e15f51f14f65314","5ad4341d760d2ffb0a5f938ede7a92a8a440bdb9"
"https://github.com/rapidftr/RapidFTR.git","1030","3","[e02c904a0c99f83e12c69b095311cf5caa09198d, 180db01e17e4b63486193736df0b69fdf9dce4e1, 782ee35096fb88f329780caf10ff1b11f71cdd7b]","8","1","e02c904a0c99f83e12c69b095311cf5caa09198d","08926972ae532eefcd8075497ba0f30d36351a96","7ff49e39d981d11b9dfbfedd2d26bd18904f82ee"
"https://github.com/rapidftr/RapidFTR.git","1036","8","[9f10f8443901bbc0d2873a7717964666e40880e8, a11bf1cfaefa2f3681578dde67796d6893251091, c21ccef5eb8223109f45771205f93709e8397601, 4258614955c97dae23a59d80cc7b8527f6bd2711, 8c712512cca0c3d3ce80cce621f311ac99d4343d, 0dc548a55d816cdb1a430b9d85ab12a85ce11964, fdb4bfa3b5c6251fd7578b830c79db832f5ea7d6, 0f6e5f3abced30e222cb92d6af273b00e701e3d1]","4","1","9f10f8443901bbc0d2873a7717964666e40880e8","7c8ab5dfd0b028df3373db12374f0d6d64e44545","76150874d4ac1ce2bc76efd19eabce7ee86578da"
"https://github.com/rapidftr/RapidFTR.git","1039","1","[d32027070b5a27dc2670da025f94f9779ffd2546]","18","12","d32027070b5a27dc2670da025f94f9779ffd2546","76150874d4ac1ce2bc76efd19eabce7ee86578da","b0eca9a69c3d5dffa7fb4ac577d3d9b5b883b1e6"
"https://github.com/rapidftr/RapidFTR.git","1041","3","[2823a922941aa7a69c6047f00c5eb88b81bfba7c, 275410fc069cb0316c306b2e19d9459c5cde2efa, 30e15504d590f8a4846b20e31915c6d117953666]","3","1","2823a922941aa7a69c6047f00c5eb88b81bfba7c","9842fa2c5b14726903838ae489a6c10baed7ab14","42f818d6f9cc804aa8df7a7a3c9217cc14833557"
"https://github.com/rapidftr/RapidFTR.git","1046","2","[f4441ee913f3bcaf7d45db263c0cc7090596cde5, 9e4d4093ea28a6f613f2bdeabd240b7d805e19c6]","1","1","f4441ee913f3bcaf7d45db263c0cc7090596cde5","68efc41b69a5751c4110c2e50c4e700edcd7ad0f","b0eca9a69c3d5dffa7fb4ac577d3d9b5b883b1e6"
"https://github.com/rapidftr/RapidFTR.git","1051","1","[481199eac1915a6056cffa430659f5d5769db2d9]","1","1","481199eac1915a6056cffa430659f5d5769db2d9","de2f401942ef3757960ce0c7f40d205e0ea93da9","61b1e656352c82c1070ddf4fe26cc9d207943618"
"https://github.com/rapidftr/RapidFTR.git","1052","2","[b0eca9a69c3d5dffa7fb4ac577d3d9b5b883b1e6, 93bce478bf33746a216822709b110a53c7ff6fd3]","1","1","b0eca9a69c3d5dffa7fb4ac577d3d9b5b883b1e6","61b1e656352c82c1070ddf4fe26cc9d207943618","4e94baf79f2e8722f8c61eeccf45c1ba6d20ef88"
"https://github.com/rapidftr/RapidFTR.git","1053","7","[95685b4d49155c3dcf062be34a5db192456ae0f4, b387832547e3a25e11ae5d20e351ab25fb6d45af, 46fa7db92d3d0666a58bd61ae080eb1d31a45082, 792b73078c69aca3ee5d69f53b867d3fb7aaea44, 727bf82eeccb545fa5333eb75a45a551d8c64a33, b49970ea8e1900fb4dbb9de320e91678511abc27, 5dcbaa84f00a5cd516c9b78854f7d4d133bc8b75]","5","1","95685b4d49155c3dcf062be34a5db192456ae0f4","4e94baf79f2e8722f8c61eeccf45c1ba6d20ef88","96ff2d64d5afe39a3743107b1d85b06b08c5b7da"
"https://github.com/rapidftr/RapidFTR.git","1054","1","[80e93a05b5413419ed414c28f843b982e4c678b3]","3","4","80e93a05b5413419ed414c28f843b982e4c678b3","18f8363632cbc6cb45e1aed01fee23c2206a3b2d","82f1f7355b2f481c81696f5eb88708ef93822e96"
"https://github.com/rapidftr/RapidFTR.git","1055","6","[9149e544c8074f802a8bf46893d814dbfa85c94f, 84ac6dccf6446c82501404bef74622c75fdcd106, 600152f03c9bec7e75fd4442ee977d912cf55ad4, fd692ba8d2063470de756a0b9892687acd9c1748, b5e8e6a400ecc30d6fa24af23032f4cebe7c9933, bb463974c259b1a830707743646a484283e38363]","4","1","9149e544c8074f802a8bf46893d814dbfa85c94f","57b477f426d0f9d59822a77ca6e173a16a5bac5a","0f2fec55a19de00ba38089d135a8a3b4f1861891"
"https://github.com/rapidftr/RapidFTR.git","1057","8","[77260aab257a54aabc4bdc394475a88fb0ab2e9a, c3dd3e19950bbfe848359c97db89146bacb3e552, 8526921156583eaeca3738351ff17f0cb20e52af, aebbab1c36da5d604af836a9c4786e6ebc699b78, bd963c20932786d7e226811d973a55ed5a694391, 95c7df3af92a36b0adecec340a7b98ac6ffc2711, 4a929e57656dd9236fa3bca8bd0d4dffceefda01, b5a1b7914018bce4620fcddf14c3a924f0011e8f]","3","3","77260aab257a54aabc4bdc394475a88fb0ab2e9a","e35412bf1cb1ec1dfea1d14105745993e4278c2f","82f1f7355b2f481c81696f5eb88708ef93822e96"
"https://github.com/rapidftr/RapidFTR.git","1058","5","[c5f51d64f166983fa4a8bc1dd582a8751fa0ed37, 9866dcdcb3430aa123d8a649a22fa4b04fba0adc, 42a873fa20ac8a235be2829e61daa04e27eb149e, 4db36a76e300d6a470c8ac28056e40396e95df1c, 563d6138e6f36ad3a3757a259b48d529c019d529]","5","1","c5f51d64f166983fa4a8bc1dd582a8751fa0ed37","e35412bf1cb1ec1dfea1d14105745993e4278c2f","82f1f7355b2f481c81696f5eb88708ef93822e96"
"https://github.com/rapidftr/RapidFTR.git","1067","2","[4cf678368d6fcd2904a3a7372e5ac42473d58301, fe2c40621f1c097c4ca8a1e259b5071d46850ab2]","2","1","4cf678368d6fcd2904a3a7372e5ac42473d58301","42f818d6f9cc804aa8df7a7a3c9217cc14833557","528ed5bf02ff5af99c2ae5386a9bbd157b0d2349"
"https://github.com/rapidftr/RapidFTR.git","1068","5","[77e1e06fa5cc2b4f44feaf4327aef5b426cea798, 7dca6a71d7efdf47f69ad990c8af79885c28c4d0, 33aaec1b2c2ecc3de318483cbc2ac7478e0f3ef7, 5eea6bd7f2836bda74e5d951a8628ee71ab74251, 8128331b8c265c48b5c33d06e40a610c81bda0e0]","9","1","77e1e06fa5cc2b4f44feaf4327aef5b426cea798","628838c8ca857b3a5308342b62110452a3648678","357a0afe8937203924a53c2343bec99489f500cf"
"https://github.com/rapidftr/RapidFTR.git","1080","1","[d322fb7fe8d46a397b1259ce05e4340e14beed78]","4","2","d322fb7fe8d46a397b1259ce05e4340e14beed78","2ec50984df35f779e88147fc582e41c56377398f","0a0f5f43414149b4b6f12fe1a877c31db1bbc7a1"
"https://github.com/rapidftr/RapidFTR.git","1084","3","[a09041c1494ec8495cd02c041239e5344d907003, b1684ccc4608fd3da68860023f8433cb37b3aa7e, c53cd3c79d37051864283b3fd28393234c0aa8be]","3","1","a09041c1494ec8495cd02c041239e5344d907003","d9b25e302c309a725653fbbe60cd2278fa6d43cf","0a9aa5718c4c442240a600ccc02dedb4a460063d"
"https://github.com/rapidftr/RapidFTR.git","1085","4","[d49d39bdc7358b77528c40f32ba3cb4a98787290, 4bf2daa24c9770180838d8811db25e3b042e40e7, 9f55f52b57cff09f4322520aa9d9491fb97fa933, a0403656e95583e335caaef3121ac9488a46d605]","4","2","d49d39bdc7358b77528c40f32ba3cb4a98787290","0a0f5f43414149b4b6f12fe1a877c31db1bbc7a1","b739f2c8b99b1f4ce6f9cfe992fe4f96a09f9f4a"
"https://github.com/rapidftr/RapidFTR.git","1089","1","[d7562790d60c034f30072ae1fca2f445d99cebab]","1","2","d7562790d60c034f30072ae1fca2f445d99cebab","000d63f22fbf5b1b3908d553e953c0bb1e86ed5a","cc4c576381fa575ca98d8aa6eb526752df83bda6"
"https://github.com/rapidftr/RapidFTR.git","1090","6","[1e23834b53d068fb5a143d3ba2d8a4e95f871551, 3ce9a43d0af1d51ea4f9d0418f40467c22b7d719, a9256074f77ed122ae78150fc31c4b391f022bc1, e9cf2d01e0adb29a7acf9cd0803f725da5bbbb60, 0ddc1c1a40e5593d7a429767134f75b6d3912a7e, d2d9ee39c2ea861d003311e276fdce5cd1b6005a]","13","2","1e23834b53d068fb5a143d3ba2d8a4e95f871551","357a0afe8937203924a53c2343bec99489f500cf","1824246b8b760794e5b6fe5d7a8deb4b5786be21"
"https://github.com/rapidftr/RapidFTR.git","1091","1","[cc4c576381fa575ca98d8aa6eb526752df83bda6]","1","1","cc4c576381fa575ca98d8aa6eb526752df83bda6","6b2518d463b964bdac57c07932510c3c35340f1d","1824246b8b760794e5b6fe5d7a8deb4b5786be21"
"https://github.com/rapidftr/RapidFTR.git","1095","6","[a3325953a39969af911f257394932b24601d5f1c, 889a84b1d468e87acadfa90828975842f4c96268, b82740bcecd02d2be1a357b00fa0141910a80637, 5860dd2fd62927122b256d6c45686a57f7c5126e, ecc5d5760ad02d3a3e63ccbaef66d3a8e71106aa, 3974bc3eace7323d850a13edf13c978f81fdd93a]","1","7","a3325953a39969af911f257394932b24601d5f1c","1824246b8b760794e5b6fe5d7a8deb4b5786be21","72ae20c63aaa304ff9e384d89bb67a8803f5a82a"
"https://github.com/rapidftr/RapidFTR.git","1097","3","[ae84169c7543d53f004a6955c9dd04affa7b9702, 14a34bd7bbe83360a74b3cae2c5cd58c5e128124, 5664497e96a90f9fad1d545b6fd51a9e4b5a0ab4]","3","1","ae84169c7543d53f004a6955c9dd04affa7b9702","860cc772cc0f03a012cd974c4fc602787afd1ce4","4d003372c551ecc042d11c66161829293aad5116"
"https://github.com/rapidftr/RapidFTR.git","1099","4","[72ae20c63aaa304ff9e384d89bb67a8803f5a82a, 7bbd58b854cc6ec55c2a23be1806ead309cba44d, 9ae79952dc755e7c05928e9cc834174714e13c4a, 472c65fd4ad4648d9395f50deeecd21ddf03de78]","7","1","72ae20c63aaa304ff9e384d89bb67a8803f5a82a","c60e937a3e8237605ac1b3ba975ac223bc81219b","28fd640bfc42ce5d1a632580c621b750e8f81aca"
"https://github.com/rapidftr/RapidFTR.git","1102","3","[254afc7ab213b47a4a5b0fbbe27f7628148e8bc4, e3e02a2ac477df19352d34958048a3c6ed16d9e7, c373ae9ad57da67d2f4874bcf854c7e64c9c6e9e]","3","1","254afc7ab213b47a4a5b0fbbe27f7628148e8bc4","b739f2c8b99b1f4ce6f9cfe992fe4f96a09f9f4a","e0e2023e28ff2600a995949a84287b4052fa7cdb"
"https://github.com/rapidftr/RapidFTR.git","1107","1","[9e864366bc7f68499ac6cdad65daf48c9c8d899b]","2","3","9e864366bc7f68499ac6cdad65daf48c9c8d899b","aa6210666e5e291b6b39648c1a2cfa25494e42ee","aa5fc731dadc1b2f289314013ed20d00b0954575"
"https://github.com/rapidftr/RapidFTR.git","1108","2","[ba4794c806a4fa3e7a20b9338e0c05192810afc6, 47baec5df0f40f12718ff55e9d7f7f497a679e89]","3","1","ba4794c806a4fa3e7a20b9338e0c05192810afc6","aa6210666e5e291b6b39648c1a2cfa25494e42ee","fab7d694125956fe8531d16b9b0df6ffc9c8d8c6"
"https://github.com/rapidftr/RapidFTR.git","1110","3","[5a66f385df2b97d05c86d3e29a58f4ec539d79f4, 11620c82f9a76548e5fce5fcd264912d8608c01f, 2f039e7b61cc3de4d4fa533c14ab1a997fed6938]","1","9","5a66f385df2b97d05c86d3e29a58f4ec539d79f4","aa5fc731dadc1b2f289314013ed20d00b0954575","2faef1834b7d8e333ea9649f1127fe3641d534c4"
"https://github.com/rapidftr/RapidFTR.git","1111","3","[fab7d694125956fe8531d16b9b0df6ffc9c8d8c6, 8c813061d8e01709746a0ff484698a2e79295d05, c6e0afe3a3e912b5d8188c5b6c73a083b6e81fb1]","5","1","fab7d694125956fe8531d16b9b0df6ffc9c8d8c6","7fd7b779851b4863cb4bb4132c8a5f5ca447fc1f","ad7023bd21aab1ae307277b7db6b7ac90af0c43f"
"https://github.com/rapidftr/RapidFTR.git","1113","10","[e26ea4d510d242c12c053980d5c15c6a053a014c, 1b98a2f7985ae7e5b262c4c55ceee073571dfba6, 8b90d873e007c7dc1d8f9edf1f0e0043705369c2, cc233062eeb1aac6168a5032b29bcd0b6c94f787, 1cb3292f89d8120cb0f5a39360526a1a2fa52612, 38c07c42effd696d1428065b1a83e22344b17f6b, 0804611994e350723cd5be8843f3e7c842e6b255, 9e8333ef4936feaaac52b7d5707f06ae26e67128, 6803e544a4cbd5593e6830db9b00a802e2209343, 4a5e75eceebcb6eda0d54fdbac026461ae71d11f]","8","5","e26ea4d510d242c12c053980d5c15c6a053a014c","e0e2023e28ff2600a995949a84287b4052fa7cdb","b085d708e617e77836a37cc67ddbc8aad2327562"
"https://github.com/rapidftr/RapidFTR.git","1114","7","[a25de16407b7a78baea678e07c497faa5f2e58d0, aab148a53d2892b20d352b660c1d753045da9c0e, be7f2dac175bf2730234f3cff36c56683dc6f36c, 76e28b7b122c39cc5c43df6f78e8da6f7040c807, 75f024c29649791d2b62e804aab5aa7c24781037, 3d90412832c131e2d878b701b4f7aa2a55676a5f, 859f0d1cf9026d49f53e9da834c339fd13c8235b]","8","4","a25de16407b7a78baea678e07c497faa5f2e58d0","e0e2023e28ff2600a995949a84287b4052fa7cdb","d2c2e53b5c8ca5a0f5b7a87eecf485c148acfae9"
"https://github.com/rapidftr/RapidFTR.git","1116","1","[7c46f3a6bbdbf5e3b442896c0c84302eb55818ac]","4","1","7c46f3a6bbdbf5e3b442896c0c84302eb55818ac","4d003372c551ecc042d11c66161829293aad5116","fccc7c22e88ac98dbf5db8189ca1cc99aad00310"
"https://github.com/rapidftr/RapidFTR.git","1118","2","[28d859f606144497a37418eafb14cba76e303c4e, 3d975aa0f316638bac599d311a41e612761c376e]","5","1","28d859f606144497a37418eafb14cba76e303c4e","b085d708e617e77836a37cc67ddbc8aad2327562","2c603a3a9223f43de23c4bc1a19c4a409f0e633d"
"https://github.com/rapidftr/RapidFTR.git","1123","8","[4f37eb243725043f98e2e3dd96db063f4e8faecb, 747b5c9ae4e2df59eb626c6dff5b9a5fbba068ae, 6d59ae73b429af3d102eb34e3a4457e4c94cd0ed, 222c85e90ea56cf2075d2ff3de94854c0c7c28a2, 5b4496c4e3d7cd6ee317c3b0e2f64d7774badedb, fc096325b3e019cbcdaca1bf04c47eb73c2b2beb, dabd7176f73a0b514967673fdd7f0074b06253ce, b09125f8ed0f31d8ef0092fdb1527cc04d08e074]","4","8","4f37eb243725043f98e2e3dd96db063f4e8faecb","6e596dda0b147fef8a6401e7c963716bb4e4e6dd","8173fac1f5736aba07017db61162cd8a4409c0b9"
"https://github.com/rapidftr/RapidFTR.git","1127","11","[2c603a3a9223f43de23c4bc1a19c4a409f0e633d, 3af33ce3051984c4d34ce5e6d7484a4d92b730bf, af6c9b07548f639a871651baefb4cfa30f8d3ba6, 9e13a9cea66ac90a89d99c228a172cb92825d2fb, f8c6c48289ebd67919a2a45335bcab3fbcdbeaf8, b449a367100f86f563c83e7ce3da185f8bfb8697, d8d4b7b0afc76b4c8b3e49a65c5d8a792a6ffa8f, 11df6702b8ae8f2d13781441e03a525b7a28776c, 00f19a35355dc21630f77a88db13dff5ee276448, f48e47285bd0fc290d18f74e6d83f3c13166f4d3, 34e10d400d45b012a8d75723acc159bcf306b3cb]","7","3","2c603a3a9223f43de23c4bc1a19c4a409f0e633d","7b0164722f0e63b8150f4c4bb72664afe406f848","2faef1834b7d8e333ea9649f1127fe3641d534c4"
"https://github.com/rapidftr/RapidFTR.git","1128","6","[62e8a9ab380a985a28d2dd310531330d2b30b8d6, 7897a5bdcd5a55e101ac06dbbc4d9c9ce0b5ebd1, 60148a51ecf3d45a1e8bb7f879dbb1da0716cc9e, 2472a9cf335f1d506e0994b3398f9bb06dd8560e, 06caf3e0d5be3b3cff91b5af30f3b5067a1e58f9, f9657b41ec4a8d1ba4971514b76a93492d4f8c96]","11","2","62e8a9ab380a985a28d2dd310531330d2b30b8d6","7b0164722f0e63b8150f4c4bb72664afe406f848","2faef1834b7d8e333ea9649f1127fe3641d534c4"
"https://github.com/rapidftr/RapidFTR.git","1132","7","[2faef1834b7d8e333ea9649f1127fe3641d534c4, 1dba1093cdaedf7f0ba7ed6d4af66775f4e8eeda, 44b94c9d16af74ea31ed3c804709e9e8bb85d907, dffcfdb883a172276e12a60f8b44a0597663767a, 8173fac1f5736aba07017db61162cd8a4409c0b9, 46d20ba751b8e3ee53bf6977db56398f25aee276, 26624487b349588954b0fa925bbaae56741b2c94]","4","2","2faef1834b7d8e333ea9649f1127fe3641d534c4","e512d2e590470eae596ab16b6f48658172c11751","a83c622cf557bebc5e9a2f220030e23186ef5fa9"
"https://github.com/rapidftr/RapidFTR.git","1138","1","[6bc30eaf5939f131238a9e61686ebec7090897d2]","7","1","6bc30eaf5939f131238a9e61686ebec7090897d2","eee54bb87f226698e6186a8e1aeb5488b36fa9bf","ef6a69533ef0d7a3cfcd4eff7fe69cc2d5eac3c5"
"https://github.com/rapidftr/RapidFTR.git","1142","1","[38a6bd587e4757ce04beb3406192298681931062]","5","1","38a6bd587e4757ce04beb3406192298681931062","aa08ebb969c259fdd46ba1d26e730f8c80873bc7","c1844a24336a10f0c73697c780b3b93412cf533e"
"https://github.com/rapidftr/RapidFTR.git","1143","3","[963eba04e0f5eb349019f1e60490b93ffac277b1, f95396714bc9f55b10738dbe46511069cc78c439, b0cf254af21373a1b4ae0b26577c7a29adc19e51]","2","1","963eba04e0f5eb349019f1e60490b93ffac277b1","1fd9e8468c6fc60e7a954792d214828ec6a3b53f","2a2308398ca0d8b7c2a317f44065f43b3249e79d"
"https://github.com/rapidftr/RapidFTR.git","1145","2","[2cde81937868c7ed77c1f0f9d208145ecd7d00c5, eaadfbe2c2d61bbd817310a57cd10d4668541d17]","5","5","2cde81937868c7ed77c1f0f9d208145ecd7d00c5","da2abc82da6a2a7794a40a5bca1ca84855e7c383","ab5c85b378dce23e3d8ecef6e367343aa69bf379"
"https://github.com/rapidftr/RapidFTR.git","1146","1","[049f79edb26e49d3467eb13679716a059d7d41fc]","2","1","049f79edb26e49d3467eb13679716a059d7d41fc","0c43f3380fc8448f4649a144d10fb3799d58d4c2","2a2308398ca0d8b7c2a317f44065f43b3249e79d"
"https://github.com/rapidftr/RapidFTR.git","1147","1","[ef6a69533ef0d7a3cfcd4eff7fe69cc2d5eac3c5]","2","1","ef6a69533ef0d7a3cfcd4eff7fe69cc2d5eac3c5","0d4f4fa05c71547fedb5864b83165ba75945bfdf","a5fae29f12f5ddca6cf5e289f1f55d78d5802a0f"
"https://github.com/rapidftr/RapidFTR.git","1149","3","[e5d4e1c58b4ba42820040830e78dc79618f62bf7, cadde35e0cf3e6825e04ce78761d21fad0324101, 8613a5e9ebad2880a43c5edb1d3fcf52e5935d4a]","2","2","e5d4e1c58b4ba42820040830e78dc79618f62bf7","3d432bef6ef5ee92e2b23bcd300ccd182495f742","ecd93e547525268ac1b5c7cb8efd878d8a7feb9a"
"https://github.com/rapidftr/RapidFTR.git","1153","1","[8be3c2cf58e0e3a314fe3b4825a0dd3a895285d1]","8","2","8be3c2cf58e0e3a314fe3b4825a0dd3a895285d1","243cad895a3cd1965ffc99fb49fe77bfe070b996","d2c2e53b5c8ca5a0f5b7a87eecf485c148acfae9"
"https://github.com/rapidftr/RapidFTR.git","1154","3","[c3994882ec48863b4ad97c425cf9d831095d628c, c3e71006e6ef61d3be33b1552bf72f05568147bb, 55dade9338d867a1d0308148bc5a458b1f3224e4]","2","1","c3994882ec48863b4ad97c425cf9d831095d628c","70a8faa1a035faae83493a97950f9257b2cecb77","66db21fe77b66c159f5978245e34ec00cc6445c3"
"https://github.com/rapidftr/RapidFTR.git","1157","2","[ca5d5f8821d8cae9b56116f25a03fc06c5cdfea0, d2c2e53b5c8ca5a0f5b7a87eecf485c148acfae9]","4","1","ca5d5f8821d8cae9b56116f25a03fc06c5cdfea0","a944e7fa7d0fdd350c80406d16939eca7d46a788","264da15404173735cec8490a74e6a63c17cee64d"
"https://github.com/rapidftr/RapidFTR.git","1160","2","[3711271d03b00bf6e87410ba892bdd8407ab718b, 7d966711318af70af94f5fa35aae6007741f2da8]","1","1","3711271d03b00bf6e87410ba892bdd8407ab718b","264da15404173735cec8490a74e6a63c17cee64d","66db21fe77b66c159f5978245e34ec00cc6445c3"
"https://github.com/rapidftr/RapidFTR.git","1161","1","[cec6d0a45d932e87513506b90796f046277c8e4b]","11","1","cec6d0a45d932e87513506b90796f046277c8e4b","66db21fe77b66c159f5978245e34ec00cc6445c3","97e25763f93e106afdea1bc31910ec9e97e441e4"
"https://github.com/rapidftr/RapidFTR.git","1167","4","[41822f328a2f336bdc4a350c6ca3b66d3874450d, 2d4a03ad179f8100620f44b43b15b2294e95b730, d49d605a89ac17676248646bbc21c7cccfcb238f, 6f3ac4a021a1e49515363c0daa9b5b255c797da9]","7","4","41822f328a2f336bdc4a350c6ca3b66d3874450d","97e25763f93e106afdea1bc31910ec9e97e441e4","b68cd90de834bd2b7081978c5a79e551e6d5fd27"
"https://github.com/rapidftr/RapidFTR.git","1168","2","[9128cf4e5cce94a362d2c60a4cd325402dd63397, 1153981d18f400f5f15859b7cc2f9b7818793ce5]","3","1","9128cf4e5cce94a362d2c60a4cd325402dd63397","b68cd90de834bd2b7081978c5a79e551e6d5fd27","84ee231bbcd26346b24ab06180f18fad9884a95d"
"https://github.com/rapidftr/RapidFTR.git","1169","6","[8114360e42bac31f168e1ca7d139e7ad9f7c26c1, a4a5998267b637b80a204bef4ec50cd98bf103cc, a61392137219da468d1a80944930ca26d1c525ae, ff2a9b3c09f421fec1f7b1d77b3e413824b727d7, 450c5aaffcbd9a99855eb536dff85e50847992ef, fdc6f2314b23199cf0cd8cd8f993ccda70993c32]","4","1","8114360e42bac31f168e1ca7d139e7ad9f7c26c1","b68cd90de834bd2b7081978c5a79e551e6d5fd27","bea5554217005a5a0816a61afd339de3cac42727"
"https://github.com/rapidftr/RapidFTR.git","1170","4","[069c041f83e1476908273bfe72ee1bebe0e96de8, 1a13aa847b4ac9f913ee4912e27a2ccfc0c68a92, fb92be848a9578961140a919c360722fb7d242e6, 157a83e6703a98040ac7039a2535e58b68b04360]","3","1","069c041f83e1476908273bfe72ee1bebe0e96de8","84ee231bbcd26346b24ab06180f18fad9884a95d","bea5554217005a5a0816a61afd339de3cac42727"
"https://github.com/rapidftr/RapidFTR.git","1176","4","[2d6b132982e761152540adfcf52470d4a73ef413, 9578d7d45526555330eeeacb1c7f1a1d79585aa1, 69550d419923f65c12aa60e834dcb9abf1e536ff, 20431ec09b7a1b2d88b81ea95577e77fdef8c681]","3","2","2d6b132982e761152540adfcf52470d4a73ef413","4fd3a5ecb9edf91e78ca42bddd2fe81b628dfac5","0bc26c46f2439e83a2b9170a9d14379dfc95093f"
"https://github.com/rapidftr/RapidFTR.git","1177","7","[38eac5d48a300ccdcd9d2a0ee2257720a0982dff, 436d7d43b8d81e3f4220118c860390dc5adb2370, 5aa4257cb15f05284142708bbdbc8cb2ebb0eb2c, ed39cb5a1b07063ad8ccbd8d7bbde6feb08f9191, 80b46fbefaaceae6cfc1a9c99919fec67d1b1ee9, f4c17fc124ee4f4e0702b0c6f788e698145ebf8e, b1826b34f64af956cdf438b70574eda3e04ecb19]","10","2","38eac5d48a300ccdcd9d2a0ee2257720a0982dff","1b8254c2656686c835010871b43428e89466d323","0bc26c46f2439e83a2b9170a9d14379dfc95093f"
"https://github.com/rapidftr/RapidFTR.git","1178","1","[a7ade5366c055b6624929f822c2e71061f41b044]","1","1","a7ade5366c055b6624929f822c2e71061f41b044","1b8254c2656686c835010871b43428e89466d323","0bc26c46f2439e83a2b9170a9d14379dfc95093f"
"https://github.com/rapidftr/RapidFTR.git","1180","4","[1ce868e55e8b3f6887bbe5ff11d51ecace51f680, fa0010fd3ce24aa8e27f29dc7997c474e4053e18, 6678dc33b9ef198a1bccfb330534f43a39289788, bc3f2952174aab26aaeb8b31b4c7baf723eda627]","4","1","1ce868e55e8b3f6887bbe5ff11d51ecace51f680","5676c2cb729c2a4a05ca2a51cdec170fe1530828","1b9ab50da82603d2e05e5da22b32dbab59a77950"
"https://github.com/rapidftr/RapidFTR.git","1181","3","[cbc55f08f0964f37fc7455a8f0cb6b10e235ce67, 663b1993d6ee61ef6da8d6b23ede13908276595b, 28c945cdd9225cef222ba96980904fb15f3fa5e9]","6","2","cbc55f08f0964f37fc7455a8f0cb6b10e235ce67","8b4f49a145f61f3dffb76e7a7b6a0498d0020436","1b9ab50da82603d2e05e5da22b32dbab59a77950"
"https://github.com/rapidftr/RapidFTR.git","1185","1","[aa7ff485ce48f529a5c753addbb20fbdffd4512c]","4","1","aa7ff485ce48f529a5c753addbb20fbdffd4512c","8d08fda319e22536fb3c78e7a998a8dbbb8ac6e9","3f0874e2f30819117c22590631ee43b09eee7e18"
"https://github.com/rapidftr/RapidFTR.git","1190","1","[f2f9fbd7dd41ec1369aec26148290b7e4e0885a6]","1","1","f2f9fbd7dd41ec1369aec26148290b7e4e0885a6","89fcd50f707814211192792069ab80611beff2bb","3f0874e2f30819117c22590631ee43b09eee7e18"
"https://github.com/rapidftr/RapidFTR.git","1191","1","[2549fc51ac8c139073cb112e93add4b0bcd740de]","6","2","2549fc51ac8c139073cb112e93add4b0bcd740de","cff3908488fcdc8f6e6b4d0d0b426921b5bd015d","f35d5eaa1c318823af85df5999eaf985f4b3b47c"
"https://github.com/rapidftr/RapidFTR.git","1192","1","[5846bbc1716f655a62d6bde876027ece935a0691]","2","1","5846bbc1716f655a62d6bde876027ece935a0691","cff3908488fcdc8f6e6b4d0d0b426921b5bd015d","3f0874e2f30819117c22590631ee43b09eee7e18"
"https://github.com/rapidftr/RapidFTR.git","1195","2","[ca1f2e01d7d9f7137facb38120102246888c1a55, e9f4deec8aa072985c31d69486dadfc0904e4de1]","17","3","ca1f2e01d7d9f7137facb38120102246888c1a55","f35d5eaa1c318823af85df5999eaf985f4b3b47c","05f305d784adc10d3491ee46c61f87716da08d38"
"https://github.com/rapidftr/RapidFTR.git","1197","5","[d999f432670eb56fd48684d57f0bf95739e38677, 425434485b8c50ed9ec8ee5987a40845c4499729, e55c5f9d097b8ac70b56d42ee6b5dce147f40a52, ef04cf9b004baf70c8752830e52f56b6de143768, 733873a77019faee1dfa225bacc5175c3c088a43]","6","2","d999f432670eb56fd48684d57f0bf95739e38677","3f0874e2f30819117c22590631ee43b09eee7e18","789ae4f28e201f1a0348a6a9b0b8c9fac596a048"
"https://github.com/rapidftr/RapidFTR.git","1198","2","[b897f61b0c88d0d795c241ba90189eac5ca80e0b, abc80a66d9fec520789b89eef544d8bd8bec9c69]","5","2","b897f61b0c88d0d795c241ba90189eac5ca80e0b","789ae4f28e201f1a0348a6a9b0b8c9fac596a048","36dd3d17d6fd9b4befd9df172b4bdec2f0765591"
"https://github.com/rapidftr/RapidFTR.git","1199","6","[871cd88c8e0a5460e7c3fa53c47d0a23863ba685, 2976343f46aa2f84723a42ac6bc7bfff9c9759c1, 797c93b676a1ab608f5bbd6005de2cc53d61c366, 3b6de2a857a049fd46c14e106e48443ef4604550, 163d136dbef65e8e0f8b231da8e561d8d863727c, a72a9b27fd42a996e93f5e205b56ebd3fe7dd620]","2","1","871cd88c8e0a5460e7c3fa53c47d0a23863ba685","789ae4f28e201f1a0348a6a9b0b8c9fac596a048","5f4eb62cef003c1d077a6d3583279bbf8655f7e6"
"https://github.com/rapidftr/RapidFTR.git","1204","3","[3e85f35134bcfdd3d4c13d85a4d6f122a0d83c68, c18d4cfa61907cdb57704052c0f9afde737d35ba, 45523610e52e405232b339d569c82dd7ea96d140]","1","1","3e85f35134bcfdd3d4c13d85a4d6f122a0d83c68","10e97761fd724f8f090b17ba91a5c72e9341857b","321f388d77b0279a8274bffb9d20fa71ccf2211b"
"https://github.com/rapidftr/RapidFTR.git","1205","12","[5f4eb62cef003c1d077a6d3583279bbf8655f7e6, 0c5df79a0c44d86054a72b842d062408d6cb32b0, 0a0d9b8820608e749d3f969412819c8fc139e052, b4d758d8bd9e959ea033a6841b94db170bf804d8, 2498319bf180a38a2f69e0190cd9a9b560b73316, c61363d58aa65d2f73b5e373c3fafae98c1761a8, a38f9f52fa49385ae26c8ad5934269bb3dfb77d7, 18bd5372f3655666c7407b888d335540d0ceef15, c183c5e809f5c6792c7ae6088e7566c939b484de, 5fa7af5a76feef3ef96ccf1c7a0fc5f7fff9a577, 2c0bfebd6e891a1ff058488675c19f13e698d827, 6cd1ad97efe66f9386d5ea7f0d3816457d0e6839]","7","2","5f4eb62cef003c1d077a6d3583279bbf8655f7e6","10e97761fd724f8f090b17ba91a5c72e9341857b","321f388d77b0279a8274bffb9d20fa71ccf2211b"
"https://github.com/rapidftr/RapidFTR.git","1206","1","[7c1b414a2afd03a5dea0ae902ee6af90a8478559]","3","2","7c1b414a2afd03a5dea0ae902ee6af90a8478559","fa68fe6b8885bcc02234173356bffdcb7f6f76f5","4afc10c783af473e66983b6f3094a1d81550b603"
"https://github.com/rapidftr/RapidFTR.git","1208","6","[7437338fa914f5787f17f2c999d1668ee0566e98, 70368477c796fda14684e16c89a0063e0153154f, 2df89827f16e2b17b57ee25c9a3f5445630c4399, 386e2c3e8a89a5a10d03c04e5f2e0a660fffff39, 265b7aac6330d4786328ba7f54ceb7580c6db349, 5e93dc02a1931dd7a6a0143b7cffad9ccac1a573]","10","6","7437338fa914f5787f17f2c999d1668ee0566e98","eff28ed4ff2cf7f4d94431f63da80a815df5117e","4dd93ad647d2e47576fcd88347e6af231e73bfa3"
"https://github.com/rapidftr/RapidFTR.git","1210","1","[a169dfce8aff3c60d9de0633a1265488dff2bb5b]","2","1","a169dfce8aff3c60d9de0633a1265488dff2bb5b","66f840e0f1be8de5d0f80afef79bc09088070799","e425b325a72e0befd97376ed8dc0519a0c5af875"
"https://github.com/rapidftr/RapidFTR.git","1212","1","[4d0b82a534e98224b9a35e978ebf564059be4336]","3","1","4d0b82a534e98224b9a35e978ebf564059be4336","0305bc80cb63e6df9ff4f42bc3c77cec97d07fca","ab50eed73e888b1a42343087ee75073b77135f32"
"https://github.com/rapidftr/RapidFTR.git","1215","1","[d3e84ffe68dd240d842d4423807f191f62fbe974]","1","2","d3e84ffe68dd240d842d4423807f191f62fbe974","4afc10c783af473e66983b6f3094a1d81550b603","ab50eed73e888b1a42343087ee75073b77135f32"
"https://github.com/rapidftr/RapidFTR.git","1216","1","[58e19992d2f7c89c79cff5ae2510b0edb5a23949]","6","1","58e19992d2f7c89c79cff5ae2510b0edb5a23949","000a192672ae6d3e235338a6a97bc9320967e417","0f5f788d5bd0605b6ca5d931dbe3fe617201ebef"
"https://github.com/rapidftr/RapidFTR.git","1217","1","[962c3af2c68f922b00c1eccf0df362fc0c6ce94f]","2","1","962c3af2c68f922b00c1eccf0df362fc0c6ce94f","8daef9fc0852355b1622d817565b953390f8ea06","b20aa825dd60c2e1be702ab8dd7c13d1dff90a46"
"https://github.com/rapidftr/RapidFTR.git","1218","3","[2f35e7237056242e2fd00fef46a0a08c11644271, a517b6b34297d4aa8c34bdfc8f129d6d46f746e4, b0fabf2b74de9d3c05e3f38f1459ebc334e683df]","5","1","2f35e7237056242e2fd00fef46a0a08c11644271","0f5f788d5bd0605b6ca5d931dbe3fe617201ebef","ab50eed73e888b1a42343087ee75073b77135f32"
"https://github.com/rapidftr/RapidFTR.git","1219","1","[b20aa825dd60c2e1be702ab8dd7c13d1dff90a46]","1","1","b20aa825dd60c2e1be702ab8dd7c13d1dff90a46","0f5f788d5bd0605b6ca5d931dbe3fe617201ebef","ab50eed73e888b1a42343087ee75073b77135f32"
"https://github.com/rapidftr/RapidFTR.git","1221","2","[f8800626107675b63f6ffad5024db56576df11d1, 58de33d2545acb64130a9f1efa80dbac4c073dd5]","4","1","f8800626107675b63f6ffad5024db56576df11d1","831a5e50cec81971707e5d020058c162aa75bf46","5089bdab70374e352c12d3fde1b48959b8c9b3ca"
"https://github.com/rapidftr/RapidFTR.git","1222","6","[34631c0d2f209076192b653fd1b958e09a8eda77, 9ac2b0098e2e229fe491d930b197ed3b3f01b945, 78ba89dfb084877de46838a50f344942e8956090, e4c073359fd1cf0ee4c3d08be2c0b5810949ded7, 38708dccaf81cb01ce69be09974d7ad2c65c155c, 9d732a06e3ea723329e00f9f31fe033faa110733]","6","4","34631c0d2f209076192b653fd1b958e09a8eda77","ecebbf71ddf3ca1129f8366118a13b3e05a97c45","c235b4a9bb9e81fc7b54ed6d4ba2144950986419"
"https://github.com/rapidftr/RapidFTR.git","1224","2","[59646732a0720b00229fc5cb7424d3e31215b6da, f4a9fac809caec9c0f64b2aa03c7b4e224ccc805]","5","1","59646732a0720b00229fc5cb7424d3e31215b6da","5089bdab70374e352c12d3fde1b48959b8c9b3ca","4dd93ad647d2e47576fcd88347e6af231e73bfa3"
"https://github.com/rapidftr/RapidFTR.git","1225","2","[c235b4a9bb9e81fc7b54ed6d4ba2144950986419, c8b7269a4d5616f3ae68080a86f28c3ce3b7e9ed]","7","7","c235b4a9bb9e81fc7b54ed6d4ba2144950986419","5089bdab70374e352c12d3fde1b48959b8c9b3ca","4dd93ad647d2e47576fcd88347e6af231e73bfa3"
"https://github.com/rapidftr/RapidFTR.git","1227","6","[740f0e839793aaa0743390d754c505d82e976a97, cad0d8b095e2a5bc08e67edde1889c6d2be549ae, e721d08fda12922380c3727658c6b55aef1334fb, 8de8fb85644bdd8d82b597a3bb30282f9dbdbf60, 60673d09f8f47fa0afd420d2ba28f92f4b013f4c, a5f8e9bb50dadf2440303eb72f24e9480e9efc3e]","4","1","740f0e839793aaa0743390d754c505d82e976a97","50f47ef261d5ad1db19b0a16390887f2e739092f","3849dc6e65cf1d47647a2187f4d975df97dbd63a"
"https://github.com/rapidftr/RapidFTR.git","1229","1","[92708a73d88580ede11ce79fd8ee78f6006788cb]","3","1","92708a73d88580ede11ce79fd8ee78f6006788cb","871f0442174ec948956c845b297d7636fda2fca2","8edfc1fa9a6b9b25e9a510251550729e5eef97a8"
"https://github.com/rapidftr/RapidFTR.git","1230","1","[23ef944aec703bd4a21b7823b792cc446d303f04]","1","1","23ef944aec703bd4a21b7823b792cc446d303f04","8edfc1fa9a6b9b25e9a510251550729e5eef97a8","9806ba37f106ee979188ad85ce1abfadcfb332a9"
"https://github.com/rapidftr/RapidFTR.git","1233","2","[fff477153399fe8068423ca3ae5d052b5ddb8b4c, f8ad22cbe8709ebc25182906bf4f0821e192b45a]","2","2","fff477153399fe8068423ca3ae5d052b5ddb8b4c","fe25a59636326c604e24a04450d93b5d6696634b","6230800aab2420a78c129f2b326511f238c25af8"
"https://github.com/rapidftr/RapidFTR.git","1234","1","[41a16e6a8d7a733c09eb9d7e3b2d325b2953eaec]","2","1","41a16e6a8d7a733c09eb9d7e3b2d325b2953eaec","a72fd3424491086ed32d7b896e1f65a962275c8f","dcd37027672a9ee349da7a4f70f1e41d663d59bb"
"https://github.com/rapidftr/RapidFTR.git","1235","2","[6230800aab2420a78c129f2b326511f238c25af8, 1bec753d4ba6494133bc6832ba17638bebe588b2]","3","1","6230800aab2420a78c129f2b326511f238c25af8","a72fd3424491086ed32d7b896e1f65a962275c8f","dcd37027672a9ee349da7a4f70f1e41d663d59bb"
"https://github.com/rapidftr/RapidFTR.git","1236","2","[364caaab056e91b314f12910766eb42960bfed97, 9321b910649d1895574d76edd73b6dbc3d414621]","2","1","364caaab056e91b314f12910766eb42960bfed97","321740d8c441b86c9fd57ab1b38f05fe201e1ead","6230800aab2420a78c129f2b326511f238c25af8"
"https://github.com/rapidftr/RapidFTR.git","1237","12","[d5bf3c10edced3362c91a7dfea7bcd2b87e5d6e7, 36e0de8eecbe70a9aca0457096041ad860b7c991, 393838bdc9a186e3a09aca9e43c8046b9c111fb6, 402598154764ff1ea7878ead248bbfc8b39fdbfd, fcbdc255822d624fa4c7560dd783f4fc7fd21b90, fc72478fdd7a2973a2942b0cd31acff508f4141b, c8b9e1e622849fea83c926965736d730498d6132, 837c8695546f2bf1d9062a6390f5d9df95bdd4a6, bba4319c7b74a83c72739741d1167e63d1a8b6f1, f230bddf9705e37cf52987de2a5dcccbc43da718, 4464be49414430003a1caf95ba7b12bcf780e9f2, 9c4df9fff0ec6589d8f537adfc4cb23b75e945f7]","7","1","d5bf3c10edced3362c91a7dfea7bcd2b87e5d6e7","321740d8c441b86c9fd57ab1b38f05fe201e1ead","6230800aab2420a78c129f2b326511f238c25af8"
"https://github.com/rapidftr/RapidFTR.git","1241","5","[3686ed8841ce3b3c78d65e3291a6ced767c415ef, 5fc88b3e3b3de3f48e15141752927cbbdb7dd8c4, 6714ebc2835d6edeefca6a0f0f7fe63f340291ee, 7f895f4f841df2244b5b096c2a2b084bb5c722fb, 185ea961f15695a9f88f743f8f9422aa72b5a936]","4","2","3686ed8841ce3b3c78d65e3291a6ced767c415ef","bf92b2fd8e7f10167c01828b9bc7dcbcedcc4942","31d2c939b1678c796c6c20a684a3346ccb745139"
"https://github.com/rapidftr/RapidFTR.git","1243","2","[398352f94c2c549e76a7ab9ee78779f13dbc641b, 0142deecc9ada1f1f14e1bfdf52ec9809353bd3c]","16","2","398352f94c2c549e76a7ab9ee78779f13dbc641b","56c118c9c50d8f5a4cd2003111a259bcdc3a8b11","055ff32341b4bf8ed24ce0299561c4c12bfe9c67"
"https://github.com/rapidftr/RapidFTR.git","1244","12","[d043300c116a93d4f0d78299c8410616ae89b52f, 9142556775c69c89400400ffacd4420f99a732e3, 5a120bd7e8cfc620e6f675a1fec3d3af479076d3, 395ecdb06889dc29a7a058de04b44a5d65a441b9, 733b7568929c655124317b94dd8fcce7770109ad, 40c6119fa229c29b0a29ea31f9c750c0b1106a7b, b5a2aba5de805db0255fa2792792e148340d2408, 89ad82b2de4e86992e1da3d0ea52f3e11785ee98, 7b2474b9edd087d73773ff33368779acf19908ff, e47cc91fd5898c3689932a7a8f661d15907de740, 91f350448a6588d8803b36de59fb64d9b78ffd17, 06008765d7dc2d62a941697095bc95f9a33d7a18]","24","3","d043300c116a93d4f0d78299c8410616ae89b52f","56c118c9c50d8f5a4cd2003111a259bcdc3a8b11","438e4f1a7205702602f6329e4870c41a87180d39"
"https://github.com/rapidftr/RapidFTR.git","1246","5","[438e4f1a7205702602f6329e4870c41a87180d39, 3460b2e4f68fb33e92615c9ee30d8ddbbf5d850e, f4b503f3a33cfd8ddb8985d92eb826ea57bb5b23, 8037b64f37390a7af3768a43277b727c91873ab7, 656408df770ecf0490824783ca9c7cecc72f31f2]","9","3","438e4f1a7205702602f6329e4870c41a87180d39","055ff32341b4bf8ed24ce0299561c4c12bfe9c67","c9f4c12a6230a42dcf9a49400ee8abf607be2af7"
"https://github.com/rapidftr/RapidFTR.git","1247","2","[156fcc15fa3987e3a967b4c57a21f1f0a2188ffd, 38e3f7ecde2a7704b3a2af20c77ad267f8e7a717]","4","1","156fcc15fa3987e3a967b4c57a21f1f0a2188ffd","c9f4c12a6230a42dcf9a49400ee8abf607be2af7","e9ad056d582303762153019647217f806373fe22"
"https://github.com/rapidftr/RapidFTR.git","1251","1","[2e0cacd740da1b3c29b537baf4627ec8e62d60b6]","6","1","2e0cacd740da1b3c29b537baf4627ec8e62d60b6","b4ebab0dec0a0fa997be8f7bab8ddef44e60120b","d091a2014dac0bf87b2603f50d20588e02df9eef"
"https://github.com/rapidftr/RapidFTR.git","1256","2","[6250aeed93faa0ada4b108a794ee5bd09c226efa, b476dfea2d0df9bd4ee600c53c53aa693c39f610]","4","2","6250aeed93faa0ada4b108a794ee5bd09c226efa","847456bf064e9a7c17e2816f24b614434dc823aa","e5145e5d842a2e912435e84f3a22666a18f1b708"
"https://github.com/rapidftr/RapidFTR.git","1259","2","[a99a0e787d07f39be071a17cb923f50f129748b8, 300c253fe54dced688ac8947d2e1ca304d66dbe7]","1","1","a99a0e787d07f39be071a17cb923f50f129748b8","2b09215a9b94990938eb77fe03475a3cb83da60c","2c598c71810d27af294ec8899bbc6aec1bd3130f"
"https://github.com/rapidftr/RapidFTR.git","1261","1","[b47b89e3ae8bf3c05fb62c8ed07772fa2fff3933]","1","2","b47b89e3ae8bf3c05fb62c8ed07772fa2fff3933","5d85605078412cd739207d51d9fb77e189c280c2","81d7ab15d8ea97b565bdf28fa37a19bae53558c4"
"https://github.com/rapidftr/RapidFTR.git","1262","2","[300c253fe54dced688ac8947d2e1ca304d66dbe7, 2c598c71810d27af294ec8899bbc6aec1bd3130f]","2","1","300c253fe54dced688ac8947d2e1ca304d66dbe7","5d85605078412cd739207d51d9fb77e189c280c2","81d7ab15d8ea97b565bdf28fa37a19bae53558c4"
"https://github.com/rapidftr/RapidFTR.git","1265","3","[fb62e500a5355d40cb1ded0b5f85399709c87de4, a188b75af903d9fb993c608105cef8432040ac3d, d7dabf8a997579462781cc3408abd25fb9c1cc57]","5","1","fb62e500a5355d40cb1ded0b5f85399709c87de4","8bbd6e3f30fba7b213073b6042f36cc8fbba60cc","4bbee28482d992c38705f38cb3bd9d1d3026b0c5"
"https://github.com/rapidftr/RapidFTR.git","1266","7","[07e44c9a6b9cc954ab50e0f7201dd2ddab9796b6, c17351ced18dec3411a91a17d8de3ae0526bde86, 104f6d86b15727a62e78da375d37f41d388cc2a3, 17a836d5a3bca2a5039c9a68e84ea3cfabdceea0, 6c468294ab3879706940927038f4ded06c9c36d6, 551d58952801baacac956b2ea99e871d45330ff3, ab1e3fd30c947f90ce4a399eeb55fdf133614f1d]","12","5","07e44c9a6b9cc954ab50e0f7201dd2ddab9796b6","542ff2d7706855b04672d0dee1479ee69893ab0a","6db4f0d7252c3033c1373e954ea0e573a8bb4389"
"https://github.com/rapidftr/RapidFTR.git","1271","3","[742cab401097ad50412a35b93d86848654b2b39f, f16f09c5ca9cd2d1a2c34e66805c5dbf839743a7, 829158362012dbe8fbf060cb62d0b642d754a422]","11","10","742cab401097ad50412a35b93d86848654b2b39f","b06bbdb95421d185d2ca17c3d8f29f7ff6343e4d","c2d506b5f7f8a04821aaddf4b7d107307b40af3d"
"https://github.com/rapidftr/RapidFTR.git","1272","5","[edd69edb5e49903a30151bce5ec3761348ed547f, cc5329bea44d573bc96496594816e3181579754a, e9769440f82d456ea877f6807e7fa68ab8b2e910, 57ef2bfda44d642602590e30c55ca37093ec2eff, 77561e39934a713069d1d2862e32224d310d3d06]","2","1","edd69edb5e49903a30151bce5ec3761348ed547f","c2d506b5f7f8a04821aaddf4b7d107307b40af3d","a5b117daa0d6183271bbcc58ad1a319782eb6111"
"https://github.com/rapidftr/RapidFTR.git","1274","5","[1b3f970e690acc99ed31df76dd31d9639e955c0d, 0f48ea5ad3a344a823e73098efe94a7d1d4ec973, 9d472c045b79b9a7cc6bf1bcf4682db62f53c539, faec29a96d03a2d875fc0c5688bd5e5a0dbbecb4, ec5f18b23d30d571a079196e0db2987118c918c9]","6","3","1b3f970e690acc99ed31df76dd31d9639e955c0d","ff36d93dac4f0fde687b163d5f12ea0468abe2cc","309e68c4a2e8319eb7c2f988f43c7653b3cfa48e"
"https://github.com/rapidftr/RapidFTR.git","1275","5","[044c9b353dd289f21b9684981c6243bee1432518, ed2a93836717f9596307ee849661f42f20dae28a, 3aac921595955cda8c645ef281606512911df211, 4cbde1a17f9ed27473e8417cc5302bbcd9471125, 523cc3ee6b1dbfd1e18df48f0108e64d45653b32]","5","8","044c9b353dd289f21b9684981c6243bee1432518","ff36d93dac4f0fde687b163d5f12ea0468abe2cc","50865b4a613d5cc0aff0b5a5628890230aea1c20"
"https://github.com/rapidftr/RapidFTR.git","1278","4","[a70ca6725a5c072e289a5fd46d9bb40053a05d7c, 81aafee7253b470045d0bd85fe1a5b8aebd8303a, 1a343005e678c902dec1757d802b373f6e702495, d87c3f9f149896d0ffab294cce2754c243f720c4]","3","1","a70ca6725a5c072e289a5fd46d9bb40053a05d7c","50865b4a613d5cc0aff0b5a5628890230aea1c20","6a782724f53b22c9fbc16d493b7ad2f76ba20907"
"https://github.com/rapidftr/RapidFTR.git","1280","37","[6a782724f53b22c9fbc16d493b7ad2f76ba20907, bb85daf0df9e2e7463b3ae36afefa7a2cf0f9879, fdda65b352329cdde38d81fb86ed8c433f1c9720, a6042436999cd054d7e1266174a2858e657f3e3f, 281cd6b6b7bdb37a1ad5d5bc9dc097a1eeebd1a7, 5ec99de6ce63e80ac5087b24669de41741757139, 6376245745d88ad6d980062a5e33d72e8c3fb9f9, d73fd345ad808f762de8e53484d269851c078a53, deb08e3b377f01443d058b7c7a2ab101069f95c7, 3cefabb25092eaccf0e82a5dbeaee0131904a33c, 4876883f880c063c49b70cc41dd8f928904d29a1, 0b9c056cbcb7dec7b84acf79b27d76f2cb6262d8, 383bd35b907db1c6dc065500ad2559e7a4243c0b, a6b7c0b3880f8b82c23532c2f49ce9d68cc000f0, 0fc1de65ea2429f01c82a58653d9e44a2f37c3f2, 9bc8f1d5345b3f32430cf3486e65214a3aedae5c, 592edc66881073b045206b7ad39646834ef1ec65, 287d6130fc79aa2823d20a32540dab79b46efcc2, e915f2471a8b51cc2f9568abb037ff3bf4b8ae5f, 48287ab86e229342c1aef9783d8c7a988112a609, 73ea94b02e144d241ca9f59d2369cd1b432ba5f0, 998c21cf2817525e95c98093c51e3c2b83b0d829, 75879b06abcb82509b3b7ce3cbaa0fc24f39c855, ecdb077b760ebc3f61ab118227fdfe9190395956, abd7358fd42edcb1b1dc32e7905c1c81bb8fef1e, 8a24bc2ae37fa89b553b1a690f852395aec96aa2, 94e0602c0c57f2483f8f2b1611a677995ed934b2, db7c6aacf2fdd4fccf2724f25fa27e89c3fc46a9, 4a2be9b21ef0abdc543e2698921bd9e317a79571, 60db3b653e1968341f93e6563482616c8c917206, e78abc9a893d3a19fa39159c0857eb078332c41f, 2985c97d6cc7269f1a8db2c47505471a5bf65e20, 45258971afe588c5a8fce010fe5927e5b5c06749, 34686d14d957d9cfd6b0642b5ead736a7b8a7cf9, d94aa57b95ecebeaed7cadb09ba3e9b86963ddd9, 5440f162ecc83a98c2643de9970229162c08ecb1, 6feee4c2a0c29ba0bd84018bd4122f5aaa7a7521]","25","11","6a782724f53b22c9fbc16d493b7ad2f76ba20907","c41f40ef02396d177fef0c4a205b877a5a0888d5","5c02e20b9e428f845d4dc8b3bc7c48302cdb3090"
"https://github.com/rapidftr/RapidFTR.git","1284","6","[4eb4c1f3f057881fcc9aabbcb833ae491eaa825d, bc58fb4e41f7a1e5272e2b3820b746a70810dc90, e818c36be3289488da05c6cfb335c06a24e25da4, fbb0a1f8520e97bef8a6f9ef6c080dd163e6d2eb, ab5e064c2f76e73f663795906f4d483f83bb88f1, 8c2a09ce9d96b3126aa20cc86612324f15494c85]","4","1","4eb4c1f3f057881fcc9aabbcb833ae491eaa825d","b974595e37d9ee7c6400ab72c9eb2602a9d08563","3ff59b7ff8eba8af9b93c8685cb4e68dc23fdf7e"
"https://github.com/rapidftr/RapidFTR.git","1285","2","[65a092ff271e788b5e758ad45f64996f3222f361, ce2bcfde7e2ad7abf5389c64e2e81eb4edc28bcf]","2","1","65a092ff271e788b5e758ad45f64996f3222f361","ad99cf6401294ec4ecb2a0bfe5ba2bd6c54b2c8e","d2bb3c2bdf92f156cfee0d9e3d5c06dddf65b05e"
"https://github.com/rapidftr/RapidFTR.git","1286","3","[68e298a2f8bc304411d9c249f8fb0943e4e388f0, c3b95ff851a70224345eb3f12082e2541e5bba41, bc61ef8c586cef68cbf457451332509ed041a23b]","4","1","68e298a2f8bc304411d9c249f8fb0943e4e388f0","ad490b4f875e7820ca43e69c4818947ec1bb8582","69cbb1aee259fa0659244a37f3cb4961451f4773"
"https://github.com/rapidftr/RapidFTR.git","1287","5","[d2bb3c2bdf92f156cfee0d9e3d5c06dddf65b05e, a8bb115b3dd6bd896dac9afe57ae49dbe100dede, ccbabb7eefd94d1795c2a8feada20ad445d4a92f, 3d8c6ec852691f39fb6cab623b8d707a14c4485a, 1234c84936ae5f9b06bfdd6d7038a1751783e15b]","3","1","d2bb3c2bdf92f156cfee0d9e3d5c06dddf65b05e","ad490b4f875e7820ca43e69c4818947ec1bb8582","69cbb1aee259fa0659244a37f3cb4961451f4773"
"https://github.com/rapidftr/RapidFTR.git","1288","14","[4b3cde56407586c125c2f4a3a9de8188ce8bad3e, 0ac13f16e76f5d9bd3063af17d8c9f5ab30d6351, 32d2b78e5d3e027b546b0a7154823eaa939f0ef3, 5dd822c0ebe1d32b94c60ec65bc2c7b1b1b0e6d9, c8bf81d1b1993259ec088ec80e97c5cfccb84cd2, d01e2c67a1d1244a510b81e1b3b9b5f383ca6fe9, 8af993616233b7219a671e46f14936e729349be3, e48cf67381d48b651889fda2f36ca346a05e6670, c3631ff14465d7ff7f247e6e4e9d2d04b5043d15, 522b524017b29463b57b1e7deb129a0d4322a686, 619caec899ff504a2c8ef024958bb96db9eeac43, 68f4c7ddc3dca35146531b95e155a4d7c57fd803, c58a785d6bf084400d6e749041c001cf87205d80, d637b2095c90575ea1e4838277885018c936e396]","20","4","4b3cde56407586c125c2f4a3a9de8188ce8bad3e","4f7366e18923f4ef468b78e3e64305aa3a3f7518","62dd305b8258dd28903dd574c8892ec70a0456c0"
"https://github.com/rapidftr/RapidFTR.git","1289","2","[64682b634af68a0d952369c58db5c2d8184944fe, 870b3b32f05c5a7ef8834a768616193323c77fcc]","1","1","64682b634af68a0d952369c58db5c2d8184944fe","4f7366e18923f4ef468b78e3e64305aa3a3f7518","5aa7455a815032b8930ce35ff64f8d606ac13027"
"https://github.com/rapidftr/RapidFTR.git","1292","3","[47818ee786e3070112e8770e35b9caefaa3caa4f, f700109a4273f673ed92451c8dbfd635cecd68c4, 9f72c30d60947abd77ea602750e3ea91b6fec9cb]","3","1","47818ee786e3070112e8770e35b9caefaa3caa4f","8dfa3a1565b198c662c923ee9cbff5655b6f3d4e","145c5405b7998ffc69629aa29d00f142a90df4e7"
"https://github.com/rapidftr/RapidFTR.git","1295","2","[1c672fe352899b88051d60c2e832341796617aec, 34735348a07bd9d30bf49d548946921e975dad09]","2","2","1c672fe352899b88051d60c2e832341796617aec","145c5405b7998ffc69629aa29d00f142a90df4e7","cffa0950a5d1e01388d50aba6ac1059daebb3506"
"https://github.com/rapidftr/RapidFTR.git","1297","1","[177a42161c14c0d03c164af9059a330e87986242]","1","1","177a42161c14c0d03c164af9059a330e87986242","3b093f29c608b89d0e28ba4acf72319bf2779f3b","ce1ba10259e60651d2ab487b21a4feebc7102b38"
"https://github.com/rapidftr/RapidFTR.git","1298","3","[94340d0f736f6af81c7f0e2c2daea2d24f1b6a34, 695bacc2fd54f877bcb7b1ffdafae163c7923ed9, a652f4e8ea9f390d9145a64946ff19eaa0c3f6e7]","3","1","94340d0f736f6af81c7f0e2c2daea2d24f1b6a34","cffa0950a5d1e01388d50aba6ac1059daebb3506","4a8b07fcf6d6e3ef52a64b2fd74d9da964e7aaf8"
"https://github.com/rapidftr/RapidFTR.git","1299","5","[ce1ba10259e60651d2ab487b21a4feebc7102b38, 1f3cb449e55f23dea9e8c5022413439860a8cd63, 5a2fe89e78a5c49163f2de06d6af833ca5f79c1a, 5a57808f4376ba38be98bda3164033b42a4c9e69, 6d67a7921f88b5b4eea375755c78fd8a196c3806]","4","1","ce1ba10259e60651d2ab487b21a4feebc7102b38","cffa0950a5d1e01388d50aba6ac1059daebb3506","fdfff49e7e089a3bf311f1fc9c25fbd9585bde9a"
"https://github.com/rapidftr/RapidFTR.git","1300","1","[3de56cc51ecb16da7b107b4fc921ad59ad2babad]","10","3","3de56cc51ecb16da7b107b4fc921ad59ad2babad","fdfff49e7e089a3bf311f1fc9c25fbd9585bde9a","d92ff0ccd7cf7040f6d8af1cab5ac6b4b9c1b8be"
"https://github.com/rapidftr/RapidFTR.git","1301","1","[f4accd8106ca3c8d8694c984a3c04fd22b9c2109]","3","2","f4accd8106ca3c8d8694c984a3c04fd22b9c2109","fdfff49e7e089a3bf311f1fc9c25fbd9585bde9a","d92ff0ccd7cf7040f6d8af1cab5ac6b4b9c1b8be"
"https://github.com/rapidftr/RapidFTR.git","1302","1","[d86b3502381ce8879faaabb6ed3ea2f66779d8e1]","3","1","d86b3502381ce8879faaabb6ed3ea2f66779d8e1","c5a215bb6e8816e9709bf4add44597d365b1078b","d6295c29e2c27fe78e295f2979168afb6f8c76ee"
"https://github.com/rapidftr/RapidFTR.git","1303","4","[ae22879dbdb1284767cc33d06a79d64a381fb440, 69ae8e89ca569a646e3211fe9eba862ecddf5ad8, 8c2b9470dc2221a3cf0d2fd14cec6d8d62a561f9, 35ad905b3ed14c3be35d3f9715f3b1c3aa2ced46]","6","1","ae22879dbdb1284767cc33d06a79d64a381fb440","c5a215bb6e8816e9709bf4add44597d365b1078b","d6295c29e2c27fe78e295f2979168afb6f8c76ee"
"https://github.com/rapidftr/RapidFTR.git","1305","14","[a1183c49e6934fd53f5c091bdcf8ea2535c2a013, 4ff69f92f1804e3160c84c93a4a5034b556810f7, fce0ff8a447e30479f1cce64185422b59be3cb1c, eb30892231f7f78ae685f2dd1be254d405d25094, a8cbd7341c8f583f3ccc0da4a0fc068fba1ab1f2, 8e493cf5ac2cbc16c4c7e8713118e066d35f7e60, 4756f4da5c12beae931643ab3cea4d7de98ff774, 6dd3b53ca7f1e0564f31fa1f938f5b77aaabca53, f7ee3390f5aaa431a38b6cb9c795f76cc9a281e0, d62df41d75a864edbb886987c96cf3966aa746d7, 25c68de70e69f6bc7adcce8696f1673653d41208, 2918f79eb1227f663bd9ee6dbc4fd1d6116a27bd, 8f2bafb2336a85d22be6e55744085a254df23389, ca1703c3ee710f59498f1ce42e64189283e933df]","18","5","a1183c49e6934fd53f5c091bdcf8ea2535c2a013","325a4cd46e41f6371837cdcc0ee6ad48bff449f9","cc20470f13bedaab39925391897c5d468fe93105"
"https://github.com/rapidftr/RapidFTR.git","1306","12","[2f16cffeb73151ef0530ab7c8ed14a9678e8ca8b, ac097f4ad154d375b10c47ea3cd7b8a3cf88df1a, c7cefcf5090ea492aa19c879a9377505720a8260, 9149f7d1f67a40315f22a2b1cfcbc7e0716f6869, 0d0e3aea7d1a142defeb79b2bf28221066f5d9c9, 27b9b9fc8f2acc65ef7669207581e437c93e6687, 0073247938725090f521229bb5cb831080e2e25f, 8fadff0099541f0551a4262d72b4af9336449c9e, eaab58cee59d927a0dab38ea13fdf5c7312a9859, c98214663aac4d83ae62f27f4859ee20ab40de16, 104d06c2893ba8a0cf3a9b954de56a358278caab, 86e65460f98812bd7722eaa90c114b44335383df]","16","3","2f16cffeb73151ef0530ab7c8ed14a9678e8ca8b","325a4cd46e41f6371837cdcc0ee6ad48bff449f9","cc20470f13bedaab39925391897c5d468fe93105"
"https://github.com/rapidftr/RapidFTR.git","1311","1","[46cd55654ebac4e438b0e7d67b265547e92ceeee]","2","2","46cd55654ebac4e438b0e7d67b265547e92ceeee","d9afe26a43a571fb917428f827f0d2b57771cc9f","92a1f5bd8d02a75dab043b22ec21ea1d27a865bf"
"https://github.com/rapidftr/RapidFTR.git","1312","20","[e1caa8886754250b341c1d87fef5dfd28b184d13, 58330d52ce7423d82358bb68f567bf545d775527, ef5ce712826d08227743f47149499894ffe9fede, 2f83fd5d8a0786c4077d4ce185dadb3228bd2ce9, 1e1053d899053a12c58d701df8cdd3a6c14f84ac, ab269b0b7af63309b66184402c68ebddfefe397e, 0c3c49e534ac23f7a5a46e3a2c34e0ec58f989a4, b37fa9579dd5df3c6fc586d938d3c323139bda63, 0de8d5d906a0b49be85a4e161a42b817c0561d7e, 745182cb8ee16744e9ec64238e1aa984ecd1b0c7, cce3c54a0d778c36d6f33f3b649658239c4cc224, 8a30f9efe5ec557c71e9b91d3be9e27228321166, 6972673180350d4ccb4747a963bc8c14b030b854, 11cb2e21e2bc7a838ef28e7ea242af1db5cf9752, 33eb4de132c0310ba040983d5c8f6ba4726a2ca6, 1802b8bb386d0e8a655df52448377bbc4ecbf018, 95126d70a776a89dbb0b0158c19da6eb7f534aa1, 64a1646563aef80ce7cc9c35c705dbe4a92ce5c2, c7edd94a1310d0fd64e3d3ebb8818989c293e93f, 649879d5f1f44113982fdd7445fe3b7d5e885964]","10","7","e1caa8886754250b341c1d87fef5dfd28b184d13","d9afe26a43a571fb917428f827f0d2b57771cc9f","6e1bb5951ea83c7ce1bcd9511a7bb7135ccb0c18"
"https://github.com/rapidftr/RapidFTR.git","1313","2","[6c75dc59970c27eee5a444258b7505cd976dd472, d2fa6107355d631b6bc54445219a693a2c9ef0a5]","3","1","6c75dc59970c27eee5a444258b7505cd976dd472","92a1f5bd8d02a75dab043b22ec21ea1d27a865bf","bb483b34ab183f8839f9f47ef2776196c6ec1a6d"
"https://github.com/rapidftr/RapidFTR.git","1314","2","[4527703b71094fd3a18a30a644c1b3fa9a87993f, fb8ecd726c5b4bf34196c669284c61f3e4983902]","3","1","4527703b71094fd3a18a30a644c1b3fa9a87993f","92a1f5bd8d02a75dab043b22ec21ea1d27a865bf","47f8b07825180ecd58f08bfd660c8c6216795c65"
"https://github.com/rapidftr/RapidFTR.git","1315","28","[411cb64b6ed1e6dfadf57e9ac563c2f3fd18084d, c797e95957bac911de74a90a54767389b47f0143, 2ce6d197ec4291c5bc72b8a2167eaa3f7cb1234e, b39f93249b4e9aea821ee78c1386dd9c2a404385, b915168c16b4bee71febd633678a77e52a4e77e7, 3ba59de9f4992a94a1bdcdab7c1ea5dff7c5a950, 0406712bb32abf827cdc811cc08e10c6290ea243, 29beab84ad6f776ccc74f3f168c29d666f0e3751, 0e1ae2d9a2c2413612332acbf0a6e5af76f4cec5, f3fdc4b224bbec1eabc5c3c9983dae7d4458ab67, 3a10ebbb057477cc875d6b06a3fdce1b9264e295, adc03b72312936c48a6e3e8730c812a1e9197dc4, 705dd5b7dd80e25116942e094d51eb91f08d0993, 43856b3a6d8be3965d3c409d3d9e60870d0eaa84, cd4baa1a51b98aec497e7912a6e9a439af331b43, bb483b34ab183f8839f9f47ef2776196c6ec1a6d, 3ec19c5eccc4e13cf9bdf15a401540acd237bd36, 8524e465e48479648cd48504940b6e1c2b25e9c7, 07e99f5c38257c1b136273fdc462b962130b5b6d, 4d89d807ea73a44cb018940f5a72d32d00507288, be0c8c8a6ec2af4dfb4f5d13717116e92067c0b8, cd37156cfd88d2a7a841fd155c0a20293e0e6239, 8cb21657dc01abdbac6adecc66e9a603db780963, d936c7ce9b631cd105755dbb2961733f1210de93, f1a535464cd4eba74faf43e256f48d907aecc258, 4432157b5569e43f043ab45675837b74a1b861f2, 28921be04777544923355ff4168edfc73e340c73, ab533fe4036febb475c5d86f04b8ec4858e0c35e]","13","4","411cb64b6ed1e6dfadf57e9ac563c2f3fd18084d","47f8b07825180ecd58f08bfd660c8c6216795c65","c81357b3c4b0781bf94f02b8fb6bf8ab18468d8e"
"https://github.com/rapidftr/RapidFTR.git","1316","2","[f4fccbdaae708bfc3d054ceabec8a82d41248008, 1ba65267d412fc6afe0ebc7a53b5e44880c786d2]","6","1","f4fccbdaae708bfc3d054ceabec8a82d41248008","47f8b07825180ecd58f08bfd660c8c6216795c65","7c9dd4562505e997b17fefdf44b8637d6dfcae0d"
"https://github.com/rapidftr/RapidFTR.git","1318","1","[6e1bb5951ea83c7ce1bcd9511a7bb7135ccb0c18]","2","1","6e1bb5951ea83c7ce1bcd9511a7bb7135ccb0c18","c81357b3c4b0781bf94f02b8fb6bf8ab18468d8e","de9b7326cbf4333a0c8e986484757c886f500e91"
"https://github.com/rapidftr/RapidFTR.git","1319","1","[e88118f450bcb5101756762cc9d2676be7937d0c]","4","1","e88118f450bcb5101756762cc9d2676be7937d0c","de9b7326cbf4333a0c8e986484757c886f500e91","3a14fd1fb5c8b3dc753823d206a1654411d51455"
"https://github.com/rapidftr/RapidFTR.git","1321","1","[6fb713893844cad120fb96b890802216fa453fb4]","1","2","6fb713893844cad120fb96b890802216fa453fb4","60b599b3ceb5ff96fda40dbe5db4e7793a0d196d","6cac52e4ba4a518293dc6d8db482aea9a88e8a77"
"https://github.com/rapidftr/RapidFTR.git","1323","1","[c40da361a7199c7e1562fe40f45a01b50330f770]","12","3","c40da361a7199c7e1562fe40f45a01b50330f770","3a14fd1fb5c8b3dc753823d206a1654411d51455","4c738bae5f8d0dedb22364200129afee84a9693b"
"https://github.com/rapidftr/RapidFTR.git","1324","1","[6cac52e4ba4a518293dc6d8db482aea9a88e8a77]","1","1","6cac52e4ba4a518293dc6d8db482aea9a88e8a77","3a14fd1fb5c8b3dc753823d206a1654411d51455","05dbf56a67b6381f96a47b5e06481c88fbbbe7eb"
"https://github.com/rapidftr/RapidFTR.git","1325","2","[8d9bd34de690cb5048de777b90965337be92b917, 6d31971f441f83d8deb16f3585e1c4a63589c7d4]","2","1","8d9bd34de690cb5048de777b90965337be92b917","05dbf56a67b6381f96a47b5e06481c88fbbbe7eb","e46c882267bbea7512347f5331c6c214e0489619"
"https://github.com/rapidftr/RapidFTR.git","1326","1","[3b5e896dd6275bd76d3fc9de48bb5cd3b7c901d4]","1","1","3b5e896dd6275bd76d3fc9de48bb5cd3b7c901d4","4c738bae5f8d0dedb22364200129afee84a9693b","c92b14bf139979fbd3c6a710c3033151578db8c7"
"https://github.com/rapidftr/RapidFTR.git","1327","1","[107f3b45fce4f3c8d0356294ce7931bdb91d9c01]","2","1","107f3b45fce4f3c8d0356294ce7931bdb91d9c01","e46c882267bbea7512347f5331c6c214e0489619","50f748c5240290dcc1de712003d5ec16d6d6933c"
"https://github.com/rapidftr/RapidFTR.git","1328","1","[1674ae00f4b036ec03e6c831b491c8d550316c8a]","3","1","1674ae00f4b036ec03e6c831b491c8d550316c8a","c92b14bf139979fbd3c6a710c3033151578db8c7","6d8b1f003b2d9e8289ea6ab4c8e185d6e8ca1e9f"
"https://github.com/rapidftr/RapidFTR.git","1330","2","[84baad095e08b2aae27ae298b36eee4aa3e019a6, 79e066da639d2889c0cbbb0d74fb887daabe593c]","5","1","84baad095e08b2aae27ae298b36eee4aa3e019a6","7c9dd4562505e997b17fefdf44b8637d6dfcae0d","3aae6d8339d54a8fe539df6d51650be4c667cef1"
"https://github.com/rapidftr/RapidFTR.git","1331","6","[6d8b1f003b2d9e8289ea6ab4c8e185d6e8ca1e9f, 05fc8f06d33377a13fc749229505efcb1af63d9c, 832a027ab37628de41be99c7e79c10636da7e0d4, b508444e92e0bfa1df5576aea33a57bd8dfacf45, e03f90fcccedb9c0ab5ed777df6251c693b31615, 2449705b9926d9088125d4ef3efd2c6800c6a296]","5","2","6d8b1f003b2d9e8289ea6ab4c8e185d6e8ca1e9f","7c9dd4562505e997b17fefdf44b8637d6dfcae0d","c2e45db866436ab3b12b626a343d5d3147c2f8f5"
"https://github.com/rapidftr/RapidFTR.git","1334","15","[0b526995de43639a498328deeaf4cbc81c4c0fde, 57dde9ece033735b956be0faa3571df7e8b595d6, 5c047da192ebc10487f22d78a5c22fccab286b47, d1223d3fdc4e6a0d2e2c376244c2ed453140b503, cebd406de53a98f3891552343600d2d59201b29c, d64acaf433176adbca477dcab303f4f98438c962, af73fee323d02582f98d28b17e7ab72cf896f0ea, 15ccf6f955b45741a8992f81cd039dbe40654a87, 4fb1d93c79cbc83f60c7f046e123977b2c40b996, 6d1c853162b66be9e9ffb49e86364f985ce82dba, 4335c3bf7f3285b034686fa137a713978a5c3b8f, 81f516fa3fa5697c60f78e2cb5270cfc46a58ea0, f008c7dcaad148c76f50a3a5d968e436ea2a8461, 9ba7363b6d5898a80d7d4fd97ed0ab49845abb44, 6ca7195c593fd24e2d59c7d13313bf0f218771e4]","26","1","0b526995de43639a498328deeaf4cbc81c4c0fde","19aeda4050ae444776a59dc44a3fc743c344a2a3","558cc0400bf6c3b55ca2ebbadb8b96b0676d7740"
"https://github.com/rapidftr/RapidFTR.git","1335","4","[cc56bf857ed996086cdc656231d5dc402747d407, ec15df2d16921ea5c02dcc267c7734ca46c04e59, eb78f735dc7797ffae419dd4dee5e4ead988f6b4, 081655536a5d2fbf4256d08f1913cfde0e8a92cd]","8","1","cc56bf857ed996086cdc656231d5dc402747d407","19aeda4050ae444776a59dc44a3fc743c344a2a3","558cc0400bf6c3b55ca2ebbadb8b96b0676d7740"
"https://github.com/rapidftr/RapidFTR.git","1337","2","[68f1ab556d34485d5b0e3065d038b9104508556c, 06f093aa4fd5b47704212c299f6e72972ec577e7]","3","3","68f1ab556d34485d5b0e3065d038b9104508556c","ac91707df0a6414f049ec7bb1896a73470acb20d","b2a6d31ab5a33619ed4615dd5401ad3b54043442"
"https://github.com/rapidftr/RapidFTR.git","1338","1","[7c2c9e875d5971739d8bc11b97dc0de845ec9d3f]","1","1","7c2c9e875d5971739d8bc11b97dc0de845ec9d3f","b806f921795ddb847561d4b5a5c0f409af8c11e1","8c43f63791d145c0036d14341514182d8079d331"
"https://github.com/rapidftr/RapidFTR.git","1339","5","[3256b86c2965e0e3323b8926c9063a8a8b096d20, c4f8df53e435d8b2fcd1416f14400f23ece22f0d, c6400dcf922fa868991dec9b83069a1a030e676a, f56ed98ffc650adb89f7451095aaf02b947f8fba, 54f2856b7a13f295aff64c2f2760556d3c7c1fab]","3","2","3256b86c2965e0e3323b8926c9063a8a8b096d20","f96dbb70db1084e6a97b9e0682123f4c56d0d61a","c9c81816e13e0c78c21fbe9e958422fd95d4d9a0"
"https://github.com/rapidftr/RapidFTR.git","1340","3","[8c43f63791d145c0036d14341514182d8079d331, 03a75db9ca961a6af098345c5c14c4256c68522e, 53e56ed23df375cb8ab9af19cf6f0b4d1b3e7bda]","3","2","8c43f63791d145c0036d14341514182d8079d331","f96dbb70db1084e6a97b9e0682123f4c56d0d61a","5a9bfd3016c2b891e3ebe0eb24467b0acf905b62"
"https://github.com/rapidftr/RapidFTR.git","1342","3","[a0aae05cd10c0150647b3b185fd04ea0f5517d87, 4d3efc80b808ba59a46e879678e89abb9d623a74, 542844409ce0d1fd3b928092fce6f3df8141116e]","3","1","a0aae05cd10c0150647b3b185fd04ea0f5517d87","dc6d55353e848911a70455924be7f0239d1d9d31","9925924766fe2df02fc4575c26c45857a21d717c"
"https://github.com/rapidftr/RapidFTR.git","1349","1","[95b084cbb3a8a5248752f97ecc9cdbd8cf75ad82]","3","1","95b084cbb3a8a5248752f97ecc9cdbd8cf75ad82","4c476af9bc4f831f206554cb4a17b27f6c07d34f","5c7d4f946c09fea99e1d54dcc21394f6f89adbe7"
"https://github.com/rapidftr/RapidFTR.git","1351","2","[b12a2b2d69023a2d0bbd6a2f22e4697c87af5882, 532619b499dbefe46004cb715a58881948d54b7e]","2","1","b12a2b2d69023a2d0bbd6a2f22e4697c87af5882","7c7dec3adc6e9f4da8a91821502fc17d894d3799","5c7d4f946c09fea99e1d54dcc21394f6f89adbe7"
