"REPO_URL","TASK_ID","#HASHES","HASHES","#PROD_FILES","#TEST_FILES","LAST","MERGE","BASE"
"https://github.com/sachac/quantified.git","13","11","[396be37e55d8c2e71f3157dd6702a5194fba0773, 511d17eb9f4668d1951335d79691464238161cc2, 6a83d14160b3612f6ff94dbb023de934e3ec4654, 0dbb05c913020b0d0b9b1994fa566ecae610f63a, a7f9d0e662b5013f9228b52c2dd84b4f686382cb, 7b1b3727c70a049d2733c24d2abfee586a41f86e, 13bcb1e8e241b7d1cda3b669120e524f668e2b44, ac99a0ae50033ea684da5fc309a4d5d86d75e2fb, 80cac7566ac0a84a3500c6744768f1f1dcfce793, 2667e5f748dfca4baf5a35e79a0388a4028ddf5c, feab3582a4f72dbbe3a0c884b844a89cb69b5c93]","14","2","396be37e55d8c2e71f3157dd6702a5194fba0773","a57df741266a59c1a92bda63ebdc9e1e60d6312a","982751fb55c7960306764e5d46d86ba6872064ef"
"https://github.com/sachac/quantified.git","15","2","[f40c7de8e7b42593fcfb5e70a0e4910ab3bb31bb, 3afdc6a63ce74a6ff00c9b981c632d1ea4d9057f]","19","1","f40c7de8e7b42593fcfb5e70a0e4910ab3bb31bb","982751fb55c7960306764e5d46d86ba6872064ef","cfa26fe4adca70f3a6105e6dda8bed642344ab99"
"https://github.com/sachac/quantified.git","19","2","[7411ca5a9d4bd7e6c0618c20a0219006a2f821bb, d7e310f4668f73a880a67de30bd6f4d1064eb3e3]","16","1","7411ca5a9d4bd7e6c0618c20a0219006a2f821bb","3bdb59cec2049ed487aeb2a86f4e4f9eab5cdb38","96a89c8ce9ad5b4e635a641f105897ae8abe0a50"
"https://github.com/sachac/quantified.git","24","1","[e939d1bdde323f551953c3355f1c2f224d4d1503]","10","3","e939d1bdde323f551953c3355f1c2f224d4d1503","3e33a5582c03801aad5eea938a684b300ed2bd49","b41a854b373e4fa07a29d348c8e421aacbd5d56d"
"https://github.com/sachac/quantified.git","27","10","[b41a854b373e4fa07a29d348c8e421aacbd5d56d, 52944e358013afc1b68d60c471b73209ee206b00, 037f7eddff3a7b54b5b64cf8ca60e69752b79f7c, 36c1d014ad3b7b0c72091dbed3becf0ca163cc9b, bea087569d81ace6f09f625b4376ee4fd3a48b73, 29064b2e6b2a2296d6a7abc06c39e6eb38180bfa, 209276ed6a59ace2770c8ccaaacf1f25bd6a780b, 6c699f3eafba69be4f8c99b0d001f9d4c084a223, 9fd5ca22cff51971969e429b2afb6d486ce02ee0, d06c7a4a567381388f8836f7a7a2edb568d93850]","66","2","b41a854b373e4fa07a29d348c8e421aacbd5d56d","008a527978820c815f32a7f22cfa5dc03f75387e","81b8cdb5d2535363f0571885a727ad2f9a5709ff"
"https://github.com/sachac/quantified.git","28","1","[ea4a4cec86d7ca2cd154b5ffc69f9e4f0f4e52ed]","9","4","ea4a4cec86d7ca2cd154b5ffc69f9e4f0f4e52ed","01b789db1d744b1b3be91029d96c11fa49fa064d","775e477857c71560ff01b7103cc4c844a6446703"
"https://github.com/sachac/quantified.git","128","5","[1b7694d18222c787f1fcfad85637604b9a560285, 690676bf57660f8304e2823bf72bf037866e7d24, ea0b851a8933ea58b7318245a3bdf2294e26015b, 505c2222b9ed563e0b5992855fb1b2481bde767c, cf3902362789f42ec7dea3a18f1da208b58f515e]","32","5","1b7694d18222c787f1fcfad85637604b9a560285","6e1cc55fb0f423220931ad1757960ca10c514c54","b63ff13e4d211bdcd07bc3c6357b96d1888a1549"
"https://github.com/sachac/quantified.git","130","5","[9919e0765b699e92cb5fb0268d52831255e94e6d, 1eab3d83c0be02722747ef91ec0ccded8db1dc07, e5155fc32eb23fb57b9360563c428017f4c7acb9, f607968a90a40a79f106446875dd57e84d096c5a, 06e341338f5b7e1e6fb435131c66fcea134252f3]","32","5","9919e0765b699e92cb5fb0268d52831255e94e6d","329f0dfc9e3efe998bb7348d679c93a15b1575bc","5a1f2de65977cba6499f706a4830f2d7b0a8e446"
"https://github.com/sachac/quantified.git","132","5","[e8bb03c12e258b52166b416ed34a5dd5f03caffb, cdc5bb0b84a53a52e7e19154728abf9767b79079, 09e91092e3636d50ee1f5948430959100474fe9f, 3598a77142311079d98eba57f33c7d9afa4f8cef, 4cb5860b682122fc803004d445707b0654f6d31a]","31","5","e8bb03c12e258b52166b416ed34a5dd5f03caffb","339ef74e1e306c0e4e5fd3bf5658ca8126276f22","aad059bd09d3d585048cb0dcfd3762b21564b4ed"
"https://github.com/sachac/quantified.git","134","5","[3ac5f2da0b248565613416d4af64c42acade469f, ca4f5b957986e67feb21f50a69b559171a7208a1, 97e44592291774e2a47779ecd7a425885c4e04d1, 3e8e2708d1fa2bee1c0ef2dedd6ad2b5fefab572, e5fd485c8d18af08ff2f64a81b74b380c892d487]","31","5","3ac5f2da0b248565613416d4af64c42acade469f","6d864332bdd93570bc8dd35e76448b9fb6cea5cf","f81fcf5175ae6b64dcfc1447f8ccda1c7a015d5f"
"https://github.com/sachac/quantified.git","135","1","[f23eda31e117e14c5534bc2d71ef7f3b1c331686]","1","1","f23eda31e117e14c5534bc2d71ef7f3b1c331686","b63ff13e4d211bdcd07bc3c6357b96d1888a1549","b08b6fac5eeb1a6f7f517d3466d62a6c2d7902a8"
"https://github.com/sachac/quantified.git","136","1","[3e1db314c11583073b624e257698d7b9c2c3c18f]","1","1","3e1db314c11583073b624e257698d7b9c2c3c18f","5a1f2de65977cba6499f706a4830f2d7b0a8e446","ddfe29312dbcfb246c9bdd9aa33a5650a64facfc"
"https://github.com/sachac/quantified.git","137","1","[94a0c0b8cc6a57d86e4b0eabac01d9221862277d]","1","1","94a0c0b8cc6a57d86e4b0eabac01d9221862277d","aad059bd09d3d585048cb0dcfd3762b21564b4ed","dc5c630f3597ba6a413c30378a6e2b7e6d0dcb2a"
"https://github.com/sachac/quantified.git","138","1","[99e7f869f33ba88061cfd7b49b96a949a672f691]","1","1","99e7f869f33ba88061cfd7b49b96a949a672f691","f81fcf5175ae6b64dcfc1447f8ccda1c7a015d5f","334acaa6ec53b59a756b2fb528409176dc179f85"
"https://github.com/sachac/quantified.git","192","2","[95502619539ece2da6c8e9ed34afe81b2102be21, b517ba6de003dbee698dd9287bc5e8892ca462c8]","19","1","95502619539ece2da6c8e9ed34afe81b2102be21","85f51fe9d1aeacc4e59fb4b90cfc48700d557eab","391f1736ec9ae2316b00f31f996a055c2682abe2"
"https://github.com/sachac/quantified.git","194","2","[0302a13f48be059424a3c9b83b4d84c6bf585fba, 7c46101de450de4e5df56813dbdeed667c9ecdad]","19","1","0302a13f48be059424a3c9b83b4d84c6bf585fba","bc2dc320679122a6feb11d38bb48d3f59333216e","0d76b2929a6258d315f3066587849e4f09db0d40"
"https://github.com/sachac/quantified.git","196","2","[0d9eeab92783da1d09a8020bc19737ffb04c995a, 5730becd0ba01f6a994716fadcf890147e593e9d]","19","1","0d9eeab92783da1d09a8020bc19737ffb04c995a","eb0a3ed20ac1b42689969ff95b2c0552468dc7ca","3a2c593347fea86fae4aa4853b93810c76240d71"
"https://github.com/sachac/quantified.git","198","2","[5e3e3d8de45c97117104e0c22a821f25d34d3c58, dfad48c64c9fb74b8e18f3b8fb4fb8749b85fcf8]","19","1","5e3e3d8de45c97117104e0c22a821f25d34d3c58","7883dacce72a130a55ae0c6ba55f9828b9da92ca","644af62928a0d304b4bc9f59632615ee7e722826"
