"REPO_URL","TASK_ID","#HASHES","HASHES","#PROD_FILES","#TEST_FILES","LAST","MERGE","BASE"
"https://github.com/sachac/quantified.git","1","1","[0e4018b54d3defca14211ea7ccc1b7597f99e74f]","1","0","0e4018b54d3defca14211ea7ccc1b7597f99e74f","3226e4d7494eb0ab741088f6abd76053d703ba75","ab88d57eb9239e917679774925f377e4e23650d7"
"https://github.com/sachac/quantified.git","10","6","[d6d9930ef827709c52c85e9d4170fb07ba1f1ad0, ef217b5e849c6ffacff660b599c6fc234daa5b74, c55a782937899800de7a9ab90f58acf34e83159e, 0e868a7c8a7964fa5a08d3b102857071fe5ee03a, 933430a9987b990bd04da59efe183879372e48e0, f62cf3b176e4e9a4bd356ed0df8e434e92b3b165]","0","0","d6d9930ef827709c52c85e9d4170fb07ba1f1ad0","a0fbebd2ef8c38f1885e9ab45bd48489af3e8f0a","a57df741266a59c1a92bda63ebdc9e1e60d6312a"
"https://github.com/sachac/quantified.git","100","1","[b7466f86dac8b53c6218bc35d4eac67e810d19b1]","2","0","b7466f86dac8b53c6218bc35d4eac67e810d19b1","e428ed35c9ae009e62133f682cb98d2b0954dd00","e6da8f6903cbf78d1808715818546a0f4b4ad9e0"
"https://github.com/sachac/quantified.git","101","1","[1779d92e1f6545243bd748fa6d4433711e3fc045]","2","0","1779d92e1f6545243bd748fa6d4433711e3fc045","4c4fd3aa40c468a463437d831a7799f7ba58b94f","70972f7c1e18fff49ea8b4418601abae6630e622"
"https://github.com/sachac/quantified.git","102","1","[6ac9572ae9953d712132799cbc129c6105538602]","2","0","6ac9572ae9953d712132799cbc129c6105538602","dadf9f453262a11b7f5c65ebcfbfc24f120d2ed3","bd9834d81a1b522241546d1ee47536443dcd7d99"
"https://github.com/sachac/quantified.git","103","1","[1eeb55d320a306d2c84b661134a3ffb97bc276ac]","1","0","1eeb55d320a306d2c84b661134a3ffb97bc276ac","256596997f1e858f3696145c0c64c9fdb73f010d","4793484c05b77b582dc5c2da9d0f00ad5247aaf6"
"https://github.com/sachac/quantified.git","104","1","[e6da8f6903cbf78d1808715818546a0f4b4ad9e0]","1","0","e6da8f6903cbf78d1808715818546a0f4b4ad9e0","89fd03e8b6859f63137efbc1e51da4bfaa381894","a464334d362ee515b553637a8fdc65943d4ea405"
"https://github.com/sachac/quantified.git","105","1","[70972f7c1e18fff49ea8b4418601abae6630e622]","1","0","70972f7c1e18fff49ea8b4418601abae6630e622","084d26a05bdd651d398e6b675bac3c6a8e035443","cc7c684318729fd7e411dba01354285e642fc1ed"
"https://github.com/sachac/quantified.git","106","1","[bd9834d81a1b522241546d1ee47536443dcd7d99]","1","0","bd9834d81a1b522241546d1ee47536443dcd7d99","690cd2534bf8f9d79f98910efcd2fcbc0ef69bbc","b49bae5f22dbfe9d0fab3f9e787507fe2b53a3e2"
"https://github.com/sachac/quantified.git","107","1","[4793484c05b77b582dc5c2da9d0f00ad5247aaf6]","7","0","4793484c05b77b582dc5c2da9d0f00ad5247aaf6","9f0313cdeba6317ebd62d6efe2c3e51ac0a2900a","c2c5bd7959a3d11f91769afb4b03cfe360dfcd70"
"https://github.com/sachac/quantified.git","108","1","[a464334d362ee515b553637a8fdc65943d4ea405]","7","0","a464334d362ee515b553637a8fdc65943d4ea405","947771a49ae550a2f3e1187fe6366e896384c197","f24a8f6e088314fcf4f19a52ccaa55f23a663423"
"https://github.com/sachac/quantified.git","109","1","[cc7c684318729fd7e411dba01354285e642fc1ed]","7","0","cc7c684318729fd7e411dba01354285e642fc1ed","a089b03d2f9e221040f63537f901aaf26b33f1aa","89493bb233e71e9ef8d7c5e8b71291dd73e27436"
"https://github.com/sachac/quantified.git","11","12","[450dbba5e63e0cbe5430e03f214e827b331b3bfc, 396be37e55d8c2e71f3157dd6702a5194fba0773, 511d17eb9f4668d1951335d79691464238161cc2, 6a83d14160b3612f6ff94dbb023de934e3ec4654, 0dbb05c913020b0d0b9b1994fa566ecae610f63a, a7f9d0e662b5013f9228b52c2dd84b4f686382cb, 7b1b3727c70a049d2733c24d2abfee586a41f86e, 13bcb1e8e241b7d1cda3b669120e524f668e2b44, ac99a0ae50033ea684da5fc309a4d5d86d75e2fb, 80cac7566ac0a84a3500c6744768f1f1dcfce793, 2667e5f748dfca4baf5a35e79a0388a4028ddf5c, feab3582a4f72dbbe3a0c884b844a89cb69b5c93]","15","2","450dbba5e63e0cbe5430e03f214e827b331b3bfc","13940814ec8552329928359a7887da74294fead1","982751fb55c7960306764e5d46d86ba6872064ef"
"https://github.com/sachac/quantified.git","110","1","[b49bae5f22dbfe9d0fab3f9e787507fe2b53a3e2]","7","0","b49bae5f22dbfe9d0fab3f9e787507fe2b53a3e2","04cbba30a316c3a162824e5eeecfefaf24cfc243","37cd8ec8d2b65baa196b5a16929e77f92db3cd33"
"https://github.com/sachac/quantified.git","111","1","[f4f160f2877a034ecc48e8014a4666e4e6abec6c]","0","0","f4f160f2877a034ecc48e8014a4666e4e6abec6c","2fa52c0836cd918d90b11dca2326aa486b0f22ff","f9f1c10fc4d178922c97963372177e84034f5783"
"https://github.com/sachac/quantified.git","112","1","[dcd50f6a7ab3820202fc5ab144ddc449fcad0483]","0","0","dcd50f6a7ab3820202fc5ab144ddc449fcad0483","ee715f3c50207208ee03f208379aaf0e4d2e460b","b6fc21e919e681f1aa900885e7a9ff0d26ad47a5"
"https://github.com/sachac/quantified.git","113","1","[551ce8323e83f6383a5e6f78580d243dd5c803a8]","0","0","551ce8323e83f6383a5e6f78580d243dd5c803a8","dd2e54fd42cfaf2f32bfec4a5057569c678f6314","082d20fd3a0866b1e02427fc5695e3e5b472f38b"
"https://github.com/sachac/quantified.git","114","1","[a5c78572ffdb15b955a6b4e560c915fd5c64a353]","0","0","a5c78572ffdb15b955a6b4e560c915fd5c64a353","f9f8d6e92121023eb35a4533b1776f499da9b776","7db66416095daec62b63e52027803eb3f6cc55ef"
"https://github.com/sachac/quantified.git","115","2","[8ba6821f986be2895d288f3fe7707dbeeaa4698e, 70c09b94e69e1cd94a874882abc329690d6900fb]","10","0","8ba6821f986be2895d288f3fe7707dbeeaa4698e","c2c5bd7959a3d11f91769afb4b03cfe360dfcd70","20f3373982e6376d97b8c14c45529f95d770dffb"
"https://github.com/sachac/quantified.git","116","2","[7905d28c7a838139d2f62c52cd2b580ff7b57849, 6d376bc00d524f8db102dc16276ffd039dc39a6f]","10","0","7905d28c7a838139d2f62c52cd2b580ff7b57849","f24a8f6e088314fcf4f19a52ccaa55f23a663423","a9e309a443f861776ce8ae5915fbd1b9fd089ee2"
"https://github.com/sachac/quantified.git","117","2","[325cff7d22c994dde91e415b0f0666636a0902bb, b963755129edc0b3efbde46b042ff27bca8121cb]","10","0","325cff7d22c994dde91e415b0f0666636a0902bb","89493bb233e71e9ef8d7c5e8b71291dd73e27436","ab3a5fbb9ffca9033c33de5b400fd0cfae0e4bbd"
"https://github.com/sachac/quantified.git","118","2","[2c5ab85d0ecce3b33cd65977f4c473ea706feacc, 074fd1d3bd282e505f3e5fbd50f45c85e1e95b4d]","10","0","2c5ab85d0ecce3b33cd65977f4c473ea706feacc","37cd8ec8d2b65baa196b5a16929e77f92db3cd33","9a9476319307f06c0b1c9bd21273f4aea0860f66"
"https://github.com/sachac/quantified.git","119","1","[1b60c0e97f5a590c5d9888f805afcf4837d6d831]","5","0","1b60c0e97f5a590c5d9888f805afcf4837d6d831","f9f1c10fc4d178922c97963372177e84034f5783","03813188a0b3b2bc086ae6ca0945125c36ca0c10"
"https://github.com/sachac/quantified.git","12","1","[0a3976a8ffda425f0891dd9b884950e96001341c]","2","0","0a3976a8ffda425f0891dd9b884950e96001341c","13940814ec8552329928359a7887da74294fead1","6d6f9fd7cfa4e416dd663d821fb023210e56917f"
"https://github.com/sachac/quantified.git","120","1","[20f3373982e6376d97b8c14c45529f95d770dffb]","24","0","20f3373982e6376d97b8c14c45529f95d770dffb","f9f1c10fc4d178922c97963372177e84034f5783","03813188a0b3b2bc086ae6ca0945125c36ca0c10"
"https://github.com/sachac/quantified.git","121","1","[f6ebc09179fc3a6071f16998a45bffd73076dd67]","5","0","f6ebc09179fc3a6071f16998a45bffd73076dd67","b6fc21e919e681f1aa900885e7a9ff0d26ad47a5","a360913c8a63390b502a29a42a7641b7a400c190"
"https://github.com/sachac/quantified.git","122","1","[a9e309a443f861776ce8ae5915fbd1b9fd089ee2]","24","0","a9e309a443f861776ce8ae5915fbd1b9fd089ee2","b6fc21e919e681f1aa900885e7a9ff0d26ad47a5","a360913c8a63390b502a29a42a7641b7a400c190"
"https://github.com/sachac/quantified.git","123","1","[964158e7ed8bafcf3742f547c77f2264aa433928]","5","0","964158e7ed8bafcf3742f547c77f2264aa433928","082d20fd3a0866b1e02427fc5695e3e5b472f38b","ae6d48bdb2d9c7d454c683f3bc6fcf8b956d6c93"
"https://github.com/sachac/quantified.git","124","1","[ab3a5fbb9ffca9033c33de5b400fd0cfae0e4bbd]","23","0","ab3a5fbb9ffca9033c33de5b400fd0cfae0e4bbd","082d20fd3a0866b1e02427fc5695e3e5b472f38b","ae6d48bdb2d9c7d454c683f3bc6fcf8b956d6c93"
"https://github.com/sachac/quantified.git","125","1","[8c0372993ec822c4a5029b82d98f53a04b5aad3a]","5","0","8c0372993ec822c4a5029b82d98f53a04b5aad3a","7db66416095daec62b63e52027803eb3f6cc55ef","d9a5b4b3062d0b0ec94c632891f43e937755fa35"
"https://github.com/sachac/quantified.git","126","1","[9a9476319307f06c0b1c9bd21273f4aea0860f66]","23","0","9a9476319307f06c0b1c9bd21273f4aea0860f66","7db66416095daec62b63e52027803eb3f6cc55ef","d9a5b4b3062d0b0ec94c632891f43e937755fa35"
"https://github.com/sachac/quantified.git","127","1","[92f19cfad0e2db7dd794e19522eacf88ace33bff]","3","0","92f19cfad0e2db7dd794e19522eacf88ace33bff","6e1cc55fb0f423220931ad1757960ca10c514c54","391f1736ec9ae2316b00f31f996a055c2682abe2"
"https://github.com/sachac/quantified.git","128","5","[1b7694d18222c787f1fcfad85637604b9a560285, 690676bf57660f8304e2823bf72bf037866e7d24, ea0b851a8933ea58b7318245a3bdf2294e26015b, 505c2222b9ed563e0b5992855fb1b2481bde767c, cf3902362789f42ec7dea3a18f1da208b58f515e]","32","5","1b7694d18222c787f1fcfad85637604b9a560285","6e1cc55fb0f423220931ad1757960ca10c514c54","b63ff13e4d211bdcd07bc3c6357b96d1888a1549"
"https://github.com/sachac/quantified.git","129","1","[badd93c545309805025040bf6768b79a72fc9339]","3","0","badd93c545309805025040bf6768b79a72fc9339","329f0dfc9e3efe998bb7348d679c93a15b1575bc","0d76b2929a6258d315f3066587849e4f09db0d40"
"https://github.com/sachac/quantified.git","13","11","[396be37e55d8c2e71f3157dd6702a5194fba0773, 511d17eb9f4668d1951335d79691464238161cc2, 6a83d14160b3612f6ff94dbb023de934e3ec4654, 0dbb05c913020b0d0b9b1994fa566ecae610f63a, a7f9d0e662b5013f9228b52c2dd84b4f686382cb, 7b1b3727c70a049d2733c24d2abfee586a41f86e, 13bcb1e8e241b7d1cda3b669120e524f668e2b44, ac99a0ae50033ea684da5fc309a4d5d86d75e2fb, 80cac7566ac0a84a3500c6744768f1f1dcfce793, 2667e5f748dfca4baf5a35e79a0388a4028ddf5c, feab3582a4f72dbbe3a0c884b844a89cb69b5c93]","14","2","396be37e55d8c2e71f3157dd6702a5194fba0773","a57df741266a59c1a92bda63ebdc9e1e60d6312a","982751fb55c7960306764e5d46d86ba6872064ef"
"https://github.com/sachac/quantified.git","130","5","[9919e0765b699e92cb5fb0268d52831255e94e6d, 1eab3d83c0be02722747ef91ec0ccded8db1dc07, e5155fc32eb23fb57b9360563c428017f4c7acb9, f607968a90a40a79f106446875dd57e84d096c5a, 06e341338f5b7e1e6fb435131c66fcea134252f3]","32","5","9919e0765b699e92cb5fb0268d52831255e94e6d","329f0dfc9e3efe998bb7348d679c93a15b1575bc","5a1f2de65977cba6499f706a4830f2d7b0a8e446"
"https://github.com/sachac/quantified.git","131","1","[df557412e67d56b5a7b0ec636f7c33fdec89ef88]","3","0","df557412e67d56b5a7b0ec636f7c33fdec89ef88","339ef74e1e306c0e4e5fd3bf5658ca8126276f22","3a2c593347fea86fae4aa4853b93810c76240d71"
"https://github.com/sachac/quantified.git","132","5","[e8bb03c12e258b52166b416ed34a5dd5f03caffb, cdc5bb0b84a53a52e7e19154728abf9767b79079, 09e91092e3636d50ee1f5948430959100474fe9f, 3598a77142311079d98eba57f33c7d9afa4f8cef, 4cb5860b682122fc803004d445707b0654f6d31a]","31","5","e8bb03c12e258b52166b416ed34a5dd5f03caffb","339ef74e1e306c0e4e5fd3bf5658ca8126276f22","aad059bd09d3d585048cb0dcfd3762b21564b4ed"
"https://github.com/sachac/quantified.git","133","1","[ce6a21a73e1ed3e594b165f34c55136ec794cd49]","3","0","ce6a21a73e1ed3e594b165f34c55136ec794cd49","6d864332bdd93570bc8dd35e76448b9fb6cea5cf","644af62928a0d304b4bc9f59632615ee7e722826"
"https://github.com/sachac/quantified.git","134","5","[3ac5f2da0b248565613416d4af64c42acade469f, ca4f5b957986e67feb21f50a69b559171a7208a1, 97e44592291774e2a47779ecd7a425885c4e04d1, 3e8e2708d1fa2bee1c0ef2dedd6ad2b5fefab572, e5fd485c8d18af08ff2f64a81b74b380c892d487]","31","5","3ac5f2da0b248565613416d4af64c42acade469f","6d864332bdd93570bc8dd35e76448b9fb6cea5cf","f81fcf5175ae6b64dcfc1447f8ccda1c7a015d5f"
"https://github.com/sachac/quantified.git","135","1","[f23eda31e117e14c5534bc2d71ef7f3b1c331686]","1","1","f23eda31e117e14c5534bc2d71ef7f3b1c331686","b63ff13e4d211bdcd07bc3c6357b96d1888a1549","b08b6fac5eeb1a6f7f517d3466d62a6c2d7902a8"
"https://github.com/sachac/quantified.git","136","1","[3e1db314c11583073b624e257698d7b9c2c3c18f]","1","1","3e1db314c11583073b624e257698d7b9c2c3c18f","5a1f2de65977cba6499f706a4830f2d7b0a8e446","ddfe29312dbcfb246c9bdd9aa33a5650a64facfc"
"https://github.com/sachac/quantified.git","137","1","[94a0c0b8cc6a57d86e4b0eabac01d9221862277d]","1","1","94a0c0b8cc6a57d86e4b0eabac01d9221862277d","aad059bd09d3d585048cb0dcfd3762b21564b4ed","dc5c630f3597ba6a413c30378a6e2b7e6d0dcb2a"
"https://github.com/sachac/quantified.git","138","1","[99e7f869f33ba88061cfd7b49b96a949a672f691]","1","1","99e7f869f33ba88061cfd7b49b96a949a672f691","f81fcf5175ae6b64dcfc1447f8ccda1c7a015d5f","334acaa6ec53b59a756b2fb528409176dc179f85"
"https://github.com/sachac/quantified.git","139","1","[5bf62d9604434121690c306bd0db559fb8ea1029]","1","0","5bf62d9604434121690c306bd0db559fb8ea1029","245022e365075ad75983eba71fe5af61cb13bbc0","63084481d1cd27a51d95b037f59ba3b40f4693fa"
"https://github.com/sachac/quantified.git","140","1","[b08b6fac5eeb1a6f7f517d3466d62a6c2d7902a8]","3","0","b08b6fac5eeb1a6f7f517d3466d62a6c2d7902a8","245022e365075ad75983eba71fe5af61cb13bbc0","63084481d1cd27a51d95b037f59ba3b40f4693fa"
"https://github.com/sachac/quantified.git","141","1","[f45971e792763e8373c54e592a4cf047451453d0]","1","0","f45971e792763e8373c54e592a4cf047451453d0","84ab12c27469a7b7b1b90752e4233b0eaa48486c","d3b2ec72ddc5c51a775f53ec39ec27c13302d508"
"https://github.com/sachac/quantified.git","142","1","[ddfe29312dbcfb246c9bdd9aa33a5650a64facfc]","3","0","ddfe29312dbcfb246c9bdd9aa33a5650a64facfc","84ab12c27469a7b7b1b90752e4233b0eaa48486c","d3b2ec72ddc5c51a775f53ec39ec27c13302d508"
"https://github.com/sachac/quantified.git","143","1","[668922d2017670f2330216d612e07c032a2753b1]","1","0","668922d2017670f2330216d612e07c032a2753b1","9902ec0c2a964235f5d96fba2797150a81994bd4","42c4ada6bf4134ecc14b5411d9a5a5a1e163800d"
"https://github.com/sachac/quantified.git","144","1","[dc5c630f3597ba6a413c30378a6e2b7e6d0dcb2a]","3","0","dc5c630f3597ba6a413c30378a6e2b7e6d0dcb2a","9902ec0c2a964235f5d96fba2797150a81994bd4","42c4ada6bf4134ecc14b5411d9a5a5a1e163800d"
"https://github.com/sachac/quantified.git","145","1","[d66b1d25311fb4bd6a6f97e16680fd76d39266c6]","1","0","d66b1d25311fb4bd6a6f97e16680fd76d39266c6","2d02cde51ef5f2450ecf1e88aaa0d7c311817aa7","7b78f76067cce86defba9ce389de2bcbbeff7482"
"https://github.com/sachac/quantified.git","146","1","[334acaa6ec53b59a756b2fb528409176dc179f85]","3","0","334acaa6ec53b59a756b2fb528409176dc179f85","2d02cde51ef5f2450ecf1e88aaa0d7c311817aa7","7b78f76067cce86defba9ce389de2bcbbeff7482"
"https://github.com/sachac/quantified.git","147","1","[c0250968f41ada02978992529cc7fe208c848c5d]","0","0","c0250968f41ada02978992529cc7fe208c848c5d","7da5530455354e0d3d5ca57fe04a355aa53cd176","b6e041c25411909b7760a81492a0f005ecfd01bc"
"https://github.com/sachac/quantified.git","148","1","[b6e041c25411909b7760a81492a0f005ecfd01bc]","0","0","b6e041c25411909b7760a81492a0f005ecfd01bc","bef68fb63f98859939db30069d4365ee506c2b9a","2772256a7d0cab1c6bd0fe56d3317f185dded3f5"
"https://github.com/sachac/quantified.git","149","1","[4e701c4788fa2e5e0b58cc362220ba5dec0a33c5]","5","0","4e701c4788fa2e5e0b58cc362220ba5dec0a33c5","e95eda762bad5f4545c06ed7a60457b66d54d1ea","c14a1e10c1a70866c18cfdf80d0874b144a3c252"
"https://github.com/sachac/quantified.git","15","2","[f40c7de8e7b42593fcfb5e70a0e4910ab3bb31bb, 3afdc6a63ce74a6ff00c9b981c632d1ea4d9057f]","19","1","f40c7de8e7b42593fcfb5e70a0e4910ab3bb31bb","982751fb55c7960306764e5d46d86ba6872064ef","cfa26fe4adca70f3a6105e6dda8bed642344ab99"
"https://github.com/sachac/quantified.git","150","1","[2772256a7d0cab1c6bd0fe56d3317f185dded3f5]","5","0","2772256a7d0cab1c6bd0fe56d3317f185dded3f5","e95eda762bad5f4545c06ed7a60457b66d54d1ea","3427973fa98e18c9597080e244fa8199fe2754fd"
"https://github.com/sachac/quantified.git","151","1","[8693129d52164775fa4b2f8f97e22bd67d526507]","0","0","8693129d52164775fa4b2f8f97e22bd67d526507","4307091b5efcefc63681d60295f260c04a25b085","0fcf53ac17148504d71e58914e571ed8535667b4"
"https://github.com/sachac/quantified.git","152","1","[0fcf53ac17148504d71e58914e571ed8535667b4]","0","0","0fcf53ac17148504d71e58914e571ed8535667b4","4822904363e24c13b24b69f8efaf24b65452f10a","3313e491b9e2edb50b34c2a2b883225529d30527"
"https://github.com/sachac/quantified.git","153","1","[9b85365a145dd1b09b2e88e616630ede98744939]","5","0","9b85365a145dd1b09b2e88e616630ede98744939","3359ab78f6c7cdc8b941c55c29ea5d468ed7e0cc","5ad9759997e9e65ff0612b0ce008e104f5a38409"
"https://github.com/sachac/quantified.git","154","1","[3313e491b9e2edb50b34c2a2b883225529d30527]","5","0","3313e491b9e2edb50b34c2a2b883225529d30527","3359ab78f6c7cdc8b941c55c29ea5d468ed7e0cc","18d1a8fa70919eeb279cd2573430f0a072b0d909"
"https://github.com/sachac/quantified.git","155","1","[5b2b825793456b5f29c360ba67eef1b600700cc4]","0","0","5b2b825793456b5f29c360ba67eef1b600700cc4","91379ba0e1cd2155b63fa405b5478b3e1fcf518b","1e6b1bdc7efb41ce4f612c2428997694175a5731"
"https://github.com/sachac/quantified.git","156","1","[1e6b1bdc7efb41ce4f612c2428997694175a5731]","0","0","1e6b1bdc7efb41ce4f612c2428997694175a5731","d9042cb971a836cccd0e8ce58ff2bcd25e97bd8a","fe0be4cd6ccf2b531ff79f9f42e5755270832e3e"
"https://github.com/sachac/quantified.git","157","1","[8f49292172d5200332b0c270fc462775025c6c38]","5","0","8f49292172d5200332b0c270fc462775025c6c38","d6ae070ce2297065bd8bceae0d1747015a0b1224","87d163fa5d128e824ba5e69bb17229f84b411751"
"https://github.com/sachac/quantified.git","158","1","[fe0be4cd6ccf2b531ff79f9f42e5755270832e3e]","5","0","fe0be4cd6ccf2b531ff79f9f42e5755270832e3e","d6ae070ce2297065bd8bceae0d1747015a0b1224","2a0a91576591ab6ec20b0f3f632c8140c11c9675"
"https://github.com/sachac/quantified.git","159","1","[f27677774ead4896f651f441576862ccccfdaf9c]","0","0","f27677774ead4896f651f441576862ccccfdaf9c","ea2c1959c58fd8648e3c4e26eab9f7cec7c8303d","01bdd48e7815ef82bf47c04918a6f957d5af2759"
"https://github.com/sachac/quantified.git","16","5","[6d6f9fd7cfa4e416dd663d821fb023210e56917f, 16220a5ac26143f29af877d65fadb18f35b4c5b8, f74c1c73dcd5c3353ae3500c118e4fc56c3b9643, 189e074b86cd188c03a31e0eb90e42b36e58aa8b, c8c6b47e29fe4a33086ad8f245ec87701c9d7650]","7","0","6d6f9fd7cfa4e416dd663d821fb023210e56917f","982751fb55c7960306764e5d46d86ba6872064ef","cfa26fe4adca70f3a6105e6dda8bed642344ab99"
"https://github.com/sachac/quantified.git","160","1","[01bdd48e7815ef82bf47c04918a6f957d5af2759]","0","0","01bdd48e7815ef82bf47c04918a6f957d5af2759","7c5ce2073cab24b06c694b5e9fb63e1329211eca","d292199e2226a1e6780160316392fa9845a23d11"
"https://github.com/sachac/quantified.git","161","1","[223f702ebd5e6172d0d2d6ad145ecc9b9b96798a]","5","0","223f702ebd5e6172d0d2d6ad145ecc9b9b96798a","c855e2f05ae879bfcbe1cf1c217f7faeb7191caf","546f072918af3c7185519899b1a60d3fac76d77d"
"https://github.com/sachac/quantified.git","162","1","[d292199e2226a1e6780160316392fa9845a23d11]","5","0","d292199e2226a1e6780160316392fa9845a23d11","c855e2f05ae879bfcbe1cf1c217f7faeb7191caf","2e1cc81a8c1c450480557ccb2bb8d7a464373cc5"
"https://github.com/sachac/quantified.git","163","2","[3427973fa98e18c9597080e244fa8199fe2754fd, 03aec23ff0fdf926f1e0eb6400251e61f9b70b61]","5","0","3427973fa98e18c9597080e244fa8199fe2754fd","c14a1e10c1a70866c18cfdf80d0874b144a3c252","3cd54be9a38620530eb6deeed5f01ea19d2d02ec"
"https://github.com/sachac/quantified.git","164","2","[18d1a8fa70919eeb279cd2573430f0a072b0d909, 375e9716d01732aacb92dd32a95a4faa3fe2f0dd]","5","0","18d1a8fa70919eeb279cd2573430f0a072b0d909","5ad9759997e9e65ff0612b0ce008e104f5a38409","c34ceac3e6e7d4301392f4a63ec151dfe30eeef6"
"https://github.com/sachac/quantified.git","165","2","[2a0a91576591ab6ec20b0f3f632c8140c11c9675, 413340867c4b5111a186c3c1ef20be4ccbcd5d3e]","5","0","2a0a91576591ab6ec20b0f3f632c8140c11c9675","87d163fa5d128e824ba5e69bb17229f84b411751","528daf723c043e3209ddecdfb5546c3aec618549"
"https://github.com/sachac/quantified.git","166","2","[2e1cc81a8c1c450480557ccb2bb8d7a464373cc5, 602375b9db85000197ce4627470691a97a9b47be]","5","0","2e1cc81a8c1c450480557ccb2bb8d7a464373cc5","546f072918af3c7185519899b1a60d3fac76d77d","f3cee7357670daeddcdcb1dd9ee42740190edd54"
"https://github.com/sachac/quantified.git","167","1","[3cd54be9a38620530eb6deeed5f01ea19d2d02ec]","1","0","3cd54be9a38620530eb6deeed5f01ea19d2d02ec","55fd6fa1d90b110d19980187aeba23300b28e07c","dfc17d38f77cc23927919de0f27cf74e81eb3c8e"
"https://github.com/sachac/quantified.git","168","1","[c34ceac3e6e7d4301392f4a63ec151dfe30eeef6]","1","0","c34ceac3e6e7d4301392f4a63ec151dfe30eeef6","d153692521f622fdae85a12c06080c5824e1df85","ef5fb493fb10e8a03791a9a366e90c776339fca8"
"https://github.com/sachac/quantified.git","169","1","[528daf723c043e3209ddecdfb5546c3aec618549]","1","0","528daf723c043e3209ddecdfb5546c3aec618549","70faf88fa283c02f00cb970c619d0a6eb7150119","25146a9b9a1f12ac49786b8d7629ba91e8880fb8"
"https://github.com/sachac/quantified.git","17","1","[03a3b1ff3539c1ed5a1e91c2e6cf706b89e2cff4]","3","0","03a3b1ff3539c1ed5a1e91c2e6cf706b89e2cff4","2583085dde4f1f9f38ab8e339d2e6f0c966af032","7411ca5a9d4bd7e6c0618c20a0219006a2f821bb"
"https://github.com/sachac/quantified.git","170","1","[f3cee7357670daeddcdcb1dd9ee42740190edd54]","1","0","f3cee7357670daeddcdcb1dd9ee42740190edd54","4c68ee6840e62014a1cad5b8ff43bce5e6d7926e","665d47c5bc8273b116b53c30da1743999c2cab89"
"https://github.com/sachac/quantified.git","171","1","[dfc17d38f77cc23927919de0f27cf74e81eb3c8e]","4","0","dfc17d38f77cc23927919de0f27cf74e81eb3c8e","efbd594ab365850fdcf5cf929fc882dee001bbda","0f4605b3bb930cba3e6f5f25f07f64d50ec69f20"
"https://github.com/sachac/quantified.git","172","1","[ef5fb493fb10e8a03791a9a366e90c776339fca8]","4","0","ef5fb493fb10e8a03791a9a366e90c776339fca8","daf9443993eabbbb0b58b8859e713419877e708d","2cc6a46213a7b66876860e2ddccbf75e41bcdf76"
"https://github.com/sachac/quantified.git","173","1","[25146a9b9a1f12ac49786b8d7629ba91e8880fb8]","4","0","25146a9b9a1f12ac49786b8d7629ba91e8880fb8","53765195ceb2fe56d247f0fa7204139b405bff96","ad60e0f7c223128ad89064d752568980b2ec665c"
"https://github.com/sachac/quantified.git","174","1","[665d47c5bc8273b116b53c30da1743999c2cab89]","4","0","665d47c5bc8273b116b53c30da1743999c2cab89","956af71c6ed17e56da181762869ee19dbb6f124f","87755fa917ee3444cc4710539cb8442e6a05beb7"
"https://github.com/sachac/quantified.git","175","1","[0f4605b3bb930cba3e6f5f25f07f64d50ec69f20]","3","0","0f4605b3bb930cba3e6f5f25f07f64d50ec69f20","7f385e1dc3279d1d12735a3476905e77807acb58","51ad662e3d48aaaea4e910b1154ca3a651ecbc08"
"https://github.com/sachac/quantified.git","176","1","[2cc6a46213a7b66876860e2ddccbf75e41bcdf76]","3","0","2cc6a46213a7b66876860e2ddccbf75e41bcdf76","0ff63612f52e442076ac9ac85f15c9cf80603490","7ece69373c456e6b319698deb516daf898ac7fe8"
"https://github.com/sachac/quantified.git","177","1","[ad60e0f7c223128ad89064d752568980b2ec665c]","3","0","ad60e0f7c223128ad89064d752568980b2ec665c","ee093926008a72c9997e67d9445e2eff084a8ea1","045022115b35394629381f17c78c34e62188998b"
"https://github.com/sachac/quantified.git","178","1","[87755fa917ee3444cc4710539cb8442e6a05beb7]","3","0","87755fa917ee3444cc4710539cb8442e6a05beb7","5d27d3aadfb1f086280c82c0bb33cc36965684d0","49ba4a94112d04c2a11fe24548ede030a661f576"
"https://github.com/sachac/quantified.git","179","1","[51ad662e3d48aaaea4e910b1154ca3a651ecbc08]","5","0","51ad662e3d48aaaea4e910b1154ca3a651ecbc08","e19cdcf9e96ade85c48abaaa712735d7c9f6e34a","9643553717832fd11a2bf1d05ec0368423069402"
"https://github.com/sachac/quantified.git","18","3","[8755e93b5d41c273af4f477b966ae8843ad12e86, 20656fac3a85dbdfe21d99f28698e9405faf5d06, b843807749d041e32de6cee194ea9c9bdc05c777]","2","0","8755e93b5d41c273af4f477b966ae8843ad12e86","3bdb59cec2049ed487aeb2a86f4e4f9eab5cdb38","96a89c8ce9ad5b4e635a641f105897ae8abe0a50"
"https://github.com/sachac/quantified.git","180","1","[7ece69373c456e6b319698deb516daf898ac7fe8]","5","0","7ece69373c456e6b319698deb516daf898ac7fe8","7e10676bf7f8a42cfaa7b367556773468fc3ffaf","af1c0e32b631c1de4d7142208e991ac185c39a91"
"https://github.com/sachac/quantified.git","181","1","[045022115b35394629381f17c78c34e62188998b]","5","0","045022115b35394629381f17c78c34e62188998b","cda2a0b1d55c9e5dd81079ed8ab4781bbdafdd76","b149385cba5319aa39e633cbb23e3282c66ae3b6"
"https://github.com/sachac/quantified.git","182","1","[49ba4a94112d04c2a11fe24548ede030a661f576]","5","0","49ba4a94112d04c2a11fe24548ede030a661f576","4f9a163efdedb472e3e971be9e2d7e643e32ae96","c4839d11e1df664408fddc34d8e11dceef78ac5b"
"https://github.com/sachac/quantified.git","183","2","[9643553717832fd11a2bf1d05ec0368423069402, 37b392f85306f3d6ca597321c60d7983ecaa5384]","1","0","9643553717832fd11a2bf1d05ec0368423069402","7225ee36f3b6749b327dffa035e5f709ad85b2bc","8830743bddff292aa4ea08470eaaec01cf2989cd"
"https://github.com/sachac/quantified.git","184","2","[af1c0e32b631c1de4d7142208e991ac185c39a91, d83c34df829eed08094901e2203dae22cd19f414]","1","0","af1c0e32b631c1de4d7142208e991ac185c39a91","387ff8b6f44f1ae27d717235aade96b5d7faf1e3","0fc566bf3c3022c6fe873ba301bb5c10481b12b1"
"https://github.com/sachac/quantified.git","185","2","[b149385cba5319aa39e633cbb23e3282c66ae3b6, d51be7401467f1f527d5dfbe8b1fad71f9e9961e]","1","0","b149385cba5319aa39e633cbb23e3282c66ae3b6","66be4482731ff34f767329724c576561430b6295","5f63bc9e72e61f60f4f212de7f2e4ce67c3f95ab"
"https://github.com/sachac/quantified.git","186","2","[c4839d11e1df664408fddc34d8e11dceef78ac5b, 7733fb99a5be691ea8f0e3c590b36a992908c8a4]","1","0","c4839d11e1df664408fddc34d8e11dceef78ac5b","02f34a8403fe3a8b3ce5f8b9272d84b4f0cc737b","cfb6e8fc6ad89fcd0e23079db63bde022bb32a05"
"https://github.com/sachac/quantified.git","187","2","[8830743bddff292aa4ea08470eaaec01cf2989cd, 565b9b740a58330591b34681e75c11505c56cfe4]","10","0","8830743bddff292aa4ea08470eaaec01cf2989cd","080c7a8ce842c9c602c15227277b97949da54306","95502619539ece2da6c8e9ed34afe81b2102be21"
"https://github.com/sachac/quantified.git","188","2","[0fc566bf3c3022c6fe873ba301bb5c10481b12b1, f92d3a1a510bde43b40b7f37ad12303e0862de67]","10","0","0fc566bf3c3022c6fe873ba301bb5c10481b12b1","ff90cd731ae0476282c4ef4c6617606755260a8e","0302a13f48be059424a3c9b83b4d84c6bf585fba"
"https://github.com/sachac/quantified.git","189","2","[5f63bc9e72e61f60f4f212de7f2e4ce67c3f95ab, 07f6554d54a81ca68a5ecd2a155b200c0ae8d9d7]","10","0","5f63bc9e72e61f60f4f212de7f2e4ce67c3f95ab","14946836a8e1a9f2b35570eb485df05d615da06d","0d9eeab92783da1d09a8020bc19737ffb04c995a"
"https://github.com/sachac/quantified.git","19","2","[7411ca5a9d4bd7e6c0618c20a0219006a2f821bb, d7e310f4668f73a880a67de30bd6f4d1064eb3e3]","16","1","7411ca5a9d4bd7e6c0618c20a0219006a2f821bb","3bdb59cec2049ed487aeb2a86f4e4f9eab5cdb38","96a89c8ce9ad5b4e635a641f105897ae8abe0a50"
"https://github.com/sachac/quantified.git","190","2","[cfb6e8fc6ad89fcd0e23079db63bde022bb32a05, d3f90acdcd33af794dba8265da7370f5cd488db6]","10","0","cfb6e8fc6ad89fcd0e23079db63bde022bb32a05","375adb2c39b9f5199432bd5d2dffe04510378400","5e3e3d8de45c97117104e0c22a821f25d34d3c58"
"https://github.com/sachac/quantified.git","191","1","[5e9f9cc66328b9f8ca9e7ebb5abec0a35d43d325]","2","0","5e9f9cc66328b9f8ca9e7ebb5abec0a35d43d325","85f51fe9d1aeacc4e59fb4b90cfc48700d557eab","391f1736ec9ae2316b00f31f996a055c2682abe2"
"https://github.com/sachac/quantified.git","192","2","[95502619539ece2da6c8e9ed34afe81b2102be21, b517ba6de003dbee698dd9287bc5e8892ca462c8]","19","1","95502619539ece2da6c8e9ed34afe81b2102be21","85f51fe9d1aeacc4e59fb4b90cfc48700d557eab","391f1736ec9ae2316b00f31f996a055c2682abe2"
"https://github.com/sachac/quantified.git","193","1","[b58e5125c898a0562beca345550cd8479fdb1093]","2","0","b58e5125c898a0562beca345550cd8479fdb1093","bc2dc320679122a6feb11d38bb48d3f59333216e","0d76b2929a6258d315f3066587849e4f09db0d40"
"https://github.com/sachac/quantified.git","194","2","[0302a13f48be059424a3c9b83b4d84c6bf585fba, 7c46101de450de4e5df56813dbdeed667c9ecdad]","19","1","0302a13f48be059424a3c9b83b4d84c6bf585fba","bc2dc320679122a6feb11d38bb48d3f59333216e","0d76b2929a6258d315f3066587849e4f09db0d40"
"https://github.com/sachac/quantified.git","195","1","[dc5bc8fe9f215a28355ce47241b7db809ca071a2]","1","0","dc5bc8fe9f215a28355ce47241b7db809ca071a2","eb0a3ed20ac1b42689969ff95b2c0552468dc7ca","3a2c593347fea86fae4aa4853b93810c76240d71"
"https://github.com/sachac/quantified.git","196","2","[0d9eeab92783da1d09a8020bc19737ffb04c995a, 5730becd0ba01f6a994716fadcf890147e593e9d]","19","1","0d9eeab92783da1d09a8020bc19737ffb04c995a","eb0a3ed20ac1b42689969ff95b2c0552468dc7ca","3a2c593347fea86fae4aa4853b93810c76240d71"
"https://github.com/sachac/quantified.git","197","1","[11e60eee6aa36140c07dc667d39c617c0d0fad4e]","1","0","11e60eee6aa36140c07dc667d39c617c0d0fad4e","7883dacce72a130a55ae0c6ba55f9828b9da92ca","644af62928a0d304b4bc9f59632615ee7e722826"
"https://github.com/sachac/quantified.git","198","2","[5e3e3d8de45c97117104e0c22a821f25d34d3c58, dfad48c64c9fb74b8e18f3b8fb4fb8749b85fcf8]","19","1","5e3e3d8de45c97117104e0c22a821f25d34d3c58","7883dacce72a130a55ae0c6ba55f9828b9da92ca","644af62928a0d304b4bc9f59632615ee7e722826"
"https://github.com/sachac/quantified.git","199","1","[24884a623b1a497902b464f5a58b252386a8b075]","1","0","24884a623b1a497902b464f5a58b252386a8b075","c636a406c86ad22d468782fe00a157192c2acb2b","45a17041fa19c2945176acf54fcbda66ecae2739"
"https://github.com/sachac/quantified.git","2","1","[052aa28961a9a192cc3da4567d85e07e2ae4b884]","0","0","052aa28961a9a192cc3da4567d85e07e2ae4b884","6f556a09894fb2f64b81261208479de08c51be0f","00b789e09b8515e57a29a679faf774d7bdbbf032"
"https://github.com/sachac/quantified.git","20","1","[7c2802b17f4061ed1d0862673ca5f7696617dc3d]","2","0","7c2802b17f4061ed1d0862673ca5f7696617dc3d","2578270c42f1d9cccb07ef20a0d23150b16a933f","dd3be6cb082bae6bd50e79efdd58dc55a0f5cb5a"
"https://github.com/sachac/quantified.git","200","5","[38041a080772fbd5f9daeeb6e1d14be05da88fcc, 617133c78cf5af912ce57fa9656cc956fe49d3d3, 6c8570054fc0b9953a55bd3b11d55ba8c1761530, fd3f82876912738fb6de7734c07dc930673c7fb9, e3b491164e6727320af513616123972a94760ad0]","17","0","38041a080772fbd5f9daeeb6e1d14be05da88fcc","c636a406c86ad22d468782fe00a157192c2acb2b","69c7251628e184d8c0f64d625ac2b2b728066fff"
"https://github.com/sachac/quantified.git","201","1","[0924298d71e8bc3f6d0d4bf652c445f2e350cd50]","1","0","0924298d71e8bc3f6d0d4bf652c445f2e350cd50","d759b2d0c428b92de1c08d994cb9cace6642a456","f3a72f5302a8715950778404d354e1dc2a197815"
"https://github.com/sachac/quantified.git","202","5","[07265a1f8b206111ad02c050135bb1219f432019, 750f7f8449532f5eb16e8b3c92a76a4f28b40a6d, 3799e82af3039335e6703d160ac71c0a84b7b716, 4c0fd675154073555a0ff871671562e7c0fe5692, 6d59cd90459bcdc87bbefaaced0007738ac30dc9]","17","0","07265a1f8b206111ad02c050135bb1219f432019","d759b2d0c428b92de1c08d994cb9cace6642a456","35a825d71f0a71f434924c43062b0046b325a03f"
"https://github.com/sachac/quantified.git","203","1","[b1f5c07b20f622c77978a0553b69093bf2d5f745]","1","0","b1f5c07b20f622c77978a0553b69093bf2d5f745","4c93fa8fc3d173822b88ed517a8b3fa02244b2ac","a1b4c273521da136bb9f206647261d3df172c0f8"
"https://github.com/sachac/quantified.git","204","5","[3a6b2f3eff76da9ba97a3d0786dce6a37bbeb708, d792c05dc3ac430c24efa06d837c8496237203d1, 6b8ccda04e703bed477857783fe5c19a8983f00a, 43ff542841070391b8a5c99e18662c04640298cf, 3529671b9f410cba4c6ba60fb56e60b9e8fc3347]","16","0","3a6b2f3eff76da9ba97a3d0786dce6a37bbeb708","4c93fa8fc3d173822b88ed517a8b3fa02244b2ac","7ca410d9e9228b5395503fd434150671765e61f3"
"https://github.com/sachac/quantified.git","205","1","[59e2063062a4e56d08b378feb8867ff85893c2f4]","1","0","59e2063062a4e56d08b378feb8867ff85893c2f4","62f7fb19c0da705eb9c71c0b0daa9019d91d431e","c40deda42910be265db6ffbd7525dcc5d9f6d95f"
"https://github.com/sachac/quantified.git","206","5","[91bde21b2b81411c83d46eebbdacdc54e7806240, 1c3d0b7320234d1dc055a71060ca63e9ff6d6307, 9d632bcde569b3544d0f6740ea1206fb525e1d17, 30c84cb9a86b2f30c1fc974abfc030f4023ecc92, 61ad62867dabac329f23cf04d1014369b342a669]","16","0","91bde21b2b81411c83d46eebbdacdc54e7806240","62f7fb19c0da705eb9c71c0b0daa9019d91d431e","9b70235edf5bc590c03c97235cf8583a1eec3c3e"
"https://github.com/sachac/quantified.git","207","1","[cda0f9b94ac8b02fa0fa35bfcde0fb59e421d4c3]","37","0","cda0f9b94ac8b02fa0fa35bfcde0fb59e421d4c3","69c7251628e184d8c0f64d625ac2b2b728066fff","cad2ffa0116a6fe780c3af656382955c1db54c39"
"https://github.com/sachac/quantified.git","208","1","[45a17041fa19c2945176acf54fcbda66ecae2739]","2","0","45a17041fa19c2945176acf54fcbda66ecae2739","69c7251628e184d8c0f64d625ac2b2b728066fff","cad2ffa0116a6fe780c3af656382955c1db54c39"
"https://github.com/sachac/quantified.git","209","1","[446d8cf28f5aabc3c5d288f407ec0187a4711754]","37","0","446d8cf28f5aabc3c5d288f407ec0187a4711754","35a825d71f0a71f434924c43062b0046b325a03f","5418d10d4cf8402af2cfd87bcb3abcb3da01c299"
"https://github.com/sachac/quantified.git","21","2","[972a9b467a8fdc701b5d7424b8f98e2c1d11236f, 5a72f9f1acd044febd933711dd3b1de17a3a0b5e]","0","0","972a9b467a8fdc701b5d7424b8f98e2c1d11236f","2578270c42f1d9cccb07ef20a0d23150b16a933f","dd3be6cb082bae6bd50e79efdd58dc55a0f5cb5a"
"https://github.com/sachac/quantified.git","210","1","[f3a72f5302a8715950778404d354e1dc2a197815]","2","0","f3a72f5302a8715950778404d354e1dc2a197815","35a825d71f0a71f434924c43062b0046b325a03f","5418d10d4cf8402af2cfd87bcb3abcb3da01c299"
"https://github.com/sachac/quantified.git","211","1","[72acc5109bfa69b9b5d87646186ad66564f9f054]","37","0","72acc5109bfa69b9b5d87646186ad66564f9f054","7ca410d9e9228b5395503fd434150671765e61f3","e12468c211f74bb0bad6aec1474e7e9d3d6bc1b1"
"https://github.com/sachac/quantified.git","212","1","[a1b4c273521da136bb9f206647261d3df172c0f8]","2","0","a1b4c273521da136bb9f206647261d3df172c0f8","7ca410d9e9228b5395503fd434150671765e61f3","e12468c211f74bb0bad6aec1474e7e9d3d6bc1b1"
"https://github.com/sachac/quantified.git","213","1","[fb443c3b2d4f0caf73ce5f7a907fb2cfff71b497]","37","0","fb443c3b2d4f0caf73ce5f7a907fb2cfff71b497","9b70235edf5bc590c03c97235cf8583a1eec3c3e","95f5c68081f7b660c10d5071e653b2067f26d8b4"
"https://github.com/sachac/quantified.git","214","1","[c40deda42910be265db6ffbd7525dcc5d9f6d95f]","2","0","c40deda42910be265db6ffbd7525dcc5d9f6d95f","9b70235edf5bc590c03c97235cf8583a1eec3c3e","95f5c68081f7b660c10d5071e653b2067f26d8b4"
"https://github.com/sachac/quantified.git","215","1","[c6bd2cbd3890e170ba0c8b503def981ba698e914]","1","0","c6bd2cbd3890e170ba0c8b503def981ba698e914","cad2ffa0116a6fe780c3af656382955c1db54c39","d3a751335f04665fac636ff0c7ee616293ca318c"
"https://github.com/sachac/quantified.git","216","1","[83e7ff129707906924830b940d6ea3bd85bd4143]","0","0","83e7ff129707906924830b940d6ea3bd85bd4143","cad2ffa0116a6fe780c3af656382955c1db54c39","d3a751335f04665fac636ff0c7ee616293ca318c"
"https://github.com/sachac/quantified.git","217","1","[9ea89ed9ef5d4ba38dd54e4199f908d4f03131f8]","1","0","9ea89ed9ef5d4ba38dd54e4199f908d4f03131f8","5418d10d4cf8402af2cfd87bcb3abcb3da01c299","cc92e96f322fec54635f431967fd8829a6e45be4"
"https://github.com/sachac/quantified.git","218","1","[6d62a81640803b39c3be12b7e2f3bec0124c09bd]","0","0","6d62a81640803b39c3be12b7e2f3bec0124c09bd","5418d10d4cf8402af2cfd87bcb3abcb3da01c299","cc92e96f322fec54635f431967fd8829a6e45be4"
"https://github.com/sachac/quantified.git","219","1","[bf2dc738d7067f184b1f338ffc64c8fcff7d0d09]","1","0","bf2dc738d7067f184b1f338ffc64c8fcff7d0d09","e12468c211f74bb0bad6aec1474e7e9d3d6bc1b1","1dfee8dd7441b340cde61e5fc4259f7873af0615"
"https://github.com/sachac/quantified.git","22","2","[fcba12f4e5cd5ce129fb34ee07804792d0546fbe, e3bf64aaaabbcacdd67b4be2e9571ba44916f710]","0","0","fcba12f4e5cd5ce129fb34ee07804792d0546fbe","4924d715bdab6ca2c551e3495e97f85dcba0b290","ec3f69fe2a9e0efc0dfdb82fe1c0dd691a83e672"
"https://github.com/sachac/quantified.git","220","1","[45770851b6e0387fde69301e5b609892e2a4ff85]","0","0","45770851b6e0387fde69301e5b609892e2a4ff85","e12468c211f74bb0bad6aec1474e7e9d3d6bc1b1","1dfee8dd7441b340cde61e5fc4259f7873af0615"
"https://github.com/sachac/quantified.git","221","1","[e6d36116b359baf36f626dc2bff77983867e9650]","1","0","e6d36116b359baf36f626dc2bff77983867e9650","95f5c68081f7b660c10d5071e653b2067f26d8b4","6c651070e8f9ce0fa098b71b91fed41d451c757e"
"https://github.com/sachac/quantified.git","222","1","[1b4d5b6985daad7e83d999ae7ef705451ab29e27]","0","0","1b4d5b6985daad7e83d999ae7ef705451ab29e27","95f5c68081f7b660c10d5071e653b2067f26d8b4","6c651070e8f9ce0fa098b71b91fed41d451c757e"
"https://github.com/sachac/quantified.git","223","1","[010ffd39a5a9d9060b46390cc39a9979d1eeb104]","1","0","010ffd39a5a9d9060b46390cc39a9979d1eeb104","5bb080790b364585d00b9805620685bfcea8f139","53e3852b10ee78970de3af3b96e493829df2baf2"
"https://github.com/sachac/quantified.git","224","1","[7c68e2ce55ef13c6deeb133c4a98b27673353a89]","1","0","7c68e2ce55ef13c6deeb133c4a98b27673353a89","9b059f6c5e23199536bc3e57877d2d3804424d77","f7c940ca72ce84b60dbbccaf1e14eeb0519adf4e"
"https://github.com/sachac/quantified.git","225","1","[7f5cc05b71f6f726c9e8659ea5d05bbad35a7275]","1","0","7f5cc05b71f6f726c9e8659ea5d05bbad35a7275","b363454b351e8078bcdbce46f377c4a6eb967bef","fc9799a61728cf80e7f3708e919b94afbe91c188"
"https://github.com/sachac/quantified.git","226","1","[6f2a384a0afd88fe3d63bbc69c173535557063a7]","1","0","6f2a384a0afd88fe3d63bbc69c173535557063a7","90b9b67ec0993ba5b30162a42b72abde87f2dc96","0e6b192320823b727fdd9626509c77de307dab3d"
"https://github.com/sachac/quantified.git","227","1","[ffd5a88c9124064fd0950e8c93b7024e9ed57d15]","0","0","ffd5a88c9124064fd0950e8c93b7024e9ed57d15","8949803d4f57629c2f16e28d40a86f3c96eab7a5","a39256b0a6896caf94c12924d4f32311ba363110"
"https://github.com/sachac/quantified.git","228","2","[53e3852b10ee78970de3af3b96e493829df2baf2, 04b7cd7efe65813e9b9d9d613c54a4e1671bed99]","6","0","53e3852b10ee78970de3af3b96e493829df2baf2","8949803d4f57629c2f16e28d40a86f3c96eab7a5","a39256b0a6896caf94c12924d4f32311ba363110"
"https://github.com/sachac/quantified.git","229","1","[d3789df95189c86186d7546c1ba91ddebb506385]","0","0","d3789df95189c86186d7546c1ba91ddebb506385","22d9837d7c4323596fddb2b5e98eeb471eab833f","0c981fcba3fe96d4a3b105817aad42047c1feda1"
"https://github.com/sachac/quantified.git","23","1","[b96242362253722a61ee569a2532d8da3a872da5]","1","0","b96242362253722a61ee569a2532d8da3a872da5","4924d715bdab6ca2c551e3495e97f85dcba0b290","ec3f69fe2a9e0efc0dfdb82fe1c0dd691a83e672"
"https://github.com/sachac/quantified.git","230","2","[f7c940ca72ce84b60dbbccaf1e14eeb0519adf4e, b27cf51cade7f976f749988748b660f0cfad8bd6]","6","0","f7c940ca72ce84b60dbbccaf1e14eeb0519adf4e","22d9837d7c4323596fddb2b5e98eeb471eab833f","0c981fcba3fe96d4a3b105817aad42047c1feda1"
"https://github.com/sachac/quantified.git","231","1","[a7cfe924e4f0ac0b3221e6c96bb6316d0b5a975a]","0","0","a7cfe924e4f0ac0b3221e6c96bb6316d0b5a975a","bd94b8b86e934cf6382ee910cf761070bed4e527","472e11e1cc2ff1a8aec3709a7d7518773538d8bf"
"https://github.com/sachac/quantified.git","232","2","[fc9799a61728cf80e7f3708e919b94afbe91c188, 054244538b9e9b534d54094c77afba1be89cb6d1]","5","0","fc9799a61728cf80e7f3708e919b94afbe91c188","bd94b8b86e934cf6382ee910cf761070bed4e527","472e11e1cc2ff1a8aec3709a7d7518773538d8bf"
"https://github.com/sachac/quantified.git","233","1","[8f156a963e35ad310db9eec77778193a5271a3bd]","0","0","8f156a963e35ad310db9eec77778193a5271a3bd","b0e0be45a30d8918df9a8a3667eb5714e2aa6622","34e9ff70c73bc89b174cd9adabe473b2baaf8d27"
"https://github.com/sachac/quantified.git","234","2","[0e6b192320823b727fdd9626509c77de307dab3d, 0ce4642437c9f53a3b09c0947bcd84cd0b7e0704]","5","0","0e6b192320823b727fdd9626509c77de307dab3d","b0e0be45a30d8918df9a8a3667eb5714e2aa6622","34e9ff70c73bc89b174cd9adabe473b2baaf8d27"
"https://github.com/sachac/quantified.git","24","1","[e939d1bdde323f551953c3355f1c2f224d4d1503]","10","3","e939d1bdde323f551953c3355f1c2f224d4d1503","3e33a5582c03801aad5eea938a684b300ed2bd49","b41a854b373e4fa07a29d348c8e421aacbd5d56d"
"https://github.com/sachac/quantified.git","25","1","[eefc85b8a55d0fcd5ae2e17c29d00e902eb7ddcf]","1","0","eefc85b8a55d0fcd5ae2e17c29d00e902eb7ddcf","3e33a5582c03801aad5eea938a684b300ed2bd49","008a527978820c815f32a7f22cfa5dc03f75387e"
"https://github.com/sachac/quantified.git","26","1","[ecf3849e291c375cedb1fa80d836daa5ccdbb228]","2","0","ecf3849e291c375cedb1fa80d836daa5ccdbb228","008a527978820c815f32a7f22cfa5dc03f75387e","81b8cdb5d2535363f0571885a727ad2f9a5709ff"
"https://github.com/sachac/quantified.git","27","10","[b41a854b373e4fa07a29d348c8e421aacbd5d56d, 52944e358013afc1b68d60c471b73209ee206b00, 037f7eddff3a7b54b5b64cf8ca60e69752b79f7c, 36c1d014ad3b7b0c72091dbed3becf0ca163cc9b, bea087569d81ace6f09f625b4376ee4fd3a48b73, 29064b2e6b2a2296d6a7abc06c39e6eb38180bfa, 209276ed6a59ace2770c8ccaaacf1f25bd6a780b, 6c699f3eafba69be4f8c99b0d001f9d4c084a223, 9fd5ca22cff51971969e429b2afb6d486ce02ee0, d06c7a4a567381388f8836f7a7a2edb568d93850]","66","2","b41a854b373e4fa07a29d348c8e421aacbd5d56d","008a527978820c815f32a7f22cfa5dc03f75387e","81b8cdb5d2535363f0571885a727ad2f9a5709ff"
"https://github.com/sachac/quantified.git","28","1","[ea4a4cec86d7ca2cd154b5ffc69f9e4f0f4e52ed]","9","4","ea4a4cec86d7ca2cd154b5ffc69f9e4f0f4e52ed","01b789db1d744b1b3be91029d96c11fa49fa064d","775e477857c71560ff01b7103cc4c844a6446703"
"https://github.com/sachac/quantified.git","29","1","[fd44f6449572f7211f618f06c2e82e025c137f29]","2","0","fd44f6449572f7211f618f06c2e82e025c137f29","01b789db1d744b1b3be91029d96c11fa49fa064d","775e477857c71560ff01b7103cc4c844a6446703"
"https://github.com/sachac/quantified.git","3","1","[ab88d57eb9239e917679774925f377e4e23650d7]","1","0","ab88d57eb9239e917679774925f377e4e23650d7","6f556a09894fb2f64b81261208479de08c51be0f","00b789e09b8515e57a29a679faf774d7bdbbf032"
"https://github.com/sachac/quantified.git","30","1","[d5ed9a73655d2f4128728f3de618607206410c24]","1","0","d5ed9a73655d2f4128728f3de618607206410c24","38cb9502bed301a75a8dca53c35c85ec923894f4","e356830fc54f9eb98e2afa6aa311312999f2c551"
"https://github.com/sachac/quantified.git","31","3","[512a37625d5ac78445a16614e990a51d391e0acd, e037293e66c1b16ea2ba58727ffd4c92c9fa9807, ee79904ae32af82df8a90ec7794540ec80c32ca9]","39","0","512a37625d5ac78445a16614e990a51d391e0acd","38cb9502bed301a75a8dca53c35c85ec923894f4","e356830fc54f9eb98e2afa6aa311312999f2c551"
"https://github.com/sachac/quantified.git","32","1","[b0b3aa95227eb241c6678e8b26c69388e3419020]","6","0","b0b3aa95227eb241c6678e8b26c69388e3419020","db5281fde54cf95660e57891abf8cdc560ec1eaa","c4f62515af5939e69edc088b16967495ab394260"
"https://github.com/sachac/quantified.git","33","1","[c4f62515af5939e69edc088b16967495ab394260]","4","0","c4f62515af5939e69edc088b16967495ab394260","f0c03f76d13b1a993b3b3c6c6c9712c5d7c75a00","7890d86fa787a616c3b85f75022a216b56057de3"
"https://github.com/sachac/quantified.git","34","1","[7890d86fa787a616c3b85f75022a216b56057de3]","1","0","7890d86fa787a616c3b85f75022a216b56057de3","da9c0abb90738f9caeb17fc5dd9b73e5fb938969","9010ee22549b7d867e28877f171c7e704e72e00e"
"https://github.com/sachac/quantified.git","35","1","[224bda035a869ad525a7b3e7edec0531cc74f546]","0","0","224bda035a869ad525a7b3e7edec0531cc74f546","8fe58121cadc94a51e849a7a9c542388e12075d7","351cf0293d245104844138f4fc9bb57063c7f2ac"
"https://github.com/sachac/quantified.git","36","1","[9010ee22549b7d867e28877f171c7e704e72e00e]","0","0","9010ee22549b7d867e28877f171c7e704e72e00e","8fe58121cadc94a51e849a7a9c542388e12075d7","351cf0293d245104844138f4fc9bb57063c7f2ac"
"https://github.com/sachac/quantified.git","37","77","[65da914fa4dd437204ef8a13b8b9a5be06a19cbd, d0d6dd73353b02d362128c8fe166db56d1f43cbd, f2ff8cd10bb880e599ce9cbedb33210f73a3f82e, ad75af6436aba3d6712ba46c9c79469eadfa7ded, 3169f51ba674872eda26e210a047e47e928e4e3b, 8c14cfa103e37d80636486f6eb3104f63f7eb624, 3fa4820aa936eb49fc4512b10c79bd9de84f33a1, 19c06b5395b40f168459797c283639ea107828eb, a21d32077cd44123864cc1d8eb5c2dca57708821, 2e574b0cb3ad67ef202215de2aaf5db68e807d61, 7acbe42c46eb3585b196e57b2efe9a1071d097cd, aa74073bc30328b2b8bb95c81ad5ad6dce46c058, 7c583be63cfe85f50407cf6221472dc42427112d, 9aea3148bdf1b838d36c9ccfadaea65fbdc96e55, 382a37ff1ff1e966347a4b359ca517ec626b6eac, 92c345e218fd76fe70eac3e5b126694c25e56080, 037631f03ee22ccccd2ad62e13696966ce4ae9e8, da25dba9f067665eff9943e51ecd24d0c48993e7, da83bb5e704bd6c3b828584dd7821a364f149b0e, b3e2d2dcc9dcf47ddbc4f527917a44e93fe59c98, 7ea9f7c7a4aac91cb55606b294fa0dfe45646e81, 5dcc0eeb57198a4c79cf69f29bc578eac3657afa, cdf34899aed929f469fa2c0cf788f87e6fe65dfc, 2a3a69848c417b73b862cb3ae65b5bb4c3f6abd7, f99705e4df74b65103b60b2a7441c091d00870f8, 2536b77778b826903c7d204bc8f96cc48dee4a84, ece440272fce01d0c6d9ac9387828e984a5f357a, 6f6ffec4b37671cb77ec7b9817a5c574babcb2c4, 330fa90ca8847ee6e83b94cf239374ff9f71f474, ee0bd7d22ec22323ab5c1e025c5d2f8aad530bdf, 4bf18d293a30676134f6f6c76c3fee774ffdf233, f695735e3c67e3aaa74e6ec637f3f969856ec076, 6360f281d311fe6bf2196273583ddde93073f123, 9c57b9f7e5b5a83e3901b528f8fad6e8c9216fb4, 8204632650b10f5460aeae7526d689251b55f3f1, d22fc2f13652227413c081b724dfb4d725088c22, 705d3ff3c558fcf831e2b45dbf5a9ae919883eea, 8993bacb3d889d4afd8950c4b3dcf9f756c5dbc4, b1096d84385dcf6128d26cb55abafb9ea43aa935, f48ac376f188481ade3de7003e6f10fb75e7e370, d2b2b7df4923ce20da92047b6fee312cda68d479, ee1eb101d29fcf5929e0685b2d1b2b89454a39f2, a2e2d990f26d24ebd06b104eba04b51fcc978432, 3eef185b64f95bd578eed3a980d06f07c37cc019, 64048ea30f696f9f330746f5befee20fd55d09b3, 15875e77ea5e4517c3800f572e1b2a85627cf97e, abf06d6c77798fd312acc2538d3fac1b0562b129, 495c4d57e20157a7c553e679d64feb60b76bb7e8, 39e838b227c5c77277e7c6c751782d05bf0606d6, 97515ac2c2d15d5b681aa1bc362e6bb5cb506f6a, 1730c76992871062bf3dc7173a511a852cf9223f, 80301bb7c04b5f3e089a530c58f9369b4c7fdf88, ca7878ecd5685274ca0bd61378baee79689d3b39, 0f87aba7f0ea409bd6c8537acc6bc51484d5147c, cfb14283a3ef5db1ad7c9546c9c46f5cccb7a81c, af026c45fcce1c2c8cf5d204a297413b0f2820b7, af78bd390c2f53bb468a8182fbf3d21f419418f9, d326a66bf78721acfd2334eb8010be06dcb7c9dd, d2ef2f106f28ab954293d4d5ca39085671539740, c92d6ad3f8e5823d6fdfaf12203c893e7b793349, efa435e37bd93fbfddf2a6f3a92a1b273c75b5e2, fd5777f06458973b36d576f91b683ec1461eb1bb, fda3504218629713a4f3d39d0dcbbbb6127bc244, e3a25c9f95d63696094fadd47ced82f5ea299b6b, 3fed066a5be6aa18eb9d2e7528faf3dc5785d8d1, 9b4011764c29b2bdabf0af63dc4a5dfd46f73ac3, a7cf1755bed536c33c503c668867b8251bedb69b, c53204fa73a780dd03ee84191f177b22493d59b0, ed22ee62ab036b298c313fec9f0a0e53dd6a61c8, 19c12e625e2c3a20995dea21ae84fa2095ef3a90, dbfd55c7d949676fbf323cdbeb5c36dcf427a708, 380fc1e345f8ef577a2dc5048704ef163c71217b, ba7e5070f526abb247c46ca2dcaa4c0695a6d95b, 9235cf2dd42edd85efdd173755e851c642280c61, a47c3677695bfbb97e2761787ed273ffeeaf4609, bedd09e73366513292df59cd6617d120925df301, 9dc94c6e7036b26bdac49d657dc83b6548e9d817]","93","0","65da914fa4dd437204ef8a13b8b9a5be06a19cbd","a8d6b7c8325279ec15ce4054624c977bc9057962","d153362315b96573e18ec3cc41c498bd39b495e9"
"https://github.com/sachac/quantified.git","38","74","[329ff106815f323e6ff6ad8e8bcf4470b17ddb78, 0fb171837f5697a40cd20afff5b32f4ab11e9af0, 7751feae2f695d06cef1c7e94761df0c4957efc7, cf04aa4e2f02e933cbf9b4f62c939f4a7f01df84, 5abcaf9dea0bb6baf10e2f3eab2ebd32d9261e9b, 2b1f6946bdf81d765e7be61f34fa77ee85979632, 9e0bdfedfc1c62aa266de9cb5f501b1721536fd0, d0d1b47aeec11875c26d71ef3dd1461fb9ce9313, 315d07f9b41333eeca7274f880b357a14fc351eb, ca552f6b3c3026fb8627a466b6ab7ced03591e36, b74a7b1ce3068be5db7345c53ac3f897185c2218, 9536d17bf22507b14df673325edcd8f9c2d5d227, e4a96dcde87138b4e37f92fa2d20e2fa7887c67c, cc4ed7c3e74c0f3b86ee8dd10ffba52a69c093ef, 597663a29e5f3ff09dd26a99dea08e9a8853cde9, 6309fe959d1141a168cd0fd94ba7137228f8d453, 06073bc02798dcc74b6de04d5843467572391aec, af028541f0921a99c78e934808edd37d660da25c, 075594e38de0b324b06a790f9fa100d9fa95bf71, 96a8ca9ff373d72ef8edac613e8377ce6af87b06, 6bbf9144eef75fde139e9da778b779898ee8bd3e, 0579640df1613348c139e4fcf7099120c80f0ebb, d5dfe8271219042c5dcf5e9a47831230592a6a61, 6db0541b230975d96fa378367613b2a531242a9f, c67eab409595ddf2be418c2abc22f4a7b5446a8f, 2b3d456eb61f66b82beb52dc4a883e5c33051859, 103c3f5d59621465641b7ecfd8106a5859e54da2, 89e81e67d37dfcdda43a6303f73419e8e266117f, 289ff9768b8c98b56179784424ce7194b9d351cb, 0dc8091457ebce3e39e7456e02f17a20cd8bcf1a, c1fca1848a9a27fd4642f70b971645afa39014f0, e91a465a7deb2f90c6219af389a8982236a4c013, ed4e99cb45de247bc2e1df2f160cd6aa2abfcec2, 12561fe4beae286c5692eb05d65ac16253c78d6f, d983e1638c1639a22d711adc046e1db8c72e94d9, de8dcf673b93cbbab66866448f5421404d401d8b, 75239640c39c174fa35d0cb78b5c71749411acf8, 5004fe2433c1e9a75e2df21dbebdf6c4055dc204, 98a6606e196f41cacc1d0b96d55dd1cac0585a11, 7965a4fa688b6d459e1fa11de8ad7e2bcd769c4b, ba2204c13ca76d18c0f2ea76d5b76fd15c61bd48, 0f881bbb5b31c3977d2ff03e426846f718849991, e622687fc821fb7035cfb1dbc0d1e91b2d2b30eb, 24d92892772b3ce016d469044b59e8e1f1328685, 7ffe282eb1aab6579bcb6f910db3ef3448d65927, 97b55128e79f6efc45d0f32eec8b3ab79355041d, 622075d60354afc1309197fabed70b4dbfe55279, ec08fa15d43a1b4f3baf2b215f01c4f036829699, fc6979db7ee64a67dc780e828716a5c1dbbc429f, 8e27a1210e5a8c9a72e5ef45e841a49a1ecb0111, 2aa8c712a819a1495eb5ac4853482f678f2e4d63, 98a480f52c087bd4e657ea86b4fd5bf1d2b6a927, b09d3e298dcf491ba223028512ae4817f3b2937e, 5490093a0b6f7e355357dc7018529526d57bb9ed, 83a17e089b0ab5196c62c1a3e8c6d006b83a0f47, 5516c0cea1d4e1637106052614c390397f7f1ab5, 04472b93e29864b9f4ecc359439cf6dd9c94f231, c7ed9214c1159e0dec1a68a2a1b97590554d23b9, 6ca1aeb1d3c5c1c012f5ed09846caacad4b0fa09, 84608f3691bce409f84ae9a68555b1dacdb4bb58, 9593ac59269bf372c9870731ef58e0803fba72a8, ae9788b936b797a6b0b74039d5e4f48c23c6d9b7, 6d1864f6f36c23618e9d119b7ac530105a580159, e2383847c353e461c5320086765efa84a8bbbbd4, 5081c2e4d32ad6aef958fce9990b8ae50182129e, b75d35800030bbfa62c02682b1d29e0540c27e39, 2b994f2211c7a582ae44e355d2564ff0f964baae, 44de9d4a54929958a28d88552e8a05c5e8b91f0b, 49eaf52ec75f70b476cbe66038817e08cf851e94, a832fb9a3e158ee22fbabdf72880582d38dd4a42, 59aa15969e3bf9f4c714d8b7a8782ed2ff06a512, 6b714066cf584a0fee692f1b9586bcacb1e9cab9, 28ce76ca66894c74d1755c8d97194d4f0c7c7902, 83adccfe86bb3552d9c7feca56ccb447a9ef6123]","92","0","329ff106815f323e6ff6ad8e8bcf4470b17ddb78","a8d6b7c8325279ec15ce4054624c977bc9057962","0fb2803b3b2871e9d899a6dd0ac7115bced103ef"
"https://github.com/sachac/quantified.git","39","1","[87efce9928b5add9875b9ac5860417a2dfa60ec7]","1","0","87efce9928b5add9875b9ac5860417a2dfa60ec7","d153362315b96573e18ec3cc41c498bd39b495e9","6ce6ac12cfae293aa4eefd4f09fad52e48f804a3"
"https://github.com/sachac/quantified.git","4","1","[42f20864c7365cb1f1f75e3477fbfade79d134f1]","1","0","42f20864c7365cb1f1f75e3477fbfade79d134f1","8c3898d15c6f8899e894317819c8b4ff1508f79b","89e81c53b7eba5f12a3a5f212092d438f46201f7"
"https://github.com/sachac/quantified.git","40","1","[3739d97b60658adc69ef0665cd71f63c4d3af269]","1","0","3739d97b60658adc69ef0665cd71f63c4d3af269","d153362315b96573e18ec3cc41c498bd39b495e9","6ce6ac12cfae293aa4eefd4f09fad52e48f804a3"
"https://github.com/sachac/quantified.git","41","1","[9042d4850beb40edc010d5c99799a9ed6daa6081]","1","0","9042d4850beb40edc010d5c99799a9ed6daa6081","0fb2803b3b2871e9d899a6dd0ac7115bced103ef","0c46f82bf768170e98cbe599e68890a9e6c2f49b"
"https://github.com/sachac/quantified.git","42","1","[17a8de1c0d3afdaee199ab0c1786bdbd19c5474e]","1","0","17a8de1c0d3afdaee199ab0c1786bdbd19c5474e","0fb2803b3b2871e9d899a6dd0ac7115bced103ef","0c46f82bf768170e98cbe599e68890a9e6c2f49b"
"https://github.com/sachac/quantified.git","43","1","[35d82714cc7d336c1ef10966bca41529f585e898]","2","0","35d82714cc7d336c1ef10966bca41529f585e898","05989e16446b6633e33db0be75558e01aff1cef6","c7844481d08a186ab5a0268db1ea40fb66ad17c6"
"https://github.com/sachac/quantified.git","44","1","[7c891ef9e7a71b0667bde48e23fbafba448f70a5]","0","0","7c891ef9e7a71b0667bde48e23fbafba448f70a5","05989e16446b6633e33db0be75558e01aff1cef6","c7844481d08a186ab5a0268db1ea40fb66ad17c6"
"https://github.com/sachac/quantified.git","45","1","[473f140efec6dbc3f1db3708d88d686ad0906b0b]","2","0","473f140efec6dbc3f1db3708d88d686ad0906b0b","4702b69eeef74feb24c9d43ecc713896a479006f","17c58c874bedf1b7d312dc64d3a9d06d7dd49df1"
"https://github.com/sachac/quantified.git","46","1","[7cf942385399a44b76aaa6234ee7ce784706d70b]","0","0","7cf942385399a44b76aaa6234ee7ce784706d70b","4702b69eeef74feb24c9d43ecc713896a479006f","17c58c874bedf1b7d312dc64d3a9d06d7dd49df1"
"https://github.com/sachac/quantified.git","47","1","[2daca1c65e2d2e4d89a4ae9886ef64b052a2de87]","5","0","2daca1c65e2d2e4d89a4ae9886ef64b052a2de87","f3d5eb2bd72e6ddf3ed2edfe91a58b84a1d85396","e31ac1864c75f4159107515de913d3205cca67fa"
"https://github.com/sachac/quantified.git","48","1","[aae4549f2ea610853a36de1a04504fb037fad734]","1","0","aae4549f2ea610853a36de1a04504fb037fad734","f3d5eb2bd72e6ddf3ed2edfe91a58b84a1d85396","e31ac1864c75f4159107515de913d3205cca67fa"
"https://github.com/sachac/quantified.git","49","1","[f633de07ac1b9b7211dd03300394abbe235026cf]","5","0","f633de07ac1b9b7211dd03300394abbe235026cf","28c2ffd490dd2d5be7a1f3c605660f4ac72e5cb0","253d7e9561c3d01c216ef0ef32a2d8cfaae5ae20"
"https://github.com/sachac/quantified.git","5","2","[ff094d41154df9387508adf9e35cc57cd88a0424, e8dcc438352fa5f78b775078403449afae312545]","1","0","ff094d41154df9387508adf9e35cc57cd88a0424","8c3898d15c6f8899e894317819c8b4ff1508f79b","89e81c53b7eba5f12a3a5f212092d438f46201f7"
"https://github.com/sachac/quantified.git","50","1","[9f38f5177df2e386c986b3b95aa01a2f34877af7]","1","0","9f38f5177df2e386c986b3b95aa01a2f34877af7","28c2ffd490dd2d5be7a1f3c605660f4ac72e5cb0","253d7e9561c3d01c216ef0ef32a2d8cfaae5ae20"
"https://github.com/sachac/quantified.git","51","1","[6ccc67de0421216ac2588984faa4c36e727910b2]","2","0","6ccc67de0421216ac2588984faa4c36e727910b2","b0401208a4e328d399e38b902ce602d9295a005f","e0d6a0f02c2651a2daf31b94323f2c5fea5e02e2"
"https://github.com/sachac/quantified.git","52","1","[2e420d22cdc96d4eaf0786c0405fd8ad2bbbd1e2]","1","0","2e420d22cdc96d4eaf0786c0405fd8ad2bbbd1e2","b0401208a4e328d399e38b902ce602d9295a005f","e0d6a0f02c2651a2daf31b94323f2c5fea5e02e2"
"https://github.com/sachac/quantified.git","53","1","[9ad9a98d38021e4d3e938e55e95607290b0cb6db]","2","0","9ad9a98d38021e4d3e938e55e95607290b0cb6db","1cdc601d3b2426130fe04d1f252269d0e4d4a4d9","366ceed347e5f431ae683e4d07140e014287684a"
"https://github.com/sachac/quantified.git","54","1","[ba2a888c812493a8c3638f9426a3f1fb280dc3d5]","1","0","ba2a888c812493a8c3638f9426a3f1fb280dc3d5","1cdc601d3b2426130fe04d1f252269d0e4d4a4d9","366ceed347e5f431ae683e4d07140e014287684a"
"https://github.com/sachac/quantified.git","55","1","[6890f46eb714329fb2f593ad3590b2b10687c91b]","1","0","6890f46eb714329fb2f593ad3590b2b10687c91b","90dce11de7b0f1d0075b403355284f47af5f196e","a2e4337f25bac497eaa3ca779e9ce180155cfec4"
"https://github.com/sachac/quantified.git","56","1","[42bed9d230388594572ffc926de783c9d881a512]","4","0","42bed9d230388594572ffc926de783c9d881a512","90dce11de7b0f1d0075b403355284f47af5f196e","a2e4337f25bac497eaa3ca779e9ce180155cfec4"
"https://github.com/sachac/quantified.git","57","1","[a79ac09f22f3a0c2a9fb7fa9d70d4820180bfb66]","1","0","a79ac09f22f3a0c2a9fb7fa9d70d4820180bfb66","1b8cbd6cd6966367bcaacfa43508a6153564ca6d","8e47d56a72a39731075cfb32d0bac72dc0d2abcf"
"https://github.com/sachac/quantified.git","58","1","[a86232e8e5b64be0493679f16cdcc421a8986b4a]","4","0","a86232e8e5b64be0493679f16cdcc421a8986b4a","1b8cbd6cd6966367bcaacfa43508a6153564ca6d","8e47d56a72a39731075cfb32d0bac72dc0d2abcf"
"https://github.com/sachac/quantified.git","59","3","[004c27d816fba5a0fd75d761d8f93e244e701e3f, d7b8b976157f7a8b570995f8e20f25948ecd391a, a9760eb3a9489eec2e6d30c55ebd417e89186290]","11","0","004c27d816fba5a0fd75d761d8f93e244e701e3f","8e37bdcd5c9795b7c190a462848880e0835b13f3","2d628c190336bbbe608a26de0f09230c038d0373"
"https://github.com/sachac/quantified.git","6","1","[d2e685b388c67a1ec8c9ea37c1b4a699c13e0b5f]","0","0","d2e685b388c67a1ec8c9ea37c1b4a699c13e0b5f","b29315476c6366b6226717c3c0040d84522851ba","117ff353d104d8b9628660ef106d26ea67b20181"
"https://github.com/sachac/quantified.git","60","5","[f9a5ce3f9c38a67188143a52864067668a13e5e6, 56cfe16878d4392a78bcee77efd0606028482342, 3c952938e3c5b4da89daf0631f7dedcaf5eb3c86, 56610f369f52c0763b37a260711b26af1f4aa483, b7d1899a209f0254ccf455d12b2d26c80bb8fc83]","11","0","f9a5ce3f9c38a67188143a52864067668a13e5e6","8e37bdcd5c9795b7c190a462848880e0835b13f3","1806db42a4471dd23a02875eaae3341f6e9bf301"
"https://github.com/sachac/quantified.git","61","3","[e6665d46d1586e0f97c14931e299cee79025f756, effed624a544cfa0a4679b1502ebbdc086aaad6b, 80dfa69c97a1a463348720ba2d53b2cf099c2f25]","11","0","e6665d46d1586e0f97c14931e299cee79025f756","e92bec9719d4d1a0211ef990bc90d893e644b483","8171f193c5ea94200aa66ad7fd709e944dd31c7b"
"https://github.com/sachac/quantified.git","62","5","[f3051f3357f3f8a4cc141721b0c067df1fd98e29, 45d45de1eb742749af80b223f3d36978818c6772, 0dfd02ba94125ea8419d64dc2812c81c456bcdc5, 06433bf63ab6a24278c821c543e3c6842af8e055, 4aecefabfcf11fb8228fd2a99d759cc3e11be00f]","11","0","f3051f3357f3f8a4cc141721b0c067df1fd98e29","e92bec9719d4d1a0211ef990bc90d893e644b483","cd6509cb1c571833342ce19f584c3b6a8e6a86f6"
"https://github.com/sachac/quantified.git","63","1","[3026b40fb00e812b6e4713ded51c76d2095096be]","4","0","3026b40fb00e812b6e4713ded51c76d2095096be","2d628c190336bbbe608a26de0f09230c038d0373","3fc5e8f78486a7493286f93f09e72f60c6ad53af"
"https://github.com/sachac/quantified.git","64","3","[6da045b86d460d795a4d3adad240d7b936618f4d, 1afd89ad0c7322dfce483fa7b65f482a05748994, 0c5b4b819b79ff84591a81dbf38a49100400b374]","5","0","6da045b86d460d795a4d3adad240d7b936618f4d","2d628c190336bbbe608a26de0f09230c038d0373","822395135a076c2365e03bb001767891a643d350"
"https://github.com/sachac/quantified.git","65","1","[0a4cd9d27e905b4c22439985b94837238303730c]","4","0","0a4cd9d27e905b4c22439985b94837238303730c","8171f193c5ea94200aa66ad7fd709e944dd31c7b","03258a72d7ad672c438a44b0dc77b26a7edf8a86"
"https://github.com/sachac/quantified.git","66","3","[30ebf4a69e0ee19d7ade9de7ec98ff3321cc0358, e06ff48227b35c2d7ad6a2aa408715333d769abf, c8d5f2f705bdb686ed4ea365069438531af2c003]","5","0","30ebf4a69e0ee19d7ade9de7ec98ff3321cc0358","8171f193c5ea94200aa66ad7fd709e944dd31c7b","9e143e7db1fa0603a9cc503ec2e64d30b126e2f5"
"https://github.com/sachac/quantified.git","67","1","[61ede776debc1c02ebba2aed0484870a245d7884]","4","0","61ede776debc1c02ebba2aed0484870a245d7884","1806db42a4471dd23a02875eaae3341f6e9bf301","4814d3ba9764d8a8464d9ec50dcad7c4cc339d44"
"https://github.com/sachac/quantified.git","68","3","[bafb5a90d5615c8b1d51d47bce152b644b6a876e, a4e913c4f8493c46a6917de55bbec0eb23748f54, 78a186e88fa42956d541f4177e80c4236cfbb78b]","5","0","bafb5a90d5615c8b1d51d47bce152b644b6a876e","1806db42a4471dd23a02875eaae3341f6e9bf301","66a4d15fdf987a0417cfc1f01804d9fd0d3bb506"
"https://github.com/sachac/quantified.git","69","1","[fbddb68688ced824ce95531716ade7cbcf90c842]","4","0","fbddb68688ced824ce95531716ade7cbcf90c842","cd6509cb1c571833342ce19f584c3b6a8e6a86f6","e854dc215f2cdc43cd5227eb187e10079a85c153"
"https://github.com/sachac/quantified.git","7","1","[9acd5d81d3b627e91115accfc293fdad7020278f]","0","0","9acd5d81d3b627e91115accfc293fdad7020278f","496e1f34ef2428ef441c153314525f78b06e9f7d","f404b46b0a1dc540d6cf26e62ebc2f44acb7abe4"
"https://github.com/sachac/quantified.git","70","3","[b386214b2b402786253783377e78b0299c438363, ca9b0ab74782054f1379c507f3e27697c1fb6876, f54285207b28fa4d8ff80e51878a2727bcb826a2]","5","0","b386214b2b402786253783377e78b0299c438363","cd6509cb1c571833342ce19f584c3b6a8e6a86f6","a4732e7befce384a1ef49d698f9ace5a916864e2"
"https://github.com/sachac/quantified.git","71","1","[3fc5e8f78486a7493286f93f09e72f60c6ad53af]","5","0","3fc5e8f78486a7493286f93f09e72f60c6ad53af","822395135a076c2365e03bb001767891a643d350","7dc6110cc15fc8f5deb1774be581d01af3ee2cca"
"https://github.com/sachac/quantified.git","72","1","[03258a72d7ad672c438a44b0dc77b26a7edf8a86]","5","0","03258a72d7ad672c438a44b0dc77b26a7edf8a86","9e143e7db1fa0603a9cc503ec2e64d30b126e2f5","988b04df6377896348309aa741cbc6b69c719f5d"
"https://github.com/sachac/quantified.git","73","1","[4814d3ba9764d8a8464d9ec50dcad7c4cc339d44]","5","0","4814d3ba9764d8a8464d9ec50dcad7c4cc339d44","66a4d15fdf987a0417cfc1f01804d9fd0d3bb506","b6d25a7556708889cec1f135bf874dfc01ca7aea"
"https://github.com/sachac/quantified.git","74","1","[e854dc215f2cdc43cd5227eb187e10079a85c153]","5","0","e854dc215f2cdc43cd5227eb187e10079a85c153","a4732e7befce384a1ef49d698f9ace5a916864e2","6a7c160b783cedf097f3964cca8d8418a2f4ac96"
"https://github.com/sachac/quantified.git","75","1","[7dc6110cc15fc8f5deb1774be581d01af3ee2cca]","1","0","7dc6110cc15fc8f5deb1774be581d01af3ee2cca","5be91860fece13e87f04cb57a3ce0ed3a4b24831","3cdc74990802a940f7e965559edafca577737ee4"
"https://github.com/sachac/quantified.git","76","1","[988b04df6377896348309aa741cbc6b69c719f5d]","1","0","988b04df6377896348309aa741cbc6b69c719f5d","27d186a56df50ff6676c7ebc2cca91206d1ccf80","e00f6ee777de11417732d4ae9c70a30902beb713"
"https://github.com/sachac/quantified.git","77","1","[b6d25a7556708889cec1f135bf874dfc01ca7aea]","1","0","b6d25a7556708889cec1f135bf874dfc01ca7aea","f68c3303617de5822b92e2c0288393375d7e484f","7384999983c4fc0b52b4eb7f12df390f137fb527"
"https://github.com/sachac/quantified.git","78","1","[6a7c160b783cedf097f3964cca8d8418a2f4ac96]","1","0","6a7c160b783cedf097f3964cca8d8418a2f4ac96","50904cf61cd185bd0265de56abe5fcf037dadd28","d4e93164673fbe3698b55f189b43e0d9e1370653"
"https://github.com/sachac/quantified.git","79","1","[d4c4d949ac16358a07ee27834f46d2fea64ca43d]","0","0","d4c4d949ac16358a07ee27834f46d2fea64ca43d","e2450cef0afa66fe1864595910af3f754243c382","949872f30598c4ec8526458395ddf616f1979fd3"
"https://github.com/sachac/quantified.git","8","12","[117ff353d104d8b9628660ef106d26ea67b20181, 9e74bb91804687378f567a92406112452c5cb965, 9c624686cafe65677453ee249daa371cde75e81e, 1d8af265652a6271e6cbfe69faa4f5914717025c, ec8f787ef34c5a951ca78f5358be4cb4f24dd0ea, 360c20fddc9abe26b73858cad71e843ae52f63c9, fb259f8970e286be99a4298fe72259def4490f4f, 2e8e54e37bebefcfefe16502976539deac382b73, ff9fbf8afb5cd004f79d15ab42fd01ba515be1c8, 24a1ea57c6db3418a2358084d3d50033f267bc1e, fd2f408326b6533126b8199605323f23729ef628, 4e6930c112b140169266114bea7266933f0cfd7a]","2","0","117ff353d104d8b9628660ef106d26ea67b20181","496e1f34ef2428ef441c153314525f78b06e9f7d","f404b46b0a1dc540d6cf26e62ebc2f44acb7abe4"
"https://github.com/sachac/quantified.git","80","1","[3cdc74990802a940f7e965559edafca577737ee4]","1","0","3cdc74990802a940f7e965559edafca577737ee4","e2450cef0afa66fe1864595910af3f754243c382","7d56dc8a71f82822518cbff391d0809c2ff1353f"
"https://github.com/sachac/quantified.git","81","1","[65b29b36257c43a18f5db6663cfb39430c00603a]","0","0","65b29b36257c43a18f5db6663cfb39430c00603a","8e4c34ccce87e0bce98d372f488c689d48fb69e2","de756e6632eb3684101b3e1bf5ad53e4622b43e1"
"https://github.com/sachac/quantified.git","82","1","[e00f6ee777de11417732d4ae9c70a30902beb713]","1","0","e00f6ee777de11417732d4ae9c70a30902beb713","8e4c34ccce87e0bce98d372f488c689d48fb69e2","16987f18d74a63d1bf5c63cca3b5c0b3fbf14406"
"https://github.com/sachac/quantified.git","83","1","[bea378f86d5473eae55e24a3ee25c30143d8ac6a]","0","0","bea378f86d5473eae55e24a3ee25c30143d8ac6a","7cca26306930c3bc3d0b0cf59c4d72f8bd7b29a1","be9ab45401d582a86c58578157c49abbead8e417"
"https://github.com/sachac/quantified.git","84","1","[7384999983c4fc0b52b4eb7f12df390f137fb527]","1","0","7384999983c4fc0b52b4eb7f12df390f137fb527","7cca26306930c3bc3d0b0cf59c4d72f8bd7b29a1","ced125710d0d7601471a9081c1f2e18d7d28d588"
"https://github.com/sachac/quantified.git","85","1","[fef0065fb6897082abaf6124bc1f438a4d3dae1d]","0","0","fef0065fb6897082abaf6124bc1f438a4d3dae1d","2af1a5d294a0e919d59f2e4d21ac28f72879cf1c","3511a5e05550259e93f11bb6f33025fe44d6d3a3"
"https://github.com/sachac/quantified.git","86","1","[d4e93164673fbe3698b55f189b43e0d9e1370653]","1","0","d4e93164673fbe3698b55f189b43e0d9e1370653","2af1a5d294a0e919d59f2e4d21ac28f72879cf1c","b5092b7b372aa9afcd9baaf542e53cdef255513b"
"https://github.com/sachac/quantified.git","87","1","[5e9e23ef640a180e95dbf571fce50f6d7519d5a2]","0","0","5e9e23ef640a180e95dbf571fce50f6d7519d5a2","7d56dc8a71f82822518cbff391d0809c2ff1353f","c1e8e9669a93821a70115d537f2a36be64adebbc"
"https://github.com/sachac/quantified.git","88","1","[242f27bfc5144688141ce12bcb36499a01f01106]","0","0","242f27bfc5144688141ce12bcb36499a01f01106","16987f18d74a63d1bf5c63cca3b5c0b3fbf14406","4400feca896186efd3a48789a09fead517121989"
"https://github.com/sachac/quantified.git","89","1","[7c9f87c3834397a0607738fdd0e24ff74ab3a7ab]","0","0","7c9f87c3834397a0607738fdd0e24ff74ab3a7ab","ced125710d0d7601471a9081c1f2e18d7d28d588","cdc9f7467abbd2e110f41a6ede177f413f13842d"
"https://github.com/sachac/quantified.git","9","1","[08a1b3832abd5b8b5125ed455ed7a1acd423bd34]","0","0","08a1b3832abd5b8b5125ed455ed7a1acd423bd34","a0fbebd2ef8c38f1885e9ab45bd48489af3e8f0a","13940814ec8552329928359a7887da74294fead1"
"https://github.com/sachac/quantified.git","90","1","[3a04c8d5b081f40fadec85fc49021bc95f042462]","0","0","3a04c8d5b081f40fadec85fc49021bc95f042462","b5092b7b372aa9afcd9baaf542e53cdef255513b","9ede0253c8feba5adc1e27c36081cfe97bcc2f48"
"https://github.com/sachac/quantified.git","91","1","[b0083b45ffb0e523574b072771a88793f75c3b81]","1","0","b0083b45ffb0e523574b072771a88793f75c3b81","949872f30598c4ec8526458395ddf616f1979fd3","2925b01e8ff7cae2ab4e52aa470c0a5e55334cfe"
"https://github.com/sachac/quantified.git","92","1","[c1e8e9669a93821a70115d537f2a36be64adebbc]","13","0","c1e8e9669a93821a70115d537f2a36be64adebbc","949872f30598c4ec8526458395ddf616f1979fd3","56e0f2f043f314ccf8de9a1296769b681ed0a7e5"
"https://github.com/sachac/quantified.git","93","1","[8a841f8f3a334011058c1924192d26e906194887]","1","0","8a841f8f3a334011058c1924192d26e906194887","de756e6632eb3684101b3e1bf5ad53e4622b43e1","e428ed35c9ae009e62133f682cb98d2b0954dd00"
"https://github.com/sachac/quantified.git","94","1","[4400feca896186efd3a48789a09fead517121989]","13","0","4400feca896186efd3a48789a09fead517121989","de756e6632eb3684101b3e1bf5ad53e4622b43e1","b7466f86dac8b53c6218bc35d4eac67e810d19b1"
"https://github.com/sachac/quantified.git","95","1","[045a9643d04e665fec629cea9c551f38d907fd82]","1","0","045a9643d04e665fec629cea9c551f38d907fd82","be9ab45401d582a86c58578157c49abbead8e417","4c4fd3aa40c468a463437d831a7799f7ba58b94f"
"https://github.com/sachac/quantified.git","96","1","[cdc9f7467abbd2e110f41a6ede177f413f13842d]","12","0","cdc9f7467abbd2e110f41a6ede177f413f13842d","be9ab45401d582a86c58578157c49abbead8e417","1779d92e1f6545243bd748fa6d4433711e3fc045"
"https://github.com/sachac/quantified.git","97","1","[a1bc344fd6db41724455c098e71ddefa8c7c8728]","1","0","a1bc344fd6db41724455c098e71ddefa8c7c8728","3511a5e05550259e93f11bb6f33025fe44d6d3a3","dadf9f453262a11b7f5c65ebcfbfc24f120d2ed3"
"https://github.com/sachac/quantified.git","98","1","[9ede0253c8feba5adc1e27c36081cfe97bcc2f48]","12","0","9ede0253c8feba5adc1e27c36081cfe97bcc2f48","3511a5e05550259e93f11bb6f33025fe44d6d3a3","6ac9572ae9953d712132799cbc129c6105538602"
"https://github.com/sachac/quantified.git","99","1","[56e0f2f043f314ccf8de9a1296769b681ed0a7e5]","2","0","56e0f2f043f314ccf8de9a1296769b681ed0a7e5","2925b01e8ff7cae2ab4e52aa470c0a5e55334cfe","1eeb55d320a306d2c84b661134a3ffb97bc276ac"
