"REPO_URL","TASK_ID","#HASHES","HASHES","#PROD_FILES","#TEST_FILES","LAST","MERGE","BASE"
"https://github.com/sapcc/elektra.git","10","15","[fa56ea715d7aef844e6ff3980a67002d7fd30cdf, c5722fdaf439d6a488e80e5a8d6ef3d7423ae766, a94bbcb0d823b553f09060036065476e79ee66b2, 996ccf341433777e09a6351582cada58679cf430, a367eaaf61bbea925071d3165d663bc77f96f56b, 5566519e0d3671a17d19fad22eb332d97a6dac8f, 35fddc4628b50763ba899acd7098b85a9c249749, 7706e72b0588e22d5e2e5bc829a60662138368aa, d314986f3b82f86404d7c5f61507e194edfe130b, bb0b4a8b566647728a5c1235eba4c55c64f5d20c, c1cd22e97d49750559c1ae2edaa1c5e12a96878b, 6157d971867df54da5b721b461e067c5763420e5, db95eb21a834424fc50d8ba6a8d376448731f3f2, d3bc932e35544ded37ad3c05d9347b5e4797e533, eef55e6ae6da2247245b99b3f451eb0b4f6330bc]","3","1","fa56ea715d7aef844e6ff3980a67002d7fd30cdf","f5ca1c18fa9fe2b80e9524506056d5b47a188105","ec3ad5511318be3fb9861b1b40a35047d05ac4d7"
"https://github.com/sapcc/elektra.git","101","6","[f70f80b4aa627340137476d3214c8f9988c9520d, f69f880b14c0a3565369bbcb154c5c69313d8592, 0f11b69e0e047f572247242b758e42b728c8b043, 6d4bae7531f40d45973531f8062f1f44dd3a9dba, c148dfd86537f77ffe2a1cb67a263302b14920d0, 1adcb49974b009c3e7e7bca8f41cec526aebc191]","1","1","f70f80b4aa627340137476d3214c8f9988c9520d","69e153ff4af24fe0336b89a3a81fe5ff6c6ec992","00b5a94c4be7de6dba42702ebbd0c0247f4bef50"
"https://github.com/sapcc/elektra.git","116","6","[42c3216fbf216c8be78308b0eab52093b7f6d041, da5f17ed0c027a419f02bfc1391d8dc0060dddcc, f650219ecda5313bc7c3a1e4fbdb62a744324e65, da0ceaa79cc10f9a6201111c7fb7943a36a20d52, b51f57bdcb53e1332e4338bb51515b04d138f4ba, 620c30d46ae087e3942170d9b8802377560fffb0]","6","1","42c3216fbf216c8be78308b0eab52093b7f6d041","673b4b5470ad07d1b53a9ef5633e7efa1a09cc59","d3bbf195e8e6a046033c64bc78cd77213b2a641a"
"https://github.com/sapcc/elektra.git","121","27","[cf02071434c36e8ba13ccd2efffa4e147a5c33d3, 347636046401dca5953811858559fe8076ffe872, 0cf2581ac5aee2d44bdd96140db4c49a17b75e6c, a69edcacb15e0b76ce0b01a9b05d36d64a04836a, 4a7589aaa3eec00a70736cd646569e573a38e157, 93831cd4326dc71728c6cdedd26333d5e52b70ed, 6c34857583355d1d83b1d24a0d74c96405f76e58, c129ba5368b0a0f36243455789201193e0c01eb3, dff5d882250d7a3df789289f6a0ef9f9a6a241b2, dfc1245b678e826be8510cb645f21b2bf69d2d08, 7f9a192c16a55fbe341350131297c43898e35ec5, 0725b4f4ac29c774d7dd0ae41acc5433a474ced5, dd93e604e155c42d56021417ad529bb672cff529, a1e5df5d57f7f2f09407c4c3e2f11730ae9f1137, 8f936d9f6ea27fa64053e88440d1ed6b5966b0e0, 74ebc4051315080be674f36d720b129144e5ff0f, 700d2194a57ebf3fda2e3ab523e649c84b28a115, 7299c2f0fc32a57946cec051807a698e3e43304c, b9395a998b4c723ec6c028987cea9e05f413a80d, 28a594e816a75995fdb9cabc60b341282ae1e423, d2d33b12b95a8995dd5f254b346698eabe4ebecf, 88efc5d48161c07904c68f9f0f6a0b73475ff8f7, aead9bfdfda53a081e3d8abb66875805edce045b, 74f7dc2b0e8fae78671dc0067e4774f2e252ec2f, eccb8c7deb5d2550b4e43f42ddb09e85ef460d94, ba8fce0860852d3f31cc2e3ff23165c468bbf57f, f05396268483b4ce9b9be5643a17c12cf56b8de3]","9","1","cf02071434c36e8ba13ccd2efffa4e147a5c33d3","b4544111ad45dda7d09cd4e38b782e3a7b978811","8cee599c77c73a3e4db12ef7e61d5f80a2e1238c"
"https://github.com/sapcc/elektra.git","172","2","[05b11d4b7ad84d455ebe795f1537780f09051ca3, 9ae3740915644ec312fc51dedff4ab119a10dd53]","1","1","05b11d4b7ad84d455ebe795f1537780f09051ca3","7df6d799486fe149f15fa4f81aedbfd954b9b62e","427fae96a959c6930a9739bbd22716fbe0091784"
"https://github.com/sapcc/elektra.git","226","2","[8ee71a33239feea51b088ed6aa2d7f05c8709a7e, 026b63f8d624c6e829e1fa3da6945e668cfad621]","1","1","8ee71a33239feea51b088ed6aa2d7f05c8709a7e","a55d84a4f325bc67e6e9f128c1c6c5e6bd462d38","8e2db8eec6fe5e765a398946b734c8615deac99f"
"https://github.com/sapcc/elektra.git","23","11","[617a46497ea4c8fb316b5b37c7f81cd56bdc5406, 552847fffc5218f86ca19fd8fa5e9cc85e7c3a9b, 7d15d70086f0c417e822c48bfe0eb6a7f7e6943d, 09af125ee8be19f47980e0848a4430ae379befec, f7be1739bf8a2125a62592a56bf97fd97b31596c, fe8d0a51e820fcda1c6b7167c0231febb891296c, da02c3f52ec4ed81c0d152daf3126747995ee7e8, a4b5124d86fce0ce4de192f1a9e9230c66f01c1e, 5a92c986696bbfef4ac7b10f66905a33ea401d94, d074286278dacbf0597080958dda10f97bbeca10, ab9a1a47a1cd3d329baa125471567d5cf5477ba5]","2","1","617a46497ea4c8fb316b5b37c7f81cd56bdc5406","9ac96ae4f4f5d70e0519aa02cb82bcf62e776eae","c49c0678701314c30f22a6371ab2c14042eada89"
"https://github.com/sapcc/elektra.git","26","7","[de9399a43add89bb527186797fb90380af0feb7b, 623391df1a4555f28409275637730b5af835f76f, b22d1f601fc1fdf63df1a774ac99ee188b960c71, ce1463948d8845c4eb3b44a24befde4a7e3f1f69, 3abe3d7aa84db2d3ee034a13349901ebf0acd97e, cf262ec04629258e6f2dab4fc8a9209b159e52b8, d7b1bd67b4c797d8015e8f3267ff483d4c39ba31]","1","1","de9399a43add89bb527186797fb90380af0feb7b","fe8880aab5f0cab73db63f0e0da289cf611b09b2","56b382ff5605ed3874b37eb7f18d01a42fb7e29a"
"https://github.com/sapcc/elektra.git","273","9","[9e774b024ca3d470ed520ba9437aee407a0628ba, e4569251d3fa1a115dedfd061107c6ce6faf701d, ee99ecb1154ab0efd914cda2f46584482260e624, ae7a9fad5792285efc881352e67b22a5b5011a65, 07dbf08b3ba9c228dff8801cc846056e945b0a36, acbc0b42d2793fbd3e9bf3441642d4fa7fb29458, 2aa6a137029cfa949dbe0a081f6363d896e40120, 01dcc91a26041b864fbc184bbbd790112357bd8d, be7d1c20626f62f2ed8df31fa71a17e68fc16c6c]","1","5","9e774b024ca3d470ed520ba9437aee407a0628ba","7b2caaef3108a179aebff3113027397b4dd32bf5","8ea36231699e57add80611a979ab166801014389"
"https://github.com/sapcc/elektra.git","294","16","[e0072fcaff92f796feea3620f1e02836805fe9d7, 2fa814a39c90cf1ffc1e676f33569262afbf1161, 802558d26fb2d6004521c12e3165e6900b9f82a5, 19d2b6690646a5a1439deff3a73c2f6cbc01c1f7, 3217702f382fc70dfaf69916428d7d192bc541de, fd0f52e630e670a4c0bfad27aeb254717310c0ca, 5bf37271fe53bf75d2caea6fa43c3815a8eb463d, 5d4a57cbb3ba78094ad8529d20dd277c12072324, 656a17f8c0f62079cbd69d44eea9bcce51185389, 006fea091569c60d805733d954014083e2f950a6, d30b5d0c34b6cfe26b6b8e3183f3bbbe83034b77, 25af56e398ae161648f24d968f66f97df0b7da4b, a9b17f2cf6243395a9cffe27b2e8e44bc8e6d263, 1d1e51b5f80c5b56ac55bd906809100a0126feb1, 50d4976c1609d16a22f9eb867b9aff25108d8834, 10372accc2aa59ee0db0f43adb38983a0b7011bc]","5","1","e0072fcaff92f796feea3620f1e02836805fe9d7","e93fdc26b745f98e37488bd34e9fd33d33edf5b4","f16ccc99db2ae0115119417143bb9b679613fc11"
"https://github.com/sapcc/elektra.git","308","16","[ec24c74956c463bf70414beb20aac467f85115aa, 9ab54459321e737c6a052ab4f67240940887944e, 6c750e158029e1e587eb029dc63e5a1803311925, b33740dd857e7614fc24fb0a4a5d9f4b7e6f7494, 31dab7daee9f054b026fc176c759323ee63d1aa3, 0724f2024066954baa80f67b7f5204f3a3220e69, 6c9340c88ccb0125cf9da1f96081a1a87689a09d, a65ccfa48aeb60b2c69ac9c06f3e7629fce6963b, 0afbaeca3db763c8c284a26613a7090d2b87105a, 3d209031bb22178f018aab922335538fb8fa3906, 39bc1bb64980abcdc48f6500950c1a24fb096eca, be48ee94c3da53e3203abafc0eb1a8e01dde62e8, 4d222dbaa7b52a0eed323f0037ae4ef8865e2075, 71a431a538ba820ad01a14fa391bfa3f753de778, 580b1ab1f78b5abad0786d8f09f81af62811dad2, ac57ab8cd60358b9e374c625dd2d000e55ab3c2f]","14","1","ec24c74956c463bf70414beb20aac467f85115aa","339130b028d25c9ca367341151e41c8d9c33819f","602e45a00eeeba9b34e091575f432baa15bcb710"
"https://github.com/sapcc/elektra.git","312","4","[b7b3f03f0cae985ecb1b70b177364508663b7c41, a68fedfa828f0f167c7dd4135ebe622fb6100dfc, faec96c7d7c75744f9c9aafdb9317b1145868f62, 9bc23c2dafe5923a5f8d990e07060b362617e0eb]","1","1","b7b3f03f0cae985ecb1b70b177364508663b7c41","7d7e20160eedde67e14bb7cf8f051fae5540b4f2","b0e2eead79b75933ff14842b7855ca886e0fc41b"
"https://github.com/sapcc/elektra.git","43","28","[632e9ba1de6c33c61a698daf614a3ebef9c39c68, 0733bd6f737d63be2f736515c07f0f5c3168bb7c, 01d0f4b66a27b6f41976b5056d41cb841327df68, 741909ba974786ae2703dacb08e041877283d88d, 2dfc3fad287e07282dbaa50ce201e6047adc9b31, 460237ef701530dbb3547e81979b4b398f502d11, 59dcf7d18ef760a3fc316d46dc4a52fd74689364, f9287efb3ed94b8bb670323f4727dd01767241ed, 642c7ca99c3ec8ddfd4e957cf995e2ea6d8bd738, b2f2f0849899504da18fe9440121df0541d88c7a, 528271dc720aebba0bf32b8736021a7cca03b00a, de20bb40016e57ef769920f121927439b5ac5918, daefe54080235dec6c5d46924d8e1288320ce072, 11d135f86ce55c532e1873216e69f01d9f990f33, 2d9183c75cd9b11c280cbb6aa7dc73ac818f5cfc, 42a02ac5c864a8d1ca4e4121c9e11d83b7be064f, b456d068e12fe2c92f5a48c3e168dbf4fb0a9a8f, 41b2cc8c203754a3fa3c73b45fb2bbe71adf6671, f94be2ae0d087f91ae9918789013852e25ad9664, 716244ac7d8f8a9f762b336d04e0a348220adaf1, 02b78fb26b32f99974afdeb27436387b39fbbbda, c925e5c3670cbca74b5338f8a86058e3420e0dbd, dba6c78c28e9f1119ab3ddc5967721cf2c16802b, 0307ff6d60392b9cad39884fa41a698ab9eb5cd2, 1cb657ed6ab3ca8f323a597b92b163e79742e579, 3cf02f24b686bd61c5513259cea4ec520630d3e8, 4200b00d204d92d6f3e56bd915faf304b1bbda41, 026e1091409dafe7e2ba0ed4e2695d73e4fbfa46]","16","1","632e9ba1de6c33c61a698daf614a3ebef9c39c68","dc3a0608bda5b80489e53be07ed2a359e264f084","e58a1cec133311aeef56f3279f0c48614a068cf8"
"https://github.com/sapcc/elektra.git","470","8","[5d64bacf2bb54fd521f5162958538b122c67f637, 723492eeafb7a3238d5e10aa66f82aae0257e99a, 3ba1fd5e951adb42f423e0717ff7dfe711f877e6, 124d2a16b981c3a6a421d20cc59709c36784e657, 70b8c4959b2ac2099b1e18fd5754cc759dcb0308, 89dd81d554f2906e2ac4a459c1d998d90808f540, 512aa7d387961b4e440b436e669351e89230a4a4, eaba3344508547201b3eb0a7f6f04381b1c53a2d]","4","5","5d64bacf2bb54fd521f5162958538b122c67f637","e170d44460afddc909e682ddebdee6221be6b05b","f56256c48f0b51a0e9101d253981a159504ef1a4"
"https://github.com/sapcc/elektra.git","472","5","[312c9a23f15a652b109ca7f4dc7df17a317610b0, a08059c5384fd913bfc77ca29f4853e0e1fe227e, ab000498b1807a29726551371676113759b84777, 3a7b1542287a11963576cbd9fde33d33bd621da5, d4308e6b9f5de63b7d5e5bd210b31b439c9fb784]","3","3","312c9a23f15a652b109ca7f4dc7df17a317610b0","f56256c48f0b51a0e9101d253981a159504ef1a4","60bb7e8fd9931311574de207034b77853410bc42"
"https://github.com/sapcc/elektra.git","473","1","[360a4fd109811d2f2f9c06da0c8896e0cc7ecaad]","3","3","360a4fd109811d2f2f9c06da0c8896e0cc7ecaad","f56256c48f0b51a0e9101d253981a159504ef1a4","a6eb2cc8c2732587bb19517867340373f3ac77a3"
"https://github.com/sapcc/elektra.git","490","22","[feef66a04c35c379bdb6ea5b2ac550f29e1e8532, 9733df25ab5fd159674f230ca0f28478bf2cfb79, 1e06e4c3207e5042ec1cb64c87f12e5a13ec286f, c369d5fdd4488150bab10db565d3eabc16d617a9, 7b6453eda54bee89ed4b73c2d49658bd946b857c, 683af7e4873746439305bff6dab095bb97753151, c058ce0e5b941c5aed8167e2446f0bd9ce3daf40, 36d97d62d04aabdc0ef280016c483cbcabc6a2da, 42a124a70c66398125bd200ee044385db34e525f, c3a1ba9e78d8342299ceaef54cbb7296ac603325, 00e5e449c50bcdd0c39bce1223f8b2d2d948bf66, 3b8311d6a34a81b6ce1786a73536ddf6ead0cf30, cea2beaa228d7168883918abf7f9c9b911120d85, 09b1c4e1b023bc4f739fa7096fe186d5d5697db1, 5913281dafef754a8729124929eea2c7d8eb270d, 7f454c346b04ad0b97b77134d5280d8afff72b91, 65494d9011bda701e485eac0f0671a863d6cc7b8, f126140b2652db19c8bfd0370ca711afb3c164d0, 89488b10056b41af8f9d21788d040069b2ca2bcc, 29314caa7c45a812f5bafd3ac5bf96bb5f8346c2, 280da3a2732d77f47d20e1b63fb8123bc36fc887, 0a982381013be05617aa9dba99cfc79dfb6daf6c]","11","1","feef66a04c35c379bdb6ea5b2ac550f29e1e8532","dfacac4b971085932f89a9ca3ac5d3cecd4ef6ae","833dbd910641b7df9282dfb37454c89c2a962955"
"https://github.com/sapcc/elektra.git","558","3","[63ce92954a7346530b914ab65fb69295b8b21786, 8239492a17262597d864f36862df3e31f4f85474, b16ebc874ddcab5b2d03b0db310fa0fa582688fb]","7","5","63ce92954a7346530b914ab65fb69295b8b21786","b80f47f54643926cd2790e030a6156a4c3df258c","c685e836d8903c0d255e6920f4d047bf61a9d981"
"https://github.com/sapcc/elektra.git","559","3","[0d985ca6ca7f283b36e0d3993379bb8bf49de4aa, b26b5e35af30f3dfea11d5fd16382d89dd54b31b, c685e836d8903c0d255e6920f4d047bf61a9d981]","7","5","0d985ca6ca7f283b36e0d3993379bb8bf49de4aa","214fcd93e620717308b1431445a32be1e2e3dcc9","3db87cac9a66288742f7b5c74cdf5e3e9d6921cf"
"https://github.com/sapcc/elektra.git","560","1","[435756e5f039037e126b42f21bf06b943a9c9b83]","5","5","435756e5f039037e126b42f21bf06b943a9c9b83","214fcd93e620717308b1431445a32be1e2e3dcc9","4592174de3ece83b9bcc57ed5c9c4c5b3230c587"
"https://github.com/sapcc/elektra.git","583","8","[e43f8564e64fc4500d70206d40be19bd603e1eff, f25e0e072912e597d1086e64ae29dd794bc60b98, 87ff5c5cd4eb6516e599bb8e4b36a5c433530f9b, 5c8628d76edd3ac8111d1c2c8a24b7eaf1d95eed, 78c0b6851830c4e3791ae5a4803b4bae3cdd90b0, 2e2b16f55b378ba15d2743f08a9784b37d6c45f7, 376f47b38b072016745b0130cc135ed9e5789909, c1628db05325bccf5649567e794d8072a844df78]","14","5","e43f8564e64fc4500d70206d40be19bd603e1eff","621a36c4bd2463f8357b550f288880e4af5cdb39","2a0ea7e2207dc7285a7e16b3161308df24eaad86"
"https://github.com/sapcc/elektra.git","586","3","[2e2b16f55b378ba15d2743f08a9784b37d6c45f7, 376f47b38b072016745b0130cc135ed9e5789909, c1628db05325bccf5649567e794d8072a844df78]","13","5","2e2b16f55b378ba15d2743f08a9784b37d6c45f7","1373251c781ced9a352697105ea4e8fe65a34e7f","2a0ea7e2207dc7285a7e16b3161308df24eaad86"
"https://github.com/sapcc/elektra.git","596","27","[61d8903089e43224935566abd2e4586e999a4270, 2be10959e6592aceb0434a537bac2a89aff1985c, 8cc31efb1047ac9ef93609b77c860823eef0b8c1, 9503552e9b9cbb49c9ebbf84cc092b5f2eb713fb, a302f63cd6d2ecd85c59ac9d73ad6c441f77ac27, a66a107bb6785cb3d2c46ec225d8919384e7837a, 9471b9fc86c48d520fa9fce82ffb7e058c4c6ac2, 10bc2f3a9634c97ab6cd0845d7a4d03e700ef074, cdf94283581d60e38bb239c08e3dc9fb24416e50, 715e9f5a01d23496b73a929615c8c0da18286fbb, 5e53ec9f4b51edc3df7f94ba56707c71eea33fe7, 1587335935ad9914790830f133fe5a31e16eb78f, a947a2e297416484d780bc948bc5985a1e1b5d97, 9f72f4b2a25dfcf004031873ed6e751154c023fb, 4c5b3728054c1a3670b693f28c21a2494db5a72d, c9ffaed00a9597823735df4a24f46b5adeaa58c7, 3cb7dd8fab65631d48bb43212886893f57235214, d1be282405f92fbbb6fbc90ce2682cb0fc4f53b4, 02fa9acdbfa3fab5664ed92ceece656e01e1b320, ef0af9311e6cf9de3cf7b7a51a1cadf865b1d59a, 75b537e179c1b089caecc38c2b6091f2fd80e76f, 98093f9c4054c0158dacc8135089347669a71ee4, 5b85dfb34b5a48b6bc6603eec495cc6b15b20a5b, c008ed21e42bd1797df56e4b55bc547b9acb3f5d, b382dff9607b90a4361fe8824b56e5c0b76e506c, f186ebe36073fa29bf42fa779f220b82809c08a6, b19b25babe8a362df49cbc52525247e751d79db3]","33","5","61d8903089e43224935566abd2e4586e999a4270","2f752a07bf479f19fade797f763886d6fe15c5bb","88a9782b06a37f5d6b1842e03e9cb4a79f5015d0"
"https://github.com/sapcc/elektra.git","602","2","[88f34e2eefc3ff48eb2759d0e2ef733fbb07be73, 77568e6e225e1ff35da0634e184c206e7181c5b5]","13","3","88f34e2eefc3ff48eb2759d0e2ef733fbb07be73","93b954629df6a4f062faa920e61b16d3f0a6e587","6da0c962441800b9409fe25511194264042b534b"
"https://github.com/sapcc/elektra.git","656","2","[a8a67a09a1be72cbf1cfb350facefb31d820ae14, 10300e175aa73517d5d793200dc05f6223137be1]","4","5","a8a67a09a1be72cbf1cfb350facefb31d820ae14","99a9bfad35669e602b32c00ce15f9c449a965766","4481ce0076b30f2e5c4e30500ce52806d116ddda"
"https://github.com/sapcc/elektra.git","669","2","[24f53852d9f80bc58e461c075be4b57643183a23, b75234f8f37fd542aedd417ad9e54e5df81a8c4a]","55","1","24f53852d9f80bc58e461c075be4b57643183a23","1e5149a7a3d94c0b65f387099003efe7b7d7b163","bd3f194245beb8de6b39830fa5d12869072700cb"
"https://github.com/sapcc/elektra.git","683","10","[b7c8ed15edc3db311e79a1c2f5c2b50661d27272, d84215e2f3a01132b74349fedab727dd00f1d5ed, f8545e1eb24af867415ba6eabde5c079a87873a0, 10c0d508561c43343ced6662a1d4601056f100fe, f7e738041aa28f045fe9b3d57fb40de93b40b56a, 71eeddd64963c9ae17511cc2336a1d14bae6210e, 1b5e0345f14caeeae54286c039e1cb45b02989ad, 5f6354b43d039141bca5078d384e72df5b79ee3d, d5d7ae9c76196df57074876ea9141fe0492fc120, 2975637f5098f01bfdbceb409f2f212e5d0a530f]","5","3","b7c8ed15edc3db311e79a1c2f5c2b50661d27272","5104052473b72adca67fed0b15a095a8565ebf98","95ccbe361ea222e8f304ce9f908133d9e9eeb753"
"https://github.com/sapcc/elektra.git","80","29","[05b455db20f46790c7971396e9d56c2ab3429bca, 2b6476053b03f336fa45c5aa1ec7a38ae67fe595, e89dda65163dac1f70b195c64b32524254d42193, a3095100f6752a1776fcd0fece13eda2d56bfd70, b9e5260243905e3341596030d919dcf9c4f1616b, ec07c906fc99977794a0aa395b821240161ecff3, b666ecdff772ed7bf818277f5b30b9a2931df563, 5fbb6ce8108b4f44c116d2b4d5e5140dd708b0d7, 1a98b980bec82752e0c3d6a1c4297f8ab8991205, 07dd68d342988af531d9849556935035d61d1c99, 761fb0c7bc1670daa33bec4926e2f14095eecd59, e8837d921755fc338e9fa1a2e7e3a145f5438572, 5de543fd6e494af9d025c5f79015a2ade3130bd2, 46ea6fdba1bc558e72180ae1854307acb0d3493b, 0155add08935c9eee5eb6ebe4e8b8dd11586aaa0, 5a811ba9bab519ae2a03122ead812a31fec8f788, 29adf8d7f25a409906e96aa0ee5d1a25eb63a21e, c92c29ed23e438ae412ef73576ca2e49a139de09, 67bd47ef5a73a971b05e9ad58018e4eae931ca42, c16b8cbfb64c3194c28047dde46166efba68f889, 46bb41c20e402bd016d008f941b1049b372679c4, 67a51a4784465c8e04d9aa4a39b167e95e10b59b, 7ebad1979cc78fe8525c84394431894fe49de6e9, 01bf17c725fb20b570ef62761bdb447180059197, 94ed6d8a6d9e58b919db7a383c7788537958c117, f6a07371fb44dc21e346b74ac0e2d3781c626603, 0c99730a2921483ac77f2b8362b8d8329b781a75, 1a782cf0ffee080c4e12ca70a92f9a074d582f9b, 4ea4455546ee633b6cbd6f33bffae2d19341911c]","7","1","05b455db20f46790c7971396e9d56c2ab3429bca","855599e382515998bb65dcb03aa15b798a08557f","67561dc5c64b58d72e8a8bc5394ef50ec4526617"
"https://github.com/sapcc/elektra.git","85","10","[f9d4046050426d887475e735e267dc4fe6534dfb, 0963ba674afe1000ca596e6629228298e65db1f6, bc7cc6dfd8f488bfd65c784759b3a2996414f8e6, c87abc4a84df5dcd36652a87606f8f227fc5b9eb, 03039a8cf715e5fa86c75cf2bca60916a4d43dc2, f69ef46957f562bc45b6c9e9ef4bd3786da2f254, 2fb03920126b4c714cb24c6dfdf310728f11ae26, d9fd4e9f5eca2c6985f553fa656720dfcfd6e987, 9c4f777927932d4aba3b577dcff447db7dfea07a, c7e965634f3189e1d15c70d8f97f511adebffa1d]","14","20","f9d4046050426d887475e735e267dc4fe6534dfb","4f9ae5f298b54a1819cddf03982f55e415aca293","3bcb6fef6452f4ebc469eccdbb6b92fbf1b94d1c"
"https://github.com/sapcc/elektra.git","94","33","[96a391860ad6a6b1ad64f031e9da68d4cf077b15, b4b4b5f59011fa2965d2920e0bff608329efb790, b2c39c48c020e6602f8a3ca366094d88ea3592ee, b1c5352ec456de17f6598348ed76fd89ed418085, 663df9bef68195fa22c3c70d5643cade3b1a5cf5, 6d65179d44941fdf93119b2537360f842c72578b, 48ff74ff6940628603348b504a7714f1caba0668, 620e1be5e5f3e4b88469ec04d54ca61702bed995, 45d631f5499399749f6f95e5edd89c57a68a0dfe, 06b56897c7ad172b9c31a405721a198a450f7535, 357425a6663419f854a9f4dddd66eb48d4dc77ea, eb9418a424e30571d174c9a16fa8c51b869e002e, ee5f762e499dee44cd4c737d5c52efc09015f416, fe66c0c0907fcad084c689256dba30e7ab17a41d, afe9cd7309483a8add4ed906a53ee28427527e33, 8471b05fa06a1618e457665b7fefaf34de3a26d2, 575c26d36c6f0580844e8120eeccd00b767a7b41, 7fb32d0117c32c40596af09e148feceb5dc52be5, 605a22c969f3dd0ed36bb168367dc2f5094b978a, 73ddcd49394f805e046dfb41e771ac72e486f41d, 4ed523a7f665230298d911ebf0b0c42fc60f4906, 83d605725ea94de767850daeab00b2a3c6ee829a, 5be762152e3139258f1e33ee57009c2e5a4de9bd, 892ff4d689e12e71c09bf4d2c0f2f761dad57f37, 581a6df1fb06fdf6973da95aff0c92c0bccfa34e, 57bd029f86d9fc0bc8cbc3ba73d09664b2016dd4, 07ce2c6b5eff4cee77ffe558c39fa8f21aab9ab8, 4392eed680ae7b66822e91947bd82a86e31c2fe5, 2523e6971080ce9e56c326d4fbe501147529d71a, ac102b19e80b7c438b17b19d86ebcfdf60a80077, 6a8f50d7e2686dcdea9d4e7ea177a3934360e667, a93a3b83021758b24076e0a0205624a429c28726, 1ec2ec7d8ee04c6f9cbb0c77b4d4595a449ab2d1]","30","2","96a391860ad6a6b1ad64f031e9da68d4cf077b15","45a54dfdc123fb16fb96c779b14ccfad42bfbb04","865a32b99715d3da6ed4913d79227afe565e8129"
