"REPO_URL","TASK_ID","#HASHES","HASHES","#PROD_FILES","#TEST_FILES","LAST","MERGE","BASE"
"https://github.com/technicalpickles/jeweler.git","10","2","[4aa0a2b86b1e701f09f6f19b6cf60e43d2922c20, a5184bada69dd89959f2b068ab88020e0cd2759d]","42","1","4aa0a2b86b1e701f09f6f19b6cf60e43d2922c20","ec91e05d06f2835ee30568fa42b5fa7d451444b6","39412659e166176e6a5d564c9cac94b2bb4009c0"
"https://github.com/technicalpickles/jeweler.git","20","4","[6294dffde155bf218d58460aad543ed871ac87a5, 688fc316ab445e7c560a4c71cce7a7e8f1199f26, 29d558457c79a9f54628bd588e24062c5d05113d, dbe60f4e159e6f72dcc54d18d500a963fd3ed93b]","3","1","6294dffde155bf218d58460aad543ed871ac87a5","4efedf25ca6ca1758c249f46a32fd9d1e779c469","47f9fc1a27d27e2d02e5d720f27a55f5d33cc4e3"
"https://github.com/technicalpickles/jeweler.git","39","2","[f7ceb1815555a62bcd525708c126f19ebcf99390, 0f7ed8348dfe116a60addaa62ca7f2e56fb54da2]","1","1","f7ceb1815555a62bcd525708c126f19ebcf99390","8d8c311f4697943724eb87bd1dff0b6b3db543e3","4e3c34c2efa876ecdc5e421f3453133a42364530"
"https://github.com/technicalpickles/jeweler.git","44","30","[8dc6ca7191895504f7eaf5231e256cf4873d102a, ea0465a8ecdc48e1bba2e9be94a0bf72a42e946f, 8fdc49518b353faccba6a1ea08e5e43d40519a54, b0a2fcc6bb65fdc6112a843da1e5f99c1d86cf2d, abb8886b7e7bfa34c7b6387a5f6eaa91a21372d0, 3c09421f1f93e7a3802c1f377ad522fd7db1221e, 7965b025bf553d66ab702a8114206f85a3e0abc4, ea6297be296025406664713bed23f2d4936edbd2, 85de65152e05d2445f6ab6ee53379b3f0d16caea, 174ebc2c0ae0fcf1065311d5c26e21f865f0796f, 2d17b36210af69bec5bc570969cbcacf351cc22c, b7e63c63be79b4c8baa30f9158c6de24cce0ebfa, 2b41d5ef4e035d88eacebeb4fc11c4013406a490, 1a61caecf8552863700851e2933774b1a1db5b7e, 282f63438dfd4562f74fa48f3606e80b61fbb985, 2d72c594bb3229fc42f2c3bf82f9d9096b2afe89, e5c0ec249d2fcac551a1826acb2c8d4fd2e44615, 3102b7614b088b1617c33c1e58c65a0c06c5252b, d13225ba166689e600dae105f4c648f0c44c444e, eab9c51562747c9e8b7fb868d56ab807af88b9e2, cc1d0ce86f347b55be4952b4f8870f26f22f2102, 2522102f3465467330ec9fdbc52c9c05aa048a3c, 014f7ac36c9143ab5e859fcbbbed8c9fdcecd383, 993aa15b67f95913c0693dd98a933f2361bb42a9, cce75f9f7051951867024a46bfc655b4c4e4ed49, 3ca58388c8eb7c0cc84fa4449011b5d8729c55c1, 42e8443d5720ef22990355c884b1d9a85379c0cf, e44296072e2d4b58395775c5c08255c5e0734ae4, d06d74fd6945fc3e398773bc5ee7c238d9589d0a, 03a78f35f413914ed6cbea5e61ce1cd1919ff0c7]","9","6","8dc6ca7191895504f7eaf5231e256cf4873d102a","1d2b817150f24d9bfe544c3f59913c9026d3c90e","77f3e0fb77ceb51db390175f4a9c68a64d45f36f"
"https://github.com/technicalpickles/jeweler.git","45","1","[845ce5030684e9ddc79f39ff07b61d1982ba771e]","1","1","845ce5030684e9ddc79f39ff07b61d1982ba771e","1d2b817150f24d9bfe544c3f59913c9026d3c90e","14c65cb3def712d01269666b27ef56fcd53aeeda"
"https://github.com/technicalpickles/jeweler.git","50","8","[fb05ff2e52a66bd2b5328566ed4833de52e23768, 66962cb42856ffb1da64d1d0b4091bfa0e2d3694, ad637b900bb4c3e1d14a5ca27b0877a21a0f4db3, 333c0ffe24b78d672a15ebd1535b622d9edcb288, f2a95865eb9832973d07f2bc2435d372825e4549, 2ad6b70d0fef49d6fca49d468ea05636df7abb16, 8f0cb29c57b71464ea9e6b770972268ee5311333, 176185ac92fa3396098d7371e728c802484d2831]","6","4","fb05ff2e52a66bd2b5328566ed4833de52e23768","63bbaf073dae1452bb818c50716c60bde8ea6714","b15a26b827a9a2bcc2e6f323f687c1bfd6e717d4"
"https://github.com/technicalpickles/jeweler.git","54","45","[d1ac8773840ea008c0951eca31011d33733c269e, ffb53382bbb54ff44b9084b9325d5a2a8204ef14, 3709b20e9d251b62d462e4fb2fc7fe9319b51e2c, 7007b3ace923735437fb6f395a8133da036c6b16, 54825640b9481a182d1b5107112e9c816ae936c0, bfd3bed05f248e832fcbb5c706dab88819b4adfd, e6a8e1ff203e2e206d6cab9ae409ead8be653a31, 00f818b5a1580d2dd5789a9c56ce64f447c87c92, 8ef677d0a3993d0f57db3147144df8fbc0677a5b, 9ea071d47336ebcacc43c79361fa77258814a80f, 0e8f9841b5fc73d3e5258cc51153232205d13f84, d6296c079947da382ff3ba021d8e56dda5fbeca9, d2c0772085a105abafaf342befa3d84740eab8b4, e64b842a1a8de44a232f7ed8fecee9b7475ea97b, 9e0152562b06082b92e011d6c2e2ead3248ea490, 77d1a1ab01dd85e25f5d6805201c71fdffc061b2, 801779184380dd6872f0d35a53b7903f4663e07e, e9c40ec3fb73afa6fec034e9b757d700d99b503d, 29cf3a7c06809e32808a9811f472881b3df1b894, fcb9bf503819a48fb30775325a6a928d9f3c5464, c767fb3e6037eaeb95c867c3e76c898f6ab05ebb, 1cb2854809488ebbf898cb8127d1f2e07218db36, 1004b3312023b758b8e5da14dcd4ab6231eb73d9, f520abe38bb2293d30a78a398ca58463d687f1f5, 73a2e6a410050d9e2059b92a19e7944c97b93d55, fcbc8d9fed69a66f2b83615db25d34ec843d30ed, 6d0505be3b66c926cb9d547783f9dfbf6ed04e3f, f6cdbdc8b10b035952fe314476c98aba6c851141, 7dd41b7a407c504e236e7f09d1b6b074648cdda9, feb5131aa1ebd24184be42ef0baf6b0210f6afc2, 59628873ed1d389a5c555216c810bd3ef459fa55, 1e2772c184cdad32ac6b65209cda9f560bd4ae82, 377c4e6013857c0c31eb10189ca3404864bd9417, 84061138b4c962408fee8ff46ee240ea4befc663, 79c548c31d4ca7b838546f5b1b5fe727dcfcb2cc, 5c9e693521287532d00de4e5c175415da5448ad5, 86e0fdb285486af9d6b0e2b5a7d73441172da7e9, 682e9a7ac1730a2b0bd111782a9a898b01580ac5, b266a628d97b5c7cae6d968a7efb7fb1caae6926, 8a1546af03f6c2cf321d04d6371afa3bec4387f3, 12ef810600798d83c65b1d566b0bf9176eddbb14, 365f437bb382a23e42da7fe7fd1772721ac5e0dd, 6ed19ef4351da3b84703a68295bf26fc68159647, cc0613a59aa6fe3039d8f64a05910cd17e683b48, 28796dc6124310cf764670be3d96cc16749526cb]","22","6","d1ac8773840ea008c0951eca31011d33733c269e","c271c2cd694be38784e395093af936dba2786996","6d2567f7d00a7e606fada078f76e8183e32c99cc"
"https://github.com/technicalpickles/jeweler.git","59","44","[a0ad14531fb0fed306ad7dfbd439feadddb12a35, 5aeb4db55c50b02dc247fc63891773f19aad3839, 5e5be51f73a11aeb20525c375149b1dfd1fd69ce, a5cf596e76bdd112ab3ec431a1faffdd93e012c2, 802af766f2096a0f769ea98721823ae5a2f70226, 760fb79b84aeb42e8c6c8e3e6d79e8a7ac408ef7, 4eafc6b00820faec07c2303760a9ac92c12e0eca, b32fd23b557d482afe8d6bbacccfbe8663e8016e, 4d9ea98ea2fc5656789ff907313cb60d09367888, ef0fe1aae5837fbed68a00f25355005261dd9bbc, 258d8eaa2d9189f8ed4f3832c73286f34aa06ff0, 93d29b2f438b5eec3c95578166a50bab48fef30c, c40871226603cde9347b4d33dc167b42201fc891, 32fd0c2a7d3e881790fd1bb8839d16107ce3b326, a8b03acc76bff85411cba03ee0aeda3b05152d52, f0d976dbeda4dee166ffc4083ddb9db8b25d2c69, 9bad20bd572144b9fc140a0c7936d38b547b9ea4, c6c0b53cdc8756389ca6c8fa60bd529d41c1a099, 8bdf3072268806d8162ccd6850b71cccaafc3286, 89541c80d76cf54a5ec4c07fa27ef46ec2edeeb2, fba091dc99ec36b1352073de650d816d1ca94512, 8b4104935548b1f26f1714cc437ba86878b1fc9a, b875e31ad5d498b5109c561ef6214edf1a99e73b, 91f1116765d5bf769f13edc255f62c9daecf18c2, fcf649b44e9820beff2c864dabee21dcfd67a4a2, e4eab1e7ad06acd6b558d664b724f6c5e08c0fc5, fff1f58b8f1d0fda6adae4d5d1ab3d473a38692c, b3d1e974467cd3e8d81fbfd11fdf19f2409e1bd6, 4d17358e07f5d63ca60e5fa85da872226e598f03, 24b08b0868be2c92f9f2d8cb3f0bb077cd8eac2a, e71d90dacc9c6e3b19ef1020c23bd562ebda1717, 541b1e2eaffc4dd5ed16099526b616b053c9d231, 3e9a491caee483dfc80ee142f208485ee67acdd9, b535b1f75dcc1c2fce5e3bf8c67375beb1d68d99, b009b52c301757fdd073c393b86f050e2d969f86, fc4d1ca712ba90801b28e34de9283b218a1fdf45, f209fd6a9628b0c230d611322c436406ad3bfa23, 816cd9e1ef0704cf1e51abb25f61d9c2196d6bfa, e5916a858911ed7076dc19690a01948a37196bb7, 8b4349dceb128f1b95da4905c7ae2472b504bf19, 3b36e4e00d79689ece45d85580dcffd0a276cdf2, f592b294877bcb5c14eacc5ec8ba254038e0bde5, c0b437cc239fa2a998d3827919eb24fe289e152c, 036a4f1377302dc7354b7971fd057ad9dd73d53d]","15","17","a0ad14531fb0fed306ad7dfbd439feadddb12a35","6d2567f7d00a7e606fada078f76e8183e32c99cc","da76d81fd95aa1ab2343653ba567f939b3fa6738"
