"REPO_URL","TASK_ID","#HASHES","HASHES","#PROD_FILES","#TEST_FILES","LAST","MERGE","BASE"
"https://github.com/travis-ci/travis-crowd.git","1","1","[029c3041d56e54aac3c83b53df2f7695852994c6]","0","0","029c3041d56e54aac3c83b53df2f7695852994c6","483f1b14cadfb0d80953d818604f479d4253a0e4","d96eb98d3a1a4fe513bf57b5d6f7f5634a9ba516"
"https://github.com/travis-ci/travis-crowd.git","10","1","[807b8e20bee6e911f6d395a6dbacec934dad08be]","1","0","807b8e20bee6e911f6d395a6dbacec934dad08be","83ec7bf34e8e8e6fe300c8e941139ed3dfd043d0","f36c69179b6aeb692c34ced3fa97dd431a63368f"
"https://github.com/travis-ci/travis-crowd.git","100","3","[4400d9ad8ca11e31e735118378231e38fe96b81f, 7f413ba5539ba0d9d72f79b23a408ab5ac398ace, 7d0f156405dad0e458d84de80a9d0068e8d070ea]","4","0","4400d9ad8ca11e31e735118378231e38fe96b81f","43c3b934f3dd8d70f3d795dd87fb563e126c794a","1df5dfc23bdfc308edb5e5b20a1f68f14dfa33dd"
"https://github.com/travis-ci/travis-crowd.git","101","1","[f8b50794ace5c2b97b8d7d257c5e2dd726f64b02]","3","0","f8b50794ace5c2b97b8d7d257c5e2dd726f64b02","43c3b934f3dd8d70f3d795dd87fb563e126c794a","1df5dfc23bdfc308edb5e5b20a1f68f14dfa33dd"
"https://github.com/travis-ci/travis-crowd.git","102","1","[12e7478476014a906a071aa8b0daf90a79fbe056]","0","0","12e7478476014a906a071aa8b0daf90a79fbe056","9d9a8c7edcb53c55efa03b0a8dd7ccd5d68c8bd2","31dba3b2c7a028e4e715b05efe7d6ffd66566e22"
"https://github.com/travis-ci/travis-crowd.git","103","1","[fe418520566c9c305a4824684b3a353234f14dfb]","2","0","fe418520566c9c305a4824684b3a353234f14dfb","9d9a8c7edcb53c55efa03b0a8dd7ccd5d68c8bd2","31dba3b2c7a028e4e715b05efe7d6ffd66566e22"
"https://github.com/travis-ci/travis-crowd.git","104","5","[cf8b5d5f06bafd811c96663427ade7754f8023e8, 4ac847e8450002e9319b5917212efcb1a5d393a4, 90e0efe57a6f935bf749c7ae20a381836dba3e25, 429302c51c0d7aab3a16eb375380f76dc6599b80, 534ef2becd9af3adb21607cd82ff8185395e4e03]","27","0","cf8b5d5f06bafd811c96663427ade7754f8023e8","e7b5a60a8406a248fc1e650ba9721b90ff0638bc","b0dd0349ea2b134543f1357a32e98e06f3509264"
"https://github.com/travis-ci/travis-crowd.git","105","1","[dea14c0c8b3fa5321d29e29fba02cf9b8cb4754f]","1","0","dea14c0c8b3fa5321d29e29fba02cf9b8cb4754f","e7b5a60a8406a248fc1e650ba9721b90ff0638bc","b0dd0349ea2b134543f1357a32e98e06f3509264"
"https://github.com/travis-ci/travis-crowd.git","11","1","[2d24e9d5dc2a54159bb92ff30fefdc5328321c9e]","1","0","2d24e9d5dc2a54159bb92ff30fefdc5328321c9e","83ec7bf34e8e8e6fe300c8e941139ed3dfd043d0","f36c69179b6aeb692c34ced3fa97dd431a63368f"
"https://github.com/travis-ci/travis-crowd.git","12","2","[9b8be422437c90bd88416fb5d420b72911085650, 245c2f55aa9940a791f560b6d11c0460a8476aa3]","1","0","9b8be422437c90bd88416fb5d420b72911085650","cd399f3547898db2a5d2cfc570e0ac7e88c66d90","38c8b959a9869709c181c98f350d681dbf206901"
"https://github.com/travis-ci/travis-crowd.git","13","1","[d0a4aefe0ba6943873b5f344144a83b56cf269a2]","1","0","d0a4aefe0ba6943873b5f344144a83b56cf269a2","cd399f3547898db2a5d2cfc570e0ac7e88c66d90","38c8b959a9869709c181c98f350d681dbf206901"
"https://github.com/travis-ci/travis-crowd.git","14","1","[df276b0e14bb4c9046cf8ddc70ae870b1097b15f]","0","0","df276b0e14bb4c9046cf8ddc70ae870b1097b15f","276c3f890975c2ce858725171c3fae852e22fd20","7a2170cc25410b4ab4d876cdfba4b81ff125c686"
"https://github.com/travis-ci/travis-crowd.git","15","2","[9542c73277fc3f98faf05713a8eeb40eb81de04d, e3acb820fb5b9836c29deba84c98a488f0eac7ef]","3","0","9542c73277fc3f98faf05713a8eeb40eb81de04d","276c3f890975c2ce858725171c3fae852e22fd20","7a2170cc25410b4ab4d876cdfba4b81ff125c686"
"https://github.com/travis-ci/travis-crowd.git","16","1","[009fec0b318ce5c5941d0d7c5b35d5757a31a963]","1","0","009fec0b318ce5c5941d0d7c5b35d5757a31a963","facf0b663be7ca19606f691547d0768e46f8d83c","fc61595f9cbf77f70403fe117b4ed3de8d8aa9b1"
"https://github.com/travis-ci/travis-crowd.git","17","1","[8bf1567b54107f387fb4aaff96ec97614655f6a2]","1","0","8bf1567b54107f387fb4aaff96ec97614655f6a2","facf0b663be7ca19606f691547d0768e46f8d83c","fc61595f9cbf77f70403fe117b4ed3de8d8aa9b1"
"https://github.com/travis-ci/travis-crowd.git","18","1","[b6068cc3b735d95a7754287b2506b8f3d2fab762]","1","0","b6068cc3b735d95a7754287b2506b8f3d2fab762","fc61595f9cbf77f70403fe117b4ed3de8d8aa9b1","e38b2ce477a232856a307560ca9d4d11f88c08e9"
"https://github.com/travis-ci/travis-crowd.git","19","2","[37fef8b2e8c8acce1aeaf1bd827751f9b91eb609, ad917199ded59c6492fedc6c6f51a475532bea81]","2","0","37fef8b2e8c8acce1aeaf1bd827751f9b91eb609","fc61595f9cbf77f70403fe117b4ed3de8d8aa9b1","e38b2ce477a232856a307560ca9d4d11f88c08e9"
"https://github.com/travis-ci/travis-crowd.git","2","1","[5ff65381f439091a944c75da319c57051752f9cf]","0","0","5ff65381f439091a944c75da319c57051752f9cf","483f1b14cadfb0d80953d818604f479d4253a0e4","d96eb98d3a1a4fe513bf57b5d6f7f5634a9ba516"
"https://github.com/travis-ci/travis-crowd.git","20","1","[0e2ade80a766bc7141f986dcf6ab0a4aefd6658e]","1","0","0e2ade80a766bc7141f986dcf6ab0a4aefd6658e","84f2a2c2fcd3d0ec8436419b603a78240a5ba895","50742aa738c4869ece8baf25c6401afa92d62f79"
"https://github.com/travis-ci/travis-crowd.git","21","2","[80b17c178bd752f6656e50cb3dc644b351580a1c, 0046010ece0c048e93e89650c9b31c30e4d2ce35]","2","0","80b17c178bd752f6656e50cb3dc644b351580a1c","84f2a2c2fcd3d0ec8436419b603a78240a5ba895","50742aa738c4869ece8baf25c6401afa92d62f79"
"https://github.com/travis-ci/travis-crowd.git","22","1","[0f341a573f04ba65656666df07dc5b08c0759482]","1","0","0f341a573f04ba65656666df07dc5b08c0759482","c58e0608239a7ba7228636b589017eb9d1073727","a499a57cd2545f3a0467ef9fd00c5d8b426510ed"
"https://github.com/travis-ci/travis-crowd.git","23","16","[ca23117880c7b0927a38a108985ef97c552c44b5, 88538119bb8e942a0e05a02639cdee0d44a31e2a, 0ccad638d4925bbac92f126a41eea2d8d4282947, 4e67c4aa6726f3e939ab966e4e77f19bddc09eb4, d03adf6a8e5c279a7f577cf44fadd631412dbc0e, 1ecd4fdb632d5c0c5eca21467211ec5d5f809bfe, a7494bdb193cf32f131e03210efda0b4a808f851, 4897c9546b89a4b8cb3a556cc22bb0a4264052db, 105ce2a0aef5db292ed9fc3d726fb8568719e5e0, 2e507f7076be6cb224028d91de943110baac140a, 9c54fd7f2a257be99efaf74b9623c90d479d58b0, 5cab82585bfad578609c80a04163a9929044f505, 139b990331b3906865fff682f8cfa894b9df4471, 0d3a54b13870fadb1f86431bca21338875883093, 879182beda9eed5807a3d485ad97f96f249b019e, 863fa09dae3cbd8c0f094060673aed59f24bdc1a]","3","0","ca23117880c7b0927a38a108985ef97c552c44b5","c58e0608239a7ba7228636b589017eb9d1073727","a499a57cd2545f3a0467ef9fd00c5d8b426510ed"
"https://github.com/travis-ci/travis-crowd.git","24","1","[91134bf2bfa765c1f1e5d8d3bc5ae2ac4ef7a7c5]","1","0","91134bf2bfa765c1f1e5d8d3bc5ae2ac4ef7a7c5","567f5eecbb97f22dcce7afbe88be89186b9101b7","3e8f56b0c236bc4b10ca1671ab980b49182c8e9f"
"https://github.com/travis-ci/travis-crowd.git","25","4","[dd1c6f42a8301e2fa7917d76af60a2b7e948b785, 7f4af96e1d9afc0725a139b346c0fd6a28306d57, d04f06f4ee90d6ad2c8d4179a8174a56de0dc49c, ddffb155884586224ca5e9bcf313d3047dcacbec]","2","0","dd1c6f42a8301e2fa7917d76af60a2b7e948b785","567f5eecbb97f22dcce7afbe88be89186b9101b7","60acc0389522771febe9ace565fddd8127aad2c3"
"https://github.com/travis-ci/travis-crowd.git","26","1","[e90cdcd1b8858feca46d2768f2613eec0cd19cf8]","0","0","e90cdcd1b8858feca46d2768f2613eec0cd19cf8","60acc0389522771febe9ace565fddd8127aad2c3","58b98171ddb4f501815e3a8448f79ee6938216d2"
"https://github.com/travis-ci/travis-crowd.git","27","2","[4a1cdbb526ef2be8ea814336549a47af2545b1c4, 556e12517c07e0fb2e7ff14a83bf00c302b96b0a]","1","0","4a1cdbb526ef2be8ea814336549a47af2545b1c4","60acc0389522771febe9ace565fddd8127aad2c3","58b98171ddb4f501815e3a8448f79ee6938216d2"
"https://github.com/travis-ci/travis-crowd.git","28","1","[546946d372d841eea6ebd2eb8142b6aaa7b1678c]","0","0","546946d372d841eea6ebd2eb8142b6aaa7b1678c","58b98171ddb4f501815e3a8448f79ee6938216d2","5087d02dd55268ddf852d228e05a639daca2fa53"
"https://github.com/travis-ci/travis-crowd.git","29","1","[c9edb48d6e718e1ce3552195c34047b53844e6e4]","1","0","c9edb48d6e718e1ce3552195c34047b53844e6e4","58b98171ddb4f501815e3a8448f79ee6938216d2","5087d02dd55268ddf852d228e05a639daca2fa53"
"https://github.com/travis-ci/travis-crowd.git","3","1","[a4d2f4e06d32e2fe25091e2049c253228295be18]","0","0","a4d2f4e06d32e2fe25091e2049c253228295be18","190bacb31aa2063902dc754f0f7a5741a9c1559a","e427f9773028b0542c43accf722ef9138baefce7"
"https://github.com/travis-ci/travis-crowd.git","30","1","[3e8f56b0c236bc4b10ca1671ab980b49182c8e9f]","1","0","3e8f56b0c236bc4b10ca1671ab980b49182c8e9f","5087d02dd55268ddf852d228e05a639daca2fa53","d85400b87c93c760d13982f896b4768a443f177f"
"https://github.com/travis-ci/travis-crowd.git","31","1","[86bede40e1e095d82f89ac3eb176ba36b8848e09]","1","0","86bede40e1e095d82f89ac3eb176ba36b8848e09","c2f656d00b19f86a00590535ff3c1ec3bded2642","3ab9946944b375524344b75fb3de5577ccae8c23"
"https://github.com/travis-ci/travis-crowd.git","32","2","[d85400b87c93c760d13982f896b4768a443f177f, b143440b64cdebb270cebd2779d54e0e2419aab4]","1","0","d85400b87c93c760d13982f896b4768a443f177f","c2f656d00b19f86a00590535ff3c1ec3bded2642","3ab9946944b375524344b75fb3de5577ccae8c23"
"https://github.com/travis-ci/travis-crowd.git","33","1","[cd4cd89d269287f1b0a341aef3342d14d8c99f0f]","0","0","cd4cd89d269287f1b0a341aef3342d14d8c99f0f","b615c17157420b936b1f6d9db52b9565d08c007d","b07b96992c73339dfdc0ca3b3d86061accdca1e2"
"https://github.com/travis-ci/travis-crowd.git","34","5","[e8dafbd78edc776c214d88107f1f22fcf67d935c, 6c12662ae1143838ed58cee51ca80b886551b20c, f83b2af637c7c7a304fb14fd50282e5143de05e2, 149d58e3aedd77dea0ee31a6ea1bd245022ef43e, e61f5babdbf5a63a6c6b4d1874df15b5ee6f0d6a]","0","0","e8dafbd78edc776c214d88107f1f22fcf67d935c","b615c17157420b936b1f6d9db52b9565d08c007d","c329615a4aa2b5746396052ee223bd7d7704aba0"
"https://github.com/travis-ci/travis-crowd.git","35","1","[992380cf6117abfebf4ea20a04a87bb98d80e7b0]","0","0","992380cf6117abfebf4ea20a04a87bb98d80e7b0","c329615a4aa2b5746396052ee223bd7d7704aba0","b07b96992c73339dfdc0ca3b3d86061accdca1e2"
"https://github.com/travis-ci/travis-crowd.git","36","1","[1014fa0f6b3e92fc3586867663498338aa7ba869]","0","0","1014fa0f6b3e92fc3586867663498338aa7ba869","c329615a4aa2b5746396052ee223bd7d7704aba0","b07b96992c73339dfdc0ca3b3d86061accdca1e2"
"https://github.com/travis-ci/travis-crowd.git","37","1","[90d3bef4af2f0bab0970944acd9b314d0ae316fc]","1","0","90d3bef4af2f0bab0970944acd9b314d0ae316fc","0b1fafcfdc1ec7d5c0b2792b856aa552eb872cca","fcefc16dd67c2c19397eee5486658cff71e9fc27"
"https://github.com/travis-ci/travis-crowd.git","38","2","[09a936990132fb556189e984403a9897ea04fe94, ab15cf83681def152ad6935fa0b4003ec13afbf6]","2","0","09a936990132fb556189e984403a9897ea04fe94","0b1fafcfdc1ec7d5c0b2792b856aa552eb872cca","fceb02975e2648ad4d19eb915fe60497fc4672e0"
"https://github.com/travis-ci/travis-crowd.git","39","1","[505c4f5cb0788cb3fbcbccddbbafb695b16dbc43]","1","0","505c4f5cb0788cb3fbcbccddbbafb695b16dbc43","fceb02975e2648ad4d19eb915fe60497fc4672e0","b74e3ee201572a9c73926edac0b0d0f9c5db257b"
"https://github.com/travis-ci/travis-crowd.git","4","9","[5480e818a7161c2f3e3eac532f1f4037eea7a1df, ad9960b6950b7a3db4b10de22d7bf6904dd6dab3, d7f73b1d23c0cbf65a5230c0431fcc9a90dba27a, d1dabbf4b100d814a559d295a4f901ab65107c26, 4aebaa074913bebe1670d1291a0d8173a732f896, 71dfb699cd16ca8f9be4497380128138bb0ecae3, 7aa29ec63db9977b14704006cc67f2726a1c941b, 4af48d02503a00ac870c38a933617f1086b5aaeb, f2d244852e2f20f575f85fd3c7e146bfd4b4cad4]","4","0","5480e818a7161c2f3e3eac532f1f4037eea7a1df","190bacb31aa2063902dc754f0f7a5741a9c1559a","fa7ca0a64b9555883bace7ce1169954851d60966"
"https://github.com/travis-ci/travis-crowd.git","40","1","[153c705c53575092f62b2fabd23ec113ef018ef6]","0","0","153c705c53575092f62b2fabd23ec113ef018ef6","fcefc16dd67c2c19397eee5486658cff71e9fc27","fb2170610bfb9be1423ab94768e5aec4398cd2b1"
"https://github.com/travis-ci/travis-crowd.git","41","1","[cf6c4ac1366ae0a13e7df81bc11a36d562c7fd11]","0","0","cf6c4ac1366ae0a13e7df81bc11a36d562c7fd11","b74e3ee201572a9c73926edac0b0d0f9c5db257b","9324bcef4077705a0790a31c7ecc3115054799dd"
"https://github.com/travis-ci/travis-crowd.git","42","1","[fb2170610bfb9be1423ab94768e5aec4398cd2b1]","1","0","fb2170610bfb9be1423ab94768e5aec4398cd2b1","b74e3ee201572a9c73926edac0b0d0f9c5db257b","d8c44206d802aeb5f3d6f5c92c99732e1ae0eea9"
"https://github.com/travis-ci/travis-crowd.git","43","1","[fa8df86929ea7f9b78f98a27d5d8281315b9dd00]","1","0","fa8df86929ea7f9b78f98a27d5d8281315b9dd00","d8c44206d802aeb5f3d6f5c92c99732e1ae0eea9","ea5b649e9c8bf41145c7159385df6070d1cfec4b"
"https://github.com/travis-ci/travis-crowd.git","44","1","[c267ab9ecf6d56ef9d124ce9e1c8e87c1d9b770b]","1","0","c267ab9ecf6d56ef9d124ce9e1c8e87c1d9b770b","9324bcef4077705a0790a31c7ecc3115054799dd","e7879e13749c3a4eba5659ee60e4042c31176302"
"https://github.com/travis-ci/travis-crowd.git","45","1","[ea5b649e9c8bf41145c7159385df6070d1cfec4b]","1","0","ea5b649e9c8bf41145c7159385df6070d1cfec4b","9324bcef4077705a0790a31c7ecc3115054799dd","db466cac32f2ef30dba9ad6dc832208e65ffa1ce"
"https://github.com/travis-ci/travis-crowd.git","46","1","[3ff8ec3ba6624929768b8729cb3cc4c4d6ea3665]","1","0","3ff8ec3ba6624929768b8729cb3cc4c4d6ea3665","db466cac32f2ef30dba9ad6dc832208e65ffa1ce","926cd45c8decbbe4af7a26b24d8bc77ca0977aca"
"https://github.com/travis-ci/travis-crowd.git","47","1","[e7879e13749c3a4eba5659ee60e4042c31176302]","0","0","e7879e13749c3a4eba5659ee60e4042c31176302","db466cac32f2ef30dba9ad6dc832208e65ffa1ce","4052e1b7e72929be58cc2289ac187249560b1531"
"https://github.com/travis-ci/travis-crowd.git","48","1","[a79b995fa672ff16210f93f3d8bfc2ac762ea7c7]","1","0","a79b995fa672ff16210f93f3d8bfc2ac762ea7c7","4052e1b7e72929be58cc2289ac187249560b1531","aeb474ce71a50cd9bef76fcc9ee6cc887aea076c"
"https://github.com/travis-ci/travis-crowd.git","49","1","[736f218498fbdecd44e9054d2acd99f5c27927be]","0","0","736f218498fbdecd44e9054d2acd99f5c27927be","4052e1b7e72929be58cc2289ac187249560b1531","926cd45c8decbbe4af7a26b24d8bc77ca0977aca"
"https://github.com/travis-ci/travis-crowd.git","5","1","[3c942edb6fed05a7f6955cfe8a888bf246b335ce]","0","0","3c942edb6fed05a7f6955cfe8a888bf246b335ce","fa7ca0a64b9555883bace7ce1169954851d60966","6880dea08b008418620fbbdcb6ff29e587ddab4b"
"https://github.com/travis-ci/travis-crowd.git","50","1","[23881fdd1ac11254d8663889e703872509e421e9]","1","0","23881fdd1ac11254d8663889e703872509e421e9","926cd45c8decbbe4af7a26b24d8bc77ca0977aca","e0dd8fb124d61a7d03851eed93d9eefdad1e6df2"
"https://github.com/travis-ci/travis-crowd.git","51","1","[21b743579e0f1dffdce609c50ab22ad48514bfff]","1","0","21b743579e0f1dffdce609c50ab22ad48514bfff","aeb474ce71a50cd9bef76fcc9ee6cc887aea076c","0204bfba2f4b5003c00d7c020d8afc59b115fb6e"
"https://github.com/travis-ci/travis-crowd.git","52","2","[e0dd8fb124d61a7d03851eed93d9eefdad1e6df2, 72583e041eca2bea98b1c905782e2df3e1551721]","1","0","e0dd8fb124d61a7d03851eed93d9eefdad1e6df2","aeb474ce71a50cd9bef76fcc9ee6cc887aea076c","396d124449b2ef72dc60bafcebae7a8d0be0fdf8"
"https://github.com/travis-ci/travis-crowd.git","53","1","[9d99261dba25b4e061eaa75b6f7201f772fbadca]","1","0","9d99261dba25b4e061eaa75b6f7201f772fbadca","396d124449b2ef72dc60bafcebae7a8d0be0fdf8","48cbf3850c24c963c9d1f4aa01f63766f18fa35f"
"https://github.com/travis-ci/travis-crowd.git","54","1","[eac1a0ffae03f23182a6940107d047f331eafaa4]","1","0","eac1a0ffae03f23182a6940107d047f331eafaa4","396d124449b2ef72dc60bafcebae7a8d0be0fdf8","48cbf3850c24c963c9d1f4aa01f63766f18fa35f"
"https://github.com/travis-ci/travis-crowd.git","55","1","[f6722d8a008e0b539f6bfff97b2eb03093af7bb6]","0","0","f6722d8a008e0b539f6bfff97b2eb03093af7bb6","a8112e22c6b897d96e5f79297cb1f267c9ecd0ab","50c85be377a03fc1bdfd777a8aa5238f03fcc34e"
"https://github.com/travis-ci/travis-crowd.git","56","1","[7b79efa4747653a301e9e8827de0f64417a7dc60]","1","0","7b79efa4747653a301e9e8827de0f64417a7dc60","e5bec5268309152c330f7b8fffc4a5f049e1ee3e","f10fc2d38b36cfffd33e25b3b820b5dba24ca301"
"https://github.com/travis-ci/travis-crowd.git","57","1","[50c85be377a03fc1bdfd777a8aa5238f03fcc34e]","1","0","50c85be377a03fc1bdfd777a8aa5238f03fcc34e","e5bec5268309152c330f7b8fffc4a5f049e1ee3e","5a622306cbb651d92838d0e5f5f7ce4e41a6c4c2"
"https://github.com/travis-ci/travis-crowd.git","58","2","[482c211abe59b8b4cf8f117da31396d29f8ae77b, 68f26d0384f6a440a5dfe1fc8d89665513a94877]","1","0","482c211abe59b8b4cf8f117da31396d29f8ae77b","5a622306cbb651d92838d0e5f5f7ce4e41a6c4c2","3aa5db333e1b2350e6539133a12bd5bbb369fb10"
"https://github.com/travis-ci/travis-crowd.git","59","3","[f10fc2d38b36cfffd33e25b3b820b5dba24ca301, 38b19ed99278de0b4b2d4a9da3fc02c8a4571ace, 8c126adffab77160e41ae01c735a51d6e64d6c5a]","2","0","f10fc2d38b36cfffd33e25b3b820b5dba24ca301","5a622306cbb651d92838d0e5f5f7ce4e41a6c4c2","3aa5db333e1b2350e6539133a12bd5bbb369fb10"
"https://github.com/travis-ci/travis-crowd.git","6","1","[7255a5ccc7dd770f00433887dd8674dcb7167007]","0","0","7255a5ccc7dd770f00433887dd8674dcb7167007","e427f9773028b0542c43accf722ef9138baefce7","c952264a52f4d62fa5059cc7ad61ed5d95fd71f6"
"https://github.com/travis-ci/travis-crowd.git","60","1","[c26bd7d0813113601fccf8c010d338c0db11ee53]","1","0","c26bd7d0813113601fccf8c010d338c0db11ee53","b2f191c44caecf58dc029102f7abb79c993513fb","17baeea2afd01baf90d244ed61feb2500061df87"
"https://github.com/travis-ci/travis-crowd.git","61","12","[d1f83265d95fabe28ff0ffaa2bf8b0bc74c4abcf, 223c6cd5222ee083a8cc908873c7b2db0e841c1b, 6d495686920c8f689ef1da1f9c83a77ba3cb7184, 9f553a9593d63ae6fc6c41169adb205f27a788d5, 9b3c9fc48ec8ac22d1d08d8004f47b28a39d56cc, 90a036564280674ce0b8f4921c856fe6411dbf18, fc8a31c270c76a4b702cf0e27a1b9c404617e640, 4bafbcd9cb0af05bccfa70491cdb75f641f9cbdf, baa0b23a120b109c3993e1af5713ee93f9e0794d, bd2b8e6781635aeb922b9c8bed67e46bc272857f, 11d465e151a78489576bd21a0f09881e80f78bf8, 3e17db88a213b720eb0e466bdebe31e5e6d0fa95]","4","0","d1f83265d95fabe28ff0ffaa2bf8b0bc74c4abcf","b2f191c44caecf58dc029102f7abb79c993513fb","813c5a2666a90e0bff612cd4c3010e41f02a25b7"
"https://github.com/travis-ci/travis-crowd.git","62","1","[79981e96cb03908f3f98984f8959b6134b985a58]","4","0","79981e96cb03908f3f98984f8959b6134b985a58","813c5a2666a90e0bff612cd4c3010e41f02a25b7","2bd4c7579e088e7258f0634a1f7fc8403fffef31"
"https://github.com/travis-ci/travis-crowd.git","63","2","[c169a4f7a12a2717abaf69c89c29e8d4565410b6, 3cfa9ca5c92ebbd8b012cd1c7b9feee25edb0c98]","1","0","c169a4f7a12a2717abaf69c89c29e8d4565410b6","17baeea2afd01baf90d244ed61feb2500061df87","ac71bd1f531e54344e110fba1cded54e80ae5300"
"https://github.com/travis-ci/travis-crowd.git","64","1","[2bd4c7579e088e7258f0634a1f7fc8403fffef31]","1","0","2bd4c7579e088e7258f0634a1f7fc8403fffef31","17baeea2afd01baf90d244ed61feb2500061df87","ac71bd1f531e54344e110fba1cded54e80ae5300"
"https://github.com/travis-ci/travis-crowd.git","65","4","[ddd5974efbce904e2d06febcc8268f5ac6508c97, 6dc41b147f820886ad130dfdc0bff90bfe6ec98c, c8b0f5160f86e143f56155222f78c625bf92cf9d, 19d216d7a276b3caa107b0c1f3fbba6b3103c68e]","3","0","ddd5974efbce904e2d06febcc8268f5ac6508c97","dccf16e628b34c1518c020519937f437e74fd307","8447e878a9c7687b607c9aea78c2cc95021ce750"
"https://github.com/travis-ci/travis-crowd.git","66","2","[7ca2d3bffa1b5248438cdb7dccaeb86a51db3836, 1f44950170de9c3f2e00d11dfec64e038ece3a71]","0","0","7ca2d3bffa1b5248438cdb7dccaeb86a51db3836","dccf16e628b34c1518c020519937f437e74fd307","8447e878a9c7687b607c9aea78c2cc95021ce750"
"https://github.com/travis-ci/travis-crowd.git","67","1","[b38124d25013d06a427d89aab8c742825a7861be]","4","0","b38124d25013d06a427d89aab8c742825a7861be","941f166d480d861e9091ff7500070ea3eb2bc743","2ea674defd741da5536788eb5d9effdc7dce6249"
"https://github.com/travis-ci/travis-crowd.git","68","1","[1bd1ecfb3ffc067c2f554ce946b38ca8bb5b6198]","1","0","1bd1ecfb3ffc067c2f554ce946b38ca8bb5b6198","d2198d006e6b9cb8a92ca060fcda8d2f33928bfa","6a09aa777e06e6db784e2327a9e492a123b2dd93"
"https://github.com/travis-ci/travis-crowd.git","69","1","[2ea674defd741da5536788eb5d9effdc7dce6249]","1","0","2ea674defd741da5536788eb5d9effdc7dce6249","d2198d006e6b9cb8a92ca060fcda8d2f33928bfa","959e0b39b284637ba5cdc5ec52d9d4c580a61ac0"
"https://github.com/travis-ci/travis-crowd.git","7","1","[6880dea08b008418620fbbdcb6ff29e587ddab4b]","1","0","6880dea08b008418620fbbdcb6ff29e587ddab4b","e427f9773028b0542c43accf722ef9138baefce7","cdaac595dde0e134d34d419bf6dd70755c631c3b"
"https://github.com/travis-ci/travis-crowd.git","70","2","[e26451507d6bc4caf6cd572cfbf4bdbe69525ddd, ac107f7ba75a85c56fead63ecdb85dd9d9066791]","1","0","e26451507d6bc4caf6cd572cfbf4bdbe69525ddd","959e0b39b284637ba5cdc5ec52d9d4c580a61ac0","e3f20f4943c350e4c6641b050728d4929fe17b75"
"https://github.com/travis-ci/travis-crowd.git","71","1","[6a09aa777e06e6db784e2327a9e492a123b2dd93]","0","0","6a09aa777e06e6db784e2327a9e492a123b2dd93","959e0b39b284637ba5cdc5ec52d9d4c580a61ac0","b8c66f4be98c9c4297896fde59e7cd51a7f971f1"
"https://github.com/travis-ci/travis-crowd.git","72","1","[e9ebb8f4dafc12d8516801669191b6c753481467]","1","0","e9ebb8f4dafc12d8516801669191b6c753481467","e3f20f4943c350e4c6641b050728d4929fe17b75","323f88d2b88e9dc536080ec3f34fd95d2e2d7edf"
"https://github.com/travis-ci/travis-crowd.git","73","2","[49675ca1cb1897f02f4faa3ffdf92a21c4eb980a, cfe349e5d0034f3947f6051d6c8a625ac48d9a3d]","3","0","49675ca1cb1897f02f4faa3ffdf92a21c4eb980a","b8c66f4be98c9c4297896fde59e7cd51a7f971f1","265f0e3c318e8c80b53f6023c0fca303413e43ea"
"https://github.com/travis-ci/travis-crowd.git","74","10","[323f88d2b88e9dc536080ec3f34fd95d2e2d7edf, 9de8aa7d80dc21a610c6be6a4690383d464a6e38, 04b5944bebf45b03e40cc43b6adcd6819c6a6690, 766b1c0b5ff2ac5a1071406e3255ccc7007bb3e5, ef08b91c6cf711c62150df46dbca5b8d9a6c587c, e31ca7511c6dea6b14b5389783a0a8ca56f6e2fb, 68865998d93f7d5da6ae2211edc6a786766440d4, 53171ac2e026e860fad351a7153ad688dd3863d5, 615948ac68f01d4bdbdbc5228751860908287750, c6af900dc382b2a9f267b0242439a23fa1c57f73]","8","0","323f88d2b88e9dc536080ec3f34fd95d2e2d7edf","b8c66f4be98c9c4297896fde59e7cd51a7f971f1","905100eb81b0236154f4750b7ac87150e660a9e4"
"https://github.com/travis-ci/travis-crowd.git","75","1","[29cf4eed5e56c8a68c0999d395aa9076bfeb4e8a]","1","0","29cf4eed5e56c8a68c0999d395aa9076bfeb4e8a","905100eb81b0236154f4750b7ac87150e660a9e4","6adb3eae031ca63aa2cded0c353be4fb5f7c4e79"
"https://github.com/travis-ci/travis-crowd.git","76","2","[265f0e3c318e8c80b53f6023c0fca303413e43ea, 481af2c28c239d4f8e5d734e1de58dd05628c00b]","2","0","265f0e3c318e8c80b53f6023c0fca303413e43ea","905100eb81b0236154f4750b7ac87150e660a9e4","1bc40d7541103d70ae2c97b07aeb6055b3244d3a"
"https://github.com/travis-ci/travis-crowd.git","77","2","[11c0c7cd81303327f7bcce9f661bcd599e558c59, 5d5c3ce733485550ec14e02485154c72e872f4b6]","2","0","11c0c7cd81303327f7bcce9f661bcd599e558c59","1bc40d7541103d70ae2c97b07aeb6055b3244d3a","d3977474dc146adbf1e8fcbffb7d31fe8a2e9c3f"
"https://github.com/travis-ci/travis-crowd.git","78","2","[12794f15dea649f57da9e17993b419ff473b444b, 0bbd0e5baf2fbf889454e9d5fea0028c7b724a01]","0","0","12794f15dea649f57da9e17993b419ff473b444b","a23ec93bc6090c6fa8ce7173f46c986817e3b79a","d3977474dc146adbf1e8fcbffb7d31fe8a2e9c3f"
"https://github.com/travis-ci/travis-crowd.git","79","1","[7e69905eae4be22f6e81bfe5b95fc24772d826b1]","1","0","7e69905eae4be22f6e81bfe5b95fc24772d826b1","6adb3eae031ca63aa2cded0c353be4fb5f7c4e79","db9b1152c6f070399372563ff135d96cb4b70970"
"https://github.com/travis-ci/travis-crowd.git","8","1","[16b2b8949c5ca15ae27202a38b1b603d7b029cd3]","1","0","16b2b8949c5ca15ae27202a38b1b603d7b029cd3","cdaac595dde0e134d34d419bf6dd70755c631c3b","7d3f8efbbc8be16cb7677c915676547356af778a"
"https://github.com/travis-ci/travis-crowd.git","80","2","[d3977474dc146adbf1e8fcbffb7d31fe8a2e9c3f, 2f32ae72562d3381013afe3af276e89b4db7d791]","1","0","d3977474dc146adbf1e8fcbffb7d31fe8a2e9c3f","6adb3eae031ca63aa2cded0c353be4fb5f7c4e79","ba39ad36500ce186eb93f4a299885752fcdc1eb6"
"https://github.com/travis-ci/travis-crowd.git","81","2","[fe01dff90fd326bf85fb7b3c91591d7c17eeeaf5, 4e74772d733e2b48434477468b702ffb3054f90b]","1","0","fe01dff90fd326bf85fb7b3c91591d7c17eeeaf5","ba39ad36500ce186eb93f4a299885752fcdc1eb6","a47b5234a33cdd0885b5fb882be1d66429bd8e2a"
"https://github.com/travis-ci/travis-crowd.git","82","2","[55c5726da6047ca87c0b66e886167ceccf334949, 3696d8d6e43d005076fff367e7ea36c20f764667]","1","0","55c5726da6047ca87c0b66e886167ceccf334949","db9b1152c6f070399372563ff135d96cb4b70970","e33748b73a0790ae2557d66b352b2bc6c0d4fefc"
"https://github.com/travis-ci/travis-crowd.git","83","2","[a47b5234a33cdd0885b5fb882be1d66429bd8e2a, 98e6cb98381b96141ff97b3d3836acb125ccc675]","1","0","a47b5234a33cdd0885b5fb882be1d66429bd8e2a","db9b1152c6f070399372563ff135d96cb4b70970","e33748b73a0790ae2557d66b352b2bc6c0d4fefc"
"https://github.com/travis-ci/travis-crowd.git","84","3","[cfe37cede59774d07c2201d49043fbdc8cedc098, 1b360e3106d03ce4f29d93bccd64b40d57c69e7e, e6ad35aed7ab5d6f3876161375fca880e6767196]","5","0","cfe37cede59774d07c2201d49043fbdc8cedc098","f18e19d6c1ee9757e6f99846cc74a0d99d063252","9191cc71d869f447872a416e48223ba8c58f7af8"
"https://github.com/travis-ci/travis-crowd.git","85","5","[6cb97d87af8c689434d060f0dd13cabe0c0b272c, 36d5f482775a78ae0c82f97226835837a6777363, c3be2ff73fae753b944eaa4064d45c067bcf658a, 782d1f8f92dd4f8bbe3e640981059446d4c7fc08, 134a5d56c18fdb589710eb36f11310deb09b5a0e]","5","0","6cb97d87af8c689434d060f0dd13cabe0c0b272c","f18e19d6c1ee9757e6f99846cc74a0d99d063252","3c6a26ee90bf6d0bc8d3dcd80615159ef822d48c"
"https://github.com/travis-ci/travis-crowd.git","86","1","[2be652266ea89b8ef0c36d2c9b3e4311ddb9afc1]","0","0","2be652266ea89b8ef0c36d2c9b3e4311ddb9afc1","3c6a26ee90bf6d0bc8d3dcd80615159ef822d48c","9a12d0679c6eebf4269ad74206ee2c0bb6bc3267"
"https://github.com/travis-ci/travis-crowd.git","87","19","[9191cc71d869f447872a416e48223ba8c58f7af8, a5454cb147c9241c18eb863382ee0ed30d9c059e, 559aa0130910da486f03b32bb180517f6c5b82f7, 0fc05e31bbc407142057dff601e2313fa7906afb, 2793a714657116b7a9ccfa3de7900d68ed0dd89c, cdb545a120d2ceec48404443bd562df2ab18bfec, 1dc7fc6dfde93090911927c847ecde2bcbaae61a, 18f4bb149956ffb1fff96c57629d8411822bce47, 2752b6b4fb4d8c60c08a3e82ac3fb5202b0fd5a7, a81dfa3643b836ef2957018b993c942df13d5115, fcf337410362bb3561068a766410674767cb75be, 1fe5456bc90d5d7c8c6e081c61ae0ef1bcc994b2, 1fa909e752592c15f6ed86aa719202a87b5c08e0, 8226f64fcae5c994cb0b2d28ceb53ab3085c39f8, 540c8cd96b6472bb4fd3791765572785c23f357f, f7307b398f1eeed90c7528290d64072aebc1377b, c5b4e898fe381c4d31e9e4cfd226052d4600b977, 9cfeb1f2f0f4408d9c330e9f4039fcd028f4e97e, e903446d1195d1691304171d86433c0d3832d84f]","16","0","9191cc71d869f447872a416e48223ba8c58f7af8","3c6a26ee90bf6d0bc8d3dcd80615159ef822d48c","7f74c62f338e6a5d030f8b57a033045f6a60d593"
"https://github.com/travis-ci/travis-crowd.git","88","5","[3bf298ec4119c34d38c37599a80185fcaed71e24, 4e29c77037c73d1a9b82e2f517534f4d2171e163, 50de6a5402b567a95eac8e31c675151b80eed7e1, fb8750fb4412b157321d41478c8a1c0ef3da2e7b, ea9f8dbedae4f4d63f59113bd3b16f90dab25a1a]","5","0","3bf298ec4119c34d38c37599a80185fcaed71e24","7f74c62f338e6a5d030f8b57a033045f6a60d593","de537498bd29e4259c9a3ceb5130c58331638b76"
"https://github.com/travis-ci/travis-crowd.git","89","2","[01369415089839f0428de89b1c7e6783c60a8722, 6ba4e2e0acbb6829cd569ea44b861c48c078caf0]","1","0","01369415089839f0428de89b1c7e6783c60a8722","7f74c62f338e6a5d030f8b57a033045f6a60d593","9a12d0679c6eebf4269ad74206ee2c0bb6bc3267"
"https://github.com/travis-ci/travis-crowd.git","9","1","[c952264a52f4d62fa5059cc7ad61ed5d95fd71f6]","1","0","c952264a52f4d62fa5059cc7ad61ed5d95fd71f6","cdaac595dde0e134d34d419bf6dd70755c631c3b","7d3f8efbbc8be16cb7677c915676547356af778a"
"https://github.com/travis-ci/travis-crowd.git","90","2","[422cb20b997db4d91c18372ddc2d16f013182516, f16c601b3aa45b4feafe369a3640f6c827fdc409]","2","0","422cb20b997db4d91c18372ddc2d16f013182516","9a12d0679c6eebf4269ad74206ee2c0bb6bc3267","8ba374eb0c3a3a690463f9cb5cfbc26b292ed650"
"https://github.com/travis-ci/travis-crowd.git","91","6","[de537498bd29e4259c9a3ceb5130c58331638b76, 4600fa4a5e31722a9fd183e0182e903dd340d9b9, eae36ff1e2a3da29b714f978e5a5643ff45a8e0d, e273ea4fd4d86c9a5f8de6cdf12cc94a33bb1f69, 7178536d50f2cba2dc792c656f424f91a2f44615, 90e5eb0d20ffda1c33a69b12a04568a47566c264]","5","0","de537498bd29e4259c9a3ceb5130c58331638b76","9a12d0679c6eebf4269ad74206ee2c0bb6bc3267","8ba374eb0c3a3a690463f9cb5cfbc26b292ed650"
"https://github.com/travis-ci/travis-crowd.git","92","5","[dbe0b0330147ce281a769e4360d8ff81eb6e5b97, bff3b849187d5e32072aae4ac647b734df2b5703, 3cc02db97a91c3f832d81d31b19721cf448edb5c, 7b7e4d5dfb26fb6843483caf15bf8461502ea409, d303d259aa45bffe9d9c752ce0eb2b27b934f5e4]","3","0","dbe0b0330147ce281a769e4360d8ff81eb6e5b97","233f8f57d9efb3883ec6b3eb2075f677e691f3f7","62d467b8861812d05f7fb5cba18137322eaae2ca"
"https://github.com/travis-ci/travis-crowd.git","93","3","[134782e65e53819948c1f66433da71402628b73b, 20a69c2d74a58fcc114b29e31b56bd20d9aa8e83, 918c316f2a4dd8d40c780c9bf1dab0f227127a82]","5","0","134782e65e53819948c1f66433da71402628b73b","233f8f57d9efb3883ec6b3eb2075f677e691f3f7","82213e8901327d4379b8abe1cd730954f39eda3d"
"https://github.com/travis-ci/travis-crowd.git","94","5","[c9b1ab72450f99572eecdf3ae416022f40d3d577, d1fc03b5630c49ae7f88c43c54316ae696d10e48, 6006c79ca36f9d107401ed66c996c533a4b2e24e, fecac61856e806b01e6e693bd2017abed8776f76, 62d467b8861812d05f7fb5cba18137322eaae2ca]","15","0","c9b1ab72450f99572eecdf3ae416022f40d3d577","82213e8901327d4379b8abe1cd730954f39eda3d","5e05f34163652e20138f211dad825ebdbbabcbbd"
"https://github.com/travis-ci/travis-crowd.git","95","6","[5c697b17131969a8979c343796da3b489afaef93, b1a68e7470c26f1780358e3e74ad9d673c53ebc6, cc133b8c54b55fd0606d8e339b47d8ef14ac77b0, 1e46c0cd9ea37e6d5ebd0407490a8caeb1ef2bac, a28fabc426495b635ead1d14d9cb7a4bedc00159, 650af55109a695a875e04e4fb23a566b6b93c575]","4","0","5c697b17131969a8979c343796da3b489afaef93","82213e8901327d4379b8abe1cd730954f39eda3d","83b5bc23dff0c291ae79f7dea3702e14461bb6da"
"https://github.com/travis-ci/travis-crowd.git","96","1","[4de6dafefd004904c988fbd87c08513a130e2626]","2","0","4de6dafefd004904c988fbd87c08513a130e2626","5e05f34163652e20138f211dad825ebdbbabcbbd","8b38dc4b52c7e5d13e315ee7a855a8c872b74f9f"
"https://github.com/travis-ci/travis-crowd.git","97","2","[7176c7001472531243a37ccd7f6a9a4fb29dfa7d, 5eebd21a368f4e597f1eb31cef734e102ac66fca]","2","0","7176c7001472531243a37ccd7f6a9a4fb29dfa7d","5e05f34163652e20138f211dad825ebdbbabcbbd","8b38dc4b52c7e5d13e315ee7a855a8c872b74f9f"
"https://github.com/travis-ci/travis-crowd.git","98","1","[58de0d3e9c79263459a0bdb4a30bef873fffb9c2]","3","0","58de0d3e9c79263459a0bdb4a30bef873fffb9c2","8b38dc4b52c7e5d13e315ee7a855a8c872b74f9f","43c3b934f3dd8d70f3d795dd87fb563e126c794a"
"https://github.com/travis-ci/travis-crowd.git","99","3","[2d2baefaf10f2af9d1f0fc6d7cc517af8969a0df, 8603293176be74413ba6d5a2f5774aefeba2c167, 29da3c505d60a0201bc1685adfbb9e581f125829]","1","0","2d2baefaf10f2af9d1f0fc6d7cc517af8969a0df","8b38dc4b52c7e5d13e315ee7a855a8c872b74f9f","43c3b934f3dd8d70f3d795dd87fb563e126c794a"
