"REPO_URL","TASK_ID","#HASHES","HASHES","#PROD_FILES","#TEST_FILES","LAST","MERGE","BASE"
"https://github.com/vim-vdebug/vdebug.git","1","3","[72a9e7b0fa738f24bedd15de21a6e41c1ef58b4e, 07a9bc749fd47019c0dae6e33d2f4af0b6e5a837, 6e4e83f5360a3daae7f79424ff81a603418d0b57]","0","0","72a9e7b0fa738f24bedd15de21a6e41c1ef58b4e","903305f8e7895cddf838639e9280fb73568cfe69","564d8aa2490d37d7fee144094626006cf038b47f"
"https://github.com/vim-vdebug/vdebug.git","10","1","[07f8b59e5708d423da709d91170f2ecd3946a397]","0","0","07f8b59e5708d423da709d91170f2ecd3946a397","744b4bdd38869bfee50b0e89cbda3c0810adb17d","5e1d263424283eb5b735e9efc933ca31a0ec0672"
"https://github.com/vim-vdebug/vdebug.git","100","2","[1337237fcb13ad80e9be09bca8acf6959e440d2c, b43c61405b297b64cfa55c45ed95581756e8c8f3]","0","0","1337237fcb13ad80e9be09bca8acf6959e440d2c","1319ab1d1bcab3ee75752514121f97c679c6d090","716d7d93d497059acbc7c469e0e826b71efcc101"
"https://github.com/vim-vdebug/vdebug.git","101","42","[28b21824c81038c40ec03bcb4b2305144eca083c, 9ba30d42554c34639b2e538fefcda4c19b0e6e5e, 276faab3921adf5a055aee7a9ee9e18102d8e3e7, cb9ebd3f5b143df59acf99915a009deb41d5d63b, d2fc713b1ade815448576f2f414cad54c8690551, c620203360af3b72d5d5ef073edfd3ada65930f1, d0647d6a3d0e5dba2a4d22936fca4169cc9d10af, 84fae348390117c29304334f120ec7d61cd5ed33, eee70491d37d530a9cce6a267b3d138874d24877, 1f66ba8cddc81c47200f8206d9a6809c05293014, 89aa164cf5540a3fa462d189803d452d5ee47d14, 11470b808797d8dcf3066644d24dec0f9cb1e20e, 9b56c19aa5104a500db4acf823b446a02678d94b, 01ac145af70748b2851cd588fecd0e6edd0109eb, 197fe6fef653657a31bb2a226de2b69eff8007fb, 8164f0f9328ebd276d1fdaf06c400a74e7146a09, 930889be6431dec3f460012e39aa3ac9f386dcf8, ceddaa9a3669e774586b11acd103b1a2bb4815c9, af240788a6f4147d34bebb7a859dec3bd7bbf0dd, bcb113caae00431c855cb30e1a8463a078870116, 60f81e27d18bef2dbd716defc4f1c21869bbd426, 3e99fc91c7bc53e1c9255d93ec557ec93fd316d0, 62311c53a38837c3d0dc8668fc1c9e76dd96f2e4, 01a97ae3863b9251d07f871c810f108ad9b0b7df, a534d87975a0e5febda6e557dd042c231a3cf95c, 103132f7d7fe4bb3c54018a285bbee9e87e752ea, baca8d86259efb495b03663aec5e4794a69e6642, 889cb85bc10aed57d21d62eb2a8e9aa4c4f975ed, a576c352fb6c3b2ada671d9e8a2bac674f84a098, 2c7d9fbc8e618b33f2bf1436bb26ed298d2468f6, 4a355e9d59f23fbd64e30987c0cc3376e7ba6ffa, 4f6aea6868b722e8d9000e7abfcb317aeae12856, 8b211a7602517b34f8d86755f575bcb415bc5a0d, 8802f2d46b97ffd88f2eb6d41b1b6f0e8c48e4e9, 7b24bed681c9bbb29ca257c8181646538d25750c, 3bdf9021e3f5d51daee9cab54953222a3a5538ef, 66972840f1858ac6136028d67b47fb41e2116dcd, da57e6c21ecdaf3ec91bb4e19d0b86e9f198f869, 2cbb55de7909a14c3027d633ade56a2589df2133, 5e6f2b0c9083363b7d6cc1be449a1e503058ade6, b85e5ff9faed4e57b12b0eae1f2d662456dad4ae, 5aeecac2edd090a1e8201a97b067cac764d4cb49]","0","0","28b21824c81038c40ec03bcb4b2305144eca083c","0781bc2a961005e4113fbbc2f2f9f5a72f3a69de","34172fbda6821c87da75283bdf4188819fe91729"
"https://github.com/vim-vdebug/vdebug.git","102","37","[e6d8dadb6bcf00ebc65adafac18e104f45d6ae03, e9fef5f51965df8d776a41545067362cb4cc41be, 1b723358948e337b1494a110bee62d099cb3e0a4, 60eb894c3997db1c40d60ca52782a5505847330a, a7bad165ae04f043f4e3d1dd1a9e0b05859f4ff4, 613cd82a0952f7feb2adfd3320d302d34b929bd4, cc45408e5ea92a4906550b4a953b25d900b98aa8, 2f14fb849e1ed237e775fbfc3fb4f1de6acaec8e, 4b0c1e1a7efafa61273aeacecce7cc7d5a5e69ce, b0f196f85416f8250205e9f882dfbd4b15c83e1a, 21dc46d9dccafb67ba6e265f8297f7bbe921793d, 1560e39c7a35023464850c7541ac710a627c4fe3, 5c701020a21fd8f19cafaff4a14bdc8d97fffaf8, 7fa7597a7d4fcf4ce94e60df394c718c8586248e, afd152847532ed5d318b14817f16b1da9a58597f, 2f7dfa78759ff7e354b1b80650f622b528678eee, 2828e050f2064478f9534e87e11d3a46c7bd6422, f61abcdd0bca4eead41b1a319e25e927c1248dea, dcc8e068121b83c1b91491c39a6e60ae015ec835, 85b1cebd9ef638d89e422894990ef2ef97ffc042, b8a506f158767dc40ad8bbb13d98cbd882d03186, cc8788faf29b2a3bae1ad510505542de0e6a109d, 9a6812a934a3b23a3a476f02f56976cb1decb130, a70e45209b0004bf995d2c7d893f3fe6d84ffdbd, 8d40e0ef220fee6c64af45aaf1ef00fdb117a615, bc4c5b7af68183e4c92a71872fb0bf1c56df417d, f2d0866abd6baf4e9c1a019652d0faf0f11e72fa, e7d2eee32ebbce50be83204a9cfdc89c0145286a, f16dbce274c6522634ea91e02a3718fa9e26700d, 88cec9775fe71e0aea0e763668d941f073d8d127, 9480abf0045b8185840771aea4a689038d8ac70d, 3b43f0e5b6f0d109dfd1fa56a8d554f07550f2ec, 2632b07c6f2b3bf47c6dd073ba43f3b3602fcb93, 44f250eb04c7d03acdb6c4487eb1d94446718777, 76e2d7c30a9e8e2934695de1d4bd0997e7344fa4, 37812dab449e30081b85e49c7fcc464bfa40f60a, e005f077db2fceac4031e5f08f679d2c2135e14b]","0","0","e6d8dadb6bcf00ebc65adafac18e104f45d6ae03","0781bc2a961005e4113fbbc2f2f9f5a72f3a69de","b72d0658da9408b175fa6be6b4410b207bca31d5"
"https://github.com/vim-vdebug/vdebug.git","103","1","[a167d5d9114674e081a6b9dbdcb375c30238d935]","0","0","a167d5d9114674e081a6b9dbdcb375c30238d935","73b1798ad207af1614c3357c11fe76ac528aac00","d945437575126170d8440b4826735f661a18bd21"
"https://github.com/vim-vdebug/vdebug.git","104","1","[44b49f74b0fd14c50a9e29ab19a3552274989876]","0","0","44b49f74b0fd14c50a9e29ab19a3552274989876","00221f27823b69bfddfd9c302963242b7569b16d","443aeb56db96a5bf3551ee5fdf2a608756700244"
"https://github.com/vim-vdebug/vdebug.git","107","2","[878986ca2381fb523b97dbe16dd6aaafba3700b2, 08f029f351a9f8316f993513229955f0ffbe3a73]","0","0","878986ca2381fb523b97dbe16dd6aaafba3700b2","b0006b0cbf41bc1438dfd9a2a0a7c1d1d1f6026c","d945437575126170d8440b4826735f661a18bd21"
"https://github.com/vim-vdebug/vdebug.git","108","1","[0d3ce80fb13def6fcdfc2718ba5c8288fcc05d90]","0","0","0d3ce80fb13def6fcdfc2718ba5c8288fcc05d90","b0006b0cbf41bc1438dfd9a2a0a7c1d1d1f6026c","d945437575126170d8440b4826735f661a18bd21"
"https://github.com/vim-vdebug/vdebug.git","109","2","[1dd8e9df015c0f7f7a3998a603f179064c2abcba, d81aeb583276e94de1206b86893a93dabcbfb0ee]","0","0","1dd8e9df015c0f7f7a3998a603f179064c2abcba","36097ecef3d8b9048e7ea2b53fd6b059495825b8","443aeb56db96a5bf3551ee5fdf2a608756700244"
"https://github.com/vim-vdebug/vdebug.git","11","2","[612ed9bd4fcd756ecce79bbe13d585c85c4517b2, 20c6727450e9f28b9e2ef499e2a8320b214c0967]","0","0","612ed9bd4fcd756ecce79bbe13d585c85c4517b2","7f86d97761f34f4a1461ae6223186750e956c780","4b5616be67dafa890cb6b574814ce92495b5fa4f"
"https://github.com/vim-vdebug/vdebug.git","110","1","[a59e93ce4183772d92af4423871b90fe92a43d0f]","0","0","a59e93ce4183772d92af4423871b90fe92a43d0f","36097ecef3d8b9048e7ea2b53fd6b059495825b8","443aeb56db96a5bf3551ee5fdf2a608756700244"
"https://github.com/vim-vdebug/vdebug.git","111","1","[0e4c525ed44cb51555fffa6c864c14c6114a2668]","0","0","0e4c525ed44cb51555fffa6c864c14c6114a2668","d945437575126170d8440b4826735f661a18bd21","bcc0961e63e6a8c44794a27a9fe9f80aa0bfcee3"
"https://github.com/vim-vdebug/vdebug.git","112","1","[c598a5d02290d54503ae2a433a0f29caf7dec2cf]","0","0","c598a5d02290d54503ae2a433a0f29caf7dec2cf","d945437575126170d8440b4826735f661a18bd21","bcc0961e63e6a8c44794a27a9fe9f80aa0bfcee3"
"https://github.com/vim-vdebug/vdebug.git","113","1","[f1c78dfc168c09b83d7474d8926f95b28baa9ebd]","0","0","f1c78dfc168c09b83d7474d8926f95b28baa9ebd","443aeb56db96a5bf3551ee5fdf2a608756700244","b65927c408268e718b0cf2c44d1074ffe6e2465f"
"https://github.com/vim-vdebug/vdebug.git","114","1","[d0eaa21b229f3b24016f6b45e8ec2991e2d9c762]","0","0","d0eaa21b229f3b24016f6b45e8ec2991e2d9c762","443aeb56db96a5bf3551ee5fdf2a608756700244","b65927c408268e718b0cf2c44d1074ffe6e2465f"
"https://github.com/vim-vdebug/vdebug.git","115","1","[9705ca3ab04af152b6316292dc4f988293ef99bf]","0","0","9705ca3ab04af152b6316292dc4f988293ef99bf","f8ac53221ace9d462e5a103e849e5be9c868f443","e535482d5765ccb76c9c8b2bd6d8d746ba672f65"
"https://github.com/vim-vdebug/vdebug.git","116","2","[c19a3d3a22a2e38d284a73d51e10fff4dd9c1e6c, 90233ae27cf187ec90036db46ed5cd22c48cfac7]","0","0","c19a3d3a22a2e38d284a73d51e10fff4dd9c1e6c","f8ac53221ace9d462e5a103e849e5be9c868f443","e535482d5765ccb76c9c8b2bd6d8d746ba672f65"
"https://github.com/vim-vdebug/vdebug.git","117","1","[878e5ac2da4788add7fba847d22730e5e8f046a0]","0","0","878e5ac2da4788add7fba847d22730e5e8f046a0","76f69948dbbdd8d6d94796ce4c980de4c05802dd","b0518c06fbe1b313c0537cae965b846b2a427ad3"
"https://github.com/vim-vdebug/vdebug.git","118","2","[aa321b99b5ae574450355159fd1113ce9e00731d, 2838e06954ea3e585f282de96812892f7b341f38]","0","0","aa321b99b5ae574450355159fd1113ce9e00731d","76f69948dbbdd8d6d94796ce4c980de4c05802dd","b0518c06fbe1b313c0537cae965b846b2a427ad3"
"https://github.com/vim-vdebug/vdebug.git","119","1","[1689f5ce74ddffd3ecece085f73e50174318a2a4]","0","0","1689f5ce74ddffd3ecece085f73e50174318a2a4","d332fa2403ed7efe6b74ade631268920fb0c7443","51ffdb02ee6c8cb338df2278a0425a02fed2f8d7"
"https://github.com/vim-vdebug/vdebug.git","12","3","[7fb1963222037847abca4d2c2ae0c3f9669e30db, b13416e4e497cc4f8914126ecb838879504847cc, 6e1a991f37e78e3282ecb71a70413a272ad3f8bf]","0","0","7fb1963222037847abca4d2c2ae0c3f9669e30db","7f86d97761f34f4a1461ae6223186750e956c780","4b5616be67dafa890cb6b574814ce92495b5fa4f"
"https://github.com/vim-vdebug/vdebug.git","120","1","[38247450d4c275ebd5f007ff38c4bae005d7aa15]","0","0","38247450d4c275ebd5f007ff38c4bae005d7aa15","d332fa2403ed7efe6b74ade631268920fb0c7443","51ffdb02ee6c8cb338df2278a0425a02fed2f8d7"
"https://github.com/vim-vdebug/vdebug.git","121","1","[46ae45d40985b1099c74ab5ade522aa9642f434e]","0","0","46ae45d40985b1099c74ab5ade522aa9642f434e","0ef64db8e551f80748592846dd0f3ffbd9ee2056","065b04b68603fe283a83410077f839a3079d50d1"
"https://github.com/vim-vdebug/vdebug.git","122","1","[c0b315aeaa8288ec7dd171a235ed5e2b9a02862a]","0","0","c0b315aeaa8288ec7dd171a235ed5e2b9a02862a","0ef64db8e551f80748592846dd0f3ffbd9ee2056","065b04b68603fe283a83410077f839a3079d50d1"
"https://github.com/vim-vdebug/vdebug.git","123","8","[72a9bda420990886378201989bf65dbe45437baa, 8f635eb39a1eadabfdc2fd2f3e55c2112a6b276e, 37a9025e1de34aca473ed0f8ad6df4ce8f6ac26e, 9827a12a8d26c972f93b09b709c8ab26b5e57d4d, 4692cb359d8eb92d0918154cb29ed3090af85f41, 09f1a4ad5ac95fc94ddb50d06abef81287fc9acb, a1d2e959e9a325fee48833eee125524d2c7c9b9c, 371795176df0875bde0ea6cf11943819083614a4]","0","0","72a9bda420990886378201989bf65dbe45437baa","d4d8afaaf947c48304460c884e360f47e94e1a59","64d206ad099c7ad15cba7d818ed2aae56b53382e"
"https://github.com/vim-vdebug/vdebug.git","124","8","[1cdf23e88c33c1f5802fca5899e34b65bdbf03fb, e876a5cc7ab7e022ae84425d6b39d74a3a91f9cd, d7ec65d55f93c517c91f4d2220e0d22a459d5735, 2ae3e419a044a17ec0a1ef8399b4b49a3823b861, 25c2cf465cc430bad7fad02bb67e3c5841e26d81, 32428ea775bdeb80c75342e9625be3bf75a76f70, 418357a3b98ba64b032d0aad020de8989481cab2, 1c97560df463bd5fe73508df0e1c94b2bfff4b33]","0","0","1cdf23e88c33c1f5802fca5899e34b65bdbf03fb","4bf6747a829fc0487b6a5b4c1eaeb745c323f343","4e31edae55568f6a78f9caeb53334bc0b1779928"
"https://github.com/vim-vdebug/vdebug.git","125","3","[9b673bc20ca052d881f5f37215ad1a1bebc07c42, 64d206ad099c7ad15cba7d818ed2aae56b53382e, 7601071592faaee0585b3dc01e9641ddcc3560d3]","0","0","9b673bc20ca052d881f5f37215ad1a1bebc07c42","a8b7c687722fb5ab33a693cf213864c845ac7191","f93b8ac76eb6de39fcd9c82fce59583be7cc9f68"
"https://github.com/vim-vdebug/vdebug.git","126","1","[60efb5cbee4d939957c14f5ab81a1b5237f77601]","0","0","60efb5cbee4d939957c14f5ab81a1b5237f77601","a8b7c687722fb5ab33a693cf213864c845ac7191","f93b8ac76eb6de39fcd9c82fce59583be7cc9f68"
"https://github.com/vim-vdebug/vdebug.git","127","3","[b82ef1b638013e7333e6700a6fe894fcf8e26401, 4e31edae55568f6a78f9caeb53334bc0b1779928, 5b99914eb84a7f2788084b6be43a202a379823de]","0","0","b82ef1b638013e7333e6700a6fe894fcf8e26401","0ecdece104cae5c1b94c5493fb95d321d402750c","557b408d132f30a951f5863e9d1f147424f33501"
"https://github.com/vim-vdebug/vdebug.git","128","1","[b6b38d364abfa95812ace1d24d71ae9a2b13fd3b]","0","0","b6b38d364abfa95812ace1d24d71ae9a2b13fd3b","0ecdece104cae5c1b94c5493fb95d321d402750c","557b408d132f30a951f5863e9d1f147424f33501"
"https://github.com/vim-vdebug/vdebug.git","129","4","[1c2238bc58e2df3f8af3192182323527ced883cc, 4183c723c2f640c76d03186a5a2171da8db5e4d0, d9d630dec785737c18d612c287d862fc8a5a2209, ade0832a42a667a610150d6f4c1748c4da28f5c9]","0","0","1c2238bc58e2df3f8af3192182323527ced883cc","db337b636fc0c8158940578460f16c6c7a8d8f2d","3eb7fcd9e19fc9f53590d5225fba1cd9acb9c416"
"https://github.com/vim-vdebug/vdebug.git","13","2","[1bff0b1afc4181a9c73874621d6d05fa92a5f1bc, d6b434bfacd518a7d6d7dff86e0cf86355594ae9]","0","0","1bff0b1afc4181a9c73874621d6d05fa92a5f1bc","6b2b2bac8947f6f5c72ca3a75401270d52b740b4","f703ba4b29d43e8638b3ce653329909d312dfc8e"
"https://github.com/vim-vdebug/vdebug.git","130","1","[03b44d7fe2db42904a819187c1cc3ada3e7feb19]","0","0","03b44d7fe2db42904a819187c1cc3ada3e7feb19","db337b636fc0c8158940578460f16c6c7a8d8f2d","bafedaa09ae3fd5b885559e918abedcebbdd5cf9"
"https://github.com/vim-vdebug/vdebug.git","131","4","[bcd0cccce522e61a79a167ba99f46e2dddbd9232, efcbb2e51ee32e7b2d94463c466f1e092878c4a5, a839bb2f5463c786fc942120703744c46afab0d4, 942c5b764f37d308b0848f705a215573bc4c0668]","0","0","bcd0cccce522e61a79a167ba99f46e2dddbd9232","ca37607e852f14fa88a0083be84ad4abe0837ddf","4f573587baa69b488625c668a19247b5d653925f"
"https://github.com/vim-vdebug/vdebug.git","132","1","[1c90ae2fc595b94367014ee969cc0c76008f091d]","0","0","1c90ae2fc595b94367014ee969cc0c76008f091d","ca37607e852f14fa88a0083be84ad4abe0837ddf","a3483bc1b53fcc23878e41883a041981d0c83851"
"https://github.com/vim-vdebug/vdebug.git","133","2","[6ea81bf63c665937578701641a273e53c567c9c4, 075c1fb3d4c0d52a87fdb26e07aab340a9124629]","0","0","6ea81bf63c665937578701641a273e53c567c9c4","3eb7fcd9e19fc9f53590d5225fba1cd9acb9c416","4c2d90f2505f72606b050d4783c156ccd491e395"
"https://github.com/vim-vdebug/vdebug.git","134","2","[bafedaa09ae3fd5b885559e918abedcebbdd5cf9, 0c24d1f0300f08fb0ba7be4df4a9ea96a0fda9fe]","0","0","bafedaa09ae3fd5b885559e918abedcebbdd5cf9","3eb7fcd9e19fc9f53590d5225fba1cd9acb9c416","af39bfd506bf466eacd0b25d06e3f4a6e03c2416"
"https://github.com/vim-vdebug/vdebug.git","135","2","[6bebc102c22e6d17aed648d83dbf00137b99156f, 8889bd75b88271dbd808f1693538138258e1815d]","0","0","6bebc102c22e6d17aed648d83dbf00137b99156f","4f573587baa69b488625c668a19247b5d653925f","f06980105487acd3d41979fb65f630fd22201334"
"https://github.com/vim-vdebug/vdebug.git","136","2","[a3483bc1b53fcc23878e41883a041981d0c83851, 6e26439a509dd9d313f0e5cd04d5f6ba58bc5f7e]","0","0","a3483bc1b53fcc23878e41883a041981d0c83851","4f573587baa69b488625c668a19247b5d653925f","cf174cbe5c1760060ad7f53c1f3c3a7eeb236668"
"https://github.com/vim-vdebug/vdebug.git","137","2","[af39bfd506bf466eacd0b25d06e3f4a6e03c2416, d057ec3bce97acba0216118f2b0b0d02f2d3af2d]","0","0","af39bfd506bf466eacd0b25d06e3f4a6e03c2416","4c2d90f2505f72606b050d4783c156ccd491e395","f7585414e85faee3b2f63ade3e195be999d9d82c"
"https://github.com/vim-vdebug/vdebug.git","138","2","[1ff86b621b0883a6031a88dd91a46645dbc051d6, b934e7addb19dd82b19d847ad9bdedeb38bd5aa6]","0","0","1ff86b621b0883a6031a88dd91a46645dbc051d6","4c2d90f2505f72606b050d4783c156ccd491e395","f7585414e85faee3b2f63ade3e195be999d9d82c"
"https://github.com/vim-vdebug/vdebug.git","139","2","[cf174cbe5c1760060ad7f53c1f3c3a7eeb236668, 65c140afd7ea7a20a50de4c3753baa4c2b0ccbf6]","0","0","cf174cbe5c1760060ad7f53c1f3c3a7eeb236668","f06980105487acd3d41979fb65f630fd22201334","e7d400805e0f70c2dc33351d87cc855ee87dc545"
"https://github.com/vim-vdebug/vdebug.git","14","27","[3af77bb318f6a2458b05a4721c1608efaa245051, f0ec4841625152733302d8f19bd6b221406306cc, 5bb0ebd344ae0ab1d2276cd2fab1d7121a63f155, e37e43509778d167af139b9879d329fdb944abbc, bfadf4069424c102f1e61996a7685024b3e19309, bd30e55fe1650724e682466e72cb96720178bee2, 78f57c41fa4ed3851274889bc5a9d8369da58c87, 98759bbb043f54065fd3b0dfbb8bbcfc098737f7, 45f8a3adc1dd66da1ebcdd2a35d0d729a30ec997, eb03ea8870f3c55e2782ac48bfb32fd7248224ff, 39742081d4ecdbf2f55830a3f97cc22ff60460ad, e7df8539e76402c2d42371379c9e27d31838d186, 97b7d08f1ac787a900d8112c463d596a27259aa0, f41221eef9f4e666cc9a6269702e0e11b6ade520, bf9cc6ebf737181bd8c93c3c3a8909e70a212d31, 8c396b0efecef57fc4ac8b6ec8803270bd871601, 3aded4a38614cc22f3936aba6f7716bb4998195b, 144b79c06e9fc872159291237c02d3ee4e281730, 3ebf305a6ea65c29153ef4e7ed74b2c03222b1dc, dbbeca915f5f5bb832e390985b15efb4c48fcf25, 7699863d19b9679e52d0e55736ef053729c9dd78, fbdcaaf9b9ef7c300b64c028af73e7c2f0b194b9, 3410e36fbed3388b443ae4edd98c5cdd6863dfd0, 86f2a70e41587473a1cdc7ee3fd03f6c46dc2048, 0ffae6efc091503f4e11d62f1258643d7de0ae77, e339ac0a2d3f7858a0fbe31018d98fe1553da815, 5023a135af9a07fb48e1d1be7dcd9c6472e5bfb8]","0","0","3af77bb318f6a2458b05a4721c1608efaa245051","6b2b2bac8947f6f5c72ca3a75401270d52b740b4","58d8a144a4d226ba433b6b83950fd9b920d0e8fd"
"https://github.com/vim-vdebug/vdebug.git","140","2","[d09b31a100791a59155add7e80b56454e9849453, b1986d500de8e2171afd97f1b32071d6e8759534]","0","0","d09b31a100791a59155add7e80b56454e9849453","f06980105487acd3d41979fb65f630fd22201334","e7d400805e0f70c2dc33351d87cc855ee87dc545"
"https://github.com/vim-vdebug/vdebug.git","141","1","[36e616fe515a7dee9f747d8c9f95e86f69eec5ab]","0","0","36e616fe515a7dee9f747d8c9f95e86f69eec5ab","f35ff1c738c049fca4dac8d89f0d20ff16e17972","ff4ebda8f8929f4e85c92a9cb55b96162cdd8c00"
"https://github.com/vim-vdebug/vdebug.git","142","1","[5aa96620631de78ee5a2ad6ce30234e3fd139823]","0","0","5aa96620631de78ee5a2ad6ce30234e3fd139823","f35ff1c738c049fca4dac8d89f0d20ff16e17972","ff4ebda8f8929f4e85c92a9cb55b96162cdd8c00"
"https://github.com/vim-vdebug/vdebug.git","143","1","[d92252e16f2a8ebf0f25c4572fe2d100d8dd3723]","0","0","d92252e16f2a8ebf0f25c4572fe2d100d8dd3723","72f20af2d7a900da8a0f5edeb7ee48759d7b0660","048d3622d9c5a0346726f8117a487fc78ae8501d"
"https://github.com/vim-vdebug/vdebug.git","144","1","[74fe9235716bdcc5788caa2666651c8b4a36903b]","0","0","74fe9235716bdcc5788caa2666651c8b4a36903b","72f20af2d7a900da8a0f5edeb7ee48759d7b0660","048d3622d9c5a0346726f8117a487fc78ae8501d"
"https://github.com/vim-vdebug/vdebug.git","145","2","[b7ca164b6b819dec07f8a56dc8adbfd8ceeae143, 64cb6d5982273aa0d0ed5db2264f25f46266561f]","0","0","b7ca164b6b819dec07f8a56dc8adbfd8ceeae143","533b4f20074203aba84f9cfc07c7ffdfd1edaf65","0d61a7beb5ce6e7a078ef80e65f2fdb1e324acc2"
"https://github.com/vim-vdebug/vdebug.git","146","1","[cd28efe22a6603c63a362f8b2dd6eb2f7fe83258]","0","0","cd28efe22a6603c63a362f8b2dd6eb2f7fe83258","533b4f20074203aba84f9cfc07c7ffdfd1edaf65","0d61a7beb5ce6e7a078ef80e65f2fdb1e324acc2"
"https://github.com/vim-vdebug/vdebug.git","15","1","[81a6b354b351647b2296bb87772cedf738ca1067]","0","0","81a6b354b351647b2296bb87772cedf738ca1067","f703ba4b29d43e8638b3ce653329909d312dfc8e","4c6a7caa10e32841dba86ba16acee30781388fdd"
"https://github.com/vim-vdebug/vdebug.git","16","1","[f53db3ccbaf254eb6297ad88895fd6ef7f21e626]","0","0","f53db3ccbaf254eb6297ad88895fd6ef7f21e626","a35e98c9aa2536d4cf7406f1e09eea9ef6517b28","4c6a7caa10e32841dba86ba16acee30781388fdd"
"https://github.com/vim-vdebug/vdebug.git","17","2","[d825fbd8e405d49466a157553b8818f755ea3f5d, 5e1f8956733aaa7ff8064f55beffab5deb725f9c]","0","0","d825fbd8e405d49466a157553b8818f755ea3f5d","ae0609cb9faba57600dcbb2b12874213b4d76769","4c6a7caa10e32841dba86ba16acee30781388fdd"
"https://github.com/vim-vdebug/vdebug.git","18","1","[eaba5c2b354f46ad0c70141f1125f7d74ab383f0]","0","0","eaba5c2b354f46ad0c70141f1125f7d74ab383f0","ae0609cb9faba57600dcbb2b12874213b4d76769","4c6a7caa10e32841dba86ba16acee30781388fdd"
"https://github.com/vim-vdebug/vdebug.git","19","1","[8587a9089d6674740bc2145ccea88003ebe5f138]","0","0","8587a9089d6674740bc2145ccea88003ebe5f138","58d8a144a4d226ba433b6b83950fd9b920d0e8fd","843b48829202a0e3e8a2a4bf605608ac52699441"
"https://github.com/vim-vdebug/vdebug.git","2","1","[675b77dc32f419c2d1d2b6adefc153c731805c18]","0","0","675b77dc32f419c2d1d2b6adefc153c731805c18","903305f8e7895cddf838639e9280fb73568cfe69","564d8aa2490d37d7fee144094626006cf038b47f"
"https://github.com/vim-vdebug/vdebug.git","20","7","[0df6a8a72a56016e57755755a6d565b2814e609f, 81a1a6cdd5f637562b688d37879d51564acb9830, 1265239301a87ee220a0b1083a1b78f71c9d4350, 017cbbfbcf338fa7e6932f003ade7850918ea76b, 26fbba50b0c72b70a950c39716f9bd8bb2617374, 72c9ae5276f0cf64742544d422854d0ee11f3b36, 48cd2f88e062b071262c1e5a5ff69076bc188de0]","0","0","0df6a8a72a56016e57755755a6d565b2814e609f","58d8a144a4d226ba433b6b83950fd9b920d0e8fd","843b48829202a0e3e8a2a4bf605608ac52699441"
"https://github.com/vim-vdebug/vdebug.git","21","1","[abd4ceb3461bcc6672db0c94359947a0e3ec4c74]","0","0","abd4ceb3461bcc6672db0c94359947a0e3ec4c74","256f39c197a35a6556c71b2c56dd5b829f8b1b5c","3669ef2834b3ce4a3d199cdf438c640a68baae03"
"https://github.com/vim-vdebug/vdebug.git","22","5","[54bc522033e78389dc5b131700cf8e9814671a7c, daee065ecdeb8fc86e8daed9df8bdcc52dd6cc85, eaf6a633425d4303b123d40e2bafe07cba6deb0e, 314a9f55dd3222174e3d2b1db871480a870029de, 11d6b7e1273d6c58245d19493f7282bddf89de23]","0","0","54bc522033e78389dc5b131700cf8e9814671a7c","256f39c197a35a6556c71b2c56dd5b829f8b1b5c","3669ef2834b3ce4a3d199cdf438c640a68baae03"
"https://github.com/vim-vdebug/vdebug.git","23","1","[951c1ec67f8c8b48c38092290fb4be0510b438ab]","0","0","951c1ec67f8c8b48c38092290fb4be0510b438ab","9261e7451c8cc4776296d375405129d3958e6114","b62bcbe08b967f10753828363239b596a10f3add"
"https://github.com/vim-vdebug/vdebug.git","24","19","[5d5be1b43381c65deba3703aa2f27f80d072a455, 1f783381cbdcf29ad58b443b544b98346240b41e, 3c99d38e57eabdfed5acb5bdcdb1e1d277098cb8, fb6e3a7308aea94225c828c8317ffb023f12edf6, 7a4b9e20c5c1c158d0f79b37e937929c64d63e91, e9f9e905a59c5e7fd311581ef6d502d9babc8f90, 5d9e2c7462fbb088e637a9001ddde49540228017, 01a97d1ff3ac40920ddc53c67b97547cb158404e, ceda73f18d96a032bf38c11461eb35580e172d12, eae0cd33b94bc33dd4f79d04fc50207ea6c6667e, 8660b050629fffeafba6f110625b5bb151c88390, 0340f8d540e68b8c7c225a9f17720b83f704027e, 46b8706b4b40ec6c14cd032a5bd83a68a0fc3f42, dedc1acdee16ee30507afff540a79736a4ca50e3, d80877c9ae2afe29ecf103d4addabbe315b16acc, 143f4ec6cbf093a70b7557af6259becf3ca83b2e, 05504b744b542936ee4c87e77de8421f60d70f31, b931082b5d65f56fc45e640d86862c145aadf085, eed6bd45bcad8a30b99100ed3fb892dd19e5618e]","0","0","5d5be1b43381c65deba3703aa2f27f80d072a455","80b66a5a1aaebf6133ab220f25e635dd7b7f746e","b62bcbe08b967f10753828363239b596a10f3add"
"https://github.com/vim-vdebug/vdebug.git","25","2","[9a51fa0912df3dcd5a4b72cc771a1a709e5a3e4d, 32c64445e46aa480f2656e11efc010a4f4edebb3]","0","0","9a51fa0912df3dcd5a4b72cc771a1a709e5a3e4d","80b66a5a1aaebf6133ab220f25e635dd7b7f746e","b62bcbe08b967f10753828363239b596a10f3add"
"https://github.com/vim-vdebug/vdebug.git","26","3","[0fb45dffa8230a87b1eda352a12c4e354b2e8a41, 95fc38454f199f06df645bbbac32aabc2487db09, 182036c1eab1a9b636d1b3dabcdcff004b7dad1b]","0","1","0fb45dffa8230a87b1eda352a12c4e354b2e8a41","b62bcbe08b967f10753828363239b596a10f3add","62a82bf266dcc5e91740cec44b33e4f15bd8f868"
"https://github.com/vim-vdebug/vdebug.git","27","9","[c079e129bd110c12f012f86fe0c2345c7c8d4f2c, 772ace988e11dc1f68f89be0e11e941599c947ff, d83819ea0b223e17354bb35907fefddb7f2c5471, 7f22e6a711f1f5da03eccf948d6ee6f1f7983cc0, 2e861eabd3c617e2428fb0b6b6085c84220a08c5, b179a9baf1e2cb0cf5c9bf51b0f5cd18417fcb64, 0b130ac86f14c20d81f0551808c73577ff2258bd, 84a5d025d06fbcd02da5345e74cfee711367e109, 1b13cb38f1c425c1705fbb9e1b604b562012ce80]","0","0","c079e129bd110c12f012f86fe0c2345c7c8d4f2c","b62bcbe08b967f10753828363239b596a10f3add","62a82bf266dcc5e91740cec44b33e4f15bd8f868"
"https://github.com/vim-vdebug/vdebug.git","28","5","[73218ed055a00d0abbd8b362a528062310060b2f, 9ac3a6d92060f93d9f2734769a7c14dace832599, 4ee655f97b80e2df10baef124ef93302a9669ac4, 4b2d22f745ba066ca7d241091479ea4c68bf95d1, c29e9acf74136d07ca5788a8eda60387c4278286]","0","0","73218ed055a00d0abbd8b362a528062310060b2f","00cca069a97143d1a93dfa8787623247a3dd6544","57444b6812372d8b0d5a655c2c091302b1037952"
"https://github.com/vim-vdebug/vdebug.git","29","5","[540905b9d8d8c751be51807f59efd838436297a2, 125f4296fc777eb498cff6ada1e2fadd6e1b32eb, 486e3b48535c3f4472330ade0b8dc48fcc5cf431, 1263f27739e747ba499cdeff0cf5bbb6fc270cb7, 981b4eecfd5e7636d43424fd5f5dd5ce207fbd1f]","0","0","540905b9d8d8c751be51807f59efd838436297a2","00cca069a97143d1a93dfa8787623247a3dd6544","57444b6812372d8b0d5a655c2c091302b1037952"
"https://github.com/vim-vdebug/vdebug.git","3","2","[c8c5a8ba86a251796755bed8fa2b637e1da9560e, ee2537c5a8121b1a3b095ec9a585c2cc3c947c02]","0","0","c8c5a8ba86a251796755bed8fa2b637e1da9560e","d3d16726140dfa65a5b86c92e093bd1bc298dd9c","2ebf27b1ffb6752f0ba6cf4ec6be0a7498897d48"
"https://github.com/vim-vdebug/vdebug.git","30","5","[d6f578dddbb84bda78381ac33e8d42914c634a32, 2ba79b3e1de3be956747851efa43a1be0c54ea07, 2742bc5135d38dd1f6b3f2c3879e39beec34057f, f26c9b14c56225005b384dd0d4dfd946b4a47bc5, f1b807ef684ce055585b185b2c872ed7f577647d]","0","0","d6f578dddbb84bda78381ac33e8d42914c634a32","57444b6812372d8b0d5a655c2c091302b1037952","97f2d1e673875783b8cfb4e307e6a5c15305193a"
"https://github.com/vim-vdebug/vdebug.git","31","1","[75cd68e5ec3a5b273b9b72f27c14d5e09bf94ef7]","0","0","75cd68e5ec3a5b273b9b72f27c14d5e09bf94ef7","57444b6812372d8b0d5a655c2c091302b1037952","97f2d1e673875783b8cfb4e307e6a5c15305193a"
"https://github.com/vim-vdebug/vdebug.git","32","2","[b1cfe625d519cc76c58f049422e8d24eb5558550, 3318881cb99bc601d3d15cf2986ea6ae85bc4e94]","0","0","b1cfe625d519cc76c58f049422e8d24eb5558550","3eaae77f6a03cf72b2b7279df0c3190bcf8a0650","9d5569fb39517a976834198a637cea39db7e2fdf"
"https://github.com/vim-vdebug/vdebug.git","33","2","[fbe4dd6658d7e1b222426166249f6f0f44624f82, d43736e5281ce5cfd0c37e28eb7f8ac041c88396]","0","0","fbe4dd6658d7e1b222426166249f6f0f44624f82","875574de2daaaefd79cf7489ebf99638d8e05aeb","9d5569fb39517a976834198a637cea39db7e2fdf"
"https://github.com/vim-vdebug/vdebug.git","34","2","[f795c5a4baa65acf3d85e158ad52691a3706d28b, 1f98cb4c2448e7209d60908f98585c72941ce83a]","0","0","f795c5a4baa65acf3d85e158ad52691a3706d28b","875574de2daaaefd79cf7489ebf99638d8e05aeb","9d5569fb39517a976834198a637cea39db7e2fdf"
"https://github.com/vim-vdebug/vdebug.git","35","1","[38c93613a651572ba449b24cc3f3dc50699ae8d6]","0","0","38c93613a651572ba449b24cc3f3dc50699ae8d6","04fadad652f333ebce95623030a3844db0297d6b","a4ef4fc93b8122fdc21862aefed81bc9c4879127"
"https://github.com/vim-vdebug/vdebug.git","36","1","[7b3fda06097c3bf68630a7dc3b28e06104fd0d6a]","0","0","7b3fda06097c3bf68630a7dc3b28e06104fd0d6a","04fadad652f333ebce95623030a3844db0297d6b","4c6a7caa10e32841dba86ba16acee30781388fdd"
"https://github.com/vim-vdebug/vdebug.git","37","1","[5c443ebb608b202cc6c03fc38f8bec36aea00451]","0","0","5c443ebb608b202cc6c03fc38f8bec36aea00451","a4ef4fc93b8122fdc21862aefed81bc9c4879127","4c6a7caa10e32841dba86ba16acee30781388fdd"
"https://github.com/vim-vdebug/vdebug.git","38","3","[4ec54eda078bef26f4ac68242e8648fc243b8514, 49552f52c3452747817d61f36625ed80c2a809e7, 10c1f33b1c5459a2908bf54a480a7b409c3c0903]","0","0","4ec54eda078bef26f4ac68242e8648fc243b8514","277a063f31af85581cb052b94e302d646dbf3a60","604cc62239a59d9388630526313f3d1433009629"
"https://github.com/vim-vdebug/vdebug.git","39","1","[4187d4cdf0362fa35d13cbaa7fb1da396198d44a]","0","0","4187d4cdf0362fa35d13cbaa7fb1da396198d44a","85358d9ae1d21be268380931820720d9a66fe809","2a8bd4fd45e0f2f5251ebd5760f54f77c8ee8781"
"https://github.com/vim-vdebug/vdebug.git","4","6","[0356246d3ca37f903b4fc43f786d23254d3fd6ab, c2d7fb59ec06d3779b090c997c50baf5316001ea, 20f81f025a283d5a8f7e7f2a7ecae80b32ac3e00, e543e760e94f6803164d2d13055fe038ab944017, 9f824e282077f3bb9368d25c81a2529d474367cd, 5d4e38dea62e48f6fcae4929efc6ebe078e2470b]","0","0","0356246d3ca37f903b4fc43f786d23254d3fd6ab","d3d16726140dfa65a5b86c92e093bd1bc298dd9c","2ebf27b1ffb6752f0ba6cf4ec6be0a7498897d48"
"https://github.com/vim-vdebug/vdebug.git","40","1","[664e25be18cf9da5b3ad5acda9e58fbe7bdf3f87]","0","0","664e25be18cf9da5b3ad5acda9e58fbe7bdf3f87","85358d9ae1d21be268380931820720d9a66fe809","604cc62239a59d9388630526313f3d1433009629"
"https://github.com/vim-vdebug/vdebug.git","41","6","[436bb4fb6d06c8b608e7410e8cde7a1ea8efa2ae, cb474f13a8bd24dd3fed4bcb2626f59b0910a751, 74cf9c04364e72afcc24468ca0be95376a44eb3b, 1c2d32198f9e64ac2bd540e1b0476e083ab532b1, a5138824b28a375bb0639917afce9c025377e3d7, d8e30731015373d9b1f0be5dd1f884f14959da79]","0","2","436bb4fb6d06c8b608e7410e8cde7a1ea8efa2ae","2a8bd4fd45e0f2f5251ebd5760f54f77c8ee8781","26c764c46ed1ff92b6438acafb3f309e9020cab1"
"https://github.com/vim-vdebug/vdebug.git","42","2","[1857f830b4301af2cfec85746b59d682981ea30b, 96e782563564af0291d8e536a5adc0b20caf1648]","0","0","1857f830b4301af2cfec85746b59d682981ea30b","4c6a7caa10e32841dba86ba16acee30781388fdd","47df850678ac3f6b0f8ff03e1f12548914d2d181"
"https://github.com/vim-vdebug/vdebug.git","43","2","[24495d14a7af9b7c707c5ca5e0b30d28eb024df1, cd9926fc0a72db5f2240af9dc3273a66dcbb0956]","0","0","24495d14a7af9b7c707c5ca5e0b30d28eb024df1","c3f2dbd56f4edc777b53449f4f9110c05bacbd21","b319e3ab6dd72486775f9b00c66112a56c4584df"
"https://github.com/vim-vdebug/vdebug.git","44","1","[abd85ac72db23b5237539869676e260cbb4b4356]","0","0","abd85ac72db23b5237539869676e260cbb4b4356","c3f2dbd56f4edc777b53449f4f9110c05bacbd21","604cc62239a59d9388630526313f3d1433009629"
"https://github.com/vim-vdebug/vdebug.git","45","2","[dd18f27840a3175190205574afbe553acb8b9fc2, 2782a11b6856b1cde2e73164e1ed34f50c5969ad]","0","0","dd18f27840a3175190205574afbe553acb8b9fc2","b319e3ab6dd72486775f9b00c66112a56c4584df","604cc62239a59d9388630526313f3d1433009629"
"https://github.com/vim-vdebug/vdebug.git","46","2","[18430e9f5ea33ad975b814eba6726d8367e9b8b5, b88b4b8c258612fe2473aa914920b9e843d8973c]","0","0","18430e9f5ea33ad975b814eba6726d8367e9b8b5","b319e3ab6dd72486775f9b00c66112a56c4584df","604cc62239a59d9388630526313f3d1433009629"
"https://github.com/vim-vdebug/vdebug.git","47","3","[069d0fd1180a69dab839e53081044d16a9d52d36, 55b51b24471762526e0d1273f9853b6cb68d6122, 8332d6476cb9af3b59a4ffd41611a37ab2fff1f0]","0","0","069d0fd1180a69dab839e53081044d16a9d52d36","26c764c46ed1ff92b6438acafb3f309e9020cab1","fb8dc22f835bfd2feb36ab7c3e1126b489867a52"
"https://github.com/vim-vdebug/vdebug.git","48","1","[604cc62239a59d9388630526313f3d1433009629]","0","0","604cc62239a59d9388630526313f3d1433009629","26c764c46ed1ff92b6438acafb3f309e9020cab1","96b51f393cf56cd7add1046547d5d90ed1eb7de3"
"https://github.com/vim-vdebug/vdebug.git","49","4","[b60356fc4cac743bfe1f03d93ba709867d56a540, c30f72f13616f87dbdd30de46f0d118a68476ea9, 86f3079dba3fbc9ba86c4fb86b23988172412af9, 34b3a8f38efe3494a4fdd2ca3b57f9ce2cffff8b]","0","0","b60356fc4cac743bfe1f03d93ba709867d56a540","fb8dc22f835bfd2feb36ab7c3e1126b489867a52","dcff7bc4ffc0fe9a5f579dc4049d2058282a9c49"
"https://github.com/vim-vdebug/vdebug.git","5","4","[b21f2dfdea55c4d2962983eea2fef0eb8354938f, b6c1d3a62d1952c06e84aa3085e719fc08bff4d0, a611781e422d291015e8befcf3afd51dd0aba0fa, 7b26de5dfa8d2f9edd50335a8bb3b8bf2f0d58a6]","0","0","b21f2dfdea55c4d2962983eea2fef0eb8354938f","665c2dc2a6ceb210497e0f50bd669567138d1daf","a30079a4856e83522af512591ceaf05cc123eab3"
"https://github.com/vim-vdebug/vdebug.git","50","2","[96b51f393cf56cd7add1046547d5d90ed1eb7de3, e63b9c10c91497ed3a4262824366cab015b81894]","0","0","96b51f393cf56cd7add1046547d5d90ed1eb7de3","fb8dc22f835bfd2feb36ab7c3e1126b489867a52","8f7b70616cd9a9de427fdf03f15b582fce437dfd"
"https://github.com/vim-vdebug/vdebug.git","51","2","[90ac5e53a760b6273206db5a597e4a8a001d676d, 95dde690928fdc57df6e7df2c32860dd0ae010d6]","0","0","90ac5e53a760b6273206db5a597e4a8a001d676d","8f7b70616cd9a9de427fdf03f15b582fce437dfd","5ed4e13970ec38466a513b372555323ad82bac19"
"https://github.com/vim-vdebug/vdebug.git","52","2","[d06d42ed8ad7f8ffc50f069b938cf97184d1b83f, 79c781d7b1786e7f38eaa1ece3426c52935c8727]","0","0","d06d42ed8ad7f8ffc50f069b938cf97184d1b83f","8f7b70616cd9a9de427fdf03f15b582fce437dfd","526773cabaa9ca8d9574c8dc72822c0686bf7c5a"
"https://github.com/vim-vdebug/vdebug.git","53","1","[9bc16788f05b1fa96fb3fe30d36575dbd0ae280c]","0","0","9bc16788f05b1fa96fb3fe30d36575dbd0ae280c","526773cabaa9ca8d9574c8dc72822c0686bf7c5a","b808b022da8197047687903cb653323c326a20ff"
"https://github.com/vim-vdebug/vdebug.git","54","15","[5ed4e13970ec38466a513b372555323ad82bac19, 47df850678ac3f6b0f8ff03e1f12548914d2d181, 3f8a7dd0e8fd6db8b6678ccfa128126506f54cb6, 1e912925d47e56079f88e4ef96f51cd1c707ba4b, 92b02cf173be2196aa8cac0d3eb4dae2b808f782, 514b1bcb068ab17ebad9cce2969866120a5fc20e, 4b4f28569f23e80256f97422c279824cda77dc73, 50d4459054ac34e3815d49bfd90c6b99f07d42c8, 6e94fb44e4ef212ee0833a7fab0e26c9223e7606, 66b523a5a49a17ce6aafed93f065a6c177e60a75, 4ec83e69da11faad23fb66718eb843d58a117be8, 0625578799d0020399d326b02c3f2759a3843d5c, 7f182f9d6806d83dc637183ff94ae6cf7cc7403d, af3250c2022377208e0bf03a7b5358c765925177, 79c40f8ee9dbb901124b34693ba4a86d4a9fd16c]","0","1","5ed4e13970ec38466a513b372555323ad82bac19","526773cabaa9ca8d9574c8dc72822c0686bf7c5a","80f3881e2a86eef74bd1c26bbb9129060d762f25"
"https://github.com/vim-vdebug/vdebug.git","55","1","[0354408bd413006734d0bef9b6e1d9e8506c144e]","0","0","0354408bd413006734d0bef9b6e1d9e8506c144e","80f3881e2a86eef74bd1c26bbb9129060d762f25","7d0844c480d91571ffdf5953d0f728bf7cd71b32"
"https://github.com/vim-vdebug/vdebug.git","56","1","[1bda02c8eebe9e291b632d7f95868851185aa227]","0","0","1bda02c8eebe9e291b632d7f95868851185aa227","4165e5e45900fcdf3dbee6746ee79d0881a7e1d0","13640276b95125f84f3f1518f07afb3c2542ac35"
"https://github.com/vim-vdebug/vdebug.git","57","2","[7de7c1b2619852b5fc831280bfcd3a3cd03553cf, b9cf8d1867ba8d2e60d11d3c6144eadc2d11a162]","0","0","7de7c1b2619852b5fc831280bfcd3a3cd03553cf","4165e5e45900fcdf3dbee6746ee79d0881a7e1d0","13640276b95125f84f3f1518f07afb3c2542ac35"
"https://github.com/vim-vdebug/vdebug.git","58","2","[e976bf9c0e2b2d74750f2b394ebd0d3b4f0796a0, 1b55c6d3fa5a08e1f3da7b2b96f2d34243ff080f]","0","0","e976bf9c0e2b2d74750f2b394ebd0d3b4f0796a0","7d0844c480d91571ffdf5953d0f728bf7cd71b32","d29168d9ed866b065210b8223e06a20f57eb46b0"
"https://github.com/vim-vdebug/vdebug.git","59","3","[1bda02c8eebe9e291b632d7f95868851185aa227, 13640276b95125f84f3f1518f07afb3c2542ac35, 6d726ab196979fa9e0cd5ad4072acee4e8eb5b33]","0","0","1bda02c8eebe9e291b632d7f95868851185aa227","2e00df1707c9b2d8b4b0a83cb9c99ad1ddce7a2c","b808b022da8197047687903cb653323c326a20ff"
"https://github.com/vim-vdebug/vdebug.git","6","1","[e128909149134d7ee85dc5af904d9a55973040d8]","0","0","e128909149134d7ee85dc5af904d9a55973040d8","665c2dc2a6ceb210497e0f50bd669567138d1daf","a30079a4856e83522af512591ceaf05cc123eab3"
"https://github.com/vim-vdebug/vdebug.git","60","1","[f8599e901c9014c3e9a417fc52e28f6953993fcc]","0","0","f8599e901c9014c3e9a417fc52e28f6953993fcc","2e00df1707c9b2d8b4b0a83cb9c99ad1ddce7a2c","b808b022da8197047687903cb653323c326a20ff"
"https://github.com/vim-vdebug/vdebug.git","61","2","[37447e2a93027614e35e335f13b54765cfb4ce51, 7ece7e51d4109c63b880114f5523ae3fe377cba7]","0","0","37447e2a93027614e35e335f13b54765cfb4ce51","d29168d9ed866b065210b8223e06a20f57eb46b0","0c9dcb4632102a0628948bd7992346fac972769b"
"https://github.com/vim-vdebug/vdebug.git","63","16","[15dbe87c7b5b3af87273bf5707ef2d3aaa545a1c, 02a44d15f2808215c57c4de1d742814edbf187c7, 8fb260f62a8fc86027f15e6f26541fcd86dafc4a, b35379efd94dac48f68b1c29a70ac69b9530acdc, da663d066f39d4cbf70be6568dfa706114ff627c, 7a60dc0ea1056c482db3b65a368d4511ac1b261e, 7ce77b0c90c542a8b6e230fcd94ba466248a2ad6, f815ef46fe553ab7668a8a3860b2af82bdc3d08a, b88fb34b48b59569df8415e0e1163f910f7c3ed5, 5d4d06cfc24b7bd8b19141f4b742326c6aa69ccc, 2092c06033d45e6451ea0b3992d271bb7918be19, f0e40f921c461bbd474f842688f935daaad894a1, 16c33e5ec2157541c99202da312514f16f5210cb, 054624b8b8a30eb61b35963e44f597efdf21d0ba, 4af6c7043ce90952a3df683877e45d5315ca8a11, 9873b730c658b1211eaa18e1bbb2af1b1b39624c]","0","4","15dbe87c7b5b3af87273bf5707ef2d3aaa545a1c","0c9dcb4632102a0628948bd7992346fac972769b","afe99a21a3e4af57ba24ac363bebe51c02962b36"
"https://github.com/vim-vdebug/vdebug.git","64","1","[3134d757200e21ce5bf27dd97cc8d88d249abf89]","0","0","3134d757200e21ce5bf27dd97cc8d88d249abf89","2de25cbb78b22f80c61634ac96850b4bddff12bd","d2dab360a450b916ced7cb5d16e7a6dad3229a8a"
"https://github.com/vim-vdebug/vdebug.git","65","1","[f3c74786f0e6c18403eabb216866d271379be6f3]","0","0","f3c74786f0e6c18403eabb216866d271379be6f3","2de25cbb78b22f80c61634ac96850b4bddff12bd","fa099481c80426805d4d63da98c031b8b6e6c47d"
"https://github.com/vim-vdebug/vdebug.git","67","2","[4b2224701b109d6d0b35e10bb17382e0204b2dcd, fdcb1a9313a0974ffd1c50c5f0bc6dde1e7a76c5]","0","0","4b2224701b109d6d0b35e10bb17382e0204b2dcd","fa099481c80426805d4d63da98c031b8b6e6c47d","32672ab9e01ef8dac2f03d31b81bb6321bb8bcbc"
"https://github.com/vim-vdebug/vdebug.git","68","2","[afe99a21a3e4af57ba24ac363bebe51c02962b36, 6073076ce79355b63e9d0a76041d1a0e1d7cf525]","0","0","afe99a21a3e4af57ba24ac363bebe51c02962b36","b808b022da8197047687903cb653323c326a20ff","354f9d59883fa80f5ed21f14d09d679589e5fec2"
"https://github.com/vim-vdebug/vdebug.git","69","1","[f95f02ed97a273bdcc3502122a8fc764a226d388]","0","0","f95f02ed97a273bdcc3502122a8fc764a226d388","b808b022da8197047687903cb653323c326a20ff","354f9d59883fa80f5ed21f14d09d679589e5fec2"
"https://github.com/vim-vdebug/vdebug.git","7","5","[ce5d6bd93b7a8291cd1591c0cd96530ac50c9de5, 72f0fa8a5086039430504785a9da17defa6614d5, bb3d2bad3a9a3bbd46abda9d7d5cbb286b78fd79, d4227d19c9bd0ca78ff6f51043a95d2f5465ace8, 3c4b79ed61efa6342045eafd2b6fb303a086c1ac]","0","0","ce5d6bd93b7a8291cd1591c0cd96530ac50c9de5","a30079a4856e83522af512591ceaf05cc123eab3","2bc2b3810f5d83ceb4bbce65107a41ad969ead2b"
"https://github.com/vim-vdebug/vdebug.git","70","11","[3176699cb11a9f8bc67c5e65cd9762d212c8252c, f205ee016dc3a478f66e1324e7545b8a26e5559f, 20f3b2900cd4f8831bdc246dca070f76eeb84d59, 3bdd1b3e74c54797ff2a8bbe4c453fab088724f6, 09fb2cfcfd3e4136b59d118d355acf5235188aa4, d026a8159cd3cfde7056c82cb2c4016a1a6a975a, 974f37aff705e5f7fb5178fdfad1f96b0d9658f7, e85705ac2aa5519469e0a96425c8ce9240e97743, 20e09b1d1e8a7e58660e7c8bed09a62c7f7b5f02, a1fe08b689f3d0c49ec22572b86871cb4660e8d9, 1fecc2c80f1eca61c77d7a145d7d8c9515a6be38]","0","0","3176699cb11a9f8bc67c5e65cd9762d212c8252c","dcff7bc4ffc0fe9a5f579dc4049d2058282a9c49","6804e1efccfa104ede8b66164bc4822ebffafca8"
"https://github.com/vim-vdebug/vdebug.git","72","4","[b1682ef6b44d7b02e20ca5bcb4ef5f7899796f40, 7521266510f167c1adf9f043e96f11e353af20ca, 7f3c04e0a62488f7028e03032f18e4953e9ee20a, a886dc3930391bf5c16f87cbcd576c0a24217d78]","0","0","b1682ef6b44d7b02e20ca5bcb4ef5f7899796f40","d2dab360a450b916ced7cb5d16e7a6dad3229a8a","9f68dbcd8e44219ae562f62f83cf709a687d045e"
"https://github.com/vim-vdebug/vdebug.git","73","1","[64b703a6070cd5f6d4b921dc90dc33c9a65a7968]","0","0","64b703a6070cd5f6d4b921dc90dc33c9a65a7968","d2dab360a450b916ced7cb5d16e7a6dad3229a8a","f9f165da6f02e7b362c52d9000815ba393e30e86"
"https://github.com/vim-vdebug/vdebug.git","74","3","[567eb8c24e300bce09cfc3b414393e63e74d4b08, 9beea756c53cdb39f792cc245ada4feed7a41611, 3d8f07e084b13e52acfde2689df2d2b52c77b93a]","0","0","567eb8c24e300bce09cfc3b414393e63e74d4b08","9f68dbcd8e44219ae562f62f83cf709a687d045e","54278959890530755ec6e13615f72d3eff068fdd"
"https://github.com/vim-vdebug/vdebug.git","75","1","[ce92c9fe602a6a336bd814499894b5d18f32dc6c]","0","0","ce92c9fe602a6a336bd814499894b5d18f32dc6c","9f68dbcd8e44219ae562f62f83cf709a687d045e","f9f165da6f02e7b362c52d9000815ba393e30e86"
"https://github.com/vim-vdebug/vdebug.git","76","2","[ac3467924a65e25d2e2110ff6c84db376e0f52be, 6052d077be5a256eb54cd5e01b04f3d627f12484]","0","0","ac3467924a65e25d2e2110ff6c84db376e0f52be","f9f165da6f02e7b362c52d9000815ba393e30e86","3acd4e5479b68b532eb78dd247f1ea7dd1e7d230"
"https://github.com/vim-vdebug/vdebug.git","77","1","[0585ac7de17660d4900e044e3bd47d0ee392abf5]","0","0","0585ac7de17660d4900e044e3bd47d0ee392abf5","f9f165da6f02e7b362c52d9000815ba393e30e86","3acd4e5479b68b532eb78dd247f1ea7dd1e7d230"
"https://github.com/vim-vdebug/vdebug.git","78","2","[f01a51e0a95f6ec4257a2930ff1c2424acbee46e, e9ea8c0d58d3d3325a5aed38a723da0eb95f7509]","0","0","f01a51e0a95f6ec4257a2930ff1c2424acbee46e","54278959890530755ec6e13615f72d3eff068fdd","32672ab9e01ef8dac2f03d31b81bb6321bb8bcbc"
"https://github.com/vim-vdebug/vdebug.git","79","1","[c4db035982dc120e0622d2968c0d31cc5483231a]","0","0","c4db035982dc120e0622d2968c0d31cc5483231a","54278959890530755ec6e13615f72d3eff068fdd","32672ab9e01ef8dac2f03d31b81bb6321bb8bcbc"
"https://github.com/vim-vdebug/vdebug.git","8","1","[2c052542c9aa665c63ee5fab6777ece5f4414818]","0","0","2c052542c9aa665c63ee5fab6777ece5f4414818","a30079a4856e83522af512591ceaf05cc123eab3","2bc2b3810f5d83ceb4bbce65107a41ad969ead2b"
"https://github.com/vim-vdebug/vdebug.git","80","1","[e1e6f5056d9ae06c4f904a5783e62e4876377818]","0","0","e1e6f5056d9ae06c4f904a5783e62e4876377818","3acd4e5479b68b532eb78dd247f1ea7dd1e7d230","32672ab9e01ef8dac2f03d31b81bb6321bb8bcbc"
"https://github.com/vim-vdebug/vdebug.git","81","2","[73fb1536b383bf413ca7306f5a3beae93cee5d02, aa764377fa93cacffa27ec670ecda2bf42607f5e]","0","0","73fb1536b383bf413ca7306f5a3beae93cee5d02","74ef5a3f2cdd9a4e3cbabd425775e7ae4aa5510f","32672ab9e01ef8dac2f03d31b81bb6321bb8bcbc"
"https://github.com/vim-vdebug/vdebug.git","82","1","[36c848fc993f987e2c60d8922e13b8928926e6e2]","0","0","36c848fc993f987e2c60d8922e13b8928926e6e2","74ef5a3f2cdd9a4e3cbabd425775e7ae4aa5510f","32672ab9e01ef8dac2f03d31b81bb6321bb8bcbc"
"https://github.com/vim-vdebug/vdebug.git","83","1","[b303da8d4c75fb28adcd48891e46034a9f9a6247]","0","0","b303da8d4c75fb28adcd48891e46034a9f9a6247","7723c2dbced1b3a411fbec970cbd43aa1ee2d5d3","a9cdb29febd2592596d10fff9889f1b2487fa7da"
"https://github.com/vim-vdebug/vdebug.git","84","2","[180b6714e4627b9f0c203c5ad378a45e741d9565, 4c3754cabd45ed2249f390f9a15fd66db5396639]","0","0","180b6714e4627b9f0c203c5ad378a45e741d9565","7723c2dbced1b3a411fbec970cbd43aa1ee2d5d3","6804e1efccfa104ede8b66164bc4822ebffafca8"
"https://github.com/vim-vdebug/vdebug.git","85","3","[d58f15a167318914f97e3da8c6782ea4eb6ddc6d, fc872839109c2b199e04bc35a63bf674d484ce71, 2c62f9c30c6f9484c8058ab02b16fb32d694f0da]","0","0","d58f15a167318914f97e3da8c6782ea4eb6ddc6d","6804e1efccfa104ede8b66164bc4822ebffafca8","4c36c231ff4b40b16572b4800fa362b27bb12ba3"
"https://github.com/vim-vdebug/vdebug.git","86","2","[4c36c231ff4b40b16572b4800fa362b27bb12ba3, 194e7d4e7bcdd1aad4282d1e44b85a9449a088c4]","0","0","4c36c231ff4b40b16572b4800fa362b27bb12ba3","f3a1b57a5d6cc711b72c28c3596397f22715d973","f7b3ee7b9abf1e708fa38b579c854eebfb996509"
"https://github.com/vim-vdebug/vdebug.git","87","15","[a9cdb29febd2592596d10fff9889f1b2487fa7da, f302876f644ac39e37a9c15e3487e02b6af4c5f1, 85b6a159a9c13fe3a30a9a11306bab98e858151c, b05ef28823e908028a49117b034bf9febe83b2ad, 4b62410479e423e09181c65226d94f40010d0f58, 88d37e62da2a87ebfd7e0a39412cb6aa5f119ceb, 6b00ee523b57427562f365c497d7b9ba39490ad3, 994449f04c05ee8618f009c3348adf3550c798cc, 2dac037205cd7da55e43ab8ca7346df1194c312e, 4d4656dc47e4bd35e2ec4246c76e8295b232e918, 046cec9c4acb8cca49de8d488eb77e424b7baf3c, 60d3a4172dc8221e430b043501df43a3c6938a27, 0dbc388f218f20c0636d2db610a0e0ab3d435b9a, 6a86ee2e98629ba4402c6b08d1add5807aa04be8, 6325dd92dc15640e52c6abb86d9aadee9fdf16ef]","0","4","a9cdb29febd2592596d10fff9889f1b2487fa7da","f3a1b57a5d6cc711b72c28c3596397f22715d973","4be977ae774fc3643513beeb7d8b969e39197be8"
"https://github.com/vim-vdebug/vdebug.git","88","2","[6b9d8f1bb065b815d956961553f496ee1c7f80d0, 6537aaecb723f1d721c7ac6fca914d44b379a4da]","0","1","6b9d8f1bb065b815d956961553f496ee1c7f80d0","4be977ae774fc3643513beeb7d8b969e39197be8","0e191e7cde1865e7f564252362c52f6e65a769ee"
"https://github.com/vim-vdebug/vdebug.git","89","1","[199319398d8252219db7a650b6f8fd764db32373]","0","0","199319398d8252219db7a650b6f8fd764db32373","4be977ae774fc3643513beeb7d8b969e39197be8","0e191e7cde1865e7f564252362c52f6e65a769ee"
"https://github.com/vim-vdebug/vdebug.git","9","2","[dccf5a061b0a74aaf1db8b21ac202bef4cd51152, 232444c7de3988e5f4732aaf064033df7b6db5b2]","0","0","dccf5a061b0a74aaf1db8b21ac202bef4cd51152","744b4bdd38869bfee50b0e89cbda3c0810adb17d","5e1d263424283eb5b735e9efc933ca31a0ec0672"
"https://github.com/vim-vdebug/vdebug.git","90","2","[c6805efc7a0a654c902ebd24769aa123ec8db5c6, 9cdf0846b412e2103d87e83f9c8bbec1cd1f5966]","0","0","c6805efc7a0a654c902ebd24769aa123ec8db5c6","9843225ad5649ea6850c4229669d35fd55eca143","8abf9b471468a74b49314edacafcdeffae2b3f61"
"https://github.com/vim-vdebug/vdebug.git","91","1","[f7b3ee7b9abf1e708fa38b579c854eebfb996509]","0","0","f7b3ee7b9abf1e708fa38b579c854eebfb996509","9843225ad5649ea6850c4229669d35fd55eca143","c9fb25acec34ec6814faa73ac61339bcfd95b8b9"
"https://github.com/vim-vdebug/vdebug.git","92","1","[060be961628b55a495250c9784165c5b44f2f6a7]","0","0","060be961628b55a495250c9784165c5b44f2f6a7","8abf9b471468a74b49314edacafcdeffae2b3f61","3883b302bd4d55d08c9444b02773865ba3c00bb6"
"https://github.com/vim-vdebug/vdebug.git","93","4","[c9fb25acec34ec6814faa73ac61339bcfd95b8b9, 7dfbdd161d59a9224cc6616489d70b2bd88a35cc, 5afd8cabd1fb9f916058d2a5a0dbbd9300f0c510, 534d9483fd7811b9a7867f33e184946ed7fe8911]","0","0","c9fb25acec34ec6814faa73ac61339bcfd95b8b9","8abf9b471468a74b49314edacafcdeffae2b3f61","3883b302bd4d55d08c9444b02773865ba3c00bb6"
"https://github.com/vim-vdebug/vdebug.git","94","1","[8e8bb2ccf7c1048aaa67755074f223294da4b50a]","0","0","8e8bb2ccf7c1048aaa67755074f223294da4b50a","cdefdb649c5a34678debcf61709f80fa2d25f406","042aaa4c87b8f61935653008b556e8b4ec14bb5a"
"https://github.com/vim-vdebug/vdebug.git","95","2","[b86d608fd15c4f7209bcdd932fd202d672420c19, 9ca0f2ca34fe481fc6d76872d090812d82601a24]","0","0","b86d608fd15c4f7209bcdd932fd202d672420c19","042aaa4c87b8f61935653008b556e8b4ec14bb5a","1319ab1d1bcab3ee75752514121f97c679c6d090"
"https://github.com/vim-vdebug/vdebug.git","96","1","[df5e18ac117599fb23278702067b6b64761e58e4]","0","0","df5e18ac117599fb23278702067b6b64761e58e4","042aaa4c87b8f61935653008b556e8b4ec14bb5a","d0647d6a3d0e5dba2a4d22936fca4169cc9d10af"
"https://github.com/vim-vdebug/vdebug.git","99","1","[b211884d04b308493973df0d07b1566e99eb6c5d]","0","0","b211884d04b308493973df0d07b1566e99eb6c5d","1319ab1d1bcab3ee75752514121f97c679c6d090","716d7d93d497059acbc7c469e0e826b71efcc101"
