"REPO_URL","TASK_ID","#HASHES","HASHES","#PROD_FILES","#TEST_FILES","LAST","MERGE","BASE"
"https://github.com/wearefriday/spectre.git","1","2","[f52bc572d51ee59bafcfc490d7b864d1eb3682cd, 31f6fa694cc26d66b1a83b3a44731ca4914197c6]","0","0","f52bc572d51ee59bafcfc490d7b864d1eb3682cd","de142e90d43e8e1a1b7cdef606286e1f62e531ef","301788c23dc6a9ff6a6f98236352e1b981761549"
"https://github.com/wearefriday/spectre.git","10","1","[dfc22244eec3288c610f3ca9b5a2b5ef6de2cbf0]","1","0","dfc22244eec3288c610f3ca9b5a2b5ef6de2cbf0","60a0df997fba5ca8c46a339e47afd8da80181557","ff54ad82307ccf4166121564813e6be38827019c"
"https://github.com/wearefriday/spectre.git","11","1","[2f5f98fb3ce871c05691e5e77d95b0a986a6f919]","8","0","2f5f98fb3ce871c05691e5e77d95b0a986a6f919","f954550abc8816a55363468000001b90b73d6d63","92cec1d53a79fb04f27ea89891701c396216dd2f"
"https://github.com/wearefriday/spectre.git","12","4","[3df5aafba4163849b8a40dbea694d43796fb060a, fa15dd12a0c1d8e23ee12939e7580904bc7bd9b5, 6213ce60ea818e4110b6598dc3724b27463e74ed, 81cf4af04879b0220ea711e9840748f37f55075b]","8","0","3df5aafba4163849b8a40dbea694d43796fb060a","f954550abc8816a55363468000001b90b73d6d63","92cec1d53a79fb04f27ea89891701c396216dd2f"
"https://github.com/wearefriday/spectre.git","13","1","[b46eea1e13c8425d2bb5439ac938dd4f8ac6880a]","0","0","b46eea1e13c8425d2bb5439ac938dd4f8ac6880a","67a34ea94ec6a04a48581da3d1ab81034c6dce27","e80902d8b104c4269a23241a1ab4ae83c776d833"
"https://github.com/wearefriday/spectre.git","14","6","[c3d165fcfb073d439d8d8dda4c340a28c5623b3d, 7b0a646db2a0f4929426f7785cc765745b1ad931, 92ce1f1b53e4268837e06b44dd8a1565023776e8, 30b95ce72b3eb6181474ff49dc60d6a5df31ed6d, 7efc233fee9d83dd7d1e6fe56694d63ad0da03ec, 2973932c78ef6b8cdd156544d609a906db883f35]","0","0","c3d165fcfb073d439d8d8dda4c340a28c5623b3d","36a20f8f6eade7a8fdc334cd38e0800f33a7b6cc","67ea676352eae54430752213a21512a4dd363684"
"https://github.com/wearefriday/spectre.git","15","3","[279b7b4d507dab29ab58b6a246aada5ae31bbfec, 62b0781496a2ec467532436c0c8b15508e3cbe40, 70d3cb6eb67b7d4c209a374000adc56dae07c079]","2","0","279b7b4d507dab29ab58b6a246aada5ae31bbfec","36a20f8f6eade7a8fdc334cd38e0800f33a7b6cc","67ea676352eae54430752213a21512a4dd363684"
"https://github.com/wearefriday/spectre.git","16","1","[9f674e71f96c2f2c2f11df91d5ce7d58946f4eb6]","1","0","9f674e71f96c2f2c2f11df91d5ce7d58946f4eb6","2a5d633032bd67c90a85d46d26eaf1276f873133","f028d72150dd2e9a619baa76e06a8d8781010727"
"https://github.com/wearefriday/spectre.git","17","2","[c8cabda92cd0436954ada4b5fa98c185663b47af, 4d54667f6368d8d9a75678c8889da70537ba6ed8]","2","0","c8cabda92cd0436954ada4b5fa98c185663b47af","af0dbb761cb325fd95a3bc1336f8a41c3fb3427f","f028d72150dd2e9a619baa76e06a8d8781010727"
"https://github.com/wearefriday/spectre.git","18","2","[fd471364aa04c85ae1190b40a581de26267a7a20, 903212cdf5c29229e1140047f0c792a8e71df9bd]","0","0","fd471364aa04c85ae1190b40a581de26267a7a20","7ad73eb34676849da4b6debf1f9f75679d48f7a3","f028d72150dd2e9a619baa76e06a8d8781010727"
"https://github.com/wearefriday/spectre.git","19","2","[d3b61f4a891143fb51089a8655328736df1a3196, c3468fb37463017e07d73bf3719f829d09533934]","0","1","d3b61f4a891143fb51089a8655328736df1a3196","7ad73eb34676849da4b6debf1f9f75679d48f7a3","f028d72150dd2e9a619baa76e06a8d8781010727"
"https://github.com/wearefriday/spectre.git","2","1","[99ed7ad3de8cdcd736abbb378b37ac7864f2d432]","0","0","99ed7ad3de8cdcd736abbb378b37ac7864f2d432","de142e90d43e8e1a1b7cdef606286e1f62e531ef","301788c23dc6a9ff6a6f98236352e1b981761549"
"https://github.com/wearefriday/spectre.git","20","1","[e8db9d6868ea5d1a09cfd5009363a7ba97845a47]","0","0","e8db9d6868ea5d1a09cfd5009363a7ba97845a47","12b0dd0030b5306a135dec2cbec88201e3c333c6","b76ce3bd5aaa777f43a5921506421f627835dc42"
"https://github.com/wearefriday/spectre.git","21","1","[bc6a3bbcc628dbded2d579502428cbdf24a2662a]","1","0","bc6a3bbcc628dbded2d579502428cbdf24a2662a","12b0dd0030b5306a135dec2cbec88201e3c333c6","b76ce3bd5aaa777f43a5921506421f627835dc42"
"https://github.com/wearefriday/spectre.git","22","1","[dbfcd788ef1d85afafebdaeebc427df1cb192021]","2","0","dbfcd788ef1d85afafebdaeebc427df1cb192021","58d3df742384950897e6e379e5f603dc9947b838","20c9ce5c4a85fd1fbbc114801a938e93c62bf6b7"
"https://github.com/wearefriday/spectre.git","23","1","[f1a67718dac8252d833a9d844ddd0c95f10c7e61]","1","0","f1a67718dac8252d833a9d844ddd0c95f10c7e61","58d3df742384950897e6e379e5f603dc9947b838","8a5c2078bb8248d96e02ac861755f75f0ffdc6b3"
"https://github.com/wearefriday/spectre.git","24","4","[7bacf9480f42b0bf64e4b9ae3ad9a4cfe74f1966, a288eb73b480225dc5b218077bdf8bfbeb07e018, 99343ad48650ba1739b375305abde0c4a4a75026, 45630eae6f10ac61a11ba86db187e5ad1b34dd23]","2","0","7bacf9480f42b0bf64e4b9ae3ad9a4cfe74f1966","20c9ce5c4a85fd1fbbc114801a938e93c62bf6b7","3e8b185448ed85303bc05af0560affb9b1a13b43"
"https://github.com/wearefriday/spectre.git","25","2","[7119eae265a147858679a5dca646e781f2b0c6e4, cf724af38ed5b16756d46b6edd8b82b1c7d36d3c]","3","0","7119eae265a147858679a5dca646e781f2b0c6e4","20c9ce5c4a85fd1fbbc114801a938e93c62bf6b7","52b8eb298390780148bb1b9026311c941793c482"
"https://github.com/wearefriday/spectre.git","26","1","[2b6b0af0a588a95a134610b8373f09c4c1578610]","1","0","2b6b0af0a588a95a134610b8373f09c4c1578610","52b8eb298390780148bb1b9026311c941793c482","8a5c2078bb8248d96e02ac861755f75f0ffdc6b3"
"https://github.com/wearefriday/spectre.git","27","3","[8a5c2078bb8248d96e02ac861755f75f0ffdc6b3, 1e8353dc29d65fc27263d1ca403b6e2c2aace427, 32719d304c3f54b3d8e43eea450b798a65a6a349]","1","0","8a5c2078bb8248d96e02ac861755f75f0ffdc6b3","c349f4d9972c838e185c32a36b3c4d7b93d0bc4d","3e8b185448ed85303bc05af0560affb9b1a13b43"
"https://github.com/wearefriday/spectre.git","28","1","[424213fd6a8546718bbf42599b00decfebf45d31]","4","0","424213fd6a8546718bbf42599b00decfebf45d31","c349f4d9972c838e185c32a36b3c4d7b93d0bc4d","3e8b185448ed85303bc05af0560affb9b1a13b43"
"https://github.com/wearefriday/spectre.git","29","1","[2e8d69d0042b1ea9e4b31f324cf8852141205e37]","3","0","2e8d69d0042b1ea9e4b31f324cf8852141205e37","3e8b185448ed85303bc05af0560affb9b1a13b43","86fbb5d63d525ccd4aeef9e7400e1bb8623f7cd7"
"https://github.com/wearefriday/spectre.git","3","2","[aabd9a1820ce74ed13172da60580138666b4866a, e327cdd671fb3be1e6b82ee635be2132ccc276b5]","0","0","aabd9a1820ce74ed13172da60580138666b4866a","adf20a18cb575cb02ade727e0c24d9a9d8aceea5","e6ddfb6a3668223f3a93c1b81c10236590520680"
"https://github.com/wearefriday/spectre.git","30","1","[86fbb5d63d525ccd4aeef9e7400e1bb8623f7cd7]","2","0","86fbb5d63d525ccd4aeef9e7400e1bb8623f7cd7","a736ca7cadb862f888b5a81f9dd8e179c1dd9ffd","ecee92d9270bc0f951702b14fe7e8f5d23a70dfe"
"https://github.com/wearefriday/spectre.git","31","2","[afbe84ea52ccf4bd44d48ff740085d3ad5af75f8, 4627b18c693cb5ff4b31afb0d9aac57ceeb70acb]","3","0","afbe84ea52ccf4bd44d48ff740085d3ad5af75f8","a736ca7cadb862f888b5a81f9dd8e179c1dd9ffd","ecee92d9270bc0f951702b14fe7e8f5d23a70dfe"
"https://github.com/wearefriday/spectre.git","32","1","[39e0adfbb5184102a78af847438feace2debfd61]","2","0","39e0adfbb5184102a78af847438feace2debfd61","24a8f11580d7972bb91db2196cec8ac03174e1ca","aa8d1c28fd422144f826cc338699147d2126a459"
"https://github.com/wearefriday/spectre.git","33","8","[d0ce39a76f1d82fb437f1a8da31fc194c1227a62, 12abb2934584e1811bd61f240c6573a51314cb3d, 5cd54c7a39dde4a08c6180e6bae0fb8ff5adb7d5, 976631a74db8909ce0945a9ca675e2271505868d, 0e658fdacdb0694a87761a51779bc399e2223e00, 2fcbe126827fff8723e90f050a32b09d5279032a, b47e8cda832d8153eed7a8dcd9aba2a521d6fc6e, 1746e189d4cb0b3d5bb6eff440464259e0337c83]","8","0","d0ce39a76f1d82fb437f1a8da31fc194c1227a62","24a8f11580d7972bb91db2196cec8ac03174e1ca","aa8d1c28fd422144f826cc338699147d2126a459"
"https://github.com/wearefriday/spectre.git","34","10","[d13d41791e7b3512abb7dda848e9c59933cd71ab, edd12e27b7b5ab9a07b240b5e115bb80ad7de04f, 06de7a1a75bc3d050baad34c67e67aa6db30c92f, 9a38b5c1f30d8e02ccdad7e7a9c08b02468e3fbf, 4b2fb685154221ab3e83aa7bf93b5f0e220de38c, 4958d5f9ca338db043c46837869efcda050e8069, 471eaea25c4868a997b5a197b99fe850adb739c3, 2de8c4e86fa4acfbb321286d500a4ae3307ca163, a6dca683d52cde0067f259ad330f4ee3d10b37be, 35a8128ee128ab9cc956979954c5ed8fe2263188]","14","0","d13d41791e7b3512abb7dda848e9c59933cd71ab","c930e5846a9a26104ff34858033061c5ec5d4c36","4fa3c6d1f1facee9b860eb53ae86219cd805f98b"
"https://github.com/wearefriday/spectre.git","35","1","[a971303aaf51b13df001f40d13205e85d629fc44]","0","0","a971303aaf51b13df001f40d13205e85d629fc44","c930e5846a9a26104ff34858033061c5ec5d4c36","4fa3c6d1f1facee9b860eb53ae86219cd805f98b"
"https://github.com/wearefriday/spectre.git","4","5","[fc924f65fb5a86b2b1cd56718a48c836ff37eae9, 4c720d24ffb7df2632d692de52adc7f2ad061b77, 5d666b27b00c2957f49bf1eb328f3452e7a5d3f0, 5b31cc75240d8287f6021768a0e1bb7c01c3ead5, b6d3769dc59afee98f4d1ca2c5f0d143427f92d1]","2","0","fc924f65fb5a86b2b1cd56718a48c836ff37eae9","adf20a18cb575cb02ade727e0c24d9a9d8aceea5","e6ddfb6a3668223f3a93c1b81c10236590520680"
"https://github.com/wearefriday/spectre.git","5","2","[612cb281900c5bbf63bd16c35ad80383753ae2a4, 68b24aa251f84d1540e748cf8fe53a4f4507e055]","1","0","612cb281900c5bbf63bd16c35ad80383753ae2a4","3cdab804480bf34d06326bf1568a13fa7dce67db","3ce9663af82da775455f45a00e4e62ceb5ab2d41"
"https://github.com/wearefriday/spectre.git","6","2","[34d5a39636d61293c1529a3b5a50e4712c2ad469, b96d1bf7118428d7fedc5e5544434843036af834]","0","0","34d5a39636d61293c1529a3b5a50e4712c2ad469","3cdab804480bf34d06326bf1568a13fa7dce67db","3ce9663af82da775455f45a00e4e62ceb5ab2d41"
"https://github.com/wearefriday/spectre.git","7","1","[85cdc1edc5302a3c97ae856e3ef0cdf8a70d1878]","0","0","85cdc1edc5302a3c97ae856e3ef0cdf8a70d1878","942b11354237779e3cafd212c5dc4098aa3865b4","ff54ad82307ccf4166121564813e6be38827019c"
"https://github.com/wearefriday/spectre.git","8","1","[1add382269a8c86c8e98393b9ce0acf68c5bc3e4]","1","0","1add382269a8c86c8e98393b9ce0acf68c5bc3e4","d79e967d8add2ce3da56d161097260ffc115f9c5","ff54ad82307ccf4166121564813e6be38827019c"
"https://github.com/wearefriday/spectre.git","9","1","[b1b4d5cdfb032f406ce4b779289252f124156928]","0","0","b1b4d5cdfb032f406ce4b779289252f124156928","60a0df997fba5ca8c46a339e47afd8da80181557","ff54ad82307ccf4166121564813e6be38827019c"
