"REPO_URL","TASK_ID","#HASHES","HASHES","#PROD_FILES","#TEST_FILES","LAST","MERGE","BASE"
"https://github.com/webjam/webjam.git","1","3","[55f31cf648ae5758f3c854f9fffea7a31471336e, 801f90ceecf73ea03545942c7c6e4e4729e73fca, 557a66a0243a3e6009cebe756d7d3ca52e0a571a]","1","0","55f31cf648ae5758f3c854f9fffea7a31471336e","ea299784682d0c967489369464dd944221dd6b84","f2997cea5ef77d75e03cf2d39f788a68aa0cda11"
"https://github.com/webjam/webjam.git","10","1","[1b41a455c62ac4c4dc568e634c7ad4ff770e15e7]","1","0","1b41a455c62ac4c4dc568e634c7ad4ff770e15e7","fefae4098f6f9f388ed3685c90e1722f03e0a90d","d597bed077ea9448eb770b54d1acdbd5953e92d8"
"https://github.com/webjam/webjam.git","100","1","[f33649656eb33b5bcd120f5c171eed4d712e1a3d]","0","0","f33649656eb33b5bcd120f5c171eed4d712e1a3d","1cd9e0ae567bcc0fab176fc09385604fd70b364a","053009b9577adbdc11fc6ddbb262b69772feecbd"
"https://github.com/webjam/webjam.git","101","1","[463eb532d726c762c47e686cf3acd05805d074ce]","1","0","463eb532d726c762c47e686cf3acd05805d074ce","1cd9e0ae567bcc0fab176fc09385604fd70b364a","053009b9577adbdc11fc6ddbb262b69772feecbd"
"https://github.com/webjam/webjam.git","102","1","[100b5f14a1cbc080f6ded74fbd8016966dcd6699]","0","0","100b5f14a1cbc080f6ded74fbd8016966dcd6699","0264688016ea0c2fe6175888afe2bf6b2b5144c3","4595fdc903ac9e538a1d980028dde6898707c85c"
"https://github.com/webjam/webjam.git","103","2","[ea6716df0eb57da15dfe83dc22343d9ad8f289e3, 9374d6f727affeb56b94ae179930b7222fafa450]","1","0","ea6716df0eb57da15dfe83dc22343d9ad8f289e3","acd582917df92466cfb76386a59c26e60566edda","2cf8e27c58186e60fe7720e920407232b3733747"
"https://github.com/webjam/webjam.git","104","3","[8da476ecd067eb24502dc608355a2fda7108ebaf, e42299967efe19e2f0dda40616f64856fca62115, 30f7335f38de2132c7858bdece6cc6d64b7324b3]","1","0","8da476ecd067eb24502dc608355a2fda7108ebaf","acd582917df92466cfb76386a59c26e60566edda","e9a67d43135d8db242fec5c0cf59a2647e65add1"
"https://github.com/webjam/webjam.git","105","1","[631485414885a5fe0cf48cd3582b7890ce4dde87]","1","0","631485414885a5fe0cf48cd3582b7890ce4dde87","e9a67d43135d8db242fec5c0cf59a2647e65add1","fad3222dfb30b58a54cf15416a4ac1ac06721c15"
"https://github.com/webjam/webjam.git","106","1","[f2ff33aa2b2a9fbcfacf7647b344cb08c60a5a01]","1","0","f2ff33aa2b2a9fbcfacf7647b344cb08c60a5a01","4595fdc903ac9e538a1d980028dde6898707c85c","fad3222dfb30b58a54cf15416a4ac1ac06721c15"
"https://github.com/webjam/webjam.git","107","2","[fad3222dfb30b58a54cf15416a4ac1ac06721c15, eab1a7d927f161145702f65fedd7b423ba0aa55c]","8","0","fad3222dfb30b58a54cf15416a4ac1ac06721c15","d2308530ab01932dc95e76023740a381a4320524","2cf8e27c58186e60fe7720e920407232b3733747"
"https://github.com/webjam/webjam.git","108","4","[04b838aa87d9180be1efefd00ae2b2ab5f2e1751, 2439f0096fd920e8b544310013ad8543ae5b746a, 24dcf5ac1ace34f54aeddc8b8bf892de84669f91, a8848eded1e0d85da39d9257c94e597f8fdbb88f]","4","0","04b838aa87d9180be1efefd00ae2b2ab5f2e1751","d2308530ab01932dc95e76023740a381a4320524","daf868f7395d9e347a1306b82e3d068f6f97f27d"
"https://github.com/webjam/webjam.git","109","3","[918c2be2e1653a8aeea1c0139b469c5fb1ef7132, 32cc9fadbed6eaa4965bfd1196c30b5639f2bf35, 01c2b33eede7e93c90500a8ec16a4ae4d1cb3b80]","3","0","918c2be2e1653a8aeea1c0139b469c5fb1ef7132","2cf8e27c58186e60fe7720e920407232b3733747","e282840ff7d6d42125a4c516827195cc4a68c006"
"https://github.com/webjam/webjam.git","11","1","[6064fcc3c81630bf3e58c41dbeb35ce721b5bfad]","0","0","6064fcc3c81630bf3e58c41dbeb35ce721b5bfad","5614626a058e1efd7be8cea7b7acbdd68ffaacc7","e2bcdb9fdadd8034870e1af50dd6d5221b03987f"
"https://github.com/webjam/webjam.git","110","1","[c0a36b53134a7ce886e1f743da665804f9af2044]","1","0","c0a36b53134a7ce886e1f743da665804f9af2044","2cf8e27c58186e60fe7720e920407232b3733747","e282840ff7d6d42125a4c516827195cc4a68c006"
"https://github.com/webjam/webjam.git","111","2","[14725b396190954cfdbba21e5ede84f36152b8f1, 466ee2d19c9e8254e02c245cc3caf1ed9307f6c9]","2","0","14725b396190954cfdbba21e5ede84f36152b8f1","3b9358de2ebe0b8b64a6a20897fb39bedc33a2e9","9748c50a60a276c0f7785b362fa1765a144c5120"
"https://github.com/webjam/webjam.git","112","1","[20e8ae4f2506237604f2d96f3f27b160020ac394]","2","0","20e8ae4f2506237604f2d96f3f27b160020ac394","3b9358de2ebe0b8b64a6a20897fb39bedc33a2e9","9748c50a60a276c0f7785b362fa1765a144c5120"
"https://github.com/webjam/webjam.git","113","1","[a1012fcfdb8e00a406b521bb7e75b213985e1dab]","1","0","a1012fcfdb8e00a406b521bb7e75b213985e1dab","9748c50a60a276c0f7785b362fa1765a144c5120","65b04a837c387051954c6cbf42716afc3f948fb2"
"https://github.com/webjam/webjam.git","114","7","[216b38efd92178934391628a0f5e7655f27c4099, 0c900f34fc3da59d1c96d135291aa0151ae580b7, 31b4a73c53472000d4a903bef2be4ab8042e3b0e, 29792b62b01c1339f0c12cefbdd363a4fd870ae5, 5665443b997db092041e561c98c6f1fd25ea3617, 3c0b04ac0c85c20d46b9465495698656a15d3e69, 03d259333b922b232b8808847ac39341bc65a1cd]","5","0","216b38efd92178934391628a0f5e7655f27c4099","9748c50a60a276c0f7785b362fa1765a144c5120","65b04a837c387051954c6cbf42716afc3f948fb2"
"https://github.com/webjam/webjam.git","115","1","[dd6a1fd5900a4f466b4398e526d22668284d2b01]","3","0","dd6a1fd5900a4f466b4398e526d22668284d2b01","65b04a837c387051954c6cbf42716afc3f948fb2","a039d0da06c7fb697584897c31c6c195bfd90f76"
"https://github.com/webjam/webjam.git","116","2","[fcab30aaea9528bbc1a864113adf2543e5c2330a, 980c7d0d4960b36545442eee026630d35b09f2d3]","3","0","fcab30aaea9528bbc1a864113adf2543e5c2330a","4797f6531f877602faec59c764b3a88319e06b39","d5048fdd5bff504a7e50bb3c0cd4e93cfeea7068"
"https://github.com/webjam/webjam.git","117","11","[6c999755c4ee9cc2e9ad079a8c211a2dba7313af, bfd8b90a700b7a74ff4b01ad7ef78987d9e9e0d8, 2c4bb9db70754ed4caa3c1566146153245c74fa2, 69e199c2303d700adc7058530b75251db6958678, 28cc8427e3a3ee8a019c381c24453d763ba83ba2, a039d0da06c7fb697584897c31c6c195bfd90f76, d1d0b9596e34ebc1c2d14ed20f895dd88d032127, 6825b570e6764370fad3b235ee00844df544e31e, 1c12dee8139d1600b811a4436bb7f8d51aff0193, d483ead21c8a3ced3f0364a15c2279a8580c5e2a, c5c61bb35161ccff8cb509f002341c9629754648]","6","0","6c999755c4ee9cc2e9ad079a8c211a2dba7313af","4797f6531f877602faec59c764b3a88319e06b39","4269e4ee854a19f2cd5594d07cc2a1515af766bd"
"https://github.com/webjam/webjam.git","118","1","[cd4c4a9d1539a6e6e18484caf4cea10bb05dcc40]","2","0","cd4c4a9d1539a6e6e18484caf4cea10bb05dcc40","4269e4ee854a19f2cd5594d07cc2a1515af766bd","4f4e3e51d4c29817f268eecb1cc54d454bf8e09a"
"https://github.com/webjam/webjam.git","119","1","[22ebf7d66f21c406ebd3a72765a7f7a218267537]","2","0","22ebf7d66f21c406ebd3a72765a7f7a218267537","20bec84c8e4a43501c403be7ef1b4d6fe52f5bc6","b552d0a27da31b85ed9d34679eb79e05feec0352"
"https://github.com/webjam/webjam.git","12","1","[f790a8fbb5f5f11d630fcfb2a4993e4efee800d1]","0","0","f790a8fbb5f5f11d630fcfb2a4993e4efee800d1","03f84b1bca29a1d86f222d4c1b902dc3c12c5ebb","70340c8c78dc3b94c895df6162ebdd89803ef340"
"https://github.com/webjam/webjam.git","120","8","[4f4e3e51d4c29817f268eecb1cc54d454bf8e09a, 0407ebb1356c8f27e4687b998c20523ad82fa2a9, 95eb70d0f1ac42f0127362a4a6479c4859361981, b23939cdbe0a1412d82add5ba69929818a2c709f, d5048fdd5bff504a7e50bb3c0cd4e93cfeea7068, 2363ef87f76b08eeb4e69a9b56ddd2fe2f5d1e1f, 8d88304c24c169141c9be88d00573ffc9e2c1c49, 0b666c414b2d10995d728092f2ab26f6e752e39e]","10","0","4f4e3e51d4c29817f268eecb1cc54d454bf8e09a","20bec84c8e4a43501c403be7ef1b4d6fe52f5bc6","b552d0a27da31b85ed9d34679eb79e05feec0352"
"https://github.com/webjam/webjam.git","121","1","[be00965100f9fae62f49e7a2bc67304786c662b8]","0","0","be00965100f9fae62f49e7a2bc67304786c662b8","b552d0a27da31b85ed9d34679eb79e05feec0352","411c4393caa36cbdc4af72ab83e7101dfc3e14a0"
"https://github.com/webjam/webjam.git","122","2","[1f0f933f76beb01a2e442265e998a4367c0e022b, 3581772eb4948d17c1f0558bb1427151e28a3cd0]","2","0","1f0f933f76beb01a2e442265e998a4367c0e022b","b552d0a27da31b85ed9d34679eb79e05feec0352","411c4393caa36cbdc4af72ab83e7101dfc3e14a0"
"https://github.com/webjam/webjam.git","123","1","[ae671b7f2fbc9fa52ca438c48915b9bdee05e967]","0","0","ae671b7f2fbc9fa52ca438c48915b9bdee05e967","411c4393caa36cbdc4af72ab83e7101dfc3e14a0","76f9753f90375b6c3bf77ccd6d0db632dd8702f4"
"https://github.com/webjam/webjam.git","124","1","[4ee390b5d18b88024164b41ae390c002197025f7]","0","0","4ee390b5d18b88024164b41ae390c002197025f7","411c4393caa36cbdc4af72ab83e7101dfc3e14a0","76f9753f90375b6c3bf77ccd6d0db632dd8702f4"
"https://github.com/webjam/webjam.git","125","1","[17f817a2ace40698a3c5301dd0641bb034f70ac8]","0","0","17f817a2ace40698a3c5301dd0641bb034f70ac8","3ca3b93dc17153d6c952bb38811b9b99b42d4ede","33fb43acada19644371da39c4ea2e252ae3045d2"
"https://github.com/webjam/webjam.git","126","1","[e32260a992c03fc044aad8bbf0d7d99b04d99851]","1","0","e32260a992c03fc044aad8bbf0d7d99b04d99851","3ca3b93dc17153d6c952bb38811b9b99b42d4ede","33fb43acada19644371da39c4ea2e252ae3045d2"
"https://github.com/webjam/webjam.git","127","1","[7dc1667d5c6a4400642991eaf513e24643678791]","3","0","7dc1667d5c6a4400642991eaf513e24643678791","33fb43acada19644371da39c4ea2e252ae3045d2","4000bb0705aca3fb1958d61e0204d11834ddc720"
"https://github.com/webjam/webjam.git","128","2","[eb8476ac63109cef4e2ffdafb63dad029d3c4a58, c50352348bb2d0a4566015210e075dc65ec1834f]","3","0","eb8476ac63109cef4e2ffdafb63dad029d3c4a58","33fb43acada19644371da39c4ea2e252ae3045d2","de64eb10cab83e4f93a91241a8921476e1260f28"
"https://github.com/webjam/webjam.git","129","6","[de64eb10cab83e4f93a91241a8921476e1260f28, 8d296da20b3779dec385603e9fc638bb92a930cc, f05cf03d52cd9c9a4c46feec400a93fd09d64c1a, 045c731d54161b2eac490cc2e2d3b86902821b73, 3de1d6a38a6abaafc944aa4ca29d4b50af7e43cf, 13c4ad51593f069a8bb81d7da4225505b6f9b8a2]","5","0","de64eb10cab83e4f93a91241a8921476e1260f28","4000bb0705aca3fb1958d61e0204d11834ddc720","5b4d8a6aef8ff5f89a50433a499ac0013796144f"
"https://github.com/webjam/webjam.git","13","7","[d597bed077ea9448eb770b54d1acdbd5953e92d8, dde9fc08b61a92e9680eec06d627752634868307, f052fceb4e70540844d76a201dccf0a2ed5dda7e, e12b3c4f11f14b4d2c12c1c8f931a5d83999f109, 8c2a0f9675289482d4d4bce58b51169dd24874f2, 22344a3a6d4199273a51c5d12b27f2a756805ed4, f4e44f18501d9b4c69f61fda4e7ecdad15e6d141]","2","0","d597bed077ea9448eb770b54d1acdbd5953e92d8","03f84b1bca29a1d86f222d4c1b902dc3c12c5ebb","70340c8c78dc3b94c895df6162ebdd89803ef340"
"https://github.com/webjam/webjam.git","130","1","[b891a8661008e1c8c618cbda8a1dc512e3ecb370]","2","0","b891a8661008e1c8c618cbda8a1dc512e3ecb370","a0d7460cdfdcba1c47fb6de2f119fd234e87ef5a","2f57d50302ff2970e9792832fe3afd0c6e15af33"
"https://github.com/webjam/webjam.git","131","1","[75b4fb07b9f380f8662752ad9e8d9d2d905bd5a5]","0","0","75b4fb07b9f380f8662752ad9e8d9d2d905bd5a5","5b4d8a6aef8ff5f89a50433a499ac0013796144f","05d8fb369542f5928f3afa2ed2be44f4c4f463f5"
"https://github.com/webjam/webjam.git","132","3","[7d6e71695e424583a0e93ae45fac7993ba40d058, d3f26146aba72144dc76f288a6318bf548a49825, 19ae76f7bc4dc8a8bc9759bd41e40fd8d9b33cb6]","6","0","7d6e71695e424583a0e93ae45fac7993ba40d058","f79f2a2e379aaea9411c447dfd9a668aab808ecf","2f57d50302ff2970e9792832fe3afd0c6e15af33"
"https://github.com/webjam/webjam.git","133","7","[05d8fb369542f5928f3afa2ed2be44f4c4f463f5, 3c999a79f2d9d03a3048e7efc4eeb0f449d73019, 9ae460976b9338cbf59019d296eaa84765e16741, fe90f03ffdd9063cebc9fe862d4bec380b2c2044, 5e30ada3f0432ccae1c50380abb901ffe7ff2d66, 1440e0b7f2cea16b24314dabb01d7ca15107e8b2, c569108d7ede237f67298bb01308e1cb5d950c52]","2","0","05d8fb369542f5928f3afa2ed2be44f4c4f463f5","f79f2a2e379aaea9411c447dfd9a668aab808ecf","2f57d50302ff2970e9792832fe3afd0c6e15af33"
"https://github.com/webjam/webjam.git","134","1","[7fe7efb4496b4172bef371e654ebc4fef24ce56e]","0","0","7fe7efb4496b4172bef371e654ebc4fef24ce56e","2f57d50302ff2970e9792832fe3afd0c6e15af33","427be621511cc435883ba4f5ce6047bbeb8e4868"
"https://github.com/webjam/webjam.git","135","2","[f17d438d4b93d55da3c79d0612f2bfa0a3dc8823, a4e75c95eba0ec63d508fdc0b70637d2b9d33290]","2","0","f17d438d4b93d55da3c79d0612f2bfa0a3dc8823","2f57d50302ff2970e9792832fe3afd0c6e15af33","586988d76580296fb94d956c22611fc2c164ef34"
"https://github.com/webjam/webjam.git","136","1","[758b875a96936a91cedd7e4e68771c012006c7bc]","0","0","758b875a96936a91cedd7e4e68771c012006c7bc","586988d76580296fb94d956c22611fc2c164ef34","532957ac93cf7995cc16b952fcf7d93436e3262a"
"https://github.com/webjam/webjam.git","137","1","[35d89ec91bf139cf89a2bcc206b3ab3e3a3e13dd]","0","0","35d89ec91bf139cf89a2bcc206b3ab3e3a3e13dd","586988d76580296fb94d956c22611fc2c164ef34","532957ac93cf7995cc16b952fcf7d93436e3262a"
"https://github.com/webjam/webjam.git","138","2","[f873b371e07c62ab70a233c1c8b8f6377bd9df49, 407cba9f914115ae14a989aa5cd78ecf4ce504f4]","1","0","f873b371e07c62ab70a233c1c8b8f6377bd9df49","8bb96dd6ee7aa85c7e1c6d302c34cab360064e41","8234568928d1c156d4254175eb307a6fae6fbdbe"
"https://github.com/webjam/webjam.git","139","2","[10e4afeaf75863d8e78d2f216c358ca6a2e72392, e58eacebd616a0a93e4adb709644af146a20ea59]","2","0","10e4afeaf75863d8e78d2f216c358ca6a2e72392","8bb96dd6ee7aa85c7e1c6d302c34cab360064e41","df06242e3cec105b834214c1fad1418a330a860b"
"https://github.com/webjam/webjam.git","14","2","[d597bed077ea9448eb770b54d1acdbd5953e92d8, dde9fc08b61a92e9680eec06d627752634868307]","2","0","d597bed077ea9448eb770b54d1acdbd5953e92d8","4880382f1062002d90e16fca681217dad12f183b","f052fceb4e70540844d76a201dccf0a2ed5dda7e"
"https://github.com/webjam/webjam.git","140","4","[bf664295de1d1ac4903144ffb838d6911b810e27, 73661d5dd86a286a11f8094c97690e910d2976c2, 8234568928d1c156d4254175eb307a6fae6fbdbe, 32fcd3d263d13230de513bff25f5df8b798b0fef]","6","0","bf664295de1d1ac4903144ffb838d6911b810e27","df06242e3cec105b834214c1fad1418a330a860b","7496baf2853d4dec0077751eb9ee40fb08da42b4"
"https://github.com/webjam/webjam.git","141","1","[aae162ff6eec7a504ec9fc8f1d522a399bacbca3]","1","0","aae162ff6eec7a504ec9fc8f1d522a399bacbca3","df06242e3cec105b834214c1fad1418a330a860b","7496baf2853d4dec0077751eb9ee40fb08da42b4"
"https://github.com/webjam/webjam.git","142","3","[f215662bb109027e1ff245dca02465cc9fa92d2c, 73c30a98eab7387952d5a3e75da8757d4c9b73e0, 88a1bb0c7ffabe674219573af53d770d67ddff7d]","2","0","f215662bb109027e1ff245dca02465cc9fa92d2c","7496baf2853d4dec0077751eb9ee40fb08da42b4","af2145cc54c33ab5d457e5ebe7ede777074e7c57"
"https://github.com/webjam/webjam.git","143","1","[af2145cc54c33ab5d457e5ebe7ede777074e7c57]","1","0","af2145cc54c33ab5d457e5ebe7ede777074e7c57","0fdbda880025b89617cff4b437d62c0bb886a6ba","7b75a503ff95e329905bf05b984b1b2f6ec4350e"
"https://github.com/webjam/webjam.git","144","1","[2f67e5df40912010cba9a237164e433bcffe793a]","5","0","2f67e5df40912010cba9a237164e433bcffe793a","0fdbda880025b89617cff4b437d62c0bb886a6ba","427be621511cc435883ba4f5ce6047bbeb8e4868"
"https://github.com/webjam/webjam.git","145","3","[d9e5f8f073367df9cfa8e7444acb0a7fcfbd7065, e4df8c2db9d3f249239f649480d5ee30ac9e5976, 9e9b8410c7b98325f4007962696ce5b52ac36c2e]","3","0","d9e5f8f073367df9cfa8e7444acb0a7fcfbd7065","7b75a503ff95e329905bf05b984b1b2f6ec4350e","83f5c390b9ae8b846c97303ba899e1d3aa04cbb6"
"https://github.com/webjam/webjam.git","146","5","[427be621511cc435883ba4f5ce6047bbeb8e4868, c1c80a37f6ad7be10368851126a85aa49c529d9a, f6b7adf30ff246abfa3984aa04691b8a8488ec31, 190e00b2791df1ce9ab3aef4016b147031359543, 71ec89f365f8110fa2a42c36fc3caa5bf3b92e84]","13","0","427be621511cc435883ba4f5ce6047bbeb8e4868","7b75a503ff95e329905bf05b984b1b2f6ec4350e","8f6743c37bef22e68cf716295c71bd5f1642f68e"
"https://github.com/webjam/webjam.git","147","1","[669247cee2673d5b7e0b7593fa43840082de4089]","1","0","669247cee2673d5b7e0b7593fa43840082de4089","8f6743c37bef22e68cf716295c71bd5f1642f68e","f0862d66ecf6405cbf516249658c27b3da86c433"
"https://github.com/webjam/webjam.git","148","1","[f9ef81bd685e4e6933c82c262000bab8956345de]","1","0","f9ef81bd685e4e6933c82c262000bab8956345de","8f6743c37bef22e68cf716295c71bd5f1642f68e","cbb793ef11eb18e0a72e72c2511674f2531d5b42"
"https://github.com/webjam/webjam.git","149","1","[38687884f7174529e6acf9c37201a1de67116d79]","0","0","38687884f7174529e6acf9c37201a1de67116d79","f0862d66ecf6405cbf516249658c27b3da86c433","b612bfe1d653fc2214140baff6d789fa63bed032"
"https://github.com/webjam/webjam.git","15","1","[f052fceb4e70540844d76a201dccf0a2ed5dda7e]","1","0","f052fceb4e70540844d76a201dccf0a2ed5dda7e","1002aa7d938aaa910272959db9c8d5790657e36f","e12b3c4f11f14b4d2c12c1c8f931a5d83999f109"
"https://github.com/webjam/webjam.git","150","5","[cbb793ef11eb18e0a72e72c2511674f2531d5b42, e39014a2308694affc662c96417018511e6c823d, 2ec04900cb35c11af8c29cf0133dc5ff69a64c3e, b37364bccb3fae6ec350ad9a433028f3f1d20ff1, d3b299a18ae200fb8c36d409457433e5ddb47698]","9","0","cbb793ef11eb18e0a72e72c2511674f2531d5b42","f0862d66ecf6405cbf516249658c27b3da86c433","b612bfe1d653fc2214140baff6d789fa63bed032"
"https://github.com/webjam/webjam.git","151","1","[8efc91367b77a2b6cf6b80dcd1b553a32ed3a38f]","5","0","8efc91367b77a2b6cf6b80dcd1b553a32ed3a38f","f709b14305485db8f018c5c4dc57ff5d39fb8bdf","328a8e186d3bb4f5ac2c9a6152a1b052fa646914"
"https://github.com/webjam/webjam.git","152","3","[83f5c390b9ae8b846c97303ba899e1d3aa04cbb6, 1cc86421e3bd5485fdff8bee6814145291082375, 9d27586ba6d35efa172f76acb7f23fc539add796]","5","0","83f5c390b9ae8b846c97303ba899e1d3aa04cbb6","e486e57b3e6d8a52cffe01b9065b0db8dd3c501b","3f52d19e84e2003c580e4fb10a722ce6f42e2a2d"
"https://github.com/webjam/webjam.git","153","3","[328a8e186d3bb4f5ac2c9a6152a1b052fa646914, 9ebef9091f32916a9ca57dd36f2f783fa9fe5bf1, b76bc537c49920df246adf09f110f9b7c63ba969]","6","0","328a8e186d3bb4f5ac2c9a6152a1b052fa646914","e486e57b3e6d8a52cffe01b9065b0db8dd3c501b","4a7ed3801bf782eecc9aee65335c661fa7c10529"
"https://github.com/webjam/webjam.git","154","1","[dbcf813efc77f857bdf847929e7268c18659cf5b]","0","0","dbcf813efc77f857bdf847929e7268c18659cf5b","3f52d19e84e2003c580e4fb10a722ce6f42e2a2d","3d31112c8b3d85a206af58dbbf5d725c193bfa4d"
"https://github.com/webjam/webjam.git","155","1","[f4dcc917a81f58f84fef80e904ad240c7af9b00b]","5","0","f4dcc917a81f58f84fef80e904ad240c7af9b00b","3f52d19e84e2003c580e4fb10a722ce6f42e2a2d","0db05ce0cf3df148f8a3d7518cdee0452ef9e663"
"https://github.com/webjam/webjam.git","156","1","[4a7ed3801bf782eecc9aee65335c661fa7c10529]","1","0","4a7ed3801bf782eecc9aee65335c661fa7c10529","0db05ce0cf3df148f8a3d7518cdee0452ef9e663","c4916698ac5a0193946e57b32f44bc55bff25c54"
"https://github.com/webjam/webjam.git","157","1","[f19c30d71dbe9e2981c074c5ec0fa7dd85dfce3f]","0","0","f19c30d71dbe9e2981c074c5ec0fa7dd85dfce3f","78738d1077fc4577607520cbf534436b5ea7e180","c4916698ac5a0193946e57b32f44bc55bff25c54"
"https://github.com/webjam/webjam.git","158","2","[3d31112c8b3d85a206af58dbbf5d725c193bfa4d, d31961c1aa2431c3e3a887b0aded1cacab2d2895]","0","0","3d31112c8b3d85a206af58dbbf5d725c193bfa4d","78738d1077fc4577607520cbf534436b5ea7e180","c4916698ac5a0193946e57b32f44bc55bff25c54"
"https://github.com/webjam/webjam.git","159","3","[6cf26d02639e279d73e8d7a5d04d0b34be46f396, f0aa867247f6529f4982cac03a9f50678aa2ba35, e88cd30cf8f9764608ebdefc105385036882a8ed]","2","0","6cf26d02639e279d73e8d7a5d04d0b34be46f396","c4916698ac5a0193946e57b32f44bc55bff25c54","ca35a56e13831343f71d8237cfd6bc5152b5f1ef"
"https://github.com/webjam/webjam.git","16","1","[e12b3c4f11f14b4d2c12c1c8f931a5d83999f109]","1","0","e12b3c4f11f14b4d2c12c1c8f931a5d83999f109","4d75e739eba8232e4dd985156585ac8377e71ee3","8c2a0f9675289482d4d4bce58b51169dd24874f2"
"https://github.com/webjam/webjam.git","160","1","[ff72830dfa10ecc18b86a841120282ecad0bac14]","0","0","ff72830dfa10ecc18b86a841120282ecad0bac14","c4916698ac5a0193946e57b32f44bc55bff25c54","ca35a56e13831343f71d8237cfd6bc5152b5f1ef"
"https://github.com/webjam/webjam.git","161","1","[ee8db4c1e2a8555b77d1815f80efa6c406986f17]","0","0","ee8db4c1e2a8555b77d1815f80efa6c406986f17","ca35a56e13831343f71d8237cfd6bc5152b5f1ef","1b83702cadd650d753a18e4eebfa06816f8fbed3"
"https://github.com/webjam/webjam.git","162","1","[b543e8f504e779d60a52440c910b76b5cfdb6d24]","0","0","b543e8f504e779d60a52440c910b76b5cfdb6d24","ca35a56e13831343f71d8237cfd6bc5152b5f1ef","1b83702cadd650d753a18e4eebfa06816f8fbed3"
"https://github.com/webjam/webjam.git","163","4","[70e16ad6e61bb0807c661cb1a53677a12e80ccfb, ecef3fa9da07bcb90dccf22a6583efa4c941d6fc, 0848d15b68773ac62d1b6a9b941fd2d1c132b254, 706a16721ae5777d0f854be71085c469d2cebf24]","5","0","70e16ad6e61bb0807c661cb1a53677a12e80ccfb","1b83702cadd650d753a18e4eebfa06816f8fbed3","72daa93702c7387a378fae69651ebd2603138310"
"https://github.com/webjam/webjam.git","164","1","[7c14b837bff0ca0bd4a532bb7da22d79f1783c5e]","0","0","7c14b837bff0ca0bd4a532bb7da22d79f1783c5e","7781030c157b567c4288031e8ab9ec3955af2a8f","810049c76b7888d4ad028a35630d80446655016b"
"https://github.com/webjam/webjam.git","165","8","[89a1e7ea34680b633a6d12744351e45c32ef06c8, 05612aa93a1ed73f5c67b3df57e01e4996dfe2b3, 75d00f54660a41d4f7aad6ada2816b9e9dc09813, 59fdf7f332b5f55677136759fdbf565eabd3a915, dc0f03c719fae2923716faba20b82afcd27e6d10, 78abbd7e2dc9ea83cc81e0eccd2512c96df96854, 0aba214dad73bf845500e9a25e9cd3d7b1759923, b9b734cfdc9380ac61d68ebf3d8b226d4359926e]","3","0","89a1e7ea34680b633a6d12744351e45c32ef06c8","7781030c157b567c4288031e8ab9ec3955af2a8f","810049c76b7888d4ad028a35630d80446655016b"
"https://github.com/webjam/webjam.git","166","5","[55370bbcd582a46cbea948a3f6bda7d72174e5a2, 3408691997dc7955ce7856d24ca0955850738921, 407f131e71733fc585cde94d94b1b4dc67dbffec, c9f3799d8d1cfce48983a5faeaa060bd77e9bd2d, d338f5c067a7b1849082d0ab83af864fb66cf6a9]","1","0","55370bbcd582a46cbea948a3f6bda7d72174e5a2","d55b47596e813f5be009bce7d1b01c425fe61148","6dbc34b35c9271bda10c0f3f128e7eb2762ae3ef"
"https://github.com/webjam/webjam.git","167","1","[72daa93702c7387a378fae69651ebd2603138310]","1","0","72daa93702c7387a378fae69651ebd2603138310","d55b47596e813f5be009bce7d1b01c425fe61148","6dbc34b35c9271bda10c0f3f128e7eb2762ae3ef"
"https://github.com/webjam/webjam.git","168","1","[81ba50a512e23cd9905e2121849f85d38feceb7c]","0","0","81ba50a512e23cd9905e2121849f85d38feceb7c","6dbc34b35c9271bda10c0f3f128e7eb2762ae3ef","11a7a996a267dfbe5c444c4d8172388ee5e75d29"
"https://github.com/webjam/webjam.git","169","1","[af2d9194bebf3134f6f06d1dfafe46fc31af364d]","0","0","af2d9194bebf3134f6f06d1dfafe46fc31af364d","6dbc34b35c9271bda10c0f3f128e7eb2762ae3ef","60975411e3167df22dc1732350251081dae25b22"
"https://github.com/webjam/webjam.git","17","4","[e2bcdb9fdadd8034870e1af50dd6d5221b03987f, 501b3bdfdc0a3592244366474aa15a953466258c, 3c090c9d99bdfd256da8fdd98a6f56b30ef81469, 7aacc900988e0c5710da5a739b4f65702c4615fd]","2","0","e2bcdb9fdadd8034870e1af50dd6d5221b03987f","4d62ce3a5d12844aa2095bb052a49eef9f4a744b","f3b95946d7f724c9632c5573d7ed898d42e42889"
"https://github.com/webjam/webjam.git","170","1","[2f96f4199e8a1a790fb681b75e29a7098b3c6c81]","0","0","2f96f4199e8a1a790fb681b75e29a7098b3c6c81","11a7a996a267dfbe5c444c4d8172388ee5e75d29","f9cf0287ef49f184b394e1e65c8d1d2e38b93652"
"https://github.com/webjam/webjam.git","171","4","[60975411e3167df22dc1732350251081dae25b22, ec8520dc9696674af43b537f7f2298d4742aeb86, c04c3cc4d1981a29337c16a9b1aac78e0f22e347, a697782b39e8792944262acb44bf2b2059fcd202]","3","0","60975411e3167df22dc1732350251081dae25b22","11a7a996a267dfbe5c444c4d8172388ee5e75d29","9821b64e86756ceed60e5ff3794f19ab0527b6c0"
"https://github.com/webjam/webjam.git","172","1","[41397188b03518987e81136214f1b1119def2941]","0","0","41397188b03518987e81136214f1b1119def2941","f9cf0287ef49f184b394e1e65c8d1d2e38b93652","6fa8bf8d96f5153f878f864e80bc45abf8617004"
"https://github.com/webjam/webjam.git","173","2","[ba7a47cae515fc2a69fd74e8ea5fb53f932604fc, b92d3d85836c0873269dc1031118df6d8a3536b5]","1","0","ba7a47cae515fc2a69fd74e8ea5fb53f932604fc","f9cf0287ef49f184b394e1e65c8d1d2e38b93652","fad905c628e49a52bccaf2740ef16ed9be8d3ade"
"https://github.com/webjam/webjam.git","174","5","[fad905c628e49a52bccaf2740ef16ed9be8d3ade, a8e0f6ac4c723d20fafa8bd99972c4e5defb25f2, a536a5c56dff03af9dbf16d9c39f308adff7f73e, 40df0ab560a2674d281292075e726d7fdfba9eba, 671ee7143a4b34689795cc1531fdf24093746624]","12","0","fad905c628e49a52bccaf2740ef16ed9be8d3ade","6fa8bf8d96f5153f878f864e80bc45abf8617004","944264fef29e90d00765db7b654d973e1213638c"
"https://github.com/webjam/webjam.git","175","4","[9821b64e86756ceed60e5ff3794f19ab0527b6c0, 973d86a53c8ee4b8e0f40f12b1013d16117cae73, a82461b881e19ecfa58b2e53168554975ccadee6, b574371f7ed949a07fcd804527e6cfaa4bf51bfa]","5","0","9821b64e86756ceed60e5ff3794f19ab0527b6c0","6fa8bf8d96f5153f878f864e80bc45abf8617004","944264fef29e90d00765db7b654d973e1213638c"
"https://github.com/webjam/webjam.git","176","2","[197784a8f835b362dcb9904b70643356888fc0c9, 6ae7dbba280aa6019c3a2f713521d1169c7f3845]","5","0","197784a8f835b362dcb9904b70643356888fc0c9","944264fef29e90d00765db7b654d973e1213638c","968d92a547b5f6a6363f731ea7084bf7ed6168c3"
"https://github.com/webjam/webjam.git","177","2","[25c4190069b12994f18ec7cdbaaf4dff05a23b74, 43aca70bfe2addf51922e6e649409aff273125b5]","3","0","25c4190069b12994f18ec7cdbaaf4dff05a23b74","944264fef29e90d00765db7b654d973e1213638c","8ff79ccf96cb7764c923a913e610f4b53e800095"
"https://github.com/webjam/webjam.git","178","1","[8ff79ccf96cb7764c923a913e610f4b53e800095]","0","0","8ff79ccf96cb7764c923a913e610f4b53e800095","968d92a547b5f6a6363f731ea7084bf7ed6168c3","f0edfa9de6e46013448038e0f09970130e29877a"
"https://github.com/webjam/webjam.git","179","2","[fb5418afb6be570b907b3e89284a51b0c8534dd8, 5f7cb894e263c9ec9428eacfd22a67840bacf88a]","2","0","fb5418afb6be570b907b3e89284a51b0c8534dd8","968d92a547b5f6a6363f731ea7084bf7ed6168c3","b60ad4245bfdcbecd8237bd1d2ac0d7e4f887cba"
"https://github.com/webjam/webjam.git","18","12","[8c2a0f9675289482d4d4bce58b51169dd24874f2, 22344a3a6d4199273a51c5d12b27f2a756805ed4, f4e44f18501d9b4c69f61fda4e7ecdad15e6d141, 70340c8c78dc3b94c895df6162ebdd89803ef340, 039ce3dde880de3cb210505ff49fb7d0412ec63a, f81c01a241c3cd9ab31e7b5ed2369a14da220281, 4af5d052c5b83214f2c5ddec5e0b23e4f912eeac, 064cf727b3dabd5d9c18a9c6de16334811f70bf1, faafc849c116e52c3913589e00a51fc333dff9ad, 50e2de8fe441c3c4ef627c7748bfd00a2e3a65a4, 3d20238f7338fd993be323b7967f9361508c2d1a, 5eeaa9776d606ff1def3ec2b539001e031f50638]","6","0","8c2a0f9675289482d4d4bce58b51169dd24874f2","4d62ce3a5d12844aa2095bb052a49eef9f4a744b","fefe2e12bb840e2ed381d23b9e113a0772d8b863"
"https://github.com/webjam/webjam.git","180","3","[96762b9877fd7855a48c9d521deeb1b84ad92bb6, 3f043cb19fba4df43f81b94441d9f954b2a0b83e, 44970287fc4b3d5b87dbe157ba92c8182b0fdab2]","1","0","96762b9877fd7855a48c9d521deeb1b84ad92bb6","f0edfa9de6e46013448038e0f09970130e29877a","7b014c71049f6cd3a4d4c527afb6712c3edf7392"
"https://github.com/webjam/webjam.git","181","1","[4832eb7da78d7a98496ee20d5733fa12a2588fed]","3","0","4832eb7da78d7a98496ee20d5733fa12a2588fed","f0edfa9de6e46013448038e0f09970130e29877a","7b014c71049f6cd3a4d4c527afb6712c3edf7392"
"https://github.com/webjam/webjam.git","182","1","[8fcd1c8769d39f83a1f8fa835a01e07123a0d829]","2","0","8fcd1c8769d39f83a1f8fa835a01e07123a0d829","7b014c71049f6cd3a4d4c527afb6712c3edf7392","945e59c0b213edc9c0c1a53c08d4fa2863b56eec"
"https://github.com/webjam/webjam.git","183","1","[945e59c0b213edc9c0c1a53c08d4fa2863b56eec]","0","0","945e59c0b213edc9c0c1a53c08d4fa2863b56eec","5f14d0011577cec343dbedcef005e1f640a5a6cd","19ab8e7582f4bcf453b989c7137ae626169ae00a"
"https://github.com/webjam/webjam.git","184","1","[af3b07e7d58adc11a58e1580fff0a63cd1760bff]","1","0","af3b07e7d58adc11a58e1580fff0a63cd1760bff","a1b82de44583a4f2aa730820a70851b254e267f8","8519ecc044b2c36b149b417d7876542f20e8ee16"
"https://github.com/webjam/webjam.git","185","1","[72da61d39ccad497d9319655c64290ca4a8884dc]","4","0","72da61d39ccad497d9319655c64290ca4a8884dc","a1b82de44583a4f2aa730820a70851b254e267f8","8519ecc044b2c36b149b417d7876542f20e8ee16"
"https://github.com/webjam/webjam.git","186","1","[76e57bf0968e55417e11a6c83dc44d5bf36659cb]","1","0","76e57bf0968e55417e11a6c83dc44d5bf36659cb","6eb5f3b9aac26d853458f92edd7f8d4d2db6575e","bad3711d1fa24a811d293edf6327e3487cacbb2f"
"https://github.com/webjam/webjam.git","187","3","[f782a6e1a3a8f03c031258e9bfc06f633a2b6dd6, 7dedcfd8624d3610e7b17501c170a1c11723476b, becebb917a4f5e31de8ac6ad255530d12ce5828b]","2","0","f782a6e1a3a8f03c031258e9bfc06f633a2b6dd6","6eb5f3b9aac26d853458f92edd7f8d4d2db6575e","bad3711d1fa24a811d293edf6327e3487cacbb2f"
"https://github.com/webjam/webjam.git","188","1","[7af6489a23ad0be210b14bbf45bb915f46286d1b]","1","0","7af6489a23ad0be210b14bbf45bb915f46286d1b","bad3711d1fa24a811d293edf6327e3487cacbb2f","5f09cdfc0420286b41b21dd65fd2f533051ffe8d"
"https://github.com/webjam/webjam.git","189","1","[d3b89d1ad9860d667a462f767ed1158f008d762b]","1","0","d3b89d1ad9860d667a462f767ed1158f008d762b","bad3711d1fa24a811d293edf6327e3487cacbb2f","5f09cdfc0420286b41b21dd65fd2f533051ffe8d"
"https://github.com/webjam/webjam.git","19","6","[bc7aeb56c9630b8edc0a9bd63a2c36eac6e009db, 027ba7018d00e23efa7e37d293ed9050dcfa8834, 16a273520c9d4ff193f8bdb745a3f67549b12449, c79c7c683eefa47c71c2d8c22257ef848c896d28, 7aac53e3c1afca44e068104ac3cf1c7d2c8d2ff0, ac74c8b3a73ea133f411f495210c6fe532d25e02]","16","0","bc7aeb56c9630b8edc0a9bd63a2c36eac6e009db","fefe2e12bb840e2ed381d23b9e113a0772d8b863","6fd84ab17ade30fe5ec6b7833401a9623d7a4bb4"
"https://github.com/webjam/webjam.git","190","1","[1121a370f07a6915aa0f398fd61f0388bb74f3d1]","0","0","1121a370f07a6915aa0f398fd61f0388bb74f3d1","c4a8d228edc6dd1f2d82d864ad499a40ab92f16c","cb8d3e6f38427adacdee7bfffeacbd07fff31f52"
"https://github.com/webjam/webjam.git","191","2","[0f12942fce0e44b0b11b6390b71d5f83d36f1381, 69a793acb3eb7aa6a458ea3983f5f1710ebbf1fc]","0","0","0f12942fce0e44b0b11b6390b71d5f83d36f1381","b60ad4245bfdcbecd8237bd1d2ac0d7e4f887cba","19ab8e7582f4bcf453b989c7137ae626169ae00a"
"https://github.com/webjam/webjam.git","192","2","[1d39701917d006b93736dcfed29a7e72b32b4352, e9c0bf690d3283a601c413ccdaf564a7e3f6ac6f]","9","0","1d39701917d006b93736dcfed29a7e72b32b4352","b60ad4245bfdcbecd8237bd1d2ac0d7e4f887cba","19ab8e7582f4bcf453b989c7137ae626169ae00a"
"https://github.com/webjam/webjam.git","193","4","[db60b666677e9c3c5d1cd83df8c3981bec428d23, 7f438f36c16661580c0874486bf7bd681b216521, 56c0b9dfa24b024fe66de1710f8056397f6b8d5e, a5c05694a5cf2900b543c0d4e2a1b94ac10d71ff]","3","0","db60b666677e9c3c5d1cd83df8c3981bec428d23","819fdff6f15616fa30ab02915081944123516876","f645242119a1963c922d802316b1f296e0aecc69"
"https://github.com/webjam/webjam.git","194","1","[3b6358040a68aedf8ea6bfc4ed483be34b51e144]","2","0","3b6358040a68aedf8ea6bfc4ed483be34b51e144","819fdff6f15616fa30ab02915081944123516876","629e56e099044beb705faa747cbf3182088a6eb4"
"https://github.com/webjam/webjam.git","195","1","[57d7681d59ef4f8350b4074d49ef7e9cd671f16b]","1","0","57d7681d59ef4f8350b4074d49ef7e9cd671f16b","f645242119a1963c922d802316b1f296e0aecc69","ec75c44d5c71cdd93bb9630dfe02862f8cb779ad"
"https://github.com/webjam/webjam.git","196","1","[3ee71070666ede6f3aca9514ea1b263c94bbb6ab]","4","0","3ee71070666ede6f3aca9514ea1b263c94bbb6ab","f645242119a1963c922d802316b1f296e0aecc69","ec75c44d5c71cdd93bb9630dfe02862f8cb779ad"
"https://github.com/webjam/webjam.git","197","1","[c41fa21bdc00372f1f520db9586c099b0a760afd]","2","0","c41fa21bdc00372f1f520db9586c099b0a760afd","629e56e099044beb705faa747cbf3182088a6eb4","8672ff733a09d29d49e67ee5ecba405ae1c9bab3"
"https://github.com/webjam/webjam.git","198","1","[634348076631777f941538fa62efa7d9f69d829c]","0","0","634348076631777f941538fa62efa7d9f69d829c","629e56e099044beb705faa747cbf3182088a6eb4","8672ff733a09d29d49e67ee5ecba405ae1c9bab3"
"https://github.com/webjam/webjam.git","199","1","[652ee76b8ea64d906fcf88681c11578297d085fd]","0","0","652ee76b8ea64d906fcf88681c11578297d085fd","b5a32dbcce27e79116185e5249d5e27d9397d4e9","f3d897b258492239838b5fc3aa7e3bc48afde62f"
"https://github.com/webjam/webjam.git","2","3","[98ef7964394fd2bf1d2f3fe755f8962808893386, 07debb17f050e5fc34b167a5cfb3f00534f70068, df76f8df4640437f1fc0620e0a4884f1abab0aaa]","2","0","98ef7964394fd2bf1d2f3fe755f8962808893386","ea299784682d0c967489369464dd944221dd6b84","f2997cea5ef77d75e03cf2d39f788a68aa0cda11"
"https://github.com/webjam/webjam.git","20","1","[6fd84ab17ade30fe5ec6b7833401a9623d7a4bb4]","1","0","6fd84ab17ade30fe5ec6b7833401a9623d7a4bb4","a6fe72b718a8e168e3018afad8bf97c29a4eb9d4","d4f367716ecf5a9765d3a5592044694e759ee896"
"https://github.com/webjam/webjam.git","200","1","[1dda7fb22c56f2833b1220986beded190e90beb8]","1","0","1dda7fb22c56f2833b1220986beded190e90beb8","b5a32dbcce27e79116185e5249d5e27d9397d4e9","f3d897b258492239838b5fc3aa7e3bc48afde62f"
"https://github.com/webjam/webjam.git","201","1","[12ab4b1f73fe16c83cd9749a60fffed6c1b5051b]","1","0","12ab4b1f73fe16c83cd9749a60fffed6c1b5051b","f3d897b258492239838b5fc3aa7e3bc48afde62f","4c087d1c24e539dab67e3326bb7e350b6d17473d"
"https://github.com/webjam/webjam.git","202","2","[586cd0123926e092942b5ec887a4b6ab5e0e00a8, b75986004dda4b3c505023c6e3f6135057c14c53]","0","0","586cd0123926e092942b5ec887a4b6ab5e0e00a8","f3d897b258492239838b5fc3aa7e3bc48afde62f","4c087d1c24e539dab67e3326bb7e350b6d17473d"
"https://github.com/webjam/webjam.git","203","2","[16c6b9d924d5faa5e7bf7727681d006efdc2bc79, 1963d0c52fb6abb78efaeea9d3ddf1f00fa246df]","1","0","16c6b9d924d5faa5e7bf7727681d006efdc2bc79","1cbcffe052e4631e53b5d93ec494b8134100f5ff","559603ae13016f115e00173ea6775de94ba11aa6"
"https://github.com/webjam/webjam.git","204","1","[7a077eb7de0612b742f3e043e7b301ece8e4abd1]","3","0","7a077eb7de0612b742f3e043e7b301ece8e4abd1","1cbcffe052e4631e53b5d93ec494b8134100f5ff","33375a6bd1f1743963e59d18530a60ec79b85796"
"https://github.com/webjam/webjam.git","205","2","[f797baf8a764f916ede47967abd93bc5d5b2dd11, bbd4de46df82950e6c5474357b2f26e45a803bfe]","4","0","f797baf8a764f916ede47967abd93bc5d5b2dd11","559603ae13016f115e00173ea6775de94ba11aa6","568446036d0ff1a9eca5e42851680ef4f9e5febf"
"https://github.com/webjam/webjam.git","206","1","[25d74fa417d970fdabbace18272656573cf71a66]","2","0","25d74fa417d970fdabbace18272656573cf71a66","559603ae13016f115e00173ea6775de94ba11aa6","568446036d0ff1a9eca5e42851680ef4f9e5febf"
"https://github.com/webjam/webjam.git","207","1","[3f0a4d4e32f207ad7d8217d092cf9ef43b616b48]","1","0","3f0a4d4e32f207ad7d8217d092cf9ef43b616b48","47cf56f743b12fe701c8d2cf538851e0d40fb1cd","05f2bc1d86a8841b154351c3514e848ab78ed06a"
"https://github.com/webjam/webjam.git","208","6","[c2164e8f5f95507d5877b62f0832ee67c70b82f3, 97f092748c97ad44cab659b86f8a6800467f680a, c7cc21cc03cd5671b8862a5afb036a484868362f, 1174e35ed29364605accfc88195bf326f1f5ee22, 929df96fc7fc10cbca053bad6c2435721bf8f139, f12a5559445d5ebdf0b82089cd1879a6851ea2db]","11","0","c2164e8f5f95507d5877b62f0832ee67c70b82f3","47cf56f743b12fe701c8d2cf538851e0d40fb1cd","05f2bc1d86a8841b154351c3514e848ab78ed06a"
"https://github.com/webjam/webjam.git","209","2","[0d6e60c3a6f2fe022df148feb7749aaf9617b61d, c44d4312a87217f0c76e6cba7c75d103e48de81f]","1","0","0d6e60c3a6f2fe022df148feb7749aaf9617b61d","05f2bc1d86a8841b154351c3514e848ab78ed06a","83ab0bb03a69510908e576a9e7f1ac05186d2b47"
"https://github.com/webjam/webjam.git","21","3","[989eb65fab297fcd241f28c06aa1041e879c5cf3, 38b52b2e034206f9610d12306cdcd263c40ca842, a7d730e858e97b3a5a6006a7d52efa38d4073a9d]","1","0","989eb65fab297fcd241f28c06aa1041e879c5cf3","a6fe72b718a8e168e3018afad8bf97c29a4eb9d4","d4f367716ecf5a9765d3a5592044694e759ee896"
"https://github.com/webjam/webjam.git","210","1","[83ab0bb03a69510908e576a9e7f1ac05186d2b47]","1","0","83ab0bb03a69510908e576a9e7f1ac05186d2b47","42be3e336a9d5e4056ecadba35977644d61bad0c","f5586cc47cdb138afecad25338627394dd6c330d"
"https://github.com/webjam/webjam.git","211","1","[f5586cc47cdb138afecad25338627394dd6c330d]","1","0","f5586cc47cdb138afecad25338627394dd6c330d","47cda53adf83bce8bb640ef1c83e969e659f8d9d","d4e6b757cfa22d775bd919fb2497b44bd0b0d3f3"
"https://github.com/webjam/webjam.git","212","1","[d4e6b757cfa22d775bd919fb2497b44bd0b0d3f3]","2","0","d4e6b757cfa22d775bd919fb2497b44bd0b0d3f3","12bdc78818a4e5b62db35f73f663cd90df41a855","ba6c58367b7f772bf0e0634d4614d14e9c200ece"
"https://github.com/webjam/webjam.git","213","1","[888bf505ca8757328693913e42683a3b4375de04]","0","0","888bf505ca8757328693913e42683a3b4375de04","12bdc78818a4e5b62db35f73f663cd90df41a855","c3386fc6062463025acbf832d17109931203d211"
"https://github.com/webjam/webjam.git","214","2","[33375a6bd1f1743963e59d18530a60ec79b85796, ad05b2d1c12a6e47682497cf0b31050c3ab749bd]","12","0","33375a6bd1f1743963e59d18530a60ec79b85796","ba6c58367b7f772bf0e0634d4614d14e9c200ece","4badcfee71327edc9068fc407837e023bf7c0cbc"
"https://github.com/webjam/webjam.git","215","1","[8ace776c0f9d7f3041552fb9da54d70d1b9f14b7]","0","0","8ace776c0f9d7f3041552fb9da54d70d1b9f14b7","c3386fc6062463025acbf832d17109931203d211","4badcfee71327edc9068fc407837e023bf7c0cbc"
"https://github.com/webjam/webjam.git","216","7","[5c1fd9ca15d5754c61f6abb25dbf580f75079af0, 01c46e36e4aacf512a98350b73ab01ab6f72b52b, 7bb1dde5873d2fd60bc95f31e7c76d954e29b13e, d295b76bc663e585ffc901468229a9293b7db8b4, a9df1c426bad22b2c3cabf8f3a060a101d5cd634, 189c545663f0cf63c4f8c9b227d19abf98afa561, 9d861320febbb199b51c5bc68999a6deebb7b088]","7","0","5c1fd9ca15d5754c61f6abb25dbf580f75079af0","c3386fc6062463025acbf832d17109931203d211","ae31b65429e67e5617cb8b5268164f80b78c7b23"
"https://github.com/webjam/webjam.git","217","1","[e6c7e7ead1891efeb6ac1f0db11fbcd71e7ef4c6]","7","0","e6c7e7ead1891efeb6ac1f0db11fbcd71e7ef4c6","ae31b65429e67e5617cb8b5268164f80b78c7b23","f2f07b6057039a4f13fb5ce8c12d11d652e173f1"
"https://github.com/webjam/webjam.git","218","1","[fec6fbd87227013055c79f8bda013529b909d761]","2","0","fec6fbd87227013055c79f8bda013529b909d761","ae31b65429e67e5617cb8b5268164f80b78c7b23","b1533be67ca0306f0f4e7cd79be68d0987665788"
"https://github.com/webjam/webjam.git","221","1","[f2f07b6057039a4f13fb5ce8c12d11d652e173f1]","1","0","f2f07b6057039a4f13fb5ce8c12d11d652e173f1","b1533be67ca0306f0f4e7cd79be68d0987665788","d07ea1bff280a5f4b301839182aea6daec013ef5"
"https://github.com/webjam/webjam.git","222","1","[376f7140c1e270770eb975c4cc44291cc0276675]","0","0","376f7140c1e270770eb975c4cc44291cc0276675","b70eba22e9eb561ca95266bcccd4deee057a0411","6f5a98f9f1b5072b7d38130ab2fb550775af69a8"
"https://github.com/webjam/webjam.git","223","1","[7ec16e458aeeef058ea0e46776e68091e11bf920]","8","0","7ec16e458aeeef058ea0e46776e68091e11bf920","d07ea1bff280a5f4b301839182aea6daec013ef5","9ffdf20bf99586298e83a95b785552b90ec94458"
"https://github.com/webjam/webjam.git","224","3","[6f5a98f9f1b5072b7d38130ab2fb550775af69a8, 429ab4aee94e606c79a30af721ae53d5a88907a0, f4d2a2609afdc259ab80f111044b58fe74520b30]","7","0","6f5a98f9f1b5072b7d38130ab2fb550775af69a8","d07ea1bff280a5f4b301839182aea6daec013ef5","9ffdf20bf99586298e83a95b785552b90ec94458"
"https://github.com/webjam/webjam.git","225","2","[dbf94668446a12e08db6701935ae67c0160ca4ac, c339018e2dfa5c279d61a643f8979a7d77bc1b17]","1","0","dbf94668446a12e08db6701935ae67c0160ca4ac","9ffdf20bf99586298e83a95b785552b90ec94458","29cfd63863150e80d834799d4f25730be8a2c2c1"
"https://github.com/webjam/webjam.git","226","2","[b4ee176c0eb0b4b45106036fd4f162a4255dff60, 2d42dd3cd097674aade18b8c46c8a31761f9febe]","7","0","b4ee176c0eb0b4b45106036fd4f162a4255dff60","9ffdf20bf99586298e83a95b785552b90ec94458","e8e78fc0c6ff8fd9a9fd691cf211fe09779fce67"
"https://github.com/webjam/webjam.git","227","4","[c11992f3d5c38124a4642e83014e8bca50aba55f, e45e014637a36130fd72304281a8f4718b46c6c1, 8d819ee1bbee25b5bd6934ffb363991c8110f89b, e170cb04e7639d1fb70a6bff517073db97d34bb1]","3","0","c11992f3d5c38124a4642e83014e8bca50aba55f","29cfd63863150e80d834799d4f25730be8a2c2c1","a204eeabbc88a84d2c6290a7eb8779a6f7872488"
"https://github.com/webjam/webjam.git","228","1","[e8e78fc0c6ff8fd9a9fd691cf211fe09779fce67]","6","0","e8e78fc0c6ff8fd9a9fd691cf211fe09779fce67","29cfd63863150e80d834799d4f25730be8a2c2c1","4b363e6d58670260def06474c0dcc72502693ed7"
"https://github.com/webjam/webjam.git","229","3","[83717b40e93b262176016be1f365c0518469caae, 18032b634fdaf43a0149d737557414420be99a1c, 687cb196fbf458e2ccd26d7d855fdac064d61ed7]","2","0","83717b40e93b262176016be1f365c0518469caae","a204eeabbc88a84d2c6290a7eb8779a6f7872488","9ba5abf0026882df3d16b1dbeaca7d194bbab11e"
"https://github.com/webjam/webjam.git","23","1","[0224a39a851f5e19f619a88976cc0810b01fb67b]","0","0","0224a39a851f5e19f619a88976cc0810b01fb67b","59a769267b780accbeb4fdd850fda2137521f757","546fdb8af88aaaa30a1e895742d02748a693e25a"
"https://github.com/webjam/webjam.git","230","1","[4b363e6d58670260def06474c0dcc72502693ed7]","0","0","4b363e6d58670260def06474c0dcc72502693ed7","a204eeabbc88a84d2c6290a7eb8779a6f7872488","46201f970af8bb35c081438a7eb64a19ecde6a83"
"https://github.com/webjam/webjam.git","231","3","[e50eeeed07b7910cd26aed3573d8f763930868f0, fd1ed668c7adbac9fab9a7578b4dde4ffb113c38, 98428d151979d9861e3c1942b1b0582793acafe9]","3","0","e50eeeed07b7910cd26aed3573d8f763930868f0","46201f970af8bb35c081438a7eb64a19ecde6a83","b00fb48d826a8c5e8066518f04173b20d223016c"
"https://github.com/webjam/webjam.git","232","1","[1029cb735536a24558543a2c0bd9e9080466ed75]","0","0","1029cb735536a24558543a2c0bd9e9080466ed75","46201f970af8bb35c081438a7eb64a19ecde6a83","f94098070154723651d7e97dcb0cbd5931030dec"
"https://github.com/webjam/webjam.git","233","1","[4a9564c00c3c970adb456abdb97bd23a343f43ff]","0","0","4a9564c00c3c970adb456abdb97bd23a343f43ff","9ba5abf0026882df3d16b1dbeaca7d194bbab11e","493c71f1c3acd319826066ba63c4051eec560e4a"
"https://github.com/webjam/webjam.git","234","1","[9a29b7a49b0c52772728db9459200f21de9ac9f6]","0","0","9a29b7a49b0c52772728db9459200f21de9ac9f6","b00fb48d826a8c5e8066518f04173b20d223016c","24c5d3935352e6c35a7a71b866d4e9d8032ebff5"
"https://github.com/webjam/webjam.git","235","5","[4594556f5d3355ff56b2a5791749f5fa0fc718ee, f8884047f5b19f2da9ae580a81f4687901b26939, 493c71f1c3acd319826066ba63c4051eec560e4a, 262e9817a7e3f5c370e729cb3c5eeaaedb55960d, 975008a6d9c26cdd21d067ba1aeaaf7cdc0b416d]","4","0","4594556f5d3355ff56b2a5791749f5fa0fc718ee","988e0b8ff26fe3aecf1d9bc7c0623031a3e939c6","3e117f2f9b32c9bdbd43c5c3324f3c31502cb640"
"https://github.com/webjam/webjam.git","236","2","[d6128781eecc97eed2af5adc68ebb42dccbcbb37, 2c8b931dfd4ebfabc8f7c8e394aadd942be3dd67]","2","0","d6128781eecc97eed2af5adc68ebb42dccbcbb37","988e0b8ff26fe3aecf1d9bc7c0623031a3e939c6","3e117f2f9b32c9bdbd43c5c3324f3c31502cb640"
"https://github.com/webjam/webjam.git","238","3","[493c71f1c3acd319826066ba63c4051eec560e4a, 262e9817a7e3f5c370e729cb3c5eeaaedb55960d, 975008a6d9c26cdd21d067ba1aeaaf7cdc0b416d]","2","0","493c71f1c3acd319826066ba63c4051eec560e4a","40eea63a938818b818d22ec7f4fa41b85fdce2a5","3e117f2f9b32c9bdbd43c5c3324f3c31502cb640"
"https://github.com/webjam/webjam.git","239","1","[be9abf9b05bd652d6905e0c93665bc2aabe80caa]","1","0","be9abf9b05bd652d6905e0c93665bc2aabe80caa","538c3c19545660ff3642d41183fbcf95cb2d28fc","0a106ae9eed438c16c77fe034fb7fbeb20c9b5da"
"https://github.com/webjam/webjam.git","24","7","[d4f367716ecf5a9765d3a5592044694e759ee896, bbaac6f7f6fa164437ccddba19f968d9c76593fb, c36f88d59c99f0c6bccb8c5233049ce1ad4c3d58, 0148dbdf140e841771ecc65157db30ddbedd59a3, 6dd047fdf95cab41f04a8c5c94ae6f14c2ac4885, 223c464f35d01660ccbf2b7fbeed6e510462f134, 0f2bafc366b03b9748136607c1c3983eb33d2d8f]","11","0","d4f367716ecf5a9765d3a5592044694e759ee896","59a769267b780accbeb4fdd850fda2137521f757","95803fb51b30a447dd4a14b651c688fe69f5c77f"
"https://github.com/webjam/webjam.git","240","1","[c0d14eb57f6227e0e7476accb977b8555c58c8b1]","0","0","c0d14eb57f6227e0e7476accb977b8555c58c8b1","1c5b29ad59f8613804c203a30438b8723e3f5d4d","7e6f863660e6b1c9c13ac809e6b7dd57038f22cd"
"https://github.com/webjam/webjam.git","241","1","[0a106ae9eed438c16c77fe034fb7fbeb20c9b5da]","7","0","0a106ae9eed438c16c77fe034fb7fbeb20c9b5da","1c5b29ad59f8613804c203a30438b8723e3f5d4d","24c5d3935352e6c35a7a71b866d4e9d8032ebff5"
"https://github.com/webjam/webjam.git","242","1","[24c5d3935352e6c35a7a71b866d4e9d8032ebff5]","3","0","24c5d3935352e6c35a7a71b866d4e9d8032ebff5","7e6f863660e6b1c9c13ac809e6b7dd57038f22cd","1dbd5aa0db52cce12b1c707a03ad8f17b46227e1"
"https://github.com/webjam/webjam.git","243","4","[5bd993d5b53ce7df1c9cfa5b6f2bdbd78f74b90e, 1dbd5aa0db52cce12b1c707a03ad8f17b46227e1, d140e07cca5d406f9400dc1bb13bfad0be064700, 8f1143b80a435c40cd35433a3760edf31bf9f603]","22","0","5bd993d5b53ce7df1c9cfa5b6f2bdbd78f74b90e","0f5e22e8a1b5c7695cd9e0ed676c3efa2972f573","93b4a077ee5cff44178991475e289ae5fb76eb5c"
"https://github.com/webjam/webjam.git","244","2","[833be59df60b1e7fc6229c974f7d5c7a43af0e80, 009715591b769e9c42ed0b6da8b107e190b6b970]","3","0","833be59df60b1e7fc6229c974f7d5c7a43af0e80","f94098070154723651d7e97dcb0cbd5931030dec","bd64522a110257c6ab1182fc33bf0b240b33241b"
"https://github.com/webjam/webjam.git","245","3","[4cff652e3e3389bffdfde99ae1b432b87e2482d8, a8bd2a422b93b89a28a0ba20486ebfd19f4e7237, c4dcc394e885fb29ff627c83d9673b7fd127ac04]","27","0","4cff652e3e3389bffdfde99ae1b432b87e2482d8","93b4a077ee5cff44178991475e289ae5fb76eb5c","24378684299ae75073f7ba365e1b292afefdcdc2"
"https://github.com/webjam/webjam.git","246","5","[3d1c00af8f106f41f33ea6be749ac5d2168d3fba, de6e08b4edd7ef899a1b8bf88ecf8e0710a4c3ca, 21b3c3b6070e09714c4e74500299e16d75d18b0b, 7a068f49fedbf90bad6b93c78b114affb2a281b5, b8e709c188c16e81a6678e532bb7e25e6d9ecff9]","1","0","3d1c00af8f106f41f33ea6be749ac5d2168d3fba","93b4a077ee5cff44178991475e289ae5fb76eb5c","d7c8c0220694b55b0d6f656c4c1f83b1dd4be7a3"
"https://github.com/webjam/webjam.git","247","3","[21b3c3b6070e09714c4e74500299e16d75d18b0b, 7a068f49fedbf90bad6b93c78b114affb2a281b5, b8e709c188c16e81a6678e532bb7e25e6d9ecff9]","1","0","21b3c3b6070e09714c4e74500299e16d75d18b0b","4c4ec47ed6bbd046e9f5185d1a7f0cca70a2408f","d7c8c0220694b55b0d6f656c4c1f83b1dd4be7a3"
"https://github.com/webjam/webjam.git","248","1","[bb46e8b2d760edcc48503ffb83442acd8f62d243]","0","0","bb46e8b2d760edcc48503ffb83442acd8f62d243","b332f27dcd5518c4e17592c3034b9237ef68d838","14b55690c2808a0f791bf23ab99df19cfbd4c82e"
"https://github.com/webjam/webjam.git","249","1","[c4dcc394e885fb29ff627c83d9673b7fd127ac04]","0","0","c4dcc394e885fb29ff627c83d9673b7fd127ac04","b332f27dcd5518c4e17592c3034b9237ef68d838","24378684299ae75073f7ba365e1b292afefdcdc2"
"https://github.com/webjam/webjam.git","25","2","[e18b13d48f8beb84e28a346d246028e826d984f5, 3368693b230082b4e8af86e15b853061633dc352]","0","7","e18b13d48f8beb84e28a346d246028e826d984f5","546fdb8af88aaaa30a1e895742d02748a693e25a","0b94fb84ca520cf463f18d312305ec0c5c2831d6"
"https://github.com/webjam/webjam.git","250","7","[7caf491fb884fccda6ead66b1c3c958da61f0f5a, cf8d27f4bd555cfe60fda974b8b4aaf3e750490e, 62df4d75465f374a361883cc5bb4d2ebd9e82629, 2e8d3215ec10fd28b7e7a84b7fc86ee920e7c051, ad2ec59f2af7a8789669fa9ce1946284aa99c6e2, 736db798dd12b93a70fffe271e3e36ebc1b736fa, 75e8f752016d57c19b9a50352db26e7158282923]","17","0","7caf491fb884fccda6ead66b1c3c958da61f0f5a","c5fd793f2f3decd69cb014132ed8ad971b2d6aed","b206c0ab4a6ddfda3380dd71133d4f5920040ec5"
"https://github.com/webjam/webjam.git","251","15","[d7c8c0220694b55b0d6f656c4c1f83b1dd4be7a3, ad9a332b8de0bf780c606c4845942df07210569d, 95a1479802250b2f36e314cf5d5363724b009c77, acf993e939590edf82e57a677d13ebeb5be12842, ebe0c671af830ab8c01f71877d004627e4f3686c, 346f340d0b730c13e7a9fd01c5dec71be211bf3b, 74154ecbfd5610d628fdc5dad0627bfe355b2128, 632f2897c14ca947ba84ae731d2496dbf7bce93c, b43ed8e3b9f855575367f03e50444a8dbb97bee6, 70f56ffe9782dc9cc344e2be3daac50afdab8708, afeaa3e8f258ec0b5b656dc0661f1de2e7e781f6, 98658f7eb5c3d73bb5050fd8dcde575761276399, 2ae77ed9d215e84b78da6484754afc2cd838db43, 453d83f13649eb2f4b0d46b120bbd55fff9d973c, 04a78fe48b4f00b3567bc5de7ea7912c7a6dc205]","4","0","d7c8c0220694b55b0d6f656c4c1f83b1dd4be7a3","c5fd793f2f3decd69cb014132ed8ad971b2d6aed","843bd3195c8fb20a56d81420b794a63c8488ab7d"
"https://github.com/webjam/webjam.git","252","1","[e76edb0bfffc375ba4a35d26aa4f06ee73a1ee9e]","1","0","e76edb0bfffc375ba4a35d26aa4f06ee73a1ee9e","24378684299ae75073f7ba365e1b292afefdcdc2","cedc3460da5725cdaa576c2d4e40c8d963584134"
"https://github.com/webjam/webjam.git","254","2","[52b707aa8f86e1d63a9ff84fb30e16ddb0d3cc39, abdb4cfb5a51b884b12f9c9cbdc37bd63bb80437]","3","0","52b707aa8f86e1d63a9ff84fb30e16ddb0d3cc39","cedc3460da5725cdaa576c2d4e40c8d963584134","826e8f8fa484792983e6326a4cf27413c826fa07"
"https://github.com/webjam/webjam.git","255","3","[34c239cffe375c836b172024c89ae66130a8a396, 64da5d4ba140b0f026a43a9eacce92c171cc448a, 1a02ef8f31b474acd4fa4e39fb7d14a500577164]","7","0","34c239cffe375c836b172024c89ae66130a8a396","cef5a6ee4f48cf41e08862622e671c791c6190f5","ad2ec59f2af7a8789669fa9ce1946284aa99c6e2"
"https://github.com/webjam/webjam.git","256","1","[057464fb9af7f8b785b40c15ffba83578198fe5d]","1","0","057464fb9af7f8b785b40c15ffba83578198fe5d","12646868710256383c81506ab30e7e0341eff3b1","27bbb62f3ef9d19dcebe22856bad46d1217ed7da"
"https://github.com/webjam/webjam.git","258","2","[27bbb62f3ef9d19dcebe22856bad46d1217ed7da, 544015af2941a086b1ecac645922d456de427f7b]","3","0","27bbb62f3ef9d19dcebe22856bad46d1217ed7da","826e8f8fa484792983e6326a4cf27413c826fa07","a55a6834112128f3d2f499d8257e87a5c2c236df"
"https://github.com/webjam/webjam.git","259","1","[3e5652bc826830c85e83ed800b57beee1bf2979b]","2","0","3e5652bc826830c85e83ed800b57beee1bf2979b","bd64522a110257c6ab1182fc33bf0b240b33241b","a55a6834112128f3d2f499d8257e87a5c2c236df"
"https://github.com/webjam/webjam.git","26","3","[95803fb51b30a447dd4a14b651c688fe69f5c77f, dd8a99249de61e90c8ca32101e07f684a090195c, 4bd67db831a6a12de050192410cf8ec302d224df]","1","7","95803fb51b30a447dd4a14b651c688fe69f5c77f","546fdb8af88aaaa30a1e895742d02748a693e25a","7adf2cfbcdf1cb457eaebab78fe7da9515dbd936"
"https://github.com/webjam/webjam.git","261","1","[c6444d5dde0b4a142ce099a881beb4028bbd1712]","1","0","c6444d5dde0b4a142ce099a881beb4028bbd1712","a55a6834112128f3d2f499d8257e87a5c2c236df","26fd0fc820acc170bbd223a0a488a4a087e29251"
"https://github.com/webjam/webjam.git","262","7","[0c04d3638f3b5674d5d1ac71e7f7936c7f8af9ff, 72cfa24b5b0eae2397f8c56537d8705736929157, 26183c5f56a8a48f784a568449885b7e00d7f43b, 5eae99c6faaa9ae9b0f26c7fca4ef468a3a93c1e, 41b50f75f340c6ff189d5dca21f6adf47b03d466, 09f159a9c4b47634c13b235268798c8df1a2c400, 4f1789fabd9999691b9a30f2411859e390c41bbd]","5","0","0c04d3638f3b5674d5d1ac71e7f7936c7f8af9ff","a55a6834112128f3d2f499d8257e87a5c2c236df","094e096a5ea79f426274ab817659913f24e44c51"
"https://github.com/webjam/webjam.git","263","2","[5ec3bf5614fcc064f99c38485eb489d2ae51b27b, 482b81e26d0fff9b4fbfab74a03accbdbc176312]","2","0","5ec3bf5614fcc064f99c38485eb489d2ae51b27b","26fd0fc820acc170bbd223a0a488a4a087e29251","053f3f466070e0db2bd7a8b4bd5c6758b92be24b"
"https://github.com/webjam/webjam.git","264","2","[094e096a5ea79f426274ab817659913f24e44c51, 0ebc0bcc86539d9b97cb49bd755c05079744910b]","3","0","094e096a5ea79f426274ab817659913f24e44c51","26fd0fc820acc170bbd223a0a488a4a087e29251","053f3f466070e0db2bd7a8b4bd5c6758b92be24b"
"https://github.com/webjam/webjam.git","265","2","[7caf491fb884fccda6ead66b1c3c958da61f0f5a, cf8d27f4bd555cfe60fda974b8b4aaf3e750490e]","3","0","7caf491fb884fccda6ead66b1c3c958da61f0f5a","0485d367ae611aafadbad52649d98ba65c487efd","62df4d75465f374a361883cc5bb4d2ebd9e82629"
"https://github.com/webjam/webjam.git","266","2","[3b501882ec0ee9d80a17af3ba0e0162b2ace3c70, c05eb9d72540653b9171909ddbb5ffbd4885fd9b]","3","0","3b501882ec0ee9d80a17af3ba0e0162b2ace3c70","0485d367ae611aafadbad52649d98ba65c487efd","62df4d75465f374a361883cc5bb4d2ebd9e82629"
"https://github.com/webjam/webjam.git","267","1","[f0c44fcdbe749464b94fab7a80e7f00f18ed167a]","0","0","f0c44fcdbe749464b94fab7a80e7f00f18ed167a","843bd3195c8fb20a56d81420b794a63c8488ab7d","ae3cda6acf5847a56591902b1caace0a486ffd2c"
"https://github.com/webjam/webjam.git","268","2","[b206c0ab4a6ddfda3380dd71133d4f5920040ec5, 8e676c3696413c9466bca382ce2c1756cfb65ca4]","4","0","b206c0ab4a6ddfda3380dd71133d4f5920040ec5","843bd3195c8fb20a56d81420b794a63c8488ab7d","ae3cda6acf5847a56591902b1caace0a486ffd2c"
"https://github.com/webjam/webjam.git","269","1","[4735ee9e9dc849d970bef497913ea98ddefbe220]","0","0","4735ee9e9dc849d970bef497913ea98ddefbe220","ae3cda6acf5847a56591902b1caace0a486ffd2c","62a6c8bfee5dd8fc299bcdfae20c5a25aaa9df52"
"https://github.com/webjam/webjam.git","27","6","[3b1bb5eb5e5d2aeb053b87c37f33c2ecf3e9a639, e7e2fb5e6d72849f28ce56eea92afcee56645d31, 8782893c0623eb51d264781c2eca015008a1ce9c, 07bf3d8ec4e6ed5814c58f484676e2a6728cb10d, dd24dd82a044cdc910595d5b4b0f29634c39be5d, 9eb6afaefadfc43ab8605e2349697d5208e2b0b3]","5","1","3b1bb5eb5e5d2aeb053b87c37f33c2ecf3e9a639","0b94fb84ca520cf463f18d312305ec0c5c2831d6","442c2d6ed1ac7e2a4f3978e58ea42e27dccdb7a4"
"https://github.com/webjam/webjam.git","270","1","[62a6c8bfee5dd8fc299bcdfae20c5a25aaa9df52]","0","0","62a6c8bfee5dd8fc299bcdfae20c5a25aaa9df52","d9a8111355b9129569bc4369cfa6e23552e5b823","c36206319c05e837bbc586e529fa27fe79ca407e"
"https://github.com/webjam/webjam.git","271","1","[7107d8c568e5a8ed7ce73b7a3e091225e1346578]","0","0","7107d8c568e5a8ed7ce73b7a3e091225e1346578","2c823c78263af005dd66e9e27b33d95522b25095","019dcba3055ec0b2955f3815fde79549dc345d1d"
"https://github.com/webjam/webjam.git","272","2","[c36206319c05e837bbc586e529fa27fe79ca407e, cbf1592d8401dc1fd88c3a5f817bbabd198f66a2]","0","0","c36206319c05e837bbc586e529fa27fe79ca407e","2c823c78263af005dd66e9e27b33d95522b25095","019dcba3055ec0b2955f3815fde79549dc345d1d"
"https://github.com/webjam/webjam.git","273","5","[4fdbcfa22e95b1e8c69915d44f9492ae8a99d9ec, 2b2528ca070a3a65a2a2cd309b533809197c4f52, 9066e441dcba20c1502afe069dd5c02eb1b3f4e2, 3848fe53cbbbd3ac899a20214f64f29d49faa13f, 7921814ecc70df9269ad2f153d9b42887b2a409a]","5","0","4fdbcfa22e95b1e8c69915d44f9492ae8a99d9ec","93e6f0cf1ec5401dfdaa34a996653db532eef7b1","493a362d29d8dc0153b1f9d768526e20df87f73e"
"https://github.com/webjam/webjam.git","274","3","[792169c1f438f222415ecafb9752108bbed0074a, 56c2e62d8db5e89b16f0e8bdb6707f86705d993b, a8f143bce17efe956438a70051d6766eac0f89cb]","1","0","792169c1f438f222415ecafb9752108bbed0074a","93e6f0cf1ec5401dfdaa34a996653db532eef7b1","493a362d29d8dc0153b1f9d768526e20df87f73e"
"https://github.com/webjam/webjam.git","275","4","[17668d7605f4c34aa666a57e3a649686f287f833, a4fa90d8717128a6a45bb7d7b8b36b8014cfe088, 0c0985351542067190b7ce56d128a7d3f7d7b9be, ae3b885b43620f8861736df59e95f7fef916b941]","3","0","17668d7605f4c34aa666a57e3a649686f287f833","399222d33e5f74b89012e87d18473b1115180484","2838c8f705ce0baf4b5fe6dd24e78b3597a94393"
"https://github.com/webjam/webjam.git","276","1","[80d6924376485d7380111101a8059e3ef6940084]","0","0","80d6924376485d7380111101a8059e3ef6940084","07c40fc55a20c8c7fd51ccc6dfb7ab977112920d","66cacd81e96e964033be5bc9a67e5e3604f068b6"
"https://github.com/webjam/webjam.git","277","1","[2838c8f705ce0baf4b5fe6dd24e78b3597a94393]","1","0","2838c8f705ce0baf4b5fe6dd24e78b3597a94393","07c40fc55a20c8c7fd51ccc6dfb7ab977112920d","66cacd81e96e964033be5bc9a67e5e3604f068b6"
"https://github.com/webjam/webjam.git","278","2","[53f473f11fb3076c4f678e7fefbea8cb738c535c, aaa483e349382232a82a34122f2c23b37a1d171a]","2","0","53f473f11fb3076c4f678e7fefbea8cb738c535c","66cacd81e96e964033be5bc9a67e5e3604f068b6","adf32efe48781c47d71f7fdef0847bd01b4f5270"
"https://github.com/webjam/webjam.git","279","1","[3345203609957b6f7ee33eb582678b6038390782]","0","0","3345203609957b6f7ee33eb582678b6038390782","910fef46ef822e72d8ba2fab723646b92c04c144","f198c2ba9297daf771d41db95a1305177d619c08"
"https://github.com/webjam/webjam.git","28","10","[7adf2cfbcdf1cb457eaebab78fe7da9515dbd936, 7135b883b8e22cd8e20c326e87e3abddc8cdfaf3, 689f6a85995e45d480872f27ab27bf44f8b6928e, 6e095570a1140f00d4561c5b2a0681c77bf87850, 17b50b9eda60831e590a8b2e6064f01666fde85f, bb2b15ffd15c656932721b3f1c11a04b522ca394, ab4839e43c0945bbbfa039b0986808fe59512f54, bb6400ff331507629611f0ccb102171ca1ea3ee5, 8d57a180bb2c1897ca28410693a5021f62e802e4, a2e43d764d47b31e8339b205fa4e83fcc03e1481]","6","1","7adf2cfbcdf1cb457eaebab78fe7da9515dbd936","0b94fb84ca520cf463f18d312305ec0c5c2831d6","442c2d6ed1ac7e2a4f3978e58ea42e27dccdb7a4"
"https://github.com/webjam/webjam.git","280","4","[adf32efe48781c47d71f7fdef0847bd01b4f5270, 89fcb49a100288ce800938a4271b7774099ffb01, 211e7596eaaada2a73e66102510b94f3ac6ea028, 8e9d3ecd40ed3a11467d2b29fdd8466f73a72301]","1","0","adf32efe48781c47d71f7fdef0847bd01b4f5270","910fef46ef822e72d8ba2fab723646b92c04c144","425d819ff99f84ac7cba2e1a35691a7d921140c0"
"https://github.com/webjam/webjam.git","281","1","[62e937bb685ae4d5c7d4413cbfa3949c93e4d6d3]","1","0","62e937bb685ae4d5c7d4413cbfa3949c93e4d6d3","425d819ff99f84ac7cba2e1a35691a7d921140c0","74bc1d86136761b590f3007741c11ad0f7106275"
"https://github.com/webjam/webjam.git","282","2","[f198c2ba9297daf771d41db95a1305177d619c08, 6eb5d4b3875863af471413b5991b831e3ea36e74]","8","0","f198c2ba9297daf771d41db95a1305177d619c08","425d819ff99f84ac7cba2e1a35691a7d921140c0","74bc1d86136761b590f3007741c11ad0f7106275"
"https://github.com/webjam/webjam.git","283","2","[68945b4c32e2be5e75c93a535da3e53b37957a13, 9c3122a4034cae9ae8b8666c6bf1e6152c1f2fda]","6","0","68945b4c32e2be5e75c93a535da3e53b37957a13","5f35b17962522de65885ae68d149029e0ecf06b8","3ac2bd2f826b7ba25fd7a111040a2cc0837df3f3"
"https://github.com/webjam/webjam.git","284","5","[b205554f18fb0c74fbfd0226fc16c73a4bb647e4, fb69b055dfaa97bc56282964ca282899cd45ab90, 4f2add000c8e7a3601359a6bc0a2be44b0cb4359, 9f109753351150376409ac469e3390a98bf9acb8, 39e2d5521366e2973b4a2582a2a2fa62b775feea]","6","0","b205554f18fb0c74fbfd0226fc16c73a4bb647e4","5f35b17962522de65885ae68d149029e0ecf06b8","d2d3738f838291f869edb7bedebe968772e93c3b"
"https://github.com/webjam/webjam.git","285","1","[b4f70746175af469f6ef01d1c45f25afa3bc6a6c]","0","0","b4f70746175af469f6ef01d1c45f25afa3bc6a6c","d2d3738f838291f869edb7bedebe968772e93c3b","310f6a846cd428f4da2fe007f3fb8eeffc30169c"
"https://github.com/webjam/webjam.git","286","4","[3ac2bd2f826b7ba25fd7a111040a2cc0837df3f3, 025035f9f0b4b18913fdec4ceba657c9b01da1dc, cb8574ec0046b63da6bb7cb73686f1623a75a2b4, 9fb0df124ae6ec55a19a94cedea2edd40b203321]","5","0","3ac2bd2f826b7ba25fd7a111040a2cc0837df3f3","d2d3738f838291f869edb7bedebe968772e93c3b","8e0d33255b2573e9fb93208e2ab89571b2ca778a"
"https://github.com/webjam/webjam.git","287","1","[e3252bf698da81a783ba2382f8acc782edd4698a]","1","0","e3252bf698da81a783ba2382f8acc782edd4698a","8e0d33255b2573e9fb93208e2ab89571b2ca778a","e524719811d616a0411c3a78e7a36b291cdf05df"
"https://github.com/webjam/webjam.git","288","3","[310f6a846cd428f4da2fe007f3fb8eeffc30169c, 68956a2f27609aef4f8c2c00830c8c41b46cc7e1, 940dc1fdbb0dda1bbc4b255ef67a927d3088a76b]","8","0","310f6a846cd428f4da2fe007f3fb8eeffc30169c","8e0d33255b2573e9fb93208e2ab89571b2ca778a","09205d71184d3d2b41cc83bcd13984529e85e20a"
"https://github.com/webjam/webjam.git","289","1","[9706ba9e26bef6058e10d41f76c959377b19f1d2]","4","0","9706ba9e26bef6058e10d41f76c959377b19f1d2","09205d71184d3d2b41cc83bcd13984529e85e20a","2ef7e67e3f8de4d86a310cb3ae810ec461f65a9e"
"https://github.com/webjam/webjam.git","29","1","[827dfeea34fb9eb07c5b80213d87da35164f7bd9]","1","0","827dfeea34fb9eb07c5b80213d87da35164f7bd9","4149515654ee5b9e48f15293f20311f8d73382ac","43a2d9f1795a40ab048068cd27e65f09b77048fe"
"https://github.com/webjam/webjam.git","290","1","[e524719811d616a0411c3a78e7a36b291cdf05df]","1","0","e524719811d616a0411c3a78e7a36b291cdf05df","09205d71184d3d2b41cc83bcd13984529e85e20a","2ef7e67e3f8de4d86a310cb3ae810ec461f65a9e"
"https://github.com/webjam/webjam.git","291","1","[21aa496ed0016c1db0ca2420648f53361a6c29e6]","2","0","21aa496ed0016c1db0ca2420648f53361a6c29e6","0492fefd04bad4202817c929626815ea4773313e","ad221be7271daa9e17e5ef25a2c260604037f037"
"https://github.com/webjam/webjam.git","292","2","[0f1ea4d6892ca14592b79c06e46ddf865cc5a4f6, 3b449be32951661bee4652c61ecac8c0e1f2ccd0]","4","0","0f1ea4d6892ca14592b79c06e46ddf865cc5a4f6","0492fefd04bad4202817c929626815ea4773313e","ad221be7271daa9e17e5ef25a2c260604037f037"
"https://github.com/webjam/webjam.git","293","1","[86cc30efc146bc2cbf167e65db87b17e1b38482d]","12","0","86cc30efc146bc2cbf167e65db87b17e1b38482d","a4a1bbf2c3bec9e18d7c60716d24e7cf22ad4b1f","e7b0e521f54200b08b601a89934f8fad03d68162"
"https://github.com/webjam/webjam.git","294","1","[dab335deb17733fa4211e7c7fa791d5867e1204d]","1","0","dab335deb17733fa4211e7c7fa791d5867e1204d","a4a1bbf2c3bec9e18d7c60716d24e7cf22ad4b1f","e7b0e521f54200b08b601a89934f8fad03d68162"
"https://github.com/webjam/webjam.git","3","3","[12504143325210b67ff642d00380ede5c70a3fd3, a85e5f2d41f7f7cbeede667668f03519bfabb695, 619921399abc57fb271b5eb667622e49e697c3ab]","2","0","12504143325210b67ff642d00380ede5c70a3fd3","54e0297d01da848cf670e2af7dd268a9b0a488cc","c8291342f6e22ad89c313721d8420fcbfe319be8"
"https://github.com/webjam/webjam.git","30","1","[4785b13a6d0df167b3343bc198a67f2909d998be]","3","0","4785b13a6d0df167b3343bc198a67f2909d998be","4149515654ee5b9e48f15293f20311f8d73382ac","43a2d9f1795a40ab048068cd27e65f09b77048fe"
"https://github.com/webjam/webjam.git","31","2","[e0b218fe01cd464d070f8ec53a9bea034fe4ac36, 8791c2a3a0d620aa62351b56794e83455b56c6d9]","1","0","e0b218fe01cd464d070f8ec53a9bea034fe4ac36","35d322f9407b35b576d0dd34b5b9e5e0351994fe","8a0e62c8e686601578c5ac40131f7953fd6c0107"
"https://github.com/webjam/webjam.git","32","5","[d5693e2f6c165ccdbcc7cf1a9b76b77a5a0938be, ae200d938e8fa715ea353591e79a274e4f67bc70, 78231cf1b5751302ba379b24ad64aa1ff7c03726, 7a41daa4de21a94770114e5e4bff8239133fc7c8, 64be6b483ba4a52c3b6db2520cab82eba9504255]","3","0","d5693e2f6c165ccdbcc7cf1a9b76b77a5a0938be","43a2d9f1795a40ab048068cd27e65f09b77048fe","8a0e62c8e686601578c5ac40131f7953fd6c0107"
"https://github.com/webjam/webjam.git","33","2","[e6f6ec27887cb14c00f9a098d0f055d27da3b9d6, 8dfb9ff14d399d2bcfcfee9cc25855b716c4213b]","1","0","e6f6ec27887cb14c00f9a098d0f055d27da3b9d6","43a2d9f1795a40ab048068cd27e65f09b77048fe","b90d8a81af863a2c5a4922a01f3fbac59f040f34"
"https://github.com/webjam/webjam.git","34","2","[b90d8a81af863a2c5a4922a01f3fbac59f040f34, c9ce0c6d5121482d34d8be8cf92efe74bb458967]","3","0","b90d8a81af863a2c5a4922a01f3fbac59f040f34","8a0e62c8e686601578c5ac40131f7953fd6c0107","6ee45261df9bdaf576eb730d51aeb6d05e433ae0"
"https://github.com/webjam/webjam.git","35","1","[6ee45261df9bdaf576eb730d51aeb6d05e433ae0]","0","0","6ee45261df9bdaf576eb730d51aeb6d05e433ae0","8c582863d1955da4362647e7e37609dd88b1cefa","73f1f28e70c5a4ba92d7be389c208ccf0aeb25f1"
"https://github.com/webjam/webjam.git","36","1","[73f1f28e70c5a4ba92d7be389c208ccf0aeb25f1]","1","0","73f1f28e70c5a4ba92d7be389c208ccf0aeb25f1","970d38ce8a144d6667e7e6b5a152fdfd91a42a48","f8021d175cb9375f399cee25037d48b76914e590"
"https://github.com/webjam/webjam.git","37","2","[fc52035d79d1ad7c152f2b858c262fd1a33935c8, 57fd9355c62a77ae47fd14b497f42a8a538a0838]","1","0","fc52035d79d1ad7c152f2b858c262fd1a33935c8","28d8d376c6c691254aa04f8ef2f040b81fa687d9","a81b1584eaf67f03b2e0af5e0b4bac31f701812f"
"https://github.com/webjam/webjam.git","38","11","[f8021d175cb9375f399cee25037d48b76914e590, 3ce32680a4d6ce954849d32074f4a19bf63c4e3e, 3a1c465ce1457d4130a1b48844fbda525667ea57, 5e360cc5d8bef5eb1c238baf4b41030e770ee318, 68ce3d12c3d7cd902fdfe2206e8cc3507354bd72, 864b4a77ab99be923541b28faf9f109b5ce3fde2, 8b51bf2ee88bf2efc5d9f5be546e72fee2c332a1, 1fc3b8a9e16488e80884bc2c510d08fe54bef4ce, c9a22c9a13cb1146eceab9aa417502dc5a485e6e, 9790ca5a0a4b3e62bc0cdb5b25f3964d859186bd, 913a584e493183eddb5f62367e9f5b4a9657de81]","9","0","f8021d175cb9375f399cee25037d48b76914e590","28d8d376c6c691254aa04f8ef2f040b81fa687d9","df64b7d9f6b1b55211c0a9559e6e2ca75c58fd18"
"https://github.com/webjam/webjam.git","39","18","[808ea91aa09eff8b32a103dec22a387daeb6c902, 82c4e3f5e710c41ae3f3bcd103edacbe6998f597, 0d68ac38e1fe1d94afcbd18d3af93202acdb260a, cb8dd6473cbd91c3123e863a92f214b5b0510d82, 121ab7728b61c12ff50016ad8f0f640754fbd0c6, 6eb37f52080edecd64977679bc556536c5a16b52, 47c64608d42ef6d47367114fb6f47f9b78f4c766, 5b85771f9f7a335c57fd371b66c2e59d40ea2a3b, ccec4ba5c023271bf981a5f54a1996c341342cf7, 93e2590a608b5064a9ecbe01c9de23d9c47ea790, 7f63b835b272fad9deffa2a4151bfc99ab4fe003, 4d0ec64e5b16fc7f1be309be15c0109e25bdfdbe, 8aeb594596634c988155e7309801a6cda5825ace, e9a8953f541227e8d7c404ea287517e649491a6f, 499ea681b2ca819dff5da6934251cbc3dd584c35, 4dbdf7e365e9082c866d2eeaaf0f9c507299fc16, 4fc6d81ed96f93c44035604a2258a0bd6d74ca8c, e23f32b87cae32761248c3ee302744dc11fae003]","14","0","808ea91aa09eff8b32a103dec22a387daeb6c902","a81b1584eaf67f03b2e0af5e0b4bac31f701812f","45825ab84f372d6dec1521f3f904ddca0e40d2f0"
"https://github.com/webjam/webjam.git","4","2","[c8291342f6e22ad89c313721d8420fcbfe319be8, 43d3474efa7876ab9a7e7fb8ff1d6b60a0701ec4]","2","0","c8291342f6e22ad89c313721d8420fcbfe319be8","4fa6b1cc7cd1655470c959231021dcd852960d47","3ed377b89ac2f4bb2eb9414296ad22945b6e1d9c"
"https://github.com/webjam/webjam.git","40","4","[df64b7d9f6b1b55211c0a9559e6e2ca75c58fd18, b1e4a5f2be91699956089de5153c8aef4b4c2a60, 56d120b6090dcdf33f168ee9ebe256c542110b59, 7b57a4c6f0eccba6715dd1b4d491a9a34c533f3d]","1","0","df64b7d9f6b1b55211c0a9559e6e2ca75c58fd18","a81b1584eaf67f03b2e0af5e0b4bac31f701812f","3579fcd58a8974d4dcdeb7f373df8eca1d7fbc3b"
"https://github.com/webjam/webjam.git","41","1","[754b23bda54da07cfdd2abf33033b11c7b8ae539]","2","0","754b23bda54da07cfdd2abf33033b11c7b8ae539","3579fcd58a8974d4dcdeb7f373df8eca1d7fbc3b","28e0e797398f63c6b614dfb6cca6e1398202313a"
"https://github.com/webjam/webjam.git","42","1","[28e0e797398f63c6b614dfb6cca6e1398202313a]","3","0","28e0e797398f63c6b614dfb6cca6e1398202313a","c98615c0bc8f6ba5ee32b4a7d19224b580048070","a29aa9f34d99e2b823a99c000612ae2dd7d92157"
"https://github.com/webjam/webjam.git","43","3","[1d82d97591e8fcfe65dd7e9a6ba64b3e8bf19d88, 44714e6c1baa162da5911d3aaf217025219acf9c, 82c3f799511b9c898cccd6c3a9a90d763d1415fc]","3","0","1d82d97591e8fcfe65dd7e9a6ba64b3e8bf19d88","73b6a778609f98405835d8799d2d94b90f9000ff","afc02a44addb71da48d32e233c7f4459a71dfe63"
"https://github.com/webjam/webjam.git","44","3","[a29aa9f34d99e2b823a99c000612ae2dd7d92157, 0e48b4c4b9879dc284500ee6f257de1b60e01658, 3ecec5fe73ac662cb1b818bcd9efde3135cd56b2]","1","0","a29aa9f34d99e2b823a99c000612ae2dd7d92157","73b6a778609f98405835d8799d2d94b90f9000ff","afc02a44addb71da48d32e233c7f4459a71dfe63"
"https://github.com/webjam/webjam.git","45","1","[5efdf7cc4248a70fa051938952f74e0a0d8f6ba6]","0","0","5efdf7cc4248a70fa051938952f74e0a0d8f6ba6","b140c2d46f8e2bed540c389791bb2dd54fe469db","2928f80dc38473dcabeb6b2627617a8609dfda19"
"https://github.com/webjam/webjam.git","46","1","[955ed61fadda149adbd3afc04ca40cf6754e3498]","3","1","955ed61fadda149adbd3afc04ca40cf6754e3498","8632ea32b6f56e2ab763c8f1fa4ef1a540856d3f","1ae6598430638dd3cfe5d2d527068dd72b713116"
"https://github.com/webjam/webjam.git","47","2","[1ae6598430638dd3cfe5d2d527068dd72b713116, c7de24e40ba3fa85d5e8303e4781ff771569048b]","1","0","1ae6598430638dd3cfe5d2d527068dd72b713116","2928f80dc38473dcabeb6b2627617a8609dfda19","2a1cce1247a9ac125007d2db5d49eb6b2cd653c5"
"https://github.com/webjam/webjam.git","48","9","[45825ab84f372d6dec1521f3f904ddca0e40d2f0, 333a41cd313c8edb5d8f956f30b4f945039d78a7, bc17728150a3fb572fc9d0a12c02f3d57caf080f, eb846706eb32a3af2d86b58c34701dfd694f1491, ce7b2d4dde7484463fe35476e267cf98dc8f219f, 0eed739291cc88a0c96bafc230f27b445da53c0e, 600a773740da6d609971919f43080cd415c93fb7, 866b1a68ca4c4bbf355bfd74f938d533ec5dfa31, 2449a9eba24446c4c9f80b8a14065487fdaeec21]","5","0","45825ab84f372d6dec1521f3f904ddca0e40d2f0","34dd8ab14b50ea766751da4d54aa64cf3b5f89cd","58be822c0bc2b2e9742a2694eaef0e585be91277"
"https://github.com/webjam/webjam.git","49","1","[1a58d992edca5a4cecf0dfcb07e832af9db27396]","3","0","1a58d992edca5a4cecf0dfcb07e832af9db27396","2a1cce1247a9ac125007d2db5d49eb6b2cd653c5","2503a2ef27cea505d67bd65df27201c21b2f2165"
"https://github.com/webjam/webjam.git","5","1","[3ed377b89ac2f4bb2eb9414296ad22945b6e1d9c]","1","0","3ed377b89ac2f4bb2eb9414296ad22945b6e1d9c","5df0e2fdd8bdec20ed21896d137123b45ccdd5f6","9efe8d11a32a69ff9c609a46757896bb8619a139"
"https://github.com/webjam/webjam.git","50","1","[5932993db1d8e51d8548a42b7245dc3935bd5ba9]","2","0","5932993db1d8e51d8548a42b7245dc3935bd5ba9","2a1cce1247a9ac125007d2db5d49eb6b2cd653c5","2503a2ef27cea505d67bd65df27201c21b2f2165"
"https://github.com/webjam/webjam.git","51","1","[58be822c0bc2b2e9742a2694eaef0e585be91277]","0","0","58be822c0bc2b2e9742a2694eaef0e585be91277","8979c9718e2c6c41464e9f80237472c15ec6b7e1","0a4afb389f5fdf0c2666bc811e9194e0d3627fc5"
"https://github.com/webjam/webjam.git","52","2","[844ec9f6f331b83cff39d78be781ced5bfea0eb4, ba0aec1e874c108f1a0ac6015cefbab08597ae3f]","2","0","844ec9f6f331b83cff39d78be781ced5bfea0eb4","8979c9718e2c6c41464e9f80237472c15ec6b7e1","dd8d38877245487b0d409f7ea0a10c6e6a1759a3"
"https://github.com/webjam/webjam.git","53","1","[d7fd9849ded06d7b97d1f2692219a24d240c7fe2]","0","0","d7fd9849ded06d7b97d1f2692219a24d240c7fe2","0a4afb389f5fdf0c2666bc811e9194e0d3627fc5","e8bdf318387a49ba4a99ea75300bf3923d426f71"
"https://github.com/webjam/webjam.git","54","1","[e8bdf318387a49ba4a99ea75300bf3923d426f71]","0","0","e8bdf318387a49ba4a99ea75300bf3923d426f71","6dc306388465697d259c28a9b6693511511d0fb9","6023cba566ed16ca9805918298a4836eff02eade"
"https://github.com/webjam/webjam.git","55","1","[6023cba566ed16ca9805918298a4836eff02eade]","1","0","6023cba566ed16ca9805918298a4836eff02eade","6ac44b4d9f3f4ede539fc9332bec404a9d2f0c00","5ae71e6809e123bdc6a571df9b7856e3a1904609"
"https://github.com/webjam/webjam.git","56","1","[5ae71e6809e123bdc6a571df9b7856e3a1904609]","2","0","5ae71e6809e123bdc6a571df9b7856e3a1904609","0def08d717873b6228bfdb1a386cd43bff021b9d","9835686a8fe7215b428f2f9131c431c8250cd3c4"
"https://github.com/webjam/webjam.git","57","1","[87a0095d3b6fdde3add3bd7768eaaaa2c932ed2e]","1","0","87a0095d3b6fdde3add3bd7768eaaaa2c932ed2e","0def08d717873b6228bfdb1a386cd43bff021b9d","9835686a8fe7215b428f2f9131c431c8250cd3c4"
"https://github.com/webjam/webjam.git","58","2","[5cbc2700b3b8f792d113e5a4d6de6416d6f60a6e, 22b60117044a82fba89ec0f714560bcbfbf85e5b]","0","0","5cbc2700b3b8f792d113e5a4d6de6416d6f60a6e","5e3ee3fe208bf2b2747f5c4451c587d05cc07c07","eaae68f5a823fd5331e46bf2551a03ca42386225"
"https://github.com/webjam/webjam.git","59","1","[9b64a06e6730125f6de53f52db0cfb9fa0468501]","0","0","9b64a06e6730125f6de53f52db0cfb9fa0468501","5e3ee3fe208bf2b2747f5c4451c587d05cc07c07","52a58d6fb3325cbc4011d1b9b89ac7d57e47e93c"
"https://github.com/webjam/webjam.git","6","1","[9efe8d11a32a69ff9c609a46757896bb8619a139]","1","0","9efe8d11a32a69ff9c609a46757896bb8619a139","5b374485785390b0a9c7a92ec29b993909371f47","9af1ce97798d531ab51987ac9efd0ba5d56762d5"
"https://github.com/webjam/webjam.git","60","1","[1345d933a757a0272bef8240c897e2ac86936b89]","1","0","1345d933a757a0272bef8240c897e2ac86936b89","52a58d6fb3325cbc4011d1b9b89ac7d57e47e93c","92c624f986149579ce653499de3011c61f96754a"
"https://github.com/webjam/webjam.git","61","1","[61d7f3108f14922b749768cc8695e5241f149d35]","8","0","61d7f3108f14922b749768cc8695e5241f149d35","bc6ef7a59758e8ea040ecd920b056525fc131f6e","1ef8cf19ec85f1a09ec633dae0eba7eadb696f19"
"https://github.com/webjam/webjam.git","62","1","[92c624f986149579ce653499de3011c61f96754a]","1","0","92c624f986149579ce653499de3011c61f96754a","bc6ef7a59758e8ea040ecd920b056525fc131f6e","1ef8cf19ec85f1a09ec633dae0eba7eadb696f19"
"https://github.com/webjam/webjam.git","63","1","[cde95dc0b42c344e8f2dfe2f6d3e4e957a1fcd96]","3","0","cde95dc0b42c344e8f2dfe2f6d3e4e957a1fcd96","85831495477de3a3e52a5b36cb057be22d8405c6","6b732123008aedaae4c40d792dbd0865388b6166"
"https://github.com/webjam/webjam.git","64","3","[6b732123008aedaae4c40d792dbd0865388b6166, 042651a2f500759d0d05d7e40b5db8ad8222ed0d, fb64c7dbd0813b3934f9b4ac9d4c92a4172897cb]","3","0","6b732123008aedaae4c40d792dbd0865388b6166","f49ee55fece73c07c1cdb2a19206e2baa13c0a6a","dd8d38877245487b0d409f7ea0a10c6e6a1759a3"
"https://github.com/webjam/webjam.git","65","30","[17fd19bcdd32d6575c22567eb3e0c3f5b3eb8f24, ab7cda8ec52d3d463234ece99492fe9edb549134, a536bfebe8cbb10b8adae5bad528af52eeec0a69, a7d21e7673719a72b4ee1334332f05cbe787df2b, 22696d5974268ad59a5dfaafa75d8cef859a7787, 3e4d7229d6d3b2d6976746e798ad904aac68aaa6, 8f7632832b0205df6010688aafd908f05bab5da9, 5f19fabaf05980fe3c692a10a60c76bdd9a226d2, 15cea4bb095c87bbf3098e9b53d450cb27ac39fd, dd0e32a5206ee4eac8bb682f06eda3256c3a2c6b, d7b1e1f857b4bca13e3e0c37467f4d6b9a0a5f9e, 74cb7a95e800bf36832d4332f86f8165f120f61d, c410b8f7d34b83cc13010310825b34fab9301baa, 9d0859dc6ee2cfb954e042cad94edc2ec01b6e31, 31c895d190cbb9b01514783fe85ba229d486960d, 13267de8248f63905031e470831e754e9a3773ac, effa3a270a22ab5791533099dd0a5ac8193fbfca, 86eb05fb8f5aa701de683e416b86ccc31e57db5a, acc7f9a43f5065e8d6eb85764752a93c6618cb21, 150c480568bb3e2b60282450f5a7ed567faf6f1e, 2eb851a2dd9da2e61b42b56d96e06d6859c510ea, 68ff065ffe9d769c5f24dbd1bd5feea779f91775, b970450c916092714b592f29ab0b6ae25a8b1569, 398e88c6683efa10b668691528e94854f98fabe9, 29eeed71cbfaddf4fd69cede2e2164b78ee1e9d5, f2905c6d499629bb2dade0134533fd83e6e3f3e0, 7a442002127940014f9a3817c48ed6787de35ab5, d79f619f87e3994123c188f06406325d76019209, b7c175ee474d4f804ee6dac25857c6b26ebb8bc9, ee5869bd59b7be5054cbf3d241544e12fcfd47cb]","15","0","17fd19bcdd32d6575c22567eb3e0c3f5b3eb8f24","394767575cf8097e82d49a56aaa6880a4ca95bfa","9f42606943586c8031cd00a323cddce65baaf106"
"https://github.com/webjam/webjam.git","66","12","[dd8d38877245487b0d409f7ea0a10c6e6a1759a3, 6045ca4ba00d72726a3b6b2a04e6b460d53d7057, 8b7f98461c847afdfec38a393cf4b7dacaf20a0c, 70c0aef83adb46753319cc9dbf0e0e7136d3536e, abafed2463473a3f29c24cf73b3e67ad4c7bbaea, 3bd8e3b9a520a1644696c2face26332d8b8e33b2, 2dbf14910634ed3e76341cbace6c2329ce691e9e, ee3b3124574ef0a619d150c90f223207c5acb03d, 3e903cec9c126f841e9b9170a51de69263fb919c, c1c7b1463ced0cba035c90d0c0e017299dd61b05, 02840ef2dbeeeae6f5e0ed49a09f10494d870988, 5494776c30b6657cb5bffa0bc79719e7700bb3ea]","5","0","dd8d38877245487b0d409f7ea0a10c6e6a1759a3","394767575cf8097e82d49a56aaa6880a4ca95bfa","be9e0b25679480759db6756e6f61014d2f252b33"
"https://github.com/webjam/webjam.git","67","1","[b68af2c8a19be586e514b64206e599500657db9d]","0","0","b68af2c8a19be586e514b64206e599500657db9d","be9e0b25679480759db6756e6f61014d2f252b33","9053c4a121355649e342a3f44184b4be6667fabb"
"https://github.com/webjam/webjam.git","68","2","[0fc9fdb6ad293114c8741d9efdb0ce63079ce018, b36dba1bc40fed5457b2bd98874fcf18ed700b57]","3","0","0fc9fdb6ad293114c8741d9efdb0ce63079ce018","be9e0b25679480759db6756e6f61014d2f252b33","9053c4a121355649e342a3f44184b4be6667fabb"
"https://github.com/webjam/webjam.git","69","1","[c752357cb9e6ddd036b039cf0aecdb3f63c40180]","1","0","c752357cb9e6ddd036b039cf0aecdb3f63c40180","e3e00336c70ee9f75aea81147619630133eb5370","5d5a59fb7d370a544f9526cef9dfb14e0628e5d0"
"https://github.com/webjam/webjam.git","7","1","[9af1ce97798d531ab51987ac9efd0ba5d56762d5]","0","0","9af1ce97798d531ab51987ac9efd0ba5d56762d5","9fbaac85823ff9cd648e7fde7300c2c8833e95c6","d6b11f21ffabd224d26830c5b34839864d990c11"
"https://github.com/webjam/webjam.git","70","3","[5d5a59fb7d370a544f9526cef9dfb14e0628e5d0, f0fb50c55e1db5fad3f5e9f67a62b8f71854e4b0, 3d0a047b6a116a9fd2d82d88e7399e35bc9f265c]","5","0","5d5a59fb7d370a544f9526cef9dfb14e0628e5d0","99df8d48ac9f827bf32b290c34785dda53461916","9b4eae0074fc086e0353ba133c566d9270ca5019"
"https://github.com/webjam/webjam.git","71","1","[d3891f69990f90b90f0e96c070a250bbbf2efa9d]","1","0","d3891f69990f90b90f0e96c070a250bbbf2efa9d","5059231f6d200a962f111bbcaee1fed3cef6169c","4879bdbece39733e31e722c4be972928f57b654c"
"https://github.com/webjam/webjam.git","72","4","[9b4eae0074fc086e0353ba133c566d9270ca5019, d97702f4306a99ee55d72d4b62f21692771868ac, e528fa76b774db98b524893abb5398e391fa61ba, d1a28a770c44dc385a0a8e7eb163be27a74d15d8]","3","0","9b4eae0074fc086e0353ba133c566d9270ca5019","5059231f6d200a962f111bbcaee1fed3cef6169c","4879bdbece39733e31e722c4be972928f57b654c"
"https://github.com/webjam/webjam.git","73","7","[595368c54db05c4b219007f9131103e4f0062ac3, 4bb040219dbdabdf00567eb34c4c42483eb185ee, f7a84da19515afcfc97c4429755ce3cd1067b487, 38ce12ff96c6a13a4e824c7132bbcf24745bfe4b, e6e2faa430fd7e8883c4a630215a4c2a8fd685da, bc31a239064b94ff1f336cc72b1332a4adaa793f, 4e3a781852edbc3f2b76177fbac083b560948540]","10","0","595368c54db05c4b219007f9131103e4f0062ac3","9f42606943586c8031cd00a323cddce65baaf106","bbf1868a3fc6d919a2a58548e57d12f4723a31d7"
"https://github.com/webjam/webjam.git","74","10","[7b218082694a42a522456417c06c4ee9c39104ca, e222b24d0f5cb0450aa3250709da4606bb916867, c611440a0e8a514ead0c39689ad1c5e5921bc598, 682600cc7696ed483eedd1d1df5c7c03d99caf21, 69e82631cc8316dfa875e17a14477be5f163d134, a3d79bc84e417d53ca8ac7e898de913e0c1bc454, 35d18f6a1c6fe52a41ca7fe7c1e46c59035f3960, 0a00ef54927eb90e8e149afdd555e0016307ac89, 5ed582bd33337d83d482cce7a640fc72e560cbf9, 78954cf69e7513fc4ac8f5f544123496b03e1b8a]","13","0","7b218082694a42a522456417c06c4ee9c39104ca","9f42606943586c8031cd00a323cddce65baaf106","bbf1868a3fc6d919a2a58548e57d12f4723a31d7"
"https://github.com/webjam/webjam.git","75","1","[c38275dd58ad4a3aa9bf10ed6a8b249e746142ec]","1","0","c38275dd58ad4a3aa9bf10ed6a8b249e746142ec","fe5e9962085ade2e8231165c308e7214952b389c","08364c9ed52c0fbd1be88f5f5fc9e5c457504fb5"
"https://github.com/webjam/webjam.git","76","1","[0f8adba5efb47b6f5273d9c34fec0df6915b57e9]","1","0","0f8adba5efb47b6f5273d9c34fec0df6915b57e9","fe5e9962085ade2e8231165c308e7214952b389c","08364c9ed52c0fbd1be88f5f5fc9e5c457504fb5"
"https://github.com/webjam/webjam.git","77","1","[1e828b71125beedd6d739ac96f7dbc213a13181d]","2","0","1e828b71125beedd6d739ac96f7dbc213a13181d","08364c9ed52c0fbd1be88f5f5fc9e5c457504fb5","3a6fba88960435dff5b250a52b5f188027841e35"
"https://github.com/webjam/webjam.git","78","1","[c8adce95a6260baa26f6ba56322922d4e69930a3]","0","0","c8adce95a6260baa26f6ba56322922d4e69930a3","f91ef6f32ef6e7b9ce3bbca8e2dedca88524b2be","462731149cb996a52eaa75825040c4594ef84101"
"https://github.com/webjam/webjam.git","79","1","[3a6fba88960435dff5b250a52b5f188027841e35]","1","0","3a6fba88960435dff5b250a52b5f188027841e35","f91ef6f32ef6e7b9ce3bbca8e2dedca88524b2be","e88e50080ce2c4894b4a6f5b5726c6e23d1fd33c"
"https://github.com/webjam/webjam.git","8","1","[d6b11f21ffabd224d26830c5b34839864d990c11]","1","0","d6b11f21ffabd224d26830c5b34839864d990c11","8e8b4d7e90ce3bf3765a90e5ed018fa6ec25e186","4022049f68bb22f4870fc1ae55f9318afd93ba76"
"https://github.com/webjam/webjam.git","80","13","[ec2167e80d768e7f1fcee7f3d7bed5d545694be6, 5da11a767210dd6379a17d97cd40ddf4d5efcbb5, c9f73d97472323fa55e44398d5166b2e1123e1d2, 7b218082694a42a522456417c06c4ee9c39104ca, e222b24d0f5cb0450aa3250709da4606bb916867, c611440a0e8a514ead0c39689ad1c5e5921bc598, 682600cc7696ed483eedd1d1df5c7c03d99caf21, 69e82631cc8316dfa875e17a14477be5f163d134, a3d79bc84e417d53ca8ac7e898de913e0c1bc454, 35d18f6a1c6fe52a41ca7fe7c1e46c59035f3960, 0a00ef54927eb90e8e149afdd555e0016307ac89, 5ed582bd33337d83d482cce7a640fc72e560cbf9, 78954cf69e7513fc4ac8f5f544123496b03e1b8a]","15","0","ec2167e80d768e7f1fcee7f3d7bed5d545694be6","462731149cb996a52eaa75825040c4594ef84101","bbf1868a3fc6d919a2a58548e57d12f4723a31d7"
"https://github.com/webjam/webjam.git","81","3","[c66a017c132eccdd9a72020c3380fb7e11acfdf3, 1bb503e47bf9db1f3ad7b2c3ca1a21c7d00ba5ad, 2df00043bf41159ccff30193341426fd1be8acdd]","2","0","c66a017c132eccdd9a72020c3380fb7e11acfdf3","462731149cb996a52eaa75825040c4594ef84101","bbf1868a3fc6d919a2a58548e57d12f4723a31d7"
"https://github.com/webjam/webjam.git","82","16","[7cf8b8731afb88d6e20d98335edc4c0c24cfe1e1, 5224c18409a480918828cc591cd25e13959ae385, c9b88161ff7f4ff012dec8523c54207426e0f363, ef7a5b915513eb8fc55b48e8ac37449d8791d766, ea04a273e3bb8ce4e781f4b7038804f2d730aedc, 51367f489ed479bdc7a2f12e6dc2528cad5f4750, a952911aefe1bf31c9a45cc7fd9eb18f43615cd0, aa06251aacac8f9c7f166c3e43f04ae51c486a8b, 3089e255804884fcfb1ccc87dd2c337645baed95, d8bbf03b6f36f416decf29a6034df170bc46dfc0, 87878233d51a317964830cbeba4bf29d5fe8fd79, 888764af852d5757d0b6c843e03e554d81739784, 7d4a2fd20ad1e566d1053fb833bff95d7c3250d8, 34c4eb44bc6e650fbe680c4380a4bf08395c5edf, 4c8e83d1bff6860aa2a7b56674441d59db831e3a, cbe252ee75e98ed141b6d5d4cba3c7c803b5fc6e]","16","0","7cf8b8731afb88d6e20d98335edc4c0c24cfe1e1","e88e50080ce2c4894b4a6f5b5726c6e23d1fd33c","9cfb06f24efd8f71ae77f392b787064e4a46ac37"
"https://github.com/webjam/webjam.git","84","2","[fd114945a1dc4d7c94d28a05728d03125d72377e, b26c7e89ec097121238b7c309f4fb6e08f527628]","1","0","fd114945a1dc4d7c94d28a05728d03125d72377e","bbf1868a3fc6d919a2a58548e57d12f4723a31d7","1afffc9c789742b71df96414ddc4197936be3bd7"
"https://github.com/webjam/webjam.git","85","1","[1afffc9c789742b71df96414ddc4197936be3bd7]","1","0","1afffc9c789742b71df96414ddc4197936be3bd7","70c20248ea35d9d1dff634591d6a3fa58d78afb0","7a419f7cd5be2b80c5cf0a1b3370fc046ae39a3f"
"https://github.com/webjam/webjam.git","86","3","[7a662ba3f74a3584f93215f95b0680f4812b4c54, d518874cc2aba7bf6ca919302d79dca4f602b6e0, 49c8c06d701ca0fc4bc4fef81d969b6a3c87fba0]","4","0","7a662ba3f74a3584f93215f95b0680f4812b4c54","70c20248ea35d9d1dff634591d6a3fa58d78afb0","7a419f7cd5be2b80c5cf0a1b3370fc046ae39a3f"
"https://github.com/webjam/webjam.git","87","1","[892178322a4dce5656e44f9072c35a06b2f71b61]","0","0","892178322a4dce5656e44f9072c35a06b2f71b61","7a419f7cd5be2b80c5cf0a1b3370fc046ae39a3f","c87ff782c4f04fd6661a57d7b49796f78bcc3979"
"https://github.com/webjam/webjam.git","88","2","[0a96ea6db529bac478beecfebafab945bae454e7, 770fb7e2168be01ba8036766015ede8e91cf4086]","1","0","0a96ea6db529bac478beecfebafab945bae454e7","7a419f7cd5be2b80c5cf0a1b3370fc046ae39a3f","c87ff782c4f04fd6661a57d7b49796f78bcc3979"
"https://github.com/webjam/webjam.git","89","4","[b0cf95052439a8592903afc87f7d5d1f94a36a7e, 5904442770a228e6e74ba01c448d92525ee46981, ed32a52bdbd38f3705d15905a0f215db95642352, 18df7fe416c2e56574172136e8e3f76dc3b0e854]","3","0","b0cf95052439a8592903afc87f7d5d1f94a36a7e","c87ff782c4f04fd6661a57d7b49796f78bcc3979","ae7a112616bf30ad4c68b6dd5040ad21b4e7075e"
"https://github.com/webjam/webjam.git","9","2","[4022049f68bb22f4870fc1ae55f9318afd93ba76, 9052d187dade25f2300cf8872fad114b9571633c]","2","0","4022049f68bb22f4870fc1ae55f9318afd93ba76","86c661a124ebb922576288dcb11180d70431eceb","fefae4098f6f9f388ed3685c90e1722f03e0a90d"
"https://github.com/webjam/webjam.git","90","1","[f3e01ed6191b40158b2cf2b443e3c8a71e2f17bf]","2","0","f3e01ed6191b40158b2cf2b443e3c8a71e2f17bf","c87ff782c4f04fd6661a57d7b49796f78bcc3979","ae7a112616bf30ad4c68b6dd5040ad21b4e7075e"
"https://github.com/webjam/webjam.git","91","3","[b0cf95052439a8592903afc87f7d5d1f94a36a7e, 5904442770a228e6e74ba01c448d92525ee46981, ed32a52bdbd38f3705d15905a0f215db95642352]","3","0","b0cf95052439a8592903afc87f7d5d1f94a36a7e","9cfb06f24efd8f71ae77f392b787064e4a46ac37","18df7fe416c2e56574172136e8e3f76dc3b0e854"
"https://github.com/webjam/webjam.git","92","1","[18df7fe416c2e56574172136e8e3f76dc3b0e854]","1","0","18df7fe416c2e56574172136e8e3f76dc3b0e854","3b4f1d7cd1be728d6638d747422c6f391e2813e0","ae7a112616bf30ad4c68b6dd5040ad21b4e7075e"
"https://github.com/webjam/webjam.git","93","4","[a6f3a14ba37216c9ec9a7859c1b7939f9bfe5f3c, 5cc8b8f7e9535f40f9f1510477320d6a269cbe57, ea1a9b1531376fe380802b725ffe1b286e50066a, c87b88de8dcdf2ced1141cc341f351d638205e83]","3","0","a6f3a14ba37216c9ec9a7859c1b7939f9bfe5f3c","c32faa7fa3b692dd3ca4a257be04e2ee3b6b0ba6","7e8019a30093821cb5a3a84b14959fbdfa07dac5"
"https://github.com/webjam/webjam.git","94","4","[c18394065b0253cf40264ba4af7ee2b3269256b1, c6840472d3817f3f4be86b43aed83594a2cceb61, 87ce227460134e89f5fdd9f59e3385d5ac1f1ba2, a01a40d9e52da7549d159232dac27b7c790c6e4f]","1","0","c18394065b0253cf40264ba4af7ee2b3269256b1","c32faa7fa3b692dd3ca4a257be04e2ee3b6b0ba6","57a6e8714e9938c6bb26b6b0de31c27e0eefd84a"
"https://github.com/webjam/webjam.git","95","10","[73f91820eb3d3939cda1994c07dc0535ff81c39e, 077aed04854f3fb3960e24d3fc12552f783b0614, b2a83d967c27f0d603b0a7ceda9cf6c9631e00da, 4e025d655cdcf33155140ed04cb4363229d31c22, e29b2bc8d75e824e1f8f4042e5e3cce2d3a63894, d66d1c2a1c30d27ca8b80627eda206187615a2d6, a6f3a14ba37216c9ec9a7859c1b7939f9bfe5f3c, 5cc8b8f7e9535f40f9f1510477320d6a269cbe57, ea1a9b1531376fe380802b725ffe1b286e50066a, c87b88de8dcdf2ced1141cc341f351d638205e83]","8","0","73f91820eb3d3939cda1994c07dc0535ff81c39e","ae7a112616bf30ad4c68b6dd5040ad21b4e7075e","7e8019a30093821cb5a3a84b14959fbdfa07dac5"
"https://github.com/webjam/webjam.git","97","1","[a87b7b9b6d59d2f706009d2b670eb371e3180e58]","0","0","a87b7b9b6d59d2f706009d2b670eb371e3180e58","7e8019a30093821cb5a3a84b14959fbdfa07dac5","463eb532d726c762c47e686cf3acd05805d074ce"
"https://github.com/webjam/webjam.git","98","1","[87377afe1fb54b5d9af78c39c67b717c399f93be]","6","0","87377afe1fb54b5d9af78c39c67b717c399f93be","a37cab964cf52aa4d1cb5d702b89b1d8058f400c","1cd9e0ae567bcc0fab176fc09385604fd70b364a"
"https://github.com/webjam/webjam.git","99","2","[46dc53a7fdb43ae32e7dacbe07fc6de54eb24d47, f42a5a0813f6c3cfc8824f464cd74eb700136f77]","1","0","46dc53a7fdb43ae32e7dacbe07fc6de54eb24d47","57a6e8714e9938c6bb26b6b0de31c27e0eefd84a","463eb532d726c762c47e686cf3acd05805d074ce"
