"REPO_URL","TASK_ID","#HASHES","HASHES","#PROD_FILES","#TEST_FILES","LAST","MERGE","BASE"
"https://github.com/webjam/webjam.git","26","3","[95803fb51b30a447dd4a14b651c688fe69f5c77f, dd8a99249de61e90c8ca32101e07f684a090195c, 4bd67db831a6a12de050192410cf8ec302d224df]","1","7","95803fb51b30a447dd4a14b651c688fe69f5c77f","546fdb8af88aaaa30a1e895742d02748a693e25a","7adf2cfbcdf1cb457eaebab78fe7da9515dbd936"
"https://github.com/webjam/webjam.git","27","6","[3b1bb5eb5e5d2aeb053b87c37f33c2ecf3e9a639, e7e2fb5e6d72849f28ce56eea92afcee56645d31, 8782893c0623eb51d264781c2eca015008a1ce9c, 07bf3d8ec4e6ed5814c58f484676e2a6728cb10d, dd24dd82a044cdc910595d5b4b0f29634c39be5d, 9eb6afaefadfc43ab8605e2349697d5208e2b0b3]","5","1","3b1bb5eb5e5d2aeb053b87c37f33c2ecf3e9a639","0b94fb84ca520cf463f18d312305ec0c5c2831d6","442c2d6ed1ac7e2a4f3978e58ea42e27dccdb7a4"
"https://github.com/webjam/webjam.git","28","10","[7adf2cfbcdf1cb457eaebab78fe7da9515dbd936, 7135b883b8e22cd8e20c326e87e3abddc8cdfaf3, 689f6a85995e45d480872f27ab27bf44f8b6928e, 6e095570a1140f00d4561c5b2a0681c77bf87850, 17b50b9eda60831e590a8b2e6064f01666fde85f, bb2b15ffd15c656932721b3f1c11a04b522ca394, ab4839e43c0945bbbfa039b0986808fe59512f54, bb6400ff331507629611f0ccb102171ca1ea3ee5, 8d57a180bb2c1897ca28410693a5021f62e802e4, a2e43d764d47b31e8339b205fa4e83fcc03e1481]","6","1","7adf2cfbcdf1cb457eaebab78fe7da9515dbd936","0b94fb84ca520cf463f18d312305ec0c5c2831d6","442c2d6ed1ac7e2a4f3978e58ea42e27dccdb7a4"
"https://github.com/webjam/webjam.git","46","1","[955ed61fadda149adbd3afc04ca40cf6754e3498]","3","1","955ed61fadda149adbd3afc04ca40cf6754e3498","8632ea32b6f56e2ab763c8f1fa4ef1a540856d3f","1ae6598430638dd3cfe5d2d527068dd72b713116"
