"https://github.com/Arie/serveme.git"
"MERGE","LEFT","RIGHT","BASE","LEFT_COMMITS","RIGHT_COMMITS"
"2e608e11d96ed5a7d1be9f033aeae3da22db43a4","8a9f1d88f5bdc339a5314db581c7fa514ef029e9","54c5c216c86d6a92a7dc60f5c2b6b7926c56b893","7f445fd1762ab1f85e34674f0630c41a8c9705e0","[8a9f1d88f5bdc339a5314db581c7fa514ef029e9, 561b8de368190a4eb55f34c7b062c0cf195a4bc5, 797f43b3de2ea20708d56f2d28f212bfb6d2f9ec]","[54c5c216c86d6a92a7dc60f5c2b6b7926c56b893, 530afc270d002edfc2c64ca5235d98a1f75f7bad, 630e1e794534f16c675b4e25d03090b76dbe19b4]"
"2a01f46a28d9620ff03f891c6976624017857f60","6262c173ddde287971ee1a2c883b1103d6edff86","7edf6afecaf7cf693594c688d7264a9aa196e3e9","4a5f16021df9c7b6daaf2c4776c99805dedc6a24","[6262c173ddde287971ee1a2c883b1103d6edff86, d1883da5834c0c97e53506ad9e6d9dd2b7fef880, e15184c018eb7f89f072491937a262b68f1a14b4, a0893bf1653db9591cf9d25216cd078e80189997, 38ad69d79ce805a63df3689b97b610ee77a12f12, d63baa29b5004ae8c5bda92e29f454c189b2f249, a6aeb90268492d3067118774ceebb64589de7d4c, f5410ecc09bc81fe4f996a149d72e29246fb8b22, 502e705c91d1aae02bab0292d59e7e59d1c7ecce, 1dbf5d56cf981a92284ded47e733463fd1d3350a, 176ad165ce211eba58a4d898f767a445ec30f7ce, b1f621cca78414137b162ebdf6719a61a58879d3, 28409370ff6c4c343d1a732af63760df485f453f, 776de0aa93c4530bc4b32c16875812ebee8ab414, 17be23d757adccdce7b6f1514a85431f24bf5df0, f0573cbd1e5cccbbd842875c4cf205932f55db7c, d943e9c9d5415f7698d34ca5e66c88d16d1e9187, 602cd556a25027631f941ab8c081826551c70cc8, 9629e992d567cd9bdebbaa9b36837e270fa8daba, 650fd19d42aa1e113c7d525c77334b9921637737, a5abd3ca5c0a8bda9418fb2ba6cdb7842d02f8e2, ac7d9687acee75cd9e262f0a21441f74d8b5cb60, afdc4125780eb134ee1c1ceea83d44d5940d9296, 0bb8e9e26c6b8d178e6dc521d44310ae63cfda9a, 21bd7f784cb95f96364bf399f8884fd204bb70be, 8b88b7470767995a494f1a65d2fe46e594172c96, 892e2eee6591e68c6deafa6419fd0f200012a27e, 81eea0715b7a490055b6df3cdaf3d4d2ba05d1fd, 28d1afdc21e586243a53f11c965600bfc018a688, 4c43db34e88dcd87400d0958dad2cab98717a569, 034ab1c5f18c37daba105668b10423a2f0da693c]","[7edf6afecaf7cf693594c688d7264a9aa196e3e9, 7e36406ff94e98009854a07ae842726d1bfce64e, 26a96bcc1c8a0349721930c771c6d8885ffd98f4, a1f0b2e3c04c5177ec0597f5cee4f04680b800c7, d27848888dd77e51bc87fe46ac122ac46428bc47, cb24f82b5c534fe16ea9a8532935f1088a3aa426, f9f88ab03baccaabb6afdab100abc71f167d1cda, 0d74a0dacad4e8fb0a43a0c9aaccca87855dec95, 8cde5a46819d1cb44c8d0d6adc95784ce4a2accc, bfe9c83e69fe82f3d44b07781d2f91cf0b38e441, d746b0e75dc350ea526d58f7dfb0e8ade961bb4f, 98ed7d0322efc2cb1fbdecf93e5f971c0e44fa02, a2565ff547cd93d6a2b82472bac40addab8013d3, aeb62e5fd3d5aa7def093ace7d247f36f1ba502d, 33fd4bc170f17fb687aa0a0140000b2b2a3d943d, 1442f39dbe0d2459bb1956f7a9633bd33e7fde26, fc31bcd690e7311044f097ff03a80acc5e1fd0de, d330b044e34460334cf5681228ff3e44b1b5258e]"
"9629e992d567cd9bdebbaa9b36837e270fa8daba","650fd19d42aa1e113c7d525c77334b9921637737","4a5f16021df9c7b6daaf2c4776c99805dedc6a24","f53ed20bdfcbb53a4cf54550cfe1751c35d132e1","[650fd19d42aa1e113c7d525c77334b9921637737, a5abd3ca5c0a8bda9418fb2ba6cdb7842d02f8e2, ac7d9687acee75cd9e262f0a21441f74d8b5cb60, afdc4125780eb134ee1c1ceea83d44d5940d9296, 0bb8e9e26c6b8d178e6dc521d44310ae63cfda9a, 21bd7f784cb95f96364bf399f8884fd204bb70be, 8b88b7470767995a494f1a65d2fe46e594172c96, 892e2eee6591e68c6deafa6419fd0f200012a27e, 81eea0715b7a490055b6df3cdaf3d4d2ba05d1fd, 28d1afdc21e586243a53f11c965600bfc018a688, 4c43db34e88dcd87400d0958dad2cab98717a569, 034ab1c5f18c37daba105668b10423a2f0da693c]","[4a5f16021df9c7b6daaf2c4776c99805dedc6a24]"
"ac7d9687acee75cd9e262f0a21441f74d8b5cb60","afdc4125780eb134ee1c1ceea83d44d5940d9296","f53ed20bdfcbb53a4cf54550cfe1751c35d132e1","9ad644ff55b5b62f8c47d0fa4ad70ef3ed83cb2b","[afdc4125780eb134ee1c1ceea83d44d5940d9296, 0bb8e9e26c6b8d178e6dc521d44310ae63cfda9a, 21bd7f784cb95f96364bf399f8884fd204bb70be, 8b88b7470767995a494f1a65d2fe46e594172c96, 892e2eee6591e68c6deafa6419fd0f200012a27e, 81eea0715b7a490055b6df3cdaf3d4d2ba05d1fd, 28d1afdc21e586243a53f11c965600bfc018a688, 4c43db34e88dcd87400d0958dad2cab98717a569, 034ab1c5f18c37daba105668b10423a2f0da693c]","[f53ed20bdfcbb53a4cf54550cfe1751c35d132e1, b80328648aa1907c48f4b4384395a13ad3095b82, a98dfb65fb27abda33a26002ccf55a6ed6fba68d, caa675bf0bc41023862c95a725654d10cd191118, 169c2d647b107ffff5b0cea737b9f7eeca61e058, 82ceb1c6b6cae137ad823a2c67fcb1b61f55f55a, b78e44323a3652873116e60e0d4b4577c6d3e062, cb4a33c995ae3a01ada926eeb7df3a4763b419b6, 333075a700357d91fd0bed722eabf7664263463f, 0ba3ffbf6838dba4d13a33322c2a275f5f42e82f, 40b0479cee743d4d2e066f0989d6e5aa83a3b616, b99a57562909e4531115f8a3dff03aaa5752dd91, d26a4890722ae58f61360ad1d54632bc711c42f2, 2fc91192b13d78108a09b18d79a6275ea2a4c07b, 9d8c9f9ca295153867b7525e21fd8833a8becfdc, 7f359527b65b9c3eb292eee75435f9975e758936, d5e125db9b33e2a1f3ef0696a993b094f034e7d5, c4c53c12a14b8976edebfd289c1f04147f540d56, 8968e5d26210b03333833042d5881414ced88569, beeb2d6e0aae80d3a3b2374fbdd6ff5c067fb493, f02005ba2fcf43ce4652ba81954d01b189df10fe, 6c1b18f1095c3368146ed650f79be8ed606cb6e0, 3d66fab0d32d9b0ba99e210faabddf96af4e37b8, 0f61faf0dbc7533f0ab83f9fb2493066faf94f06, 1a3aac5e7791d0acaff8be82be0ab4afca6017d6, 0831ca5336a6bc210e07ea492e731f54e61e0095, d773972d3aae6403571276e8aff5164076a6a6e5, 6ed5c3a6b8308b05fd2bb2fc676a384ed805bc2c]"
"333075a700357d91fd0bed722eabf7664263463f","40b0479cee743d4d2e066f0989d6e5aa83a3b616","0ba3ffbf6838dba4d13a33322c2a275f5f42e82f","1a3aac5e7791d0acaff8be82be0ab4afca6017d6","[40b0479cee743d4d2e066f0989d6e5aa83a3b616, b99a57562909e4531115f8a3dff03aaa5752dd91, d26a4890722ae58f61360ad1d54632bc711c42f2, 2fc91192b13d78108a09b18d79a6275ea2a4c07b, 9d8c9f9ca295153867b7525e21fd8833a8becfdc, 7f359527b65b9c3eb292eee75435f9975e758936, d5e125db9b33e2a1f3ef0696a993b094f034e7d5, 8968e5d26210b03333833042d5881414ced88569, 0f61faf0dbc7533f0ab83f9fb2493066faf94f06]","[0ba3ffbf6838dba4d13a33322c2a275f5f42e82f, c4c53c12a14b8976edebfd289c1f04147f540d56, beeb2d6e0aae80d3a3b2374fbdd6ff5c067fb493, f02005ba2fcf43ce4652ba81954d01b189df10fe, 6c1b18f1095c3368146ed650f79be8ed606cb6e0, 3d66fab0d32d9b0ba99e210faabddf96af4e37b8]"
"afdc4125780eb134ee1c1ceea83d44d5940d9296","0bb8e9e26c6b8d178e6dc521d44310ae63cfda9a","9ad644ff55b5b62f8c47d0fa4ad70ef3ed83cb2b","ab374e42380565ff01276d6d9892a0dbe6df65e1","[0bb8e9e26c6b8d178e6dc521d44310ae63cfda9a, 21bd7f784cb95f96364bf399f8884fd204bb70be, 8b88b7470767995a494f1a65d2fe46e594172c96, 892e2eee6591e68c6deafa6419fd0f200012a27e, 81eea0715b7a490055b6df3cdaf3d4d2ba05d1fd, 28d1afdc21e586243a53f11c965600bfc018a688, 4c43db34e88dcd87400d0958dad2cab98717a569, 034ab1c5f18c37daba105668b10423a2f0da693c]","[9ad644ff55b5b62f8c47d0fa4ad70ef3ed83cb2b, a8a14210d5a9db2e698be70a941fafae63200343, 661da94106c2269d4f4096d6b5a9f01a5d2217a1, 5fea4259da879ab3d74c30482862eddfbbcb46ba, 9805ef766c0e2e2003930bca7114b016b6780699, 3d52873896b1da88830b8fb3739c1b4effa56b44, f27761c2042533f8e41163b4f468402338bc6504, 8b1967244ad634768c968c7a52db849cbb830b5e, 5278d15b7e6b96acc93a369615ac5ab8b73d3eab, 70597c60033de8a8a8ec98901d08c818895aeac6, aaa749976fb5759fc0be481ef98146b51b332fbc, 37e5736089fbec37ff21e2d73b347fdf8d4d6bbc, bedf01e2b20e08b82d9a63cc1286eca90d0a6954, a3f56eb234598321594a63685fd81b00e2009d7f, c04035634573653cd0edff474ff96d5a7fc8d907, 71ef64949deb0955fee10dc818e33cfd0f7e4318, d4e060ffb2f17b77ed48e03fc79ca8bec62e39af, 4cda3797d999114a5a3cd6af9d33606e7150fe9f, 14f6c9b6eab6b9a75caea3fb3a69d04805d86f46, 287c502622c7f1b1e5cfe64ea450d0736f64dccd, abc0e7f02bbbf3f246b3ba11dbf717544bcefa02, 70244786ad0a8c4b08d15321c409d92e2b6a3703]"
"81eea0715b7a490055b6df3cdaf3d4d2ba05d1fd","28d1afdc21e586243a53f11c965600bfc018a688","ab374e42380565ff01276d6d9892a0dbe6df65e1","5624295d29729ec07f325c54374455f3bde843b5","[28d1afdc21e586243a53f11c965600bfc018a688, 4c43db34e88dcd87400d0958dad2cab98717a569, 034ab1c5f18c37daba105668b10423a2f0da693c]","[ab374e42380565ff01276d6d9892a0dbe6df65e1, 09e6df0ed3b92b4dfc2ea7b65eb7471872623475, 3f04a7e987ba16a465cdf7516b2921ac07b760bc, c399999f32a0979df9ac4ee860855603d4db2825, b4f0bd62f318f5fbdc8eb4884a6e8595383eea0a, c0c33fa4294c95ee6fa1e9446c7f96b62aaf1d47, 2617e1895ab2d6e299c61b890d6c663e5a7d79f7, 6497eae46caa39f1f6df895e2b978d84c2fefb38, 991c29a28f5d7675a9ddb2b10300dc5c549f7438, 6d0db2295df9e6cb914b780081466f986fc6e46f, 0d386dc9d4ac882b0f788e451cf50c9f73284a62, d7d3bffba433a4269f89733e3d776211ad1edd94, ecd473fcea49e644be834f42f571b473b95e4f29, b1fe48cdc9145803bd8c785060e64f5089844664, 0196204da1f1b95a61af5e594395777777c03837, 4b92699e2add34e7814d2332502933d00a209763, 9e1e5ad2e625f653d5928d729e51af9b382ed2e8]"
"6d0db2295df9e6cb914b780081466f986fc6e46f","0196204da1f1b95a61af5e594395777777c03837","0d386dc9d4ac882b0f788e451cf50c9f73284a62","4dc0dcdbc35be195556389165ed392bc172ddfa2","[0196204da1f1b95a61af5e594395777777c03837, 4b92699e2add34e7814d2332502933d00a209763, 9e1e5ad2e625f653d5928d729e51af9b382ed2e8, 5624295d29729ec07f325c54374455f3bde843b5, 644ede0fc1b09c547815bd4ded31994000319849, 98b8a2a83354227add0fa72fe11f0963fab7107c, d1227e2ad82c5cc2319b3a8599ca3fcf2036a882, 8a045ca5d5d6f4a4caa948ffd36d0029a4404c6b, 7681fc5085223885652453f0887a177a253aca32, 483da0e29c875d0f86514da7a5a90504d375ca6a, 4b9aef0f73c23a9c2f44db9fc57241a609d0ec38, 3d96832836dd62f203de256cb05c3f2e89da4958, 21b4353c2d61f4d0fbac8e258c2fccf3096d5dcc, ef5865a4563018bde4e6ac5666f9d6c5500ad47a, 4f6de1918e591d00ea11106f186b556032d34c54, d08a3bd3b06b4355de837d336f68c8f23300ae11, 7d511429d28eb527e4a89c3709bbcbecb7903e59, b418b163c0d4f189e0d8087082164e43e2bf2bf3, 262f72e2b461b181341c9183d03e754ccd2e2ef2, c8b086e09a44a1bdba4dece12cd7c922b549fa2a, f1d60f84ca180fbff0ae2c44dafcc8125dcc04c0, 0e7733d14c8710794deafe074a0ea5270d520ef2, e5cef75e7fb2ded95de81a976deb9af2a90f9f06, 26916a97b47f87679a9b85763c8b3f1936842764, 367b461e61fbeb35ce6a22cd4be1202aefba8fa0, 32da755404516a73f43b61cbaa2f53d25b509a42, e57a272897223d8321a5dd969209653a415ebbd0, 9e8b88cfd18f439f2ce62f298fe120b440a58d4c, 2c5994a880021663a0e49e0940376dfbca89c369, 5158e85985fc6b8492cfa48c0872faf7f903ae9f, dcafbb82985b446d09eac43a382640dfad277e79, 4c9d6190c0ccc848f6e87ae071d057ec86f94e7f]","[0d386dc9d4ac882b0f788e451cf50c9f73284a62, d7d3bffba433a4269f89733e3d776211ad1edd94, ecd473fcea49e644be834f42f571b473b95e4f29, b1fe48cdc9145803bd8c785060e64f5089844664]"
"4c43db34e88dcd87400d0958dad2cab98717a569","034ab1c5f18c37daba105668b10423a2f0da693c","5624295d29729ec07f325c54374455f3bde843b5","2c5994a880021663a0e49e0940376dfbca89c369","[034ab1c5f18c37daba105668b10423a2f0da693c]","[5624295d29729ec07f325c54374455f3bde843b5, 644ede0fc1b09c547815bd4ded31994000319849, 98b8a2a83354227add0fa72fe11f0963fab7107c, d1227e2ad82c5cc2319b3a8599ca3fcf2036a882, 8a045ca5d5d6f4a4caa948ffd36d0029a4404c6b, 7681fc5085223885652453f0887a177a253aca32, 483da0e29c875d0f86514da7a5a90504d375ca6a, 4b9aef0f73c23a9c2f44db9fc57241a609d0ec38, 3d96832836dd62f203de256cb05c3f2e89da4958, 21b4353c2d61f4d0fbac8e258c2fccf3096d5dcc, ef5865a4563018bde4e6ac5666f9d6c5500ad47a, 4f6de1918e591d00ea11106f186b556032d34c54, d08a3bd3b06b4355de837d336f68c8f23300ae11, 7d511429d28eb527e4a89c3709bbcbecb7903e59, b418b163c0d4f189e0d8087082164e43e2bf2bf3, 262f72e2b461b181341c9183d03e754ccd2e2ef2, c8b086e09a44a1bdba4dece12cd7c922b549fa2a, f1d60f84ca180fbff0ae2c44dafcc8125dcc04c0, 0e7733d14c8710794deafe074a0ea5270d520ef2, e5cef75e7fb2ded95de81a976deb9af2a90f9f06, 26916a97b47f87679a9b85763c8b3f1936842764, 367b461e61fbeb35ce6a22cd4be1202aefba8fa0, 32da755404516a73f43b61cbaa2f53d25b509a42, e57a272897223d8321a5dd969209653a415ebbd0, 9e8b88cfd18f439f2ce62f298fe120b440a58d4c]"
"5624295d29729ec07f325c54374455f3bde843b5","644ede0fc1b09c547815bd4ded31994000319849","d1227e2ad82c5cc2319b3a8599ca3fcf2036a882","21b4353c2d61f4d0fbac8e258c2fccf3096d5dcc","[644ede0fc1b09c547815bd4ded31994000319849, 98b8a2a83354227add0fa72fe11f0963fab7107c, 3d96832836dd62f203de256cb05c3f2e89da4958]","[d1227e2ad82c5cc2319b3a8599ca3fcf2036a882, 8a045ca5d5d6f4a4caa948ffd36d0029a4404c6b, 7681fc5085223885652453f0887a177a253aca32, 483da0e29c875d0f86514da7a5a90504d375ca6a, 4b9aef0f73c23a9c2f44db9fc57241a609d0ec38]"
"a2bb93e0bdb2784277d261f173fc6cfa782eface","a0bbdf85f0d9d815ff909da67f090e5d7e7b709c","7b459b4622431c6854fac98026f32d06b1298cd7","fb3f7a041e2953eb3228e1af49a54a2759a54d6f","[a0bbdf85f0d9d815ff909da67f090e5d7e7b709c, 9e46b7c837a2fb049719604c913e2b6ad52e08a5, 6b8b9142c9fe443760dbb5857ee04693bca07fb6]","[7b459b4622431c6854fac98026f32d06b1298cd7, 93d182b094ccc9d10b82d6b83b63b4aeec25ea05]"
"27599e6c39f3a8e90b134b47d7e859ca2120bf2c","5652e275e91c4e14ba19a3ddaa9af48d5cc9e646","049d0fd15bcf33a94c91ca98860fea3490e1449e","54df68ab881bc373fc7ab0bb1baac2445ab9acfb","[5652e275e91c4e14ba19a3ddaa9af48d5cc9e646, 0f6c452ed1f302d42a53b08fd5b12b8ae7bcf70c, 1561830fbf6229b269cf9a8c863f7d505e2a5111, 47d3c763c5fb3a5cac2ed5aad381544045dcf6f0]","[049d0fd15bcf33a94c91ca98860fea3490e1449e, 9996295985f83f3db998a76131856ca5dcaefa05]"
"5652e275e91c4e14ba19a3ddaa9af48d5cc9e646","0f6c452ed1f302d42a53b08fd5b12b8ae7bcf70c","54df68ab881bc373fc7ab0bb1baac2445ab9acfb","bfb8080de9f2329d7c9825eea472f521a3f0df0d","[0f6c452ed1f302d42a53b08fd5b12b8ae7bcf70c, 1561830fbf6229b269cf9a8c863f7d505e2a5111, 47d3c763c5fb3a5cac2ed5aad381544045dcf6f0]","[54df68ab881bc373fc7ab0bb1baac2445ab9acfb, 361c4396074027f797c76ed0630966f7a2e645dd]"
"1561830fbf6229b269cf9a8c863f7d505e2a5111","47d3c763c5fb3a5cac2ed5aad381544045dcf6f0","bfb8080de9f2329d7c9825eea472f521a3f0df0d","7522dc9c0947982878c6feb978fcb67030b864bc","[47d3c763c5fb3a5cac2ed5aad381544045dcf6f0]","[bfb8080de9f2329d7c9825eea472f521a3f0df0d, 2ac01f10c5f2989788d5afb5e66ece7e46981b68, 03ce3d109b250ba271902a7ff9806d44f23eaaa9, a9fdbd46d54872805311bc2baf2703da05bddc85, 9bce2e61d427dcc4842fce7f6e3caf3c05428e97, 1f35d4a9827fed01a9ef1c461473c6082b3ab16d, 870b35473254fe45769d718832da9080293d290b, 8b7680045909e87a9e04b14eff7c487775f2f317, b859c742380bad1224791ef18fcede7b622ba8f2, 0eb020ff27b3816a978af501bdc9fa714cca15fe, 61e1d3a485e8dc84f84e82e51cf1b98e0b3c6bf9, 2b457587916efd78a79aee4edf8d04c3398bf146]"
"11bf5d86597708f188e40be23ae39a4603a5fac0","0979c27a76e6c155347f06fa0918a7b4a342e270","ebd5db06a9d0ff91b978c074142411aa2ea9d183","3deb11a4e920cc049120ee85bcb4829cd0954e0e","[0979c27a76e6c155347f06fa0918a7b4a342e270]","[ebd5db06a9d0ff91b978c074142411aa2ea9d183, 5020e267f77e900ef8a90d502b4d0065db779a1d, 569fa3838d01216c986396265814f9d62b23059d, 6afb9433a3df345d58ff32207745e173790db95c, 9f72d6e606e71f080ba1c2df5064f4a556cdf4ea]"
"55714a70e8fcb8fc10dc229c98ee9b96b10fcaad","44198eb549ea5ed8a8d8959da6373d934a65154c","6ca52c1aeb703fcad46771bbc953ed6330204b88","bfdfde8854ab864c4781b004cda604c35227ca6c","[44198eb549ea5ed8a8d8959da6373d934a65154c, 36a1bc8a89ab7d1217a9ea6e80ec2a7e2e08cb21, fe3fc924fea9b5c986e05d593f2bd5fc6e467afd]","[6ca52c1aeb703fcad46771bbc953ed6330204b88, 998e733a42e805e50835e4b46ede7fa76600c2fe, 8047cf93ab28d121b7ca8875dd3fba5668ab2710, ca30aa26eb14bc2902ba25d19349c1a1597811e9, 1347a7d22040f8c2dd7408b0d6788c6e33a543a0, 19d75dac585bff9ed1aa54d42820891a202ed89a, f777f2106016a25921821eaa190505cbc461457c, 5fbc72070a047394be2ee33628444dc82c6583fd, 685a1f83ce762409ee9c2bdb400511cbe9750b6c, 48ad23ccaaeff941a1d740a7342a8402d04ebb2b, efeed86d83499c2b514591bb371eca59f901b4b4, 18f0a78eab6bad812d65020b896cf7f09cfd77d2, 8264d57c49c02de5703070cb8fa7b8da8335b2dd, 3db9478f3ab84cda25fea9d7bc8b471074f61e08, 0465af0a04c7351a2218bf9e9f2f683cfec7c466, 1b668c86dada6a3e14c23d01960d2104b2c4ee6b]"
"43aae6cbd03cf24a4b6d09f4e503b010c2d2f882","06b9434eaa5d71e961ad75049a1dcef8c110d19f","d5a9f1490934191b6251ae0d4985bc43c60f52a3","bdf6e9d4668a885c09ae162dc8db68b4c93d3ca0","[06b9434eaa5d71e961ad75049a1dcef8c110d19f]","[d5a9f1490934191b6251ae0d4985bc43c60f52a3, 0d0627e253ab98fc0de43ab8e3bfc8cba7980170, f40af3d4543c5c74e41382fb69935e0a1ed09bc2]"
"8adffcd66274c05d8f371f7ebc090e1a00d86893","f5836196c43c8002bdbd52f296df0507048e1744","441d01f81038dfcab9ea1dd53011539d021b4eed","c115e94eedd751f60c639f10b1c2376ee0bacaef","[f5836196c43c8002bdbd52f296df0507048e1744, d0c3889fc2948048f1342dd8fee7cc8ee6f59bef, 4367bd034c1a0c6f6e558759060f46739ce6a3c7, 445dd036ebac46e56f9cfe44ac619596f3ab3926, 11dd7591ef3d20c7af74f3791369985f50bc12e8, 0b9d20074794f10c91899160359fd4097ce0f0da, 1d626839ae882180056638ad1cfab03b8f075486, 0c5a5129a7137c6069b9e4e95ceb842831ee625c, ffbeed05f7350cf36388c1e2341314485ec8bc9e, 5c03b462f33ccef97ef2adca875fccbd16714fbe, e77faf648a2070e97f50879d6068fd638d04c61e, 1fa1202507398b4e29ebe9426666c3c2e69d4237, 8a1d3d95a60af824832f17f42afc15a88d3d842a, b592fe3a44b5f1267a5494f8a660f8df5606f458, 5a6a31b292ddcf5c214f865cf3ae45c1b42be0da, 8bfe2c7bc90afceeed1a92606fefaf813e1cc510, ac56baa3ebd0c8af03739e5196bdabb080ecce94, abe2f64488bc1c3f18afb381cefede2ff375a9b5, 69fe601fa6e09f3e82c6b8709b9707d3fb416b86, 7be5c5c0bb1d16691d61e6661d80eeb75a4d4b1d, 0f2bce9a2a3af032f992480a04d9c0c8122fbea4, 8b1fde524e1362f6c84d92845630ead0d34c59b3, dddc3f5f9368b1568dee552c7e53b16d2a674b6c, fbb76c2490a19a31f15f51641997b6c2f84fb6c6]","[441d01f81038dfcab9ea1dd53011539d021b4eed]"
"f5836196c43c8002bdbd52f296df0507048e1744","4367bd034c1a0c6f6e558759060f46739ce6a3c7","d0c3889fc2948048f1342dd8fee7cc8ee6f59bef","8a1d3d95a60af824832f17f42afc15a88d3d842a","[4367bd034c1a0c6f6e558759060f46739ce6a3c7, 445dd036ebac46e56f9cfe44ac619596f3ab3926, 11dd7591ef3d20c7af74f3791369985f50bc12e8, 0b9d20074794f10c91899160359fd4097ce0f0da]","[d0c3889fc2948048f1342dd8fee7cc8ee6f59bef, 1d626839ae882180056638ad1cfab03b8f075486, 0c5a5129a7137c6069b9e4e95ceb842831ee625c, ffbeed05f7350cf36388c1e2341314485ec8bc9e, 5c03b462f33ccef97ef2adca875fccbd16714fbe, e77faf648a2070e97f50879d6068fd638d04c61e, 1fa1202507398b4e29ebe9426666c3c2e69d4237]"
"baf99135bd4b178f089115e053d72f5570cb6cf9","422892e4f8e5aa75c60ecd91852ce8ea215dad27","11b103d62b778e064186745ed1acbb4508728803","0097ead7299efab703a8dba3938a84fb60f073a4","[422892e4f8e5aa75c60ecd91852ce8ea215dad27, a7438179119667fbfa77cb5fcdafa30dfff9a11f]","[11b103d62b778e064186745ed1acbb4508728803, 273a16b85acbe4bb3ef1c693b501ad3497a305a8, a6669d4d195e97ae929db84e6a9d2fcd9a6d1f6a, 8e38481690fce5e5b006cb290576312f903c2bcf, 9a70977308a30fa36966666272a01e21fafc1830, 54fdaa1026ffc9b45c365c9f1388eb8e639679f8, e25b100df0a62697bd713bd74ebb43553e6dcd1f]"
"9a70977308a30fa36966666272a01e21fafc1830","54fdaa1026ffc9b45c365c9f1388eb8e639679f8","0097ead7299efab703a8dba3938a84fb60f073a4","67cd20d714010eadbc2dbb427eb6def22741937b","[54fdaa1026ffc9b45c365c9f1388eb8e639679f8, e25b100df0a62697bd713bd74ebb43553e6dcd1f]","[0097ead7299efab703a8dba3938a84fb60f073a4]"
"9295a375207be7e4f8c4d187cd3723f8b2f40479","37da6728d553057d6e3f85dd3fd1b4ce9d47bbbc","0bee241e862e3adb29e9048e5a33337bb9d6ff72","d8f8be92b9aa38b7795a023a5944867d0260117c","[37da6728d553057d6e3f85dd3fd1b4ce9d47bbbc]","[0bee241e862e3adb29e9048e5a33337bb9d6ff72, b838a83c920a019ef995f5d848b988e01b127737, dd53c7c30fc5f5c7d51b36c0bf2efc99e8f0ed89, 573e5bfa71645da415def60f7fc196b107de6a0b, 9597a82537783ae0251cd6ddac6db55fc6e68bc0, f4c9691c4dae8a872c66a5ed39f18ab80e9f9871, 27846f1e25c021a1095e5b4e9833a93f0a9029ee]"
"0bee241e862e3adb29e9048e5a33337bb9d6ff72","b838a83c920a019ef995f5d848b988e01b127737","d8f8be92b9aa38b7795a023a5944867d0260117c","3406493acb32cbcbd76c0bf6ceddc01d8245fcfb","[b838a83c920a019ef995f5d848b988e01b127737, dd53c7c30fc5f5c7d51b36c0bf2efc99e8f0ed89, 573e5bfa71645da415def60f7fc196b107de6a0b, 9597a82537783ae0251cd6ddac6db55fc6e68bc0, f4c9691c4dae8a872c66a5ed39f18ab80e9f9871, 27846f1e25c021a1095e5b4e9833a93f0a9029ee]","[d8f8be92b9aa38b7795a023a5944867d0260117c, 5d8f909af116fc65460e24e8d9f4df89dff53c8f, ad27f54d93cd290347c993cee1063545ca18dbc4, c3ed9f61a13cb17a3f82593ca235888b06076921]"
"b838a83c920a019ef995f5d848b988e01b127737","dd53c7c30fc5f5c7d51b36c0bf2efc99e8f0ed89","3406493acb32cbcbd76c0bf6ceddc01d8245fcfb","02c9723be7d660d59b83427cc965391ded8ad068","[dd53c7c30fc5f5c7d51b36c0bf2efc99e8f0ed89, 573e5bfa71645da415def60f7fc196b107de6a0b, 9597a82537783ae0251cd6ddac6db55fc6e68bc0, f4c9691c4dae8a872c66a5ed39f18ab80e9f9871, 27846f1e25c021a1095e5b4e9833a93f0a9029ee]","[3406493acb32cbcbd76c0bf6ceddc01d8245fcfb, 682923d6bdd69dc123a63ba2e24920c0010a827c, d5b6e3c4a9a355783674272652b2378bc603bc11]"
"dd53c7c30fc5f5c7d51b36c0bf2efc99e8f0ed89","9597a82537783ae0251cd6ddac6db55fc6e68bc0","573e5bfa71645da415def60f7fc196b107de6a0b","8acffa1ad9508b2b3ad9be6a1c6163699014a926","[9597a82537783ae0251cd6ddac6db55fc6e68bc0, f4c9691c4dae8a872c66a5ed39f18ab80e9f9871, 27846f1e25c021a1095e5b4e9833a93f0a9029ee]","[573e5bfa71645da415def60f7fc196b107de6a0b, 02c9723be7d660d59b83427cc965391ded8ad068, fd78748aa9041db124eb38423294b714e842b2a5, 29b3be6c798ec178ea5f902d1e07b5c84fbdbf79, 5f701ac00bf6297994830f1499971cd48d5a6354, c3019b45462bda1e467e1ca30a175448be671bf4, fa2b90fd68065e7088cad97d6c2d377cc04d6cd0]"
"fcad883787cfa1525612ea0d909f35036139058b","4f1370b0e7e627a1141f5d3565b8b806cdf45563","54b05dcfe7a262d3285bf438b00ea024dc8b7dc0","68caf99bbfaf1765b1f1fdba74a9bb9631ba8f08","[4f1370b0e7e627a1141f5d3565b8b806cdf45563]","[54b05dcfe7a262d3285bf438b00ea024dc8b7dc0]"
"6c3325f1b1562f214a08840bfee2a523fc36d34f","4e63e3dde0afca43ec12f25b075ae11b5e024e95","698bf6560f3ed63b380b2cbc8ca30481cce08581","cc4f2f1ed212fd1b6f8cda273c8d022bd3aafa38","[4e63e3dde0afca43ec12f25b075ae11b5e024e95, 1f96e023da9b320dde14184aae21ed2a1f2fd9f3]","[698bf6560f3ed63b380b2cbc8ca30481cce08581, 7675506fbd433a6cd6279f2cd0c30f25bd319276, 3e3aaf3a7a75e41cc3144e6e5fb1d7de002553e7, 43fcd925e938e9519029ff3615fbbec8621259a6, 127936caece68045ee2d05d5be23f644c89f1a18, aef2ea36672f0cae649e86ef03b87a8ccbde9847, c13b63dead4ea2c7df14c01d56afcc344a22b3e9, 1e7dec777a6e124af3ccb1e98d594781953b9a29, a44abf035e96e200f9807ddb1a4428cb230216ce]"
"5a6bb14673e5976303312a51977a1de4cf5d61f7","758f8f8f0786dab1be1d4e0c6344a2fa6697bbde","0eac252cab43b95481ae865ec824c97fa5d418a8","d9fd63b3f781d1ccf05be582dc15b63f0909d6de","[758f8f8f0786dab1be1d4e0c6344a2fa6697bbde, cebe52878b4ddba4bbd03989acdde8be23317887, 232b2a152b906231accd4205c8c492e96d336e3e, 54fe33ee958911faf79430ebebec5418565e3bee, 22ad8cdb3174b6b5b6410e3b502d934ef365f2ef, 62df31d77e479fdcb93c830fe5a16d1b65b01c36, 7855b0990b9f666e3856678cab136886a778ba5e]","[0eac252cab43b95481ae865ec824c97fa5d418a8]"
