"https://github.com/ariejan/firefly.git"
"MERGE","LEFT","RIGHT","BASE","LEFT_COMMITS","RIGHT_COMMITS"
"b937ed86d6304056574f4851744156687e2f9530","a11323247d27bdb4e37b797e8e23c5253452a3ba","b84ecf2cccc93629def65837c25c860e10b27079","3f0fdf4cb5dadb365436395f9ad7ae6029539df2","[a11323247d27bdb4e37b797e8e23c5253452a3ba]","[b84ecf2cccc93629def65837c25c860e10b27079]"
"e3eeffd3b4a58192b11cb56135a2f7cf11b51ae4","4bca36d2df713de056b36ebe88a7fe7daebfe4f2","cad5be3dd5d11a674dddfc04da14fb90ecffd8fb","eac4043e73424c4644787b78d6d23704505c5d84","[4bca36d2df713de056b36ebe88a7fe7daebfe4f2, fe2e26ed452cf88e434fce88046e899399c6035d, 93c6e73ebc1184b4936502f87d1a9765f4be10c6, bc8fabc58a1c672926af8d18aea1de2d960dcb05, b6cdbb623f7d28310b2760f33fdf277a71663099, dc1e810558be5dd3588ee5d957c0286464f2472d, 326753e44cda2fbf3ff270bcfbbfadfadd9d68f6, 4e7a2ff85744c86d6f32018f0bb53e7fc7756426]","[cad5be3dd5d11a674dddfc04da14fb90ecffd8fb]"
"dc1e810558be5dd3588ee5d957c0286464f2472d","326753e44cda2fbf3ff270bcfbbfadfadd9d68f6","eac4043e73424c4644787b78d6d23704505c5d84","4468546079ed9761b0c6aa6599b9b2262cd9e444","[326753e44cda2fbf3ff270bcfbbfadfadd9d68f6, 4e7a2ff85744c86d6f32018f0bb53e7fc7756426]","[eac4043e73424c4644787b78d6d23704505c5d84]"
"1ee70a7656457cfff88fb10b8494725b20fb5a7f","ae2dec18af1ff1b40b2b853e77d05bc9df9d3c80","2114da115e3df2566af7acd632baa10f83e1eeef","aab57e9843f00f41c4fa4ff55823cbc1431eba4f","[ae2dec18af1ff1b40b2b853e77d05bc9df9d3c80, 29e81bceeed5012e36d3ed7fd100d964e9271975]","[2114da115e3df2566af7acd632baa10f83e1eeef]"
