"https://github.com/camptocamp/oerpscenario.git"
"MERGE","LEFT","RIGHT","BASE","LEFT_COMMITS","RIGHT_COMMITS"
"f663be2c161ebb4da93cd0c860073620155e9c4d","3615c4157cd9bab05416af358482659ee16fa6ed","db334f23ff0aa3a69653a83cc0f895469b839451","d69d24ab2c430da0c29155a5d5629fc78175def6","[3615c4157cd9bab05416af358482659ee16fa6ed, bcfec9f7aa160794de8eab69813bee9a85c01972]","[db334f23ff0aa3a69653a83cc0f895469b839451, 9ae8938772cd7734b86a1aa4ff89646bbb6e15e7]"
"0cfdd7983f2db0906f49731228f5d5ef8059f471","b98399ed034536abc66e24d3b6170f4b0061e644","d0ccad433ec52017fd8c4d78d18cebd62b13c78d","d029206bf50326dc01e1c74c52350d52d459241e","[b98399ed034536abc66e24d3b6170f4b0061e644, b75e1fa8a244b6677bcc0ae5b2ba53d104c8fa77]","[d0ccad433ec52017fd8c4d78d18cebd62b13c78d]"
"d029206bf50326dc01e1c74c52350d52d459241e","aa4d46d7fba33f59def4967d9b12707bde0fe5ba","d9b654bc8237d11b1a53b6743ee7f9e72f4c889f","51db98cfeed321eff3ed989171a9dfeee4100585","[aa4d46d7fba33f59def4967d9b12707bde0fe5ba, 7cb4a300ee218efbf970c07ca4fa0ed7b6d5fbe1, bfd9d73c066390138fd0899b4bf974826909c8a4, 9bc15c6b2e2bacafd144aee6add24aa69d16c3df, 4676dfc576f2bfe6ffd922d7098220aedc46a6dd, f51d09126cc059d29f6fbab558477eaf6cb3adc0, 39e9c4c04ec433f7229dbc8622c6b3e41f8cdf9a]","[d9b654bc8237d11b1a53b6743ee7f9e72f4c889f, d17cffd12e6dc3a5e720920a66e0669fba153641, ed93708a7c9edb4a485db4306b906e4037d9d08f]"
"0b268af8dd030ddcef18efb4c1297b7a4887e7ed","a4efa1cf76f76429a2a6c78a6d47ac2a509976d3","89cfab0ddc260e775050458c59f339a91435fbbe","e443a617dc3c135c351ad4519b628648318ebe09","[a4efa1cf76f76429a2a6c78a6d47ac2a509976d3, 2f39295f312541b8504c4af7a7e37c2f1eb47fce, e30049ca3c360a2fcf05769fdfabe3a93be825ee, 79184efd66be3a178bd428950ef95816c52ab8cc, 25a2c56ed09a88290e83d570f01ef86881a53941, c97672ff2debff37fa5adc9a58d95ad1ce47a171, 6010f1e8766b33bbfd151c3cfac3cb1540e47edd, 7303318fa78c1dbdca91596753139f12c19c244f, 63ebf59431cd3d42a77afeb96c1cf8d14ee72267, a1a82c8495b890123acaed7f06770474190cef97, 34b46f2597688c71c2b37273be72f797648a43d2, d8ba439f9626f39f3278ea68702d88c79ba81ed6, 7ce012df9fee8cdc16a6f5bf5ba3ec0db70e749e, a60f01fe2ca3b040bbe1e16212be0d0f6931ec15, 16a0238f31a1b6efbfff985e72d15e984626d337, 60a748798f67332d390a3511c97ebfea33abd566, c8d153fb15c1994361344297b65488553a9d9243, 2c4f2fa46f98dd46779ea091cc4d2223e8a4e29f, f9f0a82cce2ca9fd7d851b53bf6b164cb3d25e85, 4505083ee9cb76f2d41570e4458ede78c8c0a70a, 0df701d2cb94735610d2adff1ddff1094d6768df, 1f229bd23f4d8ca820151db70d29b65d7444feaf, 6d24e65ffdcec3157940da537aef16991cddc602, c6c5e7be815ca9a8d80a85f81ef5e5ba7a01db1c, 83c9903246c81d3746cbc7cdd3b12efa1c0b4616, 8b05b2dacf1ec6fade05b02a487121b20fa7db9d, c1cdae39e630bb995be82816e8bf2109956d2907, 21b7203bd7f786ff47b38cc323ec963ec53cb166, 986bbd929fb3906f302da7c99ef06abdbc466754]","[89cfab0ddc260e775050458c59f339a91435fbbe]"
"a4efa1cf76f76429a2a6c78a6d47ac2a509976d3","2f39295f312541b8504c4af7a7e37c2f1eb47fce","a1a82c8495b890123acaed7f06770474190cef97","60a748798f67332d390a3511c97ebfea33abd566","[2f39295f312541b8504c4af7a7e37c2f1eb47fce, e30049ca3c360a2fcf05769fdfabe3a93be825ee, 79184efd66be3a178bd428950ef95816c52ab8cc, 25a2c56ed09a88290e83d570f01ef86881a53941, c97672ff2debff37fa5adc9a58d95ad1ce47a171, 6010f1e8766b33bbfd151c3cfac3cb1540e47edd, 7303318fa78c1dbdca91596753139f12c19c244f, 63ebf59431cd3d42a77afeb96c1cf8d14ee72267, 34b46f2597688c71c2b37273be72f797648a43d2, d8ba439f9626f39f3278ea68702d88c79ba81ed6, 7ce012df9fee8cdc16a6f5bf5ba3ec0db70e749e, 16a0238f31a1b6efbfff985e72d15e984626d337]","[a1a82c8495b890123acaed7f06770474190cef97, a60f01fe2ca3b040bbe1e16212be0d0f6931ec15]"
"79184efd66be3a178bd428950ef95816c52ab8cc","25a2c56ed09a88290e83d570f01ef86881a53941","c97672ff2debff37fa5adc9a58d95ad1ce47a171","7303318fa78c1dbdca91596753139f12c19c244f","[25a2c56ed09a88290e83d570f01ef86881a53941, 6010f1e8766b33bbfd151c3cfac3cb1540e47edd]","[c97672ff2debff37fa5adc9a58d95ad1ce47a171]"
"7ce012df9fee8cdc16a6f5bf5ba3ec0db70e749e","60a748798f67332d390a3511c97ebfea33abd566","16a0238f31a1b6efbfff985e72d15e984626d337","8b05b2dacf1ec6fade05b02a487121b20fa7db9d","[60a748798f67332d390a3511c97ebfea33abd566, c8d153fb15c1994361344297b65488553a9d9243, 2c4f2fa46f98dd46779ea091cc4d2223e8a4e29f, f9f0a82cce2ca9fd7d851b53bf6b164cb3d25e85, 4505083ee9cb76f2d41570e4458ede78c8c0a70a, 0df701d2cb94735610d2adff1ddff1094d6768df, 1f229bd23f4d8ca820151db70d29b65d7444feaf, 6d24e65ffdcec3157940da537aef16991cddc602, c6c5e7be815ca9a8d80a85f81ef5e5ba7a01db1c, 83c9903246c81d3746cbc7cdd3b12efa1c0b4616]","[16a0238f31a1b6efbfff985e72d15e984626d337]"
"4505083ee9cb76f2d41570e4458ede78c8c0a70a","1f229bd23f4d8ca820151db70d29b65d7444feaf","0df701d2cb94735610d2adff1ddff1094d6768df","6d24e65ffdcec3157940da537aef16991cddc602","[1f229bd23f4d8ca820151db70d29b65d7444feaf]","[0df701d2cb94735610d2adff1ddff1094d6768df]"
"e443a617dc3c135c351ad4519b628648318ebe09","d81ecc1f5cfad304350eecfa8d39e26bc37f5d74","90afd3a29c837c4c2c3de76653c9df37f4fe132e","e86852b096c8eb909d021da28b1be57f086c3a01","[d81ecc1f5cfad304350eecfa8d39e26bc37f5d74, 27d2c6292dd1b15b7aa43344d1348e4ddb55ca2c]","[90afd3a29c837c4c2c3de76653c9df37f4fe132e]"
"4f3b9b7f0d6e2bb1ed242eff95d9ea5c7a9898b4","8b23fcc8cb4a50b21cd8e912ed08dc42b3f16f35","f2e245d685285c835b92784cb819a97fe3bd3034","2a3d1c3c29a0cf05d2501dcf926b970e85975370","[8b23fcc8cb4a50b21cd8e912ed08dc42b3f16f35]","[f2e245d685285c835b92784cb819a97fe3bd3034, 6beaf4a119fc07423c05d263efdf28698dbce714, 38f86f1e2ba2bb0f0104eedfd70fab65fc1785c0, 522131123c5e9ffb6917c3d13c49f15dbfffb2e4, f4e556ba578eec039a964036fd289df61d9480ac, d522e1f76ffafeb1092ea1e70c513cac737855e8, 88087b9f5e6b3d9ff4a08d25c6d0d9e94399a91f, f642f4bdd1338b42b609f9deda00e87a87a1c738, e9ef53a5402b17348c1461c277fcfb01faf3090f, 7ff66b6ab2ee204360200ef8e6e520470ade37f4, 3a3ecbcc20f9004348ab53477f806d8ed62e55c3, c0a4032f2b55b34f665de5ac36de71e408322a52, 2b9967bf9c0b08766003085c141afe56483b30a1, ac68da357d4f11bd7f6376440f88d4ef110279ff, d6ab546bb2536411b75c1f65be6c9b28e7617c73, dacb92052435bfaeba9b8d1a9731a871b3c6e27f, 8c9f4c1cd59f8fe9501b41b0e9d5df7e2642647e, 7e7633052dab127371bff26a4b441093d6aa1027, 8af06e39ab4fa800dd1ddda2ea7161c64aff769b, de66ef179441e9b762b87652c0f5bb47cd865044, aa82c6bf71e15e51178a3c9739d38f20c13ffa78, 281fb8b072de37284d7f1c7232da8399125297b9, 42d688460de94d862b73d4c19d6477cd7de8142d, aa6e80b90cf7124bfbb984b38c3b74460946a270, 71245bb8bc955c41c7bbc25cf6dd936b9a583cf0, eb52c01ae459e97fab9bac9f4278e7fac3836707, ded9b1036cde0c71add60d02e76566af0b2475c6, 893fd71fcaa39a68bdf2c2f1ea2b1873bcaf8b21, a76254d80c5a319e48bc1ab6a541808852bbf899, a3814c2a00bfc00850ed3abed11be70c08e9c0ab, 29484fe80402e4c3d81493a1bfc466922ddf1830, cb5f3fa6c3d12517cc598420e86e33c9c9c43969, b3e0c570c0313d8abdf84c67c80abbfc1c03c724, 7f36381fed367ae6016cf0d3acf1c63a9635d42e]"
"e9ef53a5402b17348c1461c277fcfb01faf3090f","7ff66b6ab2ee204360200ef8e6e520470ade37f4","3a3ecbcc20f9004348ab53477f806d8ed62e55c3","ac68da357d4f11bd7f6376440f88d4ef110279ff","[7ff66b6ab2ee204360200ef8e6e520470ade37f4, c0a4032f2b55b34f665de5ac36de71e408322a52, 2b9967bf9c0b08766003085c141afe56483b30a1]","[3a3ecbcc20f9004348ab53477f806d8ed62e55c3]"
"42d688460de94d862b73d4c19d6477cd7de8142d","aa6e80b90cf7124bfbb984b38c3b74460946a270","2a3d1c3c29a0cf05d2501dcf926b970e85975370","6568eb2a8517e4730b05a7ea801b297eec69874d","[aa6e80b90cf7124bfbb984b38c3b74460946a270, 71245bb8bc955c41c7bbc25cf6dd936b9a583cf0, eb52c01ae459e97fab9bac9f4278e7fac3836707, ded9b1036cde0c71add60d02e76566af0b2475c6, 893fd71fcaa39a68bdf2c2f1ea2b1873bcaf8b21, a76254d80c5a319e48bc1ab6a541808852bbf899, a3814c2a00bfc00850ed3abed11be70c08e9c0ab, 29484fe80402e4c3d81493a1bfc466922ddf1830, cb5f3fa6c3d12517cc598420e86e33c9c9c43969, b3e0c570c0313d8abdf84c67c80abbfc1c03c724, 7f36381fed367ae6016cf0d3acf1c63a9635d42e]","[2a3d1c3c29a0cf05d2501dcf926b970e85975370, 9a639fe7881ef0b2cbdf6b5264ffba0198d9584b, 04afd14a65fc33490558abf094644189a9899e42, 4c7e24a15746344df6076af04f1c64b02f2e9b0f, c0f3ea05bacc80c1e831dfc67d822dca15536229, dccabdb63d79b2676ab26013ac0cf529442bcba5, 221802f58810eb5552c56a6887e9d19004f02e6b, 63c059d60dac0de527f506196087c13bf958a409, 0f1a312490246cd0519856c8ebd32686670604d6, 04fde84e85738a90e5229d42969935ec3b45e32b, c959b2694802929b1b27a4c7f882a29c43b8e056, 6a072818c0df2a8a4de7f541e098716295810ebf, 5dfcc8120d666e5c5f077f8f6053c2b12c47ee2c, b9f2f5b8538dfa445dcef640ae867df9c45828f4, cf9b008134966a360e2ba477962c53445f3b60f7, bfeb4ef3772813251d562d823f9c1400c7279594, 6bfecbc134d41bca8d59b34551a363906978285e, 9a7478cd55e938152ad2c1b094698999cebb1a00, ece4ca6e1b79d1f27bada3c164796616fbaf8073, 0051b55d289358619a1710f1517bd4a88bd8e66b, 20ee9a8adc316ebc64cee37ff425b172a63294cc, 4c9b4b1340278ed46db33a8d623763811eee5000, 1a83b9b2f5fb58b637fef7a51b1134a99f5c5494, 56d696241387a972ff18a48fed2cb585fb0ec979, d7e0771a97c4d8583e1e1595b09740ae52fc4a9b, 519e6261e9bc1f370dfc9fe7c815f29cb35edc52, c390c8374dbd368e1e8ec06060c06adb1b1adc23, 9b2f4714e63bf8645d7f762fdcb44dc2ee98faa2, 5496b99c94bc63bb122491ed908b4a9af6539605]"
"2a3d1c3c29a0cf05d2501dcf926b970e85975370","9a639fe7881ef0b2cbdf6b5264ffba0198d9584b","dccabdb63d79b2676ab26013ac0cf529442bcba5","4c7e24a15746344df6076af04f1c64b02f2e9b0f","[9a639fe7881ef0b2cbdf6b5264ffba0198d9584b, 04afd14a65fc33490558abf094644189a9899e42]","[dccabdb63d79b2676ab26013ac0cf529442bcba5, 221802f58810eb5552c56a6887e9d19004f02e6b, 63c059d60dac0de527f506196087c13bf958a409]"
"6a072818c0df2a8a4de7f541e098716295810ebf","b9f2f5b8538dfa445dcef640ae867df9c45828f4","5dfcc8120d666e5c5f077f8f6053c2b12c47ee2c","ece4ca6e1b79d1f27bada3c164796616fbaf8073","[b9f2f5b8538dfa445dcef640ae867df9c45828f4, cf9b008134966a360e2ba477962c53445f3b60f7, bfeb4ef3772813251d562d823f9c1400c7279594, 6bfecbc134d41bca8d59b34551a363906978285e, 9a7478cd55e938152ad2c1b094698999cebb1a00]","[5dfcc8120d666e5c5f077f8f6053c2b12c47ee2c]"
"b9f2f5b8538dfa445dcef640ae867df9c45828f4","cf9b008134966a360e2ba477962c53445f3b60f7","9a7478cd55e938152ad2c1b094698999cebb1a00","ece4ca6e1b79d1f27bada3c164796616fbaf8073","[cf9b008134966a360e2ba477962c53445f3b60f7, bfeb4ef3772813251d562d823f9c1400c7279594, 6bfecbc134d41bca8d59b34551a363906978285e]","[9a7478cd55e938152ad2c1b094698999cebb1a00]"
"893fd71fcaa39a68bdf2c2f1ea2b1873bcaf8b21","6568eb2a8517e4730b05a7ea801b297eec69874d","a76254d80c5a319e48bc1ab6a541808852bbf899","a836cd220a279191d2193d87209b5288d236927a","[6568eb2a8517e4730b05a7ea801b297eec69874d, e22dd5efbf9368e0839406a39c8bb402807f0691, 1c276837df0525a0b313703b48f941366f2bc319, 24c267e608f87f4c59cf4335b84f67dc558ae7cb, 1153c38132ce71fa54d594c153eb68d162fdb4ab, aa9d2f5274608dbe600f5a6bffc3714f9f68bc5b, 2057dd2dc528f9b011f3d82aec888281af61a188, 1542d665c9254f3307627a3741199a9687d45ca4, 84f21cdc3ebd89509e71cb2fc44161c3d3b994d1, 2f76cb79846585bd08c7c5e76f513d2a588f1f0e, a20a96fbe5de2e5f4839a6b424ece954b56c7381, d6ea88fc5ab20a96a69ea5920541c10ab5ab1f15, 124fd376d3db374b4b182b44d54a5b347eb93b4c, 35970dbef05c539d490751907c9d28b96ed5b098, 9ba037c826ec484330a271215c2315d969a1dc22, deb51fdda008cd6de5bcc4476f1d34b0ad9c2ae6, 5dbc3237045c7067f90549b8846e15553ae5ffa3, ea3fdd163a96da2932e98f1efafab0be750e634c, 78fa763cc4a7a0121c07a9d95fa43e07c43f9a2f, be2374866846997cc2132bfa0dae0fe85a7c6a32, d922ad63c543ae9c948eacdb20d2a56ab32e3503, ed15b1ba3c978b6e0323499faa77eff5668c5b3f, 60acf4c0582bde8108aea43ab0702148c6469b73, 686c17595c8fc5af9d709c1a9984a597ed4b263a, 2d3cb24280c45ce902c7d86ca3950e0567470761, afec21108e9b93e1ca2e97d61679733c685cdb7e, ec15f576cf3433bf88c902e50721ce424a749d8e, 24a6d8d2c735315b3d01ad349e0e9d3749b98b84, 3d501aaaa40031cd9272bef09ff62a20ce6277c8, 24736b40fed4d434a34aa9364bab7b24f750af84, fb578d5388248f170490d1d332d7777341afc88b, 56bd328569c15416c5d1d5c82776919182b911c3, 2ffd6bdefa499969a81603ed7f11602a23a672c1, d708185ae3d30d1de026f410bb8475c996cc953d, 17c5ae075b3be600acb5938247259418a92c3254, ced4d5efa8bde5275244dd55db202426ba0d9b42]","[a76254d80c5a319e48bc1ab6a541808852bbf899, a3814c2a00bfc00850ed3abed11be70c08e9c0ab, 29484fe80402e4c3d81493a1bfc466922ddf1830, cb5f3fa6c3d12517cc598420e86e33c9c9c43969, b3e0c570c0313d8abdf84c67c80abbfc1c03c724, 7f36381fed367ae6016cf0d3acf1c63a9635d42e]"
"e22dd5efbf9368e0839406a39c8bb402807f0691","1c276837df0525a0b313703b48f941366f2bc319","84f21cdc3ebd89509e71cb2fc44161c3d3b994d1","5dbc3237045c7067f90549b8846e15553ae5ffa3","[1c276837df0525a0b313703b48f941366f2bc319, 24c267e608f87f4c59cf4335b84f67dc558ae7cb, 1153c38132ce71fa54d594c153eb68d162fdb4ab, aa9d2f5274608dbe600f5a6bffc3714f9f68bc5b, 2057dd2dc528f9b011f3d82aec888281af61a188, 1542d665c9254f3307627a3741199a9687d45ca4, a20a96fbe5de2e5f4839a6b424ece954b56c7381, d6ea88fc5ab20a96a69ea5920541c10ab5ab1f15, 124fd376d3db374b4b182b44d54a5b347eb93b4c, 9ba037c826ec484330a271215c2315d969a1dc22, deb51fdda008cd6de5bcc4476f1d34b0ad9c2ae6]","[84f21cdc3ebd89509e71cb2fc44161c3d3b994d1, 2f76cb79846585bd08c7c5e76f513d2a588f1f0e, 35970dbef05c539d490751907c9d28b96ed5b098]"
"1153c38132ce71fa54d594c153eb68d162fdb4ab","aa9d2f5274608dbe600f5a6bffc3714f9f68bc5b","5dbc3237045c7067f90549b8846e15553ae5ffa3","ea3fdd163a96da2932e98f1efafab0be750e634c","[aa9d2f5274608dbe600f5a6bffc3714f9f68bc5b, 2057dd2dc528f9b011f3d82aec888281af61a188, 1542d665c9254f3307627a3741199a9687d45ca4, a20a96fbe5de2e5f4839a6b424ece954b56c7381, d6ea88fc5ab20a96a69ea5920541c10ab5ab1f15, 124fd376d3db374b4b182b44d54a5b347eb93b4c, 9ba037c826ec484330a271215c2315d969a1dc22, deb51fdda008cd6de5bcc4476f1d34b0ad9c2ae6]","[5dbc3237045c7067f90549b8846e15553ae5ffa3]"
"aa9d2f5274608dbe600f5a6bffc3714f9f68bc5b","2057dd2dc528f9b011f3d82aec888281af61a188","d6ea88fc5ab20a96a69ea5920541c10ab5ab1f15","ea3fdd163a96da2932e98f1efafab0be750e634c","[2057dd2dc528f9b011f3d82aec888281af61a188, 1542d665c9254f3307627a3741199a9687d45ca4, a20a96fbe5de2e5f4839a6b424ece954b56c7381, 9ba037c826ec484330a271215c2315d969a1dc22, deb51fdda008cd6de5bcc4476f1d34b0ad9c2ae6]","[d6ea88fc5ab20a96a69ea5920541c10ab5ab1f15, 124fd376d3db374b4b182b44d54a5b347eb93b4c]"
"2057dd2dc528f9b011f3d82aec888281af61a188","1542d665c9254f3307627a3741199a9687d45ca4","deb51fdda008cd6de5bcc4476f1d34b0ad9c2ae6","ea3fdd163a96da2932e98f1efafab0be750e634c","[1542d665c9254f3307627a3741199a9687d45ca4, a20a96fbe5de2e5f4839a6b424ece954b56c7381, 9ba037c826ec484330a271215c2315d969a1dc22]","[deb51fdda008cd6de5bcc4476f1d34b0ad9c2ae6]"
"1542d665c9254f3307627a3741199a9687d45ca4","a20a96fbe5de2e5f4839a6b424ece954b56c7381","9ba037c826ec484330a271215c2315d969a1dc22","ea3fdd163a96da2932e98f1efafab0be750e634c","[a20a96fbe5de2e5f4839a6b424ece954b56c7381]","[9ba037c826ec484330a271215c2315d969a1dc22]"
"ea3fdd163a96da2932e98f1efafab0be750e634c","78fa763cc4a7a0121c07a9d95fa43e07c43f9a2f","60acf4c0582bde8108aea43ab0702148c6469b73","ec15f576cf3433bf88c902e50721ce424a749d8e","[78fa763cc4a7a0121c07a9d95fa43e07c43f9a2f, be2374866846997cc2132bfa0dae0fe85a7c6a32, d922ad63c543ae9c948eacdb20d2a56ab32e3503, ed15b1ba3c978b6e0323499faa77eff5668c5b3f, 686c17595c8fc5af9d709c1a9984a597ed4b263a, 2d3cb24280c45ce902c7d86ca3950e0567470761, afec21108e9b93e1ca2e97d61679733c685cdb7e]","[60acf4c0582bde8108aea43ab0702148c6469b73]"
"78fa763cc4a7a0121c07a9d95fa43e07c43f9a2f","be2374866846997cc2132bfa0dae0fe85a7c6a32","afec21108e9b93e1ca2e97d61679733c685cdb7e","ec15f576cf3433bf88c902e50721ce424a749d8e","[be2374866846997cc2132bfa0dae0fe85a7c6a32, d922ad63c543ae9c948eacdb20d2a56ab32e3503, ed15b1ba3c978b6e0323499faa77eff5668c5b3f, 686c17595c8fc5af9d709c1a9984a597ed4b263a, 2d3cb24280c45ce902c7d86ca3950e0567470761]","[afec21108e9b93e1ca2e97d61679733c685cdb7e]"
"be2374866846997cc2132bfa0dae0fe85a7c6a32","d922ad63c543ae9c948eacdb20d2a56ab32e3503","2d3cb24280c45ce902c7d86ca3950e0567470761","ec15f576cf3433bf88c902e50721ce424a749d8e","[d922ad63c543ae9c948eacdb20d2a56ab32e3503, ed15b1ba3c978b6e0323499faa77eff5668c5b3f, 686c17595c8fc5af9d709c1a9984a597ed4b263a]","[2d3cb24280c45ce902c7d86ca3950e0567470761]"
"ec15f576cf3433bf88c902e50721ce424a749d8e","3d501aaaa40031cd9272bef09ff62a20ce6277c8","24a6d8d2c735315b3d01ad349e0e9d3749b98b84","a836cd220a279191d2193d87209b5288d236927a","[3d501aaaa40031cd9272bef09ff62a20ce6277c8, 24736b40fed4d434a34aa9364bab7b24f750af84, 56bd328569c15416c5d1d5c82776919182b911c3, 2ffd6bdefa499969a81603ed7f11602a23a672c1, d708185ae3d30d1de026f410bb8475c996cc953d, 17c5ae075b3be600acb5938247259418a92c3254, ced4d5efa8bde5275244dd55db202426ba0d9b42]","[24a6d8d2c735315b3d01ad349e0e9d3749b98b84, fb578d5388248f170490d1d332d7777341afc88b]"
"3d501aaaa40031cd9272bef09ff62a20ce6277c8","24736b40fed4d434a34aa9364bab7b24f750af84","2ffd6bdefa499969a81603ed7f11602a23a672c1","c66261d240bf75000a7ca763a1324d317df665f6","[24736b40fed4d434a34aa9364bab7b24f750af84, 56bd328569c15416c5d1d5c82776919182b911c3, a836cd220a279191d2193d87209b5288d236927a, fe38e3c3bf0e51a42ac90f1a52aa6bbbb3328c59, 34db1ee9a14da2ead09fff8bf7f2f91a33dca8c1, c869d80c041383c0883490a2628fd11fbbf58d0c, a2f06edae8405c2dbe7daf594d9af5c89b3e2bc7, 69ec3db8af2b996f4299a9d6922e22bb7b40e87a, 60d8fe4ed29b7da2498486b24f9ecd5d3462666f]","[2ffd6bdefa499969a81603ed7f11602a23a672c1, d708185ae3d30d1de026f410bb8475c996cc953d, 17c5ae075b3be600acb5938247259418a92c3254, ced4d5efa8bde5275244dd55db202426ba0d9b42]"
"a836cd220a279191d2193d87209b5288d236927a","fe38e3c3bf0e51a42ac90f1a52aa6bbbb3328c59","34db1ee9a14da2ead09fff8bf7f2f91a33dca8c1","c66261d240bf75000a7ca763a1324d317df665f6","[fe38e3c3bf0e51a42ac90f1a52aa6bbbb3328c59, c869d80c041383c0883490a2628fd11fbbf58d0c, a2f06edae8405c2dbe7daf594d9af5c89b3e2bc7, 60d8fe4ed29b7da2498486b24f9ecd5d3462666f]","[34db1ee9a14da2ead09fff8bf7f2f91a33dca8c1, 69ec3db8af2b996f4299a9d6922e22bb7b40e87a]"
"fe38e3c3bf0e51a42ac90f1a52aa6bbbb3328c59","60d8fe4ed29b7da2498486b24f9ecd5d3462666f","c869d80c041383c0883490a2628fd11fbbf58d0c","c66261d240bf75000a7ca763a1324d317df665f6","[60d8fe4ed29b7da2498486b24f9ecd5d3462666f]","[c869d80c041383c0883490a2628fd11fbbf58d0c, a2f06edae8405c2dbe7daf594d9af5c89b3e2bc7]"
"c66261d240bf75000a7ca763a1324d317df665f6","8effd0e223fe241016afe56cfda7d87a70a51301","e1b02e3b37f3db9000bd105eb3d5ac6c13b13fb7","3c19b9e7ed05a0766b406e09a4edc879f0d77919","[8effd0e223fe241016afe56cfda7d87a70a51301, 964f5841179c2130b3d51b67ad39ac393105ce5b, 5e2e3574df9f747799a24c7bddc7d05ccbc25375, 32af0f379fa96e3224b8bee4fb1f14f048d7fa17]","[e1b02e3b37f3db9000bd105eb3d5ac6c13b13fb7, d292732b5cb9f5ae8e876a90b9a96db95c67e060, b507df55afe6f54477f5b9340ac1c409f5deca70]"
"3c19b9e7ed05a0766b406e09a4edc879f0d77919","8210cd4c3795553a12aad5ee1d4bd679b8bec0c5","bdd972ab2475c29bf99dcb55df5402ea26b209c1","3f0d3dc5728d257cb5bcc5a950f08cbc984891b9","[8210cd4c3795553a12aad5ee1d4bd679b8bec0c5, 2e3a3c4a7c94768af30ded46f2008bf234618337, 06e00060ebd7be82dccc5eec1e45f73eb402dee0, 83f8bbd68cf900852bc4c3d6279a997fe9b7bb74, 55ba84cbbd1d98f187eb022852c8c111072b3721, 1ac9606098149e1cb40b55e3501d93815390aefa, d0cbe8665f6dc9f8b22d3324468066088c73ea7d, 0886c9439f720a5a13b88626705ee33f21ed4396, 0ed450a5ce8bec171915e49ba4327dc891ab1585, c5ee4138eb374e24f53854e18f44ae064bb8315a, 2b06c9b2c09eb7dc6342571223cdbeeba57c3ead, 72d76b7688f62c3e1e34f5119f3d8d146186cb0a, 677eaf5e5380cf5fd01e2525c06e0ec477c5064c, 8b9131e981bf4b73eb1c23f379e73aa91667bc0f, 045b293b0130ba5c3a089df2d7ceaaf19110d26f, 7eafb03375df0ea2c2309750d7f2e4a6dfa0cdcd, d6ec85735133b449da03589aa901789630638536, 3043b8a4516e269acd2836ec0abcbcd6f3294669, b972ae4b73f539dbcf80b327ecea6b19b983dcc4, efc5af7310508e34cf01c903a9e917cc94c4325c, 8854a5ba8e59f238541a1c60ee4fb854acbf5a76]","[bdd972ab2475c29bf99dcb55df5402ea26b209c1, aa9332878b670abb867a938dba58cca86c8324d2, f4823805d32c046dbe8fcd79f9de674a32279d48, 91fdb34ca820fe0bdb969434d2e2cd01345d8040]"
"8210cd4c3795553a12aad5ee1d4bd679b8bec0c5","2e3a3c4a7c94768af30ded46f2008bf234618337","d6ec85735133b449da03589aa901789630638536","08d788430c54c7d7fb471ca18b3d9b5165e1bdd3","[2e3a3c4a7c94768af30ded46f2008bf234618337, 06e00060ebd7be82dccc5eec1e45f73eb402dee0, 83f8bbd68cf900852bc4c3d6279a997fe9b7bb74, 55ba84cbbd1d98f187eb022852c8c111072b3721, 1ac9606098149e1cb40b55e3501d93815390aefa, d0cbe8665f6dc9f8b22d3324468066088c73ea7d, 0886c9439f720a5a13b88626705ee33f21ed4396, 0ed450a5ce8bec171915e49ba4327dc891ab1585, c5ee4138eb374e24f53854e18f44ae064bb8315a, 2b06c9b2c09eb7dc6342571223cdbeeba57c3ead, 72d76b7688f62c3e1e34f5119f3d8d146186cb0a, 677eaf5e5380cf5fd01e2525c06e0ec477c5064c, 8b9131e981bf4b73eb1c23f379e73aa91667bc0f, 045b293b0130ba5c3a089df2d7ceaaf19110d26f, 7eafb03375df0ea2c2309750d7f2e4a6dfa0cdcd, 3f0d3dc5728d257cb5bcc5a950f08cbc984891b9]","[d6ec85735133b449da03589aa901789630638536, 3043b8a4516e269acd2836ec0abcbcd6f3294669, b972ae4b73f539dbcf80b327ecea6b19b983dcc4, efc5af7310508e34cf01c903a9e917cc94c4325c, 8854a5ba8e59f238541a1c60ee4fb854acbf5a76]"
"83f8bbd68cf900852bc4c3d6279a997fe9b7bb74","1ac9606098149e1cb40b55e3501d93815390aefa","55ba84cbbd1d98f187eb022852c8c111072b3721","7eafb03375df0ea2c2309750d7f2e4a6dfa0cdcd","[1ac9606098149e1cb40b55e3501d93815390aefa, 0886c9439f720a5a13b88626705ee33f21ed4396, 72d76b7688f62c3e1e34f5119f3d8d146186cb0a, 677eaf5e5380cf5fd01e2525c06e0ec477c5064c]","[55ba84cbbd1d98f187eb022852c8c111072b3721, d0cbe8665f6dc9f8b22d3324468066088c73ea7d, 0ed450a5ce8bec171915e49ba4327dc891ab1585, c5ee4138eb374e24f53854e18f44ae064bb8315a, 2b06c9b2c09eb7dc6342571223cdbeeba57c3ead, 8b9131e981bf4b73eb1c23f379e73aa91667bc0f, 045b293b0130ba5c3a089df2d7ceaaf19110d26f]"
"8b9131e981bf4b73eb1c23f379e73aa91667bc0f","045b293b0130ba5c3a089df2d7ceaaf19110d26f","7eafb03375df0ea2c2309750d7f2e4a6dfa0cdcd","2a791d94f04053e6edf7a1d408a98c81648f44fc","[045b293b0130ba5c3a089df2d7ceaaf19110d26f]","[7eafb03375df0ea2c2309750d7f2e4a6dfa0cdcd, 3f0d3dc5728d257cb5bcc5a950f08cbc984891b9, 08d788430c54c7d7fb471ca18b3d9b5165e1bdd3, 6b3ac32f8e329c153ca212febde1103176816040, 87b79c81c9252e88f1d15778963f2d64fd05e9d5, 387e0ef3be8d1d8133e10d9e5dcbd23de9c73ce0, d3222ff1b61725a01e6682018d30e1da3ff2e5fb, 18ca320cdb218ee2c17c89a056890e79096afeed, 3fed9b45d0f4be6f1b11af48a024170b7f2687bc, db8b654335c60aa531173e00763cd8f55f604c19, 867a8acf27db269faad064d88b263a6070193058, cc3da870e4611742766e4e9bd1023a94baf158b8]"
"b972ae4b73f539dbcf80b327ecea6b19b983dcc4","efc5af7310508e34cf01c903a9e917cc94c4325c","08d788430c54c7d7fb471ca18b3d9b5165e1bdd3","6b3ac32f8e329c153ca212febde1103176816040","[efc5af7310508e34cf01c903a9e917cc94c4325c, 8854a5ba8e59f238541a1c60ee4fb854acbf5a76]","[08d788430c54c7d7fb471ca18b3d9b5165e1bdd3]"
"3e743f8039a8ce7d92f7f3f40f1266fb0477658d","b3ca0003c0f65d8143c0dc789548d23e2ed18bcb","4c0d6e4892050911d43f4b5124d49054ef1f2ab2","53e2afd9bebd5d6142d54364ffd8798498f69b9f","[b3ca0003c0f65d8143c0dc789548d23e2ed18bcb, baf4ba6d4e164b3b9e8155a8483e1b9f26acd8e0, 1d0e1d1a502c92e81e497b7aa6b5acf4c3cc6761, c151ea5e94aa314d021a41a019e53957995d3785]","[4c0d6e4892050911d43f4b5124d49054ef1f2ab2, 60045dd206c57200d18e84eac3af101a312a5ab9, 75b9424a5210811c881f975f3fdbb86be7ea0dd7, abfb5042f5ca7cf2b0b7e012a0aa9051a7e237b4, 66be48b10ce99eafd6f9116c84d443fa110853a1, 44a9e9b596d3cdab2ba838d4faf8d6b6cdb2959f, c5c6bc8e53b9cc9539800a771971e4110026d501, 7a66b14aa4372a0589f409dbac50272547bc5f8b, b43968363479915379a02f35e77baa68e740903c, e6b917f68039bd31ddee1b60fa36ad0edc6219ca, a9a263bac37837611d446b1e7ba62241e4eb90e9, 6090a15914823f41476f75f1b5f9f917811d8995, 417ce1801171a7f8ebf2c1b37d4ab638b70fa07e, 7ce0a9229373207bf97199702ae73592b03d7d95, dea0eeb1024a2fb3b2f13522f4f69ec4d0e4614c, c1f41ab808becf48c52ce59737bc47a317e42f38, 678b89601add4172b43a542a3a350bb87ebf8bbb, e2c9afec95bdf2988787d48e6515c00ef23e0e83, 35f91ea3ccb6b2f9dbce24fd7374f1f80e6fb7ca, a231bf52a1b2171d9aab441fa265b8cada847192]"
"4c0d6e4892050911d43f4b5124d49054ef1f2ab2","60045dd206c57200d18e84eac3af101a312a5ab9","c5c6bc8e53b9cc9539800a771971e4110026d501","7a66b14aa4372a0589f409dbac50272547bc5f8b","[60045dd206c57200d18e84eac3af101a312a5ab9, 75b9424a5210811c881f975f3fdbb86be7ea0dd7, abfb5042f5ca7cf2b0b7e012a0aa9051a7e237b4, 66be48b10ce99eafd6f9116c84d443fa110853a1, 44a9e9b596d3cdab2ba838d4faf8d6b6cdb2959f]","[c5c6bc8e53b9cc9539800a771971e4110026d501]"
"9a20f34186610a6c8c64fe4d0557f7c204b8ba93","5e2b3f7ee51b21918b542a0b3a4adc6a1e5c811f","1e7dc0106471242a8c91ac864dfa8b9947effcec","3d289146506f1aba5800de0cb394b2bf0e837359","[5e2b3f7ee51b21918b542a0b3a4adc6a1e5c811f, 0f572d50463aec8a28cbf7e87cb0a59fd4fd334e, 3ad983fbabeabf3df7ac444912e38b26b0d262ca]","[1e7dc0106471242a8c91ac864dfa8b9947effcec, 83ecd3c798f278e93459b305d2e7d721b7adca50, 3ab58887cf49fb161787d0669c8cfe40f13d1c3a]"
"91ceea412f5fc3b9a9ae36b9bffae0b95eef55a1","ee5ae7b762317684c7d31d374ab1e3ec8d1acce5","233619a34422a7912fbc0aec04840a4148738a20","b23c5c978bc03f8c2e159fbf7b41b87635e817eb","[ee5ae7b762317684c7d31d374ab1e3ec8d1acce5]","[233619a34422a7912fbc0aec04840a4148738a20]"
"d30d368f9d373e77958fed74079c8c978f5d0ef1","cdae7ac9dc45799e0ca41530fbf5c5be188f6afe","7a8fcd01ad4665cf30eaf3d18523ea321b6759a2","ded9b3e5df9d5d4619d8a21353c909a63b2f38c5","[cdae7ac9dc45799e0ca41530fbf5c5be188f6afe, 172ab6d07adeb9f183a33ce473d8ea55ace13c4c, ea1fa94977084f628cf190686b612bef6dc1794a, b57558b896f30fea5ae15af736a1b0163647fc58, 08c387fb0e7a75384c8a9c535c08b7c36d36be46, 708c0d53070b756dc9d7f3022244335705496a93, e10d26b3cd4e39d8a360adffa726f952a4eafab7, 5c2fb84650a605b324eb7b13930b330ca0c5d308, 55b4fb36e518ff43b092f994059b8bcf347df7f5, a3fbccabe1effad30aebc99e5a1080e24395490d, d32562c06c8bcb5c13c10196ee380ed758e33f84, 61d92a725ffaa9144cb79f2dd9e1c02429fe2a8e, 68c8420f1c29f61192f334cc1aa25d74c99e52f9, 1ad3f268a2a37d5751b7f29816b165f026eb9fc6, bb5534128fefdb17221a1c1fe0067e636d14502a, c9f4331810abb8067c9792c0c67b8c01ef98de6b]","[7a8fcd01ad4665cf30eaf3d18523ea321b6759a2, 6fcc42e2322e99d3ec8d971380089313cb96cd17, d7671c0de3ac615ad9ddf23734a97122562e8169, 68f4ac2ebdd08c8dbab8287836d48a4776fafaa2, 5b97f2c7ebbdaef2b9ed07102686f62c79eaa8ee, f68f080abbeddc922899074eb5ac994a8edb72fa]"
"ea7ca081ba27201a5d429e373c976b2ebb849234","01bf61467f72546b69c0f33065c6faf5fce256c7","640ffa130cd6bcfe0ac28d1cdd1264f687d1d6dd","15f5cf8208a0b9d505d0c1ed1ef29d299f532236","[01bf61467f72546b69c0f33065c6faf5fce256c7, 73c263c75db6f3523dba5530f64bd44f20972bd6, be260be27a795c8f15575f5bd8852df0d76460e4, 5616f5c892ecbe2f1a368cea05e0ab2cccc4dd93, 94c4d313484c350ee76a99dd2d764b97fc3107c4, 77b51399f98b65bf658225606498d24beba6125c, 74e0b31cea17b253c3a5a815ed22002d79159502, abb7d1c0187b137e72e92a9de817ea112954f548, 833526b3a71828d76ba90da8356d2041d07d515e, 752e4460999f54b9b63e6bd37c3108e1d447b949, 122971047999672f0f22fa8bc293502a2515ba71, d28fcfcd15df1ac5ca977feb1b782e13c9cd278a, e3249c22ff0e048528f8f54156445cc5c6534481, ea96fab732eb45ebc8e8897baa3198706b23d48c, f8a7a96c8421fa1e7bad887e402838776ef8be80, e6fe8b412d03e4860074d135ea3d8dbfe29f1a10]","[640ffa130cd6bcfe0ac28d1cdd1264f687d1d6dd, d76c846bb04d30f8c6620a523b3e60cef6d5ee81, 9544140998742b710a749285504c86f22381b0ef, 3e37909fee0552d86186f68c34890862b766f78b, e319261e603bdc2a8e35ce70dcfb063786d49064, 171b1aec27619ca11a30bd535c5df0c7c83d81be, 0b5b529dac3f83d280f8dbbeea207e63413e25a9, 6942b8812566b86684d1b72046886b04b6da943e, 5e06fc2376d064109854c78d4eea725d79b73c93, 1341307948c94ea78b535fb970650baf3df29ba5, 964168ae04caa0b513d30b660b4ba30603d9d0f7, feb08b0c5c903a20ea071e423e1bc2f0d66b5adc, e27e47808ef2a23e6717f12c3b6a8ccb4eeb0095, 091ee569298ac8b5cf7808630d06b453bfb1a121, 6d0bf0c0d682685dccd859be43e535a909047b0c, f21a05847e8bb96181aa5a7e6bb90e74c8b0dadf, 4147bfb72b54bf79417f6785405b08227e3ca138, 7070d6f3e2262212d2881a594e3a19df45fafcd2, 8afb14db742d9b1724bb577624fd92b665917902, 33c77a80ed2c9e1bba31f01303695efc9c0ba3fd, f45581e559caf2ab60b81178a4555919005553f3, c094cdbf5247410d9c31ccb7f789584e93a19599, b66bc6122c0744ad84a6aefb8e6f79a79291fde3, 1a637f0b7053993ed8e0ff8615e5166374b67871, a6c46056f8e1dd132b9916ef5dc62359a0c778fe]"
"be260be27a795c8f15575f5bd8852df0d76460e4","5616f5c892ecbe2f1a368cea05e0ab2cccc4dd93","15f5cf8208a0b9d505d0c1ed1ef29d299f532236","2720c3b1dbb4e60a634a0b8ca182bb71a0365187","[5616f5c892ecbe2f1a368cea05e0ab2cccc4dd93, 94c4d313484c350ee76a99dd2d764b97fc3107c4, 77b51399f98b65bf658225606498d24beba6125c, 74e0b31cea17b253c3a5a815ed22002d79159502, abb7d1c0187b137e72e92a9de817ea112954f548, 833526b3a71828d76ba90da8356d2041d07d515e, 752e4460999f54b9b63e6bd37c3108e1d447b949, 122971047999672f0f22fa8bc293502a2515ba71, d28fcfcd15df1ac5ca977feb1b782e13c9cd278a, e3249c22ff0e048528f8f54156445cc5c6534481, ea96fab732eb45ebc8e8897baa3198706b23d48c, f8a7a96c8421fa1e7bad887e402838776ef8be80, e6fe8b412d03e4860074d135ea3d8dbfe29f1a10]","[15f5cf8208a0b9d505d0c1ed1ef29d299f532236, 607f7d2681ed7e28e00faf7d28da9fe0d8ca0fa5, 624677a1155a4e867a806471c9bcd267ee3ef0df, fe8a3844b2e2f1fc05fcfcb75ae131bb22df26bd, 08a7687ec031f41b6dc5ed8ecf19c5e7718696e1, 282fd9cf6da37838eae4172db90a4798ab300389, a4528863e504c1958c27301057d04081b5d3f8b8, 424091625085a03d4bb819f23bc7287d8294059c, 279562909c3f6c4930b67176a38911cb142251b7, 01fd7409b994fe906a4661a2f42247439e5026e5, abddf1ec6d20df271f94660368391ea37bb7469e, 490d3cfa70b7bc2ef4a19602b22900e06b3f2e72, ed80361b07a067a0bb351a82f1e722846dd0750b, 80c443c1a386bc0bf0e6679cba778e2b7d979041, 81b91a7c82d14cdb899f109d7f99e958bfb1319f, 82177705f5c334f279adf043f8c6c047f114c8dd, c2be990c2581750df69486f88035dad99b623558, b698a0d805f7bc3725c84c4a15bdcc9180b991db]"
"d28fcfcd15df1ac5ca977feb1b782e13c9cd278a","e3249c22ff0e048528f8f54156445cc5c6534481","2720c3b1dbb4e60a634a0b8ca182bb71a0365187","f0670a0ce93e1c32c13eb4a0d41b59d0f32b505f","[e3249c22ff0e048528f8f54156445cc5c6534481, ea96fab732eb45ebc8e8897baa3198706b23d48c, f8a7a96c8421fa1e7bad887e402838776ef8be80, e6fe8b412d03e4860074d135ea3d8dbfe29f1a10]","[2720c3b1dbb4e60a634a0b8ca182bb71a0365187, 581a31e0a8f3aaa57c1415bb7029978bfe6eb2cb, e9affed3532e78c815d77fa5aa46670c9d93da50, 9c745e025fa448d606ae80ef0874b6b01063e349, 31dfb413fe006573d2ca3deef9a372141d417a2e, ebc36f5c6317fed96b07376b0c343bb8dfa5164b, d04ada134c2eaf05eb4b767bbe3e6d05fba53f7f, 2e7c836fdff63d1d56cffb0a08cac85f81dcb94d, 4dc75cf9898781a6d1944999bf0611c9077e402e, 12f71110dc04baf133f9f3b2ca69988e11466555, c25e5818e0a79eee595659354d46a23bd700ccc9, 60b18f2c9bf5d7a441a90db77e32c5af8083295e, 7baa120162f35caa78dfb21f83bfc62e86cf4f07, 2cc964c7bb4caf0556f2bb08f9cfdc3274edd465, 317d83d709731931778ce730f7f6ab01bad04ea3, 1816dfba56b90d8e4f2b267b458e4cfdd3428275, d42eda591edfda75a96309be067ff3f0aa6162b6, 1785ef6fbbbae3254fadabd312048a10b8c66a54, d0b184d6a0e852771b0b37b1205e709310e690a5, de39e4c03b7c5dadb27aa3753d5da992cce1fed1, 339f4c6fff3a72a112ffda733bf5b4c18b4ab5e5, e204a87fa8a4f17ace2cffe69cdfdc8cf845f501, fc6b561f9b0781f651f01aa304dda5e3c07ea3da, 0024e576b161b0c9a40218e106b82d1c20a6ea2c, 46b1d8438a41b9320f2b7a4e42b28ed85373a7ca, 04d0df99bb8ab67513f0acb5ae3db43fb79ead73, ef1f02cefd7367014ea70caf0cac10ad545e5ac8, 59fcd16b0a05da65d94c214a6aee1ff46e043e9b, 664ce0764fa495f8f40216e115591f7c5918b2f2, 8a42866519b3714c3f7f5e0e4c82d71446d113df, a6626f9d928e82e7696f7298272e12672f13ec05, 856b70e33e682b084e261966f615ca46635e0436, adb99d329a0e2a929c1f14014d99a7a1694fc9a8, ae72ffe0c5c8c41f32f7e2fd2643acf2a31ccef7, 4b53920946bd527344120b94fad0deea9276df52, 855e9eb78dd8f2702b737503b930664a5666602d, 3337d0fa1ee5e99e949940783a08d3d8fb2331b5, e6a719fa3ff9c74dc350c5579d001a7a46db511c, 67d26170e7c5008b67fcfdf59a7acf2cbe649b27, ce6a3b856479d55a7e44bf70a208389d3b9635c0]"
"d42eda591edfda75a96309be067ff3f0aa6162b6","d0b184d6a0e852771b0b37b1205e709310e690a5","1785ef6fbbbae3254fadabd312048a10b8c66a54","de39e4c03b7c5dadb27aa3753d5da992cce1fed1","[d0b184d6a0e852771b0b37b1205e709310e690a5, 339f4c6fff3a72a112ffda733bf5b4c18b4ab5e5, fc6b561f9b0781f651f01aa304dda5e3c07ea3da]","[1785ef6fbbbae3254fadabd312048a10b8c66a54]"
"d0b184d6a0e852771b0b37b1205e709310e690a5","339f4c6fff3a72a112ffda733bf5b4c18b4ab5e5","de39e4c03b7c5dadb27aa3753d5da992cce1fed1","e204a87fa8a4f17ace2cffe69cdfdc8cf845f501","[339f4c6fff3a72a112ffda733bf5b4c18b4ab5e5, fc6b561f9b0781f651f01aa304dda5e3c07ea3da]","[de39e4c03b7c5dadb27aa3753d5da992cce1fed1]"
"339f4c6fff3a72a112ffda733bf5b4c18b4ab5e5","fc6b561f9b0781f651f01aa304dda5e3c07ea3da","e204a87fa8a4f17ace2cffe69cdfdc8cf845f501","0024e576b161b0c9a40218e106b82d1c20a6ea2c","[fc6b561f9b0781f651f01aa304dda5e3c07ea3da]","[e204a87fa8a4f17ace2cffe69cdfdc8cf845f501]"
"04d0df99bb8ab67513f0acb5ae3db43fb79ead73","59fcd16b0a05da65d94c214a6aee1ff46e043e9b","ef1f02cefd7367014ea70caf0cac10ad545e5ac8","664ce0764fa495f8f40216e115591f7c5918b2f2","[59fcd16b0a05da65d94c214a6aee1ff46e043e9b]","[ef1f02cefd7367014ea70caf0cac10ad545e5ac8]"
"a6626f9d928e82e7696f7298272e12672f13ec05","856b70e33e682b084e261966f615ca46635e0436","ae72ffe0c5c8c41f32f7e2fd2643acf2a31ccef7","f0670a0ce93e1c32c13eb4a0d41b59d0f32b505f","[856b70e33e682b084e261966f615ca46635e0436, adb99d329a0e2a929c1f14014d99a7a1694fc9a8, 3337d0fa1ee5e99e949940783a08d3d8fb2331b5, e6a719fa3ff9c74dc350c5579d001a7a46db511c]","[ae72ffe0c5c8c41f32f7e2fd2643acf2a31ccef7, 4b53920946bd527344120b94fad0deea9276df52, 855e9eb78dd8f2702b737503b930664a5666602d, 67d26170e7c5008b67fcfdf59a7acf2cbe649b27, ce6a3b856479d55a7e44bf70a208389d3b9635c0]"
"67d26170e7c5008b67fcfdf59a7acf2cbe649b27","ce6a3b856479d55a7e44bf70a208389d3b9635c0","f0670a0ce93e1c32c13eb4a0d41b59d0f32b505f","1b5976e075edf9b434a9cfa346d6b32f271e8e91","[ce6a3b856479d55a7e44bf70a208389d3b9635c0]","[f0670a0ce93e1c32c13eb4a0d41b59d0f32b505f]"
"ea96fab732eb45ebc8e8897baa3198706b23d48c","f8a7a96c8421fa1e7bad887e402838776ef8be80","f0670a0ce93e1c32c13eb4a0d41b59d0f32b505f","1b5976e075edf9b434a9cfa346d6b32f271e8e91","[f8a7a96c8421fa1e7bad887e402838776ef8be80, e6fe8b412d03e4860074d135ea3d8dbfe29f1a10]","[f0670a0ce93e1c32c13eb4a0d41b59d0f32b505f]"
"f8a7a96c8421fa1e7bad887e402838776ef8be80","e6fe8b412d03e4860074d135ea3d8dbfe29f1a10","1b5976e075edf9b434a9cfa346d6b32f271e8e91","65321d41146aa83ad9177902334fd662d06b59d6","[e6fe8b412d03e4860074d135ea3d8dbfe29f1a10]","[1b5976e075edf9b434a9cfa346d6b32f271e8e91, 117cddf9b27aa25a19e6b8a76d980fb8050794fe]"
