"https://github.com/CoralineAda/opensourceforwomen.org.git"
"MERGE","LEFT","RIGHT","BASE","LEFT_COMMITS","RIGHT_COMMITS"
"6383c84ce333682ba886d2a5efb4a10bb8e3e366","6d43e4f1e9eb5c0105bc8b429b0d3204d751a5a1","804611de22e7501ff150b5d93da0ebe590395e68","95acbcad4dae14684ae02b57ad6a4d381227cb63","[6d43e4f1e9eb5c0105bc8b429b0d3204d751a5a1, cf9ee9b30008f62bf4fc87db681c14df1073b765, ea4cbb60b282a8a19387705308b555fb2104dd80, 061e7fc48aa9e17dd626b9f42f75f72ddbe71077, 6e799996d3308e66d617253d06e3172858f44bb9, b296b51b2f668c268851df5539aa48e2d53ceea0, 9149cdac07f51c0feecda15313509617a9f03e12, db1f8d3f15f894504ed65e07aecb5f1f9d302caa, 19e5802ea3c8f8d7577ae319217768692c75cc13, 0ce43b3e9a8c52231f6fcac0958edb28c5acbb46, cba32ac9d53674baa15e400d778ba7d55fb8409b, ead149be405f3b1c9b7382f56d9fb6443d7f1ee2, 388d34d4ef8f8a0aa84ea42fd0bbee753c04c240, ac880c2cad26b7fa9dcbd6c0d5cf76a835c4dd02, 2102c7315cc2d05db6f98b5884b90bb81e34b97d, 35f6f708bff0a601b7242820e9131c66f3bdd0f0, 80d139fc03429731388eeaa3b43f9509206c8c8b, 27cef90ddb0e402bfe9f00629b10ea7a3c19375a, de4249af695f7f1feec036d4e40e3e3ccc6ee180, 9a0366b375e2415228319863f4e5303eb74255fe, 57817eaf1eaba9e6cd2fac4f04e7c7d645f4e4f7, bef3b8f36f533175d68b3648ec76f132c2efd443, 46ec41a99941a1075f2184c5d2a8784cd405565e, 638d52f3b492afd645e46ad30f3c16b0f8c3bf5f, 6919b1e9f23512bc65c3a418820848c1733d2f61]","[804611de22e7501ff150b5d93da0ebe590395e68]"
"061e7fc48aa9e17dd626b9f42f75f72ddbe71077","b296b51b2f668c268851df5539aa48e2d53ceea0","6e799996d3308e66d617253d06e3172858f44bb9","9149cdac07f51c0feecda15313509617a9f03e12","[b296b51b2f668c268851df5539aa48e2d53ceea0]","[6e799996d3308e66d617253d06e3172858f44bb9]"
"388d34d4ef8f8a0aa84ea42fd0bbee753c04c240","80d139fc03429731388eeaa3b43f9509206c8c8b","ac880c2cad26b7fa9dcbd6c0d5cf76a835c4dd02","95acbcad4dae14684ae02b57ad6a4d381227cb63","[80d139fc03429731388eeaa3b43f9509206c8c8b, 27cef90ddb0e402bfe9f00629b10ea7a3c19375a, de4249af695f7f1feec036d4e40e3e3ccc6ee180, bef3b8f36f533175d68b3648ec76f132c2efd443, 46ec41a99941a1075f2184c5d2a8784cd405565e, 638d52f3b492afd645e46ad30f3c16b0f8c3bf5f, 6919b1e9f23512bc65c3a418820848c1733d2f61]","[ac880c2cad26b7fa9dcbd6c0d5cf76a835c4dd02, 2102c7315cc2d05db6f98b5884b90bb81e34b97d, 35f6f708bff0a601b7242820e9131c66f3bdd0f0, 9a0366b375e2415228319863f4e5303eb74255fe, 57817eaf1eaba9e6cd2fac4f04e7c7d645f4e4f7]"
"b9e27525f226f3c3e78578b02d3fcb9ecbad5013","29f025e40bcf95162c4c2af50e20df59f44d57fa","8caf16de59f2c971cee10c033a64c1c1028e017e","d269074e0103071f3428a16cec924c9aa228a58c","[29f025e40bcf95162c4c2af50e20df59f44d57fa]","[8caf16de59f2c971cee10c033a64c1c1028e017e, 017610128455e7267275d8db354e340185fd143a, 3e8bdbd99fd054d898737638054d089b6fae50a1, 573777dfdad3e9a8878223d3e8363cb2b6820a8a, daca07b4dce7d301d4e6f65dd62e76a062ce1c24, d3650037eee4e979085b07f8d2e08de536f27a6c, 2aff99d7c2f2748157cab6cb7994bd8ab1d21fc5, d3944c21e9453cf0866df3511426e5f75b4d4226]"
"cc6eec2f215c5daf4ed2f53640c6273e4ad9bd25","2c08dcdcc213bd81fe0e34f36568c89e021e0407","09f46649a67b229d87d70dacf6c3ca6d77fb3e53","084072d0baad91004d6bd02e23d9116a4cb06327","[2c08dcdcc213bd81fe0e34f36568c89e021e0407]","[09f46649a67b229d87d70dacf6c3ca6d77fb3e53, 0a52d9a0594c96aedb90bdcd97f6097401c208e8, 289228a10a8ef08367d6854016318ee51e101dbb, bf6f6739a8e5de9209d19bad7e29184babbd5225]"
"09f46649a67b229d87d70dacf6c3ca6d77fb3e53","0a52d9a0594c96aedb90bdcd97f6097401c208e8","289228a10a8ef08367d6854016318ee51e101dbb","6f3f2d9bd2d68de02701052cc85bda083620748b","[0a52d9a0594c96aedb90bdcd97f6097401c208e8, 084072d0baad91004d6bd02e23d9116a4cb06327, bf6f6739a8e5de9209d19bad7e29184babbd5225, bec55c0936af8b2649d07d19a810b0cfaadb923e, 3757f98d06c65f030acd2f4a463192b8c261878b, d666432a6129671450a0f29d7d349ceaf161096e, c0e0c07084e111139aa2d857362734ff6fa0245f, 99a8d573b53d027c1fa64c72da4c3a2d9006da8f, fb6b93ba23ee5f191df2a82a3c2341459704d658, 02182fcfacf988fc779ab6ee0c3c519a0b0970ea, 86e16a8f2400aca556bc8996852358495a0b19b7, 7074ed591ffa157c3dffb46913bb7b86b9a06f65]","[289228a10a8ef08367d6854016318ee51e101dbb]"
"0a52d9a0594c96aedb90bdcd97f6097401c208e8","084072d0baad91004d6bd02e23d9116a4cb06327","bf6f6739a8e5de9209d19bad7e29184babbd5225","6f3f2d9bd2d68de02701052cc85bda083620748b","[084072d0baad91004d6bd02e23d9116a4cb06327, bec55c0936af8b2649d07d19a810b0cfaadb923e, 3757f98d06c65f030acd2f4a463192b8c261878b, d666432a6129671450a0f29d7d349ceaf161096e, c0e0c07084e111139aa2d857362734ff6fa0245f, 99a8d573b53d027c1fa64c72da4c3a2d9006da8f, fb6b93ba23ee5f191df2a82a3c2341459704d658, 02182fcfacf988fc779ab6ee0c3c519a0b0970ea, 86e16a8f2400aca556bc8996852358495a0b19b7, 7074ed591ffa157c3dffb46913bb7b86b9a06f65]","[bf6f6739a8e5de9209d19bad7e29184babbd5225]"
"d666432a6129671450a0f29d7d349ceaf161096e","c0e0c07084e111139aa2d857362734ff6fa0245f","99a8d573b53d027c1fa64c72da4c3a2d9006da8f","fb6b93ba23ee5f191df2a82a3c2341459704d658","[c0e0c07084e111139aa2d857362734ff6fa0245f, 02182fcfacf988fc779ab6ee0c3c519a0b0970ea, 86e16a8f2400aca556bc8996852358495a0b19b7]","[99a8d573b53d027c1fa64c72da4c3a2d9006da8f, 02182fcfacf988fc779ab6ee0c3c519a0b0970ea, 86e16a8f2400aca556bc8996852358495a0b19b7]"
"c0e0c07084e111139aa2d857362734ff6fa0245f","fb6b93ba23ee5f191df2a82a3c2341459704d658","02182fcfacf988fc779ab6ee0c3c519a0b0970ea","6f3f2d9bd2d68de02701052cc85bda083620748b","[fb6b93ba23ee5f191df2a82a3c2341459704d658, 7074ed591ffa157c3dffb46913bb7b86b9a06f65]","[02182fcfacf988fc779ab6ee0c3c519a0b0970ea, 86e16a8f2400aca556bc8996852358495a0b19b7]"
"99a8d573b53d027c1fa64c72da4c3a2d9006da8f","fb6b93ba23ee5f191df2a82a3c2341459704d658","02182fcfacf988fc779ab6ee0c3c519a0b0970ea","6f3f2d9bd2d68de02701052cc85bda083620748b","[fb6b93ba23ee5f191df2a82a3c2341459704d658, 7074ed591ffa157c3dffb46913bb7b86b9a06f65]","[02182fcfacf988fc779ab6ee0c3c519a0b0970ea, 86e16a8f2400aca556bc8996852358495a0b19b7]"
"144e2ab53d90bbe64783be328db9ab008c02561a","792b2cd70c20baa3f3cc8540b62111c164e91d13","c706c598e227d305124470566d82113904e29a33","95c5f16ba512c15ee22bf668a9c24a073681350c","[792b2cd70c20baa3f3cc8540b62111c164e91d13]","[c706c598e227d305124470566d82113904e29a33]"
"3559eff67f5278ad24a2907e1c91cb7af28865bc","1f2d48d3b522fc819c8260d97c9be05c22aeedf6","c5d2e04cd0be757f00466854e4c6870b3b8e382f","13fc232da3437153385be120b5ac0433a5192ab2","[1f2d48d3b522fc819c8260d97c9be05c22aeedf6]","[c5d2e04cd0be757f00466854e4c6870b3b8e382f, a0f72ebde416383c47019eb9d44a92a24eff8d8d, a766adb9a2eab4e0b42de6c4d0838f3c8f184c3a, 7350ef831b605ff2e53fe1a87e995d5c8d6d4754]"
"2afd84b49d55a50bac4a6ffbdd3a3901b7f6cb7d","75ee8a575177a408413d0d953b41396b71ebc151","950cc74e985da06f8ac9349d883a3a30676de6a5","6945e3dd8665d5ca2be46b26e1d5c20fdca94f89","[75ee8a575177a408413d0d953b41396b71ebc151, 6ae7d8534c900106bd3e37c615ceee6ce945786c]","[950cc74e985da06f8ac9349d883a3a30676de6a5]"
"52ec3219ac91b96088294f82e87304ef20952619","0320481939fd7deb8e46f53ba9a10607ba299cfa","bca16ccd1ebf850a4befe20ca6aa4116be196c4a","10fde5c827af48e633baacfe07a45633619abf40","[0320481939fd7deb8e46f53ba9a10607ba299cfa, c6397797b2c4feb674d782e7cddb377f0c524e1d, 453d4645a71cd96a0f25b6bf5504a213596b9dfa, c75e8c9016ed9ba26da0d417427690b2481b9688, 8773f701325685821c682072fd4a97d662427846, 74975fc8243323acf927fa4eca2e83473469d348]","[bca16ccd1ebf850a4befe20ca6aa4116be196c4a]"
"c6397797b2c4feb674d782e7cddb377f0c524e1d","453d4645a71cd96a0f25b6bf5504a213596b9dfa","10fde5c827af48e633baacfe07a45633619abf40","91c129816498c689de879eee77f5dd5189443c72","[453d4645a71cd96a0f25b6bf5504a213596b9dfa, c75e8c9016ed9ba26da0d417427690b2481b9688, 8773f701325685821c682072fd4a97d662427846, 74975fc8243323acf927fa4eca2e83473469d348]","[10fde5c827af48e633baacfe07a45633619abf40]"
"453d4645a71cd96a0f25b6bf5504a213596b9dfa","c75e8c9016ed9ba26da0d417427690b2481b9688","91c129816498c689de879eee77f5dd5189443c72","39a884699af55f11d739da293d9187edeafcc1f9","[c75e8c9016ed9ba26da0d417427690b2481b9688, 8773f701325685821c682072fd4a97d662427846, 74975fc8243323acf927fa4eca2e83473469d348]","[91c129816498c689de879eee77f5dd5189443c72]"
"8773f701325685821c682072fd4a97d662427846","74975fc8243323acf927fa4eca2e83473469d348","39a884699af55f11d739da293d9187edeafcc1f9","c10433564a4a70b7a7639c119056c1cb590fe000","[74975fc8243323acf927fa4eca2e83473469d348]","[39a884699af55f11d739da293d9187edeafcc1f9]"
