"https://github.com/cufcq/cufcq.git"
"MERGE","LEFT","RIGHT","BASE","LEFT_COMMITS","RIGHT_COMMITS"
"30fc0363d7530fbe0e424b65b30bb8c223acb4f6","44d8f1f1200d61e87a335fe8d693de55ed98aca7","9a911765421b74fe5778ca64a4c44bd6eff429b3","82544697db1025867f6956affa1b282f8eacc5f0","[44d8f1f1200d61e87a335fe8d693de55ed98aca7, 3e22f2ee6391b07093f7d38c87f7188781de959a, 8512efdf92bcc88c14d91c3fc03e4ca76601163b]","[9a911765421b74fe5778ca64a4c44bd6eff429b3, f078227bbacfe8560fc84d7c8aed832c04443e36, e921813cce3bc559de1740ffdad1117297f16446, b290f5bff8fee6c865b1c5cf793c3215aba49620, 79327921b2ba8f08ac6358fdba9101bb2e6d31a1, 001c3381134a700405dd8f62060e0b7fb59edca5]"
"befd4fb4f14327168eee00a8d0e0a90b61d906cb","52655d16bb716f37a6ff57b2fad7d46ef418e8db","f76dc6404ce0839957ea1af1b2402a03ff4d344d","047726d011676da8510fc1861166512a49e8f25a","[52655d16bb716f37a6ff57b2fad7d46ef418e8db, ed8516ac8306d7fd1589614cc48287e2382f28a6, d25fdca53506d13c4d0c73bf798a46418860f714, df560f781c186dd32c1b4fea5069d0a52c07afb3, 876a95e03fe1fb07d27d8258c28a09062971c701, 847da03ebde660eae9061b5b614a8e825905c0bd, db4b4f91b1cacd9facfbd5dfab16b6426bdd922f, 03dd43177bc417baacc9b2434ca55273b28e4abb, 3cbe29e9d5deb01d81a429d6afbcb546c92b61ba, fdf81a02cc0d7900a831d7c0aba359769fb45c6a, 87dbe691484a053067b5078c65eec979b0950a44, 4d1c1685e37230c6cd957fbf6705d765cb6b1e45, 070b412f4932dbe778314da961a5f9bef8477a68]","[f76dc6404ce0839957ea1af1b2402a03ff4d344d, d2d96e5ccb14d6ce90c55d243a81a11ed0506b9d, 918b6b5222b2fcf6733d986033cda3f157fc0f00, 7c7643739b22588b1405ec15ddc2a8877796a146, e3a867419d58ea76978bd92fc82957b28f6af4ac, ee2fb260c33088ebdb86b7b66753fb9c08cf9688, a1973130604f846cf67de91573232f1c9d25b488]"
"df560f781c186dd32c1b4fea5069d0a52c07afb3","03dd43177bc417baacc9b2434ca55273b28e4abb","876a95e03fe1fb07d27d8258c28a09062971c701","3cbe29e9d5deb01d81a429d6afbcb546c92b61ba","[03dd43177bc417baacc9b2434ca55273b28e4abb, fdf81a02cc0d7900a831d7c0aba359769fb45c6a]","[876a95e03fe1fb07d27d8258c28a09062971c701, 847da03ebde660eae9061b5b614a8e825905c0bd, db4b4f91b1cacd9facfbd5dfab16b6426bdd922f, fdf81a02cc0d7900a831d7c0aba359769fb45c6a]"
"db4b4f91b1cacd9facfbd5dfab16b6426bdd922f","3cbe29e9d5deb01d81a429d6afbcb546c92b61ba","fdf81a02cc0d7900a831d7c0aba359769fb45c6a","87dbe691484a053067b5078c65eec979b0950a44","[3cbe29e9d5deb01d81a429d6afbcb546c92b61ba]","[fdf81a02cc0d7900a831d7c0aba359769fb45c6a]"
"03dd43177bc417baacc9b2434ca55273b28e4abb","fdf81a02cc0d7900a831d7c0aba359769fb45c6a","3cbe29e9d5deb01d81a429d6afbcb546c92b61ba","87dbe691484a053067b5078c65eec979b0950a44","[fdf81a02cc0d7900a831d7c0aba359769fb45c6a]","[3cbe29e9d5deb01d81a429d6afbcb546c92b61ba]"
"f76dc6404ce0839957ea1af1b2402a03ff4d344d","047726d011676da8510fc1861166512a49e8f25a","d2d96e5ccb14d6ce90c55d243a81a11ed0506b9d","a14cb13745a89ce8265bf13c5fc901a39472bdf7","[047726d011676da8510fc1861166512a49e8f25a]","[d2d96e5ccb14d6ce90c55d243a81a11ed0506b9d, 918b6b5222b2fcf6733d986033cda3f157fc0f00, 7c7643739b22588b1405ec15ddc2a8877796a146, e3a867419d58ea76978bd92fc82957b28f6af4ac, ee2fb260c33088ebdb86b7b66753fb9c08cf9688, a1973130604f846cf67de91573232f1c9d25b488]"
"a17b8696913d9da3971c0d0872afc55a6936ea3e","1bc14aa7415f4ec9cdafbfda6e01edfa3cfc684c","6b18616475fa047dcc379548dc0a8ffe6c9bfea7","dccdeda20067473a084e282021f956495b4e743d","[1bc14aa7415f4ec9cdafbfda6e01edfa3cfc684c]","[6b18616475fa047dcc379548dc0a8ffe6c9bfea7, 53154de2862e2a5568f68380d4e130dd2d637100, 950f02127a176a0c33e2719cd3c6da9d5c7efd42, a0518b5b497e2a0aec12b342f1e8be02f401f59c, e13bf4135054d090b32cf2b762aa0d67414a1de5, 5a39bd8ed40654e81794e3873317d0e4bf68d46d, 23bdfc5b06a480fddb7ee55261ccdcc771fe959a, d9ea70a41d32c57843381544a2fbec688563e7ba, de5df583621237341f8907ad94eacd7e243c69ac]"
"a0518b5b497e2a0aec12b342f1e8be02f401f59c","e13bf4135054d090b32cf2b762aa0d67414a1de5","dccdeda20067473a084e282021f956495b4e743d","ecf2fed2abc0f4da4403ac783cd7511dfc84519b","[e13bf4135054d090b32cf2b762aa0d67414a1de5, 5a39bd8ed40654e81794e3873317d0e4bf68d46d, 23bdfc5b06a480fddb7ee55261ccdcc771fe959a, d9ea70a41d32c57843381544a2fbec688563e7ba, de5df583621237341f8907ad94eacd7e243c69ac]","[dccdeda20067473a084e282021f956495b4e743d, e9197525ecf5bd0edd8d2209e4468b96c79b5fe6, 92fd904a96c4a17f98080277dfd5fa3e6025d851, 2cb617fbddb62e36c502182fbe732bd6e7f8b3d7, f2b8d585fd6fd63e36d05e75437df113af89bffb]"
"28ea2dfeade06b3f405198b4993d6781b9c1c31a","9a77068e5280f9c9592eafbb73bca9ee9e82d95e","b15373c96e33cd93931fa4ec08d07c003ecbc575","918ca870de178c41ece5f5f78588f3d3a7b6ec9f","[9a77068e5280f9c9592eafbb73bca9ee9e82d95e, 0fb46712ec923d5a7e78348ce94954ce529b9f0f, 03ee2ffc2057cab6fb5ff350d998aea285339791, bcf1b9b24d3acdfce97050fe0c4c737780e32f0e, 120bb6721bfce9b9fb629ec7923f77c0545d7ea3, 4df810893aa9e31d5507704706365097408eb2d5, 63143765aa722645962e41edb6e0deae5fc9d96c, fbd5845ac258d5705ed82771d13cb989fd8318b4, 9000e098edbd19d6bd386bd74c3b65473d432611, 21c954bdbb481fc4a4ba612aaebaa05868f76c78, 8b2dcc43d80f6cd434d7e85944b2f64ceea60e3e, 10c28cdecd8531e50950db32c4022e810881e83b, 33733dd4421d9bbed37120fa52684b3d4f0bd91f, 7202b0fedc0f68448a0426e5fc6b28dea7b6f917, 3ee6078a432f0a8a876ff980904db87cb643a0d8]","[b15373c96e33cd93931fa4ec08d07c003ecbc575, e50bcc853d4c69993810b27478483a7a7527ae5e, 6daf7dd7950f5faa783724741de10a399ab87639, 2efba820bc1fa7d25c051e4b26a3eb39880b13fe, ffb1685803b9a7e4e710e74ce398c545fa7ace0e, edd0968907e7aaba4692b0fcd51cdd861d048707, 712e6454ec92eb044750f4f3e7782117737589bf, 3c7c24f5f780af03323ec13bd9135d42dca79fea, 5c4183b66c48baeccfb15526e19e4d31b30872eb, bd4a0697df0b94bc772469882982d4e880f792f8, 31dc2ecaf9ca981ecd6e8d11a6808de707ee17d4, 57b170ec6aeb45045f8590615352e03a74d2c398, 9a7b85941a86e6ebdf9c3e9a3e91284c09f2ed5a, 22154c0116478f527942fad02226a8c29bee6209, 363fad13a6e9d4a31c3d7cb9cb6e6b69add58eb4, 16518dcfa143eea3b2cea5f6d2fd286bee7c83f6, 33fb6d4a5c2709f214a8c0b8857fee8843b75560, aec20414e33ce1b428d781a9e672568cd0f29ef2, 7a90a18fa478d28b74e80cfc904ece9526038b15, bf684e46035cd23afca37ac838e581a1e3f23c20, e3826a8b0fd376e68006fe87bc5a67cbe290c904, 9b5d2e137391d86b95c5df12a42012933bd890cc, ba4c2d0eea4dbbea2fb2c5d02d1d7e95f7e68bd3, e5e526fd36b77b0406c61c65033de13d85ad9128]"
"712e6454ec92eb044750f4f3e7782117737589bf","3c7c24f5f780af03323ec13bd9135d42dca79fea","5c4183b66c48baeccfb15526e19e4d31b30872eb","bd4a0697df0b94bc772469882982d4e880f792f8","[3c7c24f5f780af03323ec13bd9135d42dca79fea]","[5c4183b66c48baeccfb15526e19e4d31b30872eb]"
"120bb6721bfce9b9fb629ec7923f77c0545d7ea3","4df810893aa9e31d5507704706365097408eb2d5","918ca870de178c41ece5f5f78588f3d3a7b6ec9f","71b0629b0b42dc5f8d91440a13d57deae1739bbe","[4df810893aa9e31d5507704706365097408eb2d5, 63143765aa722645962e41edb6e0deae5fc9d96c, fbd5845ac258d5705ed82771d13cb989fd8318b4, 9000e098edbd19d6bd386bd74c3b65473d432611, 21c954bdbb481fc4a4ba612aaebaa05868f76c78, 8b2dcc43d80f6cd434d7e85944b2f64ceea60e3e, 10c28cdecd8531e50950db32c4022e810881e83b, 33733dd4421d9bbed37120fa52684b3d4f0bd91f, 7202b0fedc0f68448a0426e5fc6b28dea7b6f917, 3ee6078a432f0a8a876ff980904db87cb643a0d8]","[918ca870de178c41ece5f5f78588f3d3a7b6ec9f, e2aabaae15005c6696ebad665b9f581d2216f21b]"
"90e77d24929a1cdb86d3f5a860537cdcc72f8e78","f3abf6da6146864a45b6104f1139aea35ea48f71","99b357bc732a3553d3b72cecd8aa1e5e21b79230","c1d4bf6759656c4628a087073188aae5ef363ca2","[f3abf6da6146864a45b6104f1139aea35ea48f71]","[99b357bc732a3553d3b72cecd8aa1e5e21b79230, c9ad9b2e580ae2693d3611eb35a9e4e1ea65bd88, 855f01ccfce3ce8d7dd553db5e440104538d61c0]"
"119c91c443d003efa3bb562a4c27535aebc1cff0","b09c364621f4675afb501516c33974f67bc3cf37","3f2d1a5817adfb3bc7ad70e1eec6203ad07c3e13","ec1e48c6d755bb83e5b97ea5199e1d1a3732f8e2","[b09c364621f4675afb501516c33974f67bc3cf37, 6a8537ccc5acb55f9e0c9fff1529e8030ea1ad2a, 4b26f50fe95bc3eb2dbb67bb22a963f0c1eb802b, 4977bcbe0e2f02e14353691de34e6db082586598]","[3f2d1a5817adfb3bc7ad70e1eec6203ad07c3e13]"
"6a8537ccc5acb55f9e0c9fff1529e8030ea1ad2a","4b26f50fe95bc3eb2dbb67bb22a963f0c1eb802b","ec1e48c6d755bb83e5b97ea5199e1d1a3732f8e2","86504a713cbf9f9a1c5b43521e0110c6c3141d4c","[4b26f50fe95bc3eb2dbb67bb22a963f0c1eb802b, 4977bcbe0e2f02e14353691de34e6db082586598]","[ec1e48c6d755bb83e5b97ea5199e1d1a3732f8e2]"
"4b26f50fe95bc3eb2dbb67bb22a963f0c1eb802b","4977bcbe0e2f02e14353691de34e6db082586598","86504a713cbf9f9a1c5b43521e0110c6c3141d4c","8752a1e56cc67ace86d9d09bdb4d2656fdaecc83","[4977bcbe0e2f02e14353691de34e6db082586598]","[86504a713cbf9f9a1c5b43521e0110c6c3141d4c]"
"2103cca09953152ecc8634091cf1d098eac62488","1366b1176703766a00472911715798e28079d290","4c2ec9d1d52c04e619318270c8b451d0e45db014","0daa5b99911b4c6ebce274bcfa71e0843820fc38","[1366b1176703766a00472911715798e28079d290, ce1e3f3dd0f2d35bbcfbba62b86720c761e469c8]","[4c2ec9d1d52c04e619318270c8b451d0e45db014, b481c4a716e293d8ab88ff0259db975af0c33bbd, 7dcacaf94462ff40763dcea850bdc3e72ee0aa5e, 05096e2496d6b364de7c11001d003419594f6bec, 6fd4c3c28ba94c9a1814a80cd32ba3dccfa3e97a, 46fdb3dc9a4aab24aaa3f322143deea1eecff9f6, 219e146a62ffcd0b455160844c92e5557514e542]"
"05096e2496d6b364de7c11001d003419594f6bec","6fd4c3c28ba94c9a1814a80cd32ba3dccfa3e97a","46fdb3dc9a4aab24aaa3f322143deea1eecff9f6","0daa5b99911b4c6ebce274bcfa71e0843820fc38","[6fd4c3c28ba94c9a1814a80cd32ba3dccfa3e97a]","[46fdb3dc9a4aab24aaa3f322143deea1eecff9f6, 219e146a62ffcd0b455160844c92e5557514e542]"
"834db1b37a18ad4bf59ca7b1d81c78de8dcbe515","a14f381354d778eebd994184a5cc52e7541db3ab","cf458c10fd6303edd40e850f908688b4df31cf10","fc971058afbfe67179a135aba22f93a60fd29e88","[a14f381354d778eebd994184a5cc52e7541db3ab]","[cf458c10fd6303edd40e850f908688b4df31cf10]"
"f6427f1de3f7badf9fed898453ca22699ac66235","1e251061798b108de7e9e0d7b60c777df9551b91","ed0663cb3d3e476e2d5c429b2af418383e938b50","6a3e601bae673658c407cc85762443f730a171bd","[1e251061798b108de7e9e0d7b60c777df9551b91]","[ed0663cb3d3e476e2d5c429b2af418383e938b50, 1c971a5eff48d300d668e043e49239611901e244]"
"8d9daadbf6bc52442ca4cfb749c6cdd8afaace18","2f4293cf99b9ec304ea850db9f6b1128e1b2151c","4ab5e05bddee4c7f2771ae41204fe422b6e381db","78e2b2442962164b2dc3454f573d10c13bde2151","[2f4293cf99b9ec304ea850db9f6b1128e1b2151c, 1c8d92456efbb1ecf5b42794507b71c134137e3a, 1cd2017a722f0183096234981322b06e03ee9a87, 2113cc6ba12418c87ec091bee7c46250e711d14d, 788a54f133c48be08a32558dc23bd86926f4b735, 217d3fe8f900497168876943a2663e6fc57f3e8c, 653d0b65ab693757ed3805ec2b96c0d59c1d54e4, a78be44915d89b9338a89c0ea82a1d0eb55a9a1e, a1377ca6fa62afa656dc417af5af9fad48c5d8e8, ff3ae05846228f8de81af9eeb8587077e9310149, 7c69f4abe3f48648eca6e877e9ba0faff6c6e04d, 3297ec1e18f4f433c25727c957af5af4006d3309, e0edc8d5716844aece6b8921c2904a1d1dce63d0, a0b1a90ca7dc4ea9d21b566060005a27cd1c13fb, f075827ba4b24f8ae4e4132e94980c68848fad6c]","[4ab5e05bddee4c7f2771ae41204fe422b6e381db]"
"26743dc44012fadd80c7ddf401ade61fa2c65d59","a3b6eefacd2a2b94bc718af0ecaffea2f21543e0","f64914227f5e5ecff5baf5874f96306baa3783fb","cfe170f1d5fc0bf62cbe6652c53a2476191c585f","[a3b6eefacd2a2b94bc718af0ecaffea2f21543e0, 3b63aaf38247cccd8925b06b3b7ff28c4f26150f]","[f64914227f5e5ecff5baf5874f96306baa3783fb, ca1b176283954ff74c9ab631a3e5ff183e984e47, e076e774161abc80b66ac83de5f054d6835d7ae1, cf10c8d01b5006b011364ba486fb8479f1ca894a]"
"e076e774161abc80b66ac83de5f054d6835d7ae1","cf10c8d01b5006b011364ba486fb8479f1ca894a","cfe170f1d5fc0bf62cbe6652c53a2476191c585f","bd054566819bf3728944820f292a1b0f0f954816","[cf10c8d01b5006b011364ba486fb8479f1ca894a]","[cfe170f1d5fc0bf62cbe6652c53a2476191c585f]"
"d0afa6505c279a828f3508089039f5e6a29fc55a","ba4da53e015d3d2d925b1b051d91137ebac94c0a","b20d253ab83edd46cc938d1cd69fb2769ead1c3e","beb86c094147438ac7e3a79825ec9daa25d814a3","[ba4da53e015d3d2d925b1b051d91137ebac94c0a]","[b20d253ab83edd46cc938d1cd69fb2769ead1c3e, a01650042c0cfb9b340cb02f603bf447a6114e36, a8f40d59275bbbc2bd64a670d85c0e0f909a4619]"
"4bf72033971b8d73f1278e094fbc8576ba3efc0f","42431afd6266318e06b4554c9b6d7e2de88e158b","62d2de3e89e129457bd2c6b5493bde943f4e4f75","72b23a0edf1e62dd329c17ab2300317dd391eb35","[42431afd6266318e06b4554c9b6d7e2de88e158b]","[62d2de3e89e129457bd2c6b5493bde943f4e4f75]"
"8b1c57c2382fd903fc4f718ba3dc0a51785ebed6","171f7f322e3e9e9b35a76dd25b2cbae7e2c7aa26","89133d2db6e5c27dd4dca530a520aecce747c2ee","7b89912ecb0f8d69862853089a58f24c90b38607","[171f7f322e3e9e9b35a76dd25b2cbae7e2c7aa26, 688097b9706888d7b7f8feb96eb1411e2e7fcd52]","[89133d2db6e5c27dd4dca530a520aecce747c2ee, af96ad64a13beec89995d53cd59ff35f04d25597, b43bf5104dfd5e9ee9770a22e9478d18ac80676f, af2c7b29406aaccc0c8c5639e7e8a882dc08dda4]"
"68d48c60ff5a88278ba88546c552d04b03e8476a","98db6dbc06505b989e201528ce7d375bc70a107d","3002ace4be31c0aae15030cd4a58b7d82d91b912","f4d520ea6b98cd67422bc774bc1c2b136d1e0526","[98db6dbc06505b989e201528ce7d375bc70a107d, 6722b7d52bdaf8f11d31789c6b9453e3c88e4c63]","[3002ace4be31c0aae15030cd4a58b7d82d91b912]"
"dbe8c79791913fccdc75a03efbd13c188d807fa0","755a8b1313594a8ed7ac2c15bb8c05e39b682b82","7ce332e39e37132f5a921d3659709ec17f0b6c4f","c3a693e0536c8c18e2048090a65235ac5a3c16af","[755a8b1313594a8ed7ac2c15bb8c05e39b682b82]","[7ce332e39e37132f5a921d3659709ec17f0b6c4f]"
"ebf75bf70cd4b2aa44289e291135ccc6fa116a38","47ae18a9e67e4b6aa3fa22819e3834f37d789d92","0b1e17ce0533f9f39c1ad88e4fb8b4843a6f95a9","0ed0cdecad47478f00847513801e28977084e65a","[47ae18a9e67e4b6aa3fa22819e3834f37d789d92, 4ea905671c1803024a79f82cec6a814167445c80]","[0b1e17ce0533f9f39c1ad88e4fb8b4843a6f95a9, a463002403deb380bfc4b8ee06cdbe1a8a8f5e64]"
"47ae18a9e67e4b6aa3fa22819e3834f37d789d92","4ea905671c1803024a79f82cec6a814167445c80","0ed0cdecad47478f00847513801e28977084e65a","aa67efaa4ac96b5536846e78453a1fd890db6bb4","[4ea905671c1803024a79f82cec6a814167445c80]","[0ed0cdecad47478f00847513801e28977084e65a]"
"7cff8bccff1f70bf3a57fefdd2fd77d0db9b2495","a999cef3bc5a601adc65a9ab7c19cbc537dcfeff","cb109e7c58d5b7130140d0b19e4e96da41bc41d1","61314722304ca5d1914c1c8ac1f7cac0650eac62","[a999cef3bc5a601adc65a9ab7c19cbc537dcfeff]","[cb109e7c58d5b7130140d0b19e4e96da41bc41d1, 3c2445f594bced3d16884a1ff2d6855af6f32bf7, 2f127a4351eb786565753a4881cdd70fcda05b1f, 16e7f905f100ee841ffe6fd53f0d312fc78f8f27, 443c67421013591de5b248ab26d4716538a056b0, 3c5e5766d054b557ab125b8e706bac1c72cbf856, 5f99440b6abafb46b2acf634778c93ff9466a58a, 96f4b81c2c4b96076ddc76789fb8886c84285930, 1d1969675d0dd0860de36a5d0ff45b71396a90d6, d3c1d8b1c098d9915656101efca8f7a368aea7b6, 98fc382099ca2c0660b7f16874afbbdc1e5a3b50, 7db306166a7cd50d2106cf956a77b309bf06bd80]"
"2f127a4351eb786565753a4881cdd70fcda05b1f","16e7f905f100ee841ffe6fd53f0d312fc78f8f27","443c67421013591de5b248ab26d4716538a056b0","1d1969675d0dd0860de36a5d0ff45b71396a90d6","[16e7f905f100ee841ffe6fd53f0d312fc78f8f27]","[443c67421013591de5b248ab26d4716538a056b0, 3c5e5766d054b557ab125b8e706bac1c72cbf856, 5f99440b6abafb46b2acf634778c93ff9466a58a, 96f4b81c2c4b96076ddc76789fb8886c84285930]"
"98fc382099ca2c0660b7f16874afbbdc1e5a3b50","7db306166a7cd50d2106cf956a77b309bf06bd80","61314722304ca5d1914c1c8ac1f7cac0650eac62","289f8849edb185ef3e251391865ccdf81cb9bd87","[7db306166a7cd50d2106cf956a77b309bf06bd80]","[61314722304ca5d1914c1c8ac1f7cac0650eac62, b0d0cc4537b6c57683c1f61020ba83a2c5d40133]"
"289f8849edb185ef3e251391865ccdf81cb9bd87","63255e4dbf6b08cd86654f41e7992c65c06b54c3","4028c0f66186a14e56f0eaf40b14872a61f01f4d","b70d3480a33bf76e18fd678f7947d3a2cf09983b","[63255e4dbf6b08cd86654f41e7992c65c06b54c3]","[4028c0f66186a14e56f0eaf40b14872a61f01f4d, 4ee63c8cab143a76f34704dee0c68cf6fbcf3b56]"
"f6ac886c109fdaf39fe3e5273a129c0dbcc846c9","32d849047e7b44e3c2d9bbc1df8048fc4fd12781","804a17291b9e77b87df652e70589e5d5ed232db9","463d9b4f92467475e8a0a3a5a1e68d744b8f2eb5","[32d849047e7b44e3c2d9bbc1df8048fc4fd12781]","[804a17291b9e77b87df652e70589e5d5ed232db9, 4070665d427533b68a122cc64ebec8930d9aaf16, cbfbb87cfeb0eba9c0c6d9ba4969252eb01bae7d]"
"3bf896491259f77fa606e4035b752ca4121c43ae","81b1f99a0957ce4c9f27d834dba9f22078901db9","23b14ac0d1ffa3b1f1b91c367a6bec85f65cc7a8","8f4330cfb06f05d61c34c80e08771f671e48e132","[81b1f99a0957ce4c9f27d834dba9f22078901db9]","[23b14ac0d1ffa3b1f1b91c367a6bec85f65cc7a8, 19ba915872d0c8d9f688885ee00147acb064f0f4, 640acb56ff95c67614245e648bb715f78abaad1f, f0d1fec1e8c7ca5247e8f8848ee7759f913adc35, 4d610027c21dec7ed1718efc3f359cfa1be98fc4]"
"640acb56ff95c67614245e648bb715f78abaad1f","f0d1fec1e8c7ca5247e8f8848ee7759f913adc35","8f4330cfb06f05d61c34c80e08771f671e48e132","4723b5e8f57f7091279025c29e09a4182ef92d48","[f0d1fec1e8c7ca5247e8f8848ee7759f913adc35, 4d610027c21dec7ed1718efc3f359cfa1be98fc4]","[8f4330cfb06f05d61c34c80e08771f671e48e132, 4bc07bcfde3abfa6f1af9a2f5ca8b3171bf8dd1e, 3413d567e2320fadfc715a916e69067331408236, 079512a45307dd7d4b926005b3dbe4dac687e0de, dbc2ad7bbe3d277c3a0791d7b91f35348f025b30]"
"f0d1fec1e8c7ca5247e8f8848ee7759f913adc35","4d610027c21dec7ed1718efc3f359cfa1be98fc4","4723b5e8f57f7091279025c29e09a4182ef92d48","a9fc9156d2fd7f50c64dac82873e48cc9f630ece","[4d610027c21dec7ed1718efc3f359cfa1be98fc4]","[4723b5e8f57f7091279025c29e09a4182ef92d48]"
"079512a45307dd7d4b926005b3dbe4dac687e0de","dbc2ad7bbe3d277c3a0791d7b91f35348f025b30","4723b5e8f57f7091279025c29e09a4182ef92d48","a9fc9156d2fd7f50c64dac82873e48cc9f630ece","[dbc2ad7bbe3d277c3a0791d7b91f35348f025b30]","[4723b5e8f57f7091279025c29e09a4182ef92d48]"
