"https://github.com/gleneivey/wontomedia.git"
"MERGE","LEFT","RIGHT","BASE","LEFT_COMMITS","RIGHT_COMMITS"
"bdf5bb96e7913de89b02314e32dfff5744ec17a2","a04376fcbcc02641b2d0e3523896021f25e2aa5d","6d615184996c1ce55c7619dbeea0cda732e434b9","10cf7b9cab669b3ea91e4e48f149d1008ff865c4","[a04376fcbcc02641b2d0e3523896021f25e2aa5d, 6d6a45d78c4d48e9d616cfa4743f43b933ff7e48, 7d8c1b5ed6737862362849f5e234928b108096fe, 556a6305127620f15b49f10b19e4bd5367916700]","[6d615184996c1ce55c7619dbeea0cda732e434b9]"
"a04376fcbcc02641b2d0e3523896021f25e2aa5d","10cf7b9cab669b3ea91e4e48f149d1008ff865c4","6d6a45d78c4d48e9d616cfa4743f43b933ff7e48","0a2d4ceb21252221675e148c65ed5b120c1dcf6c","[10cf7b9cab669b3ea91e4e48f149d1008ff865c4, f7fb0a6e9a5de24e7be43c561d9461a1305e7a0c, 0bee31376255c298ceb40c6808e05031cd9f80b4, db203ce3080356eb00162bdc199126bfd89adb50, 60d39c5e69b72676cc4643427fb996614dd6ed87, 88da4d790e26f6b1d6df0f52cba2d272254b63bf, a0b6895d52d3e5660f2f57c31c1ec9178af50661, 55a901843820bce5f70691bbd6a0bd18019d5f5d]","[6d6a45d78c4d48e9d616cfa4743f43b933ff7e48, 7d8c1b5ed6737862362849f5e234928b108096fe, 556a6305127620f15b49f10b19e4bd5367916700]"
"f7fb0a6e9a5de24e7be43c561d9461a1305e7a0c","0bee31376255c298ceb40c6808e05031cd9f80b4","0a2d4ceb21252221675e148c65ed5b120c1dcf6c","ae94ee7c27afe8627b0d162b390fdbd02899a59e","[0bee31376255c298ceb40c6808e05031cd9f80b4, db203ce3080356eb00162bdc199126bfd89adb50, 60d39c5e69b72676cc4643427fb996614dd6ed87, 88da4d790e26f6b1d6df0f52cba2d272254b63bf, a0b6895d52d3e5660f2f57c31c1ec9178af50661, 55a901843820bce5f70691bbd6a0bd18019d5f5d]","[0a2d4ceb21252221675e148c65ed5b120c1dcf6c, 6352adecce766f195b9cafdf3c35896f9b5bcc90]"
"6d6a45d78c4d48e9d616cfa4743f43b933ff7e48","7d8c1b5ed6737862362849f5e234928b108096fe","0a2d4ceb21252221675e148c65ed5b120c1dcf6c","ae94ee7c27afe8627b0d162b390fdbd02899a59e","[7d8c1b5ed6737862362849f5e234928b108096fe, 556a6305127620f15b49f10b19e4bd5367916700]","[0a2d4ceb21252221675e148c65ed5b120c1dcf6c, 6352adecce766f195b9cafdf3c35896f9b5bcc90]"
"78f53552018ab195ec220cb4dd76940dd8001f5b","5f012bfa56078a64a6b9ad162564644da0fd6011","332bcd044776d8d44236589c5d0b7c7b234b1650","3f917840f0731368cb919c4f873890a8b4dbaae8","[5f012bfa56078a64a6b9ad162564644da0fd6011]","[332bcd044776d8d44236589c5d0b7c7b234b1650, 1365cd5ca4cdf41a3abcdaed10fc9bfa08cbe779, 8ba89f478dbc6420e96ed9ebbb38fabc4ff86f16, 1005b527d6671d3889d466b0b84ed2e8ed8a4bd8, 6c75c56cad48f5439f994d1deb90cd75e6a1a621, 1cd4e62c4f9602c0e563889b443a655dc200979d, a8ddf0576045fd943f53f00953644e48176ed858, 5c82e7883d3621109477b8f8df38177896604363, d5f8bb8c754c760da6abb6930bc2d11b744ab30e, 8d280f6af72b2f255f299fae2176bed45c835d0a, ef6a531acc1e8440425743edf3ce06a3c3b74155, 3dc06f5d7ed7715ec7811c124e30eacd798b0e15, 1c9aec03254e6f5ca4e479aff69a768455e3ea71, 7e6ea99ccfe151b1eee8281bee3222439a38b3b9, 4eee6fa576bad29fe46d4d000565ce7776c65bb1, 45d6d56d0d20b20a263ab388d4bdc5aab56fabfa, b5ec77aa46d0daf1aed1f9cd3756c27895a5f8e4]"
"332bcd044776d8d44236589c5d0b7c7b234b1650","1365cd5ca4cdf41a3abcdaed10fc9bfa08cbe779","3f917840f0731368cb919c4f873890a8b4dbaae8","86116e044948acc957fd93b7d720fb5f654a933e","[1365cd5ca4cdf41a3abcdaed10fc9bfa08cbe779, 8ba89f478dbc6420e96ed9ebbb38fabc4ff86f16, 1005b527d6671d3889d466b0b84ed2e8ed8a4bd8, 6c75c56cad48f5439f994d1deb90cd75e6a1a621, 1cd4e62c4f9602c0e563889b443a655dc200979d, a8ddf0576045fd943f53f00953644e48176ed858, 5c82e7883d3621109477b8f8df38177896604363, d5f8bb8c754c760da6abb6930bc2d11b744ab30e, 8d280f6af72b2f255f299fae2176bed45c835d0a, ef6a531acc1e8440425743edf3ce06a3c3b74155, 3dc06f5d7ed7715ec7811c124e30eacd798b0e15, 1c9aec03254e6f5ca4e479aff69a768455e3ea71, 7e6ea99ccfe151b1eee8281bee3222439a38b3b9, 4eee6fa576bad29fe46d4d000565ce7776c65bb1, 45d6d56d0d20b20a263ab388d4bdc5aab56fabfa, b5ec77aa46d0daf1aed1f9cd3756c27895a5f8e4]","[3f917840f0731368cb919c4f873890a8b4dbaae8, 2c86b5e85a3fb7467318868f62e6a3d6fdaff3e9]"
"1365cd5ca4cdf41a3abcdaed10fc9bfa08cbe779","8ba89f478dbc6420e96ed9ebbb38fabc4ff86f16","86116e044948acc957fd93b7d720fb5f654a933e","f41dae110251583bb3187d7ff592946f25cafa4f","[8ba89f478dbc6420e96ed9ebbb38fabc4ff86f16, 1005b527d6671d3889d466b0b84ed2e8ed8a4bd8, 6c75c56cad48f5439f994d1deb90cd75e6a1a621, 1cd4e62c4f9602c0e563889b443a655dc200979d, a8ddf0576045fd943f53f00953644e48176ed858, 5c82e7883d3621109477b8f8df38177896604363, d5f8bb8c754c760da6abb6930bc2d11b744ab30e, 8d280f6af72b2f255f299fae2176bed45c835d0a, ef6a531acc1e8440425743edf3ce06a3c3b74155, 3dc06f5d7ed7715ec7811c124e30eacd798b0e15, 1c9aec03254e6f5ca4e479aff69a768455e3ea71, 7e6ea99ccfe151b1eee8281bee3222439a38b3b9, 4eee6fa576bad29fe46d4d000565ce7776c65bb1, 45d6d56d0d20b20a263ab388d4bdc5aab56fabfa, b5ec77aa46d0daf1aed1f9cd3756c27895a5f8e4]","[86116e044948acc957fd93b7d720fb5f654a933e]"
"8ba89f478dbc6420e96ed9ebbb38fabc4ff86f16","1005b527d6671d3889d466b0b84ed2e8ed8a4bd8","f41dae110251583bb3187d7ff592946f25cafa4f","616494cec8fe1c0b970c37b78b7903e1375c16b1","[1005b527d6671d3889d466b0b84ed2e8ed8a4bd8, 6c75c56cad48f5439f994d1deb90cd75e6a1a621, 1cd4e62c4f9602c0e563889b443a655dc200979d, a8ddf0576045fd943f53f00953644e48176ed858, 5c82e7883d3621109477b8f8df38177896604363, d5f8bb8c754c760da6abb6930bc2d11b744ab30e, 8d280f6af72b2f255f299fae2176bed45c835d0a, ef6a531acc1e8440425743edf3ce06a3c3b74155, 3dc06f5d7ed7715ec7811c124e30eacd798b0e15, 1c9aec03254e6f5ca4e479aff69a768455e3ea71, 7e6ea99ccfe151b1eee8281bee3222439a38b3b9, 4eee6fa576bad29fe46d4d000565ce7776c65bb1, 45d6d56d0d20b20a263ab388d4bdc5aab56fabfa, b5ec77aa46d0daf1aed1f9cd3756c27895a5f8e4]","[f41dae110251583bb3187d7ff592946f25cafa4f]"
"1005b527d6671d3889d466b0b84ed2e8ed8a4bd8","6c75c56cad48f5439f994d1deb90cd75e6a1a621","616494cec8fe1c0b970c37b78b7903e1375c16b1","ecacfba8def8d5514a6af8133236db482edc8ff1","[6c75c56cad48f5439f994d1deb90cd75e6a1a621, 1cd4e62c4f9602c0e563889b443a655dc200979d, a8ddf0576045fd943f53f00953644e48176ed858, 5c82e7883d3621109477b8f8df38177896604363, d5f8bb8c754c760da6abb6930bc2d11b744ab30e, 8d280f6af72b2f255f299fae2176bed45c835d0a, ef6a531acc1e8440425743edf3ce06a3c3b74155, 3dc06f5d7ed7715ec7811c124e30eacd798b0e15, 1c9aec03254e6f5ca4e479aff69a768455e3ea71, 7e6ea99ccfe151b1eee8281bee3222439a38b3b9, 4eee6fa576bad29fe46d4d000565ce7776c65bb1, 45d6d56d0d20b20a263ab388d4bdc5aab56fabfa, b5ec77aa46d0daf1aed1f9cd3756c27895a5f8e4]","[616494cec8fe1c0b970c37b78b7903e1375c16b1]"
"6c75c56cad48f5439f994d1deb90cd75e6a1a621","1cd4e62c4f9602c0e563889b443a655dc200979d","ecacfba8def8d5514a6af8133236db482edc8ff1","06d4a82725ddae7f74332aa4ca73825d4b12d720","[1cd4e62c4f9602c0e563889b443a655dc200979d, a8ddf0576045fd943f53f00953644e48176ed858, 5c82e7883d3621109477b8f8df38177896604363, d5f8bb8c754c760da6abb6930bc2d11b744ab30e, 8d280f6af72b2f255f299fae2176bed45c835d0a, ef6a531acc1e8440425743edf3ce06a3c3b74155, 3dc06f5d7ed7715ec7811c124e30eacd798b0e15, 1c9aec03254e6f5ca4e479aff69a768455e3ea71, 7e6ea99ccfe151b1eee8281bee3222439a38b3b9, 4eee6fa576bad29fe46d4d000565ce7776c65bb1, 45d6d56d0d20b20a263ab388d4bdc5aab56fabfa, b5ec77aa46d0daf1aed1f9cd3756c27895a5f8e4]","[ecacfba8def8d5514a6af8133236db482edc8ff1]"
"a8ddf0576045fd943f53f00953644e48176ed858","5c82e7883d3621109477b8f8df38177896604363","06d4a82725ddae7f74332aa4ca73825d4b12d720","921ed4165179d4f0b518be9020652c6921d03439","[5c82e7883d3621109477b8f8df38177896604363, d5f8bb8c754c760da6abb6930bc2d11b744ab30e, 8d280f6af72b2f255f299fae2176bed45c835d0a, ef6a531acc1e8440425743edf3ce06a3c3b74155, 3dc06f5d7ed7715ec7811c124e30eacd798b0e15, 1c9aec03254e6f5ca4e479aff69a768455e3ea71, 7e6ea99ccfe151b1eee8281bee3222439a38b3b9, 4eee6fa576bad29fe46d4d000565ce7776c65bb1, 45d6d56d0d20b20a263ab388d4bdc5aab56fabfa, b5ec77aa46d0daf1aed1f9cd3756c27895a5f8e4]","[06d4a82725ddae7f74332aa4ca73825d4b12d720, 4e3877ed0705ab4637deccee421a8e7c01310261, 0578f6c10b08782ea848b9001ca68b5ce933258c]"
"d5f8bb8c754c760da6abb6930bc2d11b744ab30e","8d280f6af72b2f255f299fae2176bed45c835d0a","921ed4165179d4f0b518be9020652c6921d03439","df97d1144576498c596fe57d151d8389e183b312","[8d280f6af72b2f255f299fae2176bed45c835d0a, ef6a531acc1e8440425743edf3ce06a3c3b74155, 3dc06f5d7ed7715ec7811c124e30eacd798b0e15, 1c9aec03254e6f5ca4e479aff69a768455e3ea71, 7e6ea99ccfe151b1eee8281bee3222439a38b3b9, 4eee6fa576bad29fe46d4d000565ce7776c65bb1, 45d6d56d0d20b20a263ab388d4bdc5aab56fabfa, b5ec77aa46d0daf1aed1f9cd3756c27895a5f8e4]","[921ed4165179d4f0b518be9020652c6921d03439, 70081c5b70d0a7f9e5887c113ca610ecfbddac75, ea66d1366d4dc034b818fa7dc2c73c02cc909588, 835e7a0accd1d68f0696a8680f068d3f131c2fcb]"
"8d280f6af72b2f255f299fae2176bed45c835d0a","ef6a531acc1e8440425743edf3ce06a3c3b74155","df97d1144576498c596fe57d151d8389e183b312","c75d4f4fc384b79131b7f7e038de838aa706e126","[ef6a531acc1e8440425743edf3ce06a3c3b74155, 3dc06f5d7ed7715ec7811c124e30eacd798b0e15, 1c9aec03254e6f5ca4e479aff69a768455e3ea71, 2ab0a7093fd364831825133ee1b2ce88fadc90b5, 8f6eb077fdbc7b970e55cc9c3e403ecbda1711d3, 7e6ea99ccfe151b1eee8281bee3222439a38b3b9, 4eee6fa576bad29fe46d4d000565ce7776c65bb1, 45d6d56d0d20b20a263ab388d4bdc5aab56fabfa, b5ec77aa46d0daf1aed1f9cd3756c27895a5f8e4]","[df97d1144576498c596fe57d151d8389e183b312, 2ed2a52273f09f9a2d81cdfea71672df6d2ac55f, 511be585f0de4f61bb941810d8d2c1dbfbe7bef6, 2ab0a7093fd364831825133ee1b2ce88fadc90b5, 8f6eb077fdbc7b970e55cc9c3e403ecbda1711d3]"
"511be585f0de4f61bb941810d8d2c1dbfbe7bef6","2ab0a7093fd364831825133ee1b2ce88fadc90b5","c75d4f4fc384b79131b7f7e038de838aa706e126","371a35cadc3464111a8b2ae3360ca1d9c57f7777","[2ab0a7093fd364831825133ee1b2ce88fadc90b5, 8f6eb077fdbc7b970e55cc9c3e403ecbda1711d3]","[c75d4f4fc384b79131b7f7e038de838aa706e126, 26e76a1bea3b2c45b641cbcc625743c62c67a85c]"
"ef6a531acc1e8440425743edf3ce06a3c3b74155","3dc06f5d7ed7715ec7811c124e30eacd798b0e15","2ab0a7093fd364831825133ee1b2ce88fadc90b5","371a35cadc3464111a8b2ae3360ca1d9c57f7777","[3dc06f5d7ed7715ec7811c124e30eacd798b0e15, c75d4f4fc384b79131b7f7e038de838aa706e126, 26e76a1bea3b2c45b641cbcc625743c62c67a85c, 1c9aec03254e6f5ca4e479aff69a768455e3ea71, 7e6ea99ccfe151b1eee8281bee3222439a38b3b9, 4eee6fa576bad29fe46d4d000565ce7776c65bb1, 45d6d56d0d20b20a263ab388d4bdc5aab56fabfa, b5ec77aa46d0daf1aed1f9cd3756c27895a5f8e4]","[2ab0a7093fd364831825133ee1b2ce88fadc90b5, 8f6eb077fdbc7b970e55cc9c3e403ecbda1711d3]"
"3dc06f5d7ed7715ec7811c124e30eacd798b0e15","1c9aec03254e6f5ca4e479aff69a768455e3ea71","c75d4f4fc384b79131b7f7e038de838aa706e126","371a35cadc3464111a8b2ae3360ca1d9c57f7777","[1c9aec03254e6f5ca4e479aff69a768455e3ea71, 7e6ea99ccfe151b1eee8281bee3222439a38b3b9, 4eee6fa576bad29fe46d4d000565ce7776c65bb1, 45d6d56d0d20b20a263ab388d4bdc5aab56fabfa, b5ec77aa46d0daf1aed1f9cd3756c27895a5f8e4]","[c75d4f4fc384b79131b7f7e038de838aa706e126, 26e76a1bea3b2c45b641cbcc625743c62c67a85c]"
"1c9aec03254e6f5ca4e479aff69a768455e3ea71","7e6ea99ccfe151b1eee8281bee3222439a38b3b9","371a35cadc3464111a8b2ae3360ca1d9c57f7777","012941f68247f77106857b5ecc87bd370a724bc9","[7e6ea99ccfe151b1eee8281bee3222439a38b3b9, 4eee6fa576bad29fe46d4d000565ce7776c65bb1, 45d6d56d0d20b20a263ab388d4bdc5aab56fabfa, b5ec77aa46d0daf1aed1f9cd3756c27895a5f8e4]","[371a35cadc3464111a8b2ae3360ca1d9c57f7777, 2c7c67576db455bd2ae95f910aa6aa708e116245]"
"2ab0a7093fd364831825133ee1b2ce88fadc90b5","8f6eb077fdbc7b970e55cc9c3e403ecbda1711d3","371a35cadc3464111a8b2ae3360ca1d9c57f7777","012941f68247f77106857b5ecc87bd370a724bc9","[8f6eb077fdbc7b970e55cc9c3e403ecbda1711d3]","[371a35cadc3464111a8b2ae3360ca1d9c57f7777, 2c7c67576db455bd2ae95f910aa6aa708e116245]"
"7e6ea99ccfe151b1eee8281bee3222439a38b3b9","4eee6fa576bad29fe46d4d000565ce7776c65bb1","012941f68247f77106857b5ecc87bd370a724bc9","f3179ea368ec45fbfa5ced1a2fbadd8f3bf01124","[4eee6fa576bad29fe46d4d000565ce7776c65bb1, 45d6d56d0d20b20a263ab388d4bdc5aab56fabfa, b5ec77aa46d0daf1aed1f9cd3756c27895a5f8e4]","[012941f68247f77106857b5ecc87bd370a724bc9, eac9db7bdc555d7593eb151540d5678f6779850a, 2089ef0201a9e4037961e000f657dcc852f0d103, 7cf677618097c846400b0370b491a23d1b68653c, df71638f8e07316de7a10bade0d3602342d3ca87, 7bc3094acfcd5d154347bc5ea1dc8a6b938e9f6b]"
"4eee6fa576bad29fe46d4d000565ce7776c65bb1","45d6d56d0d20b20a263ab388d4bdc5aab56fabfa","f3179ea368ec45fbfa5ced1a2fbadd8f3bf01124","a545816076191a9ada0401b3e90d716ee4aadc60","[45d6d56d0d20b20a263ab388d4bdc5aab56fabfa, b5ec77aa46d0daf1aed1f9cd3756c27895a5f8e4]","[f3179ea368ec45fbfa5ced1a2fbadd8f3bf01124, 6aa7e4e189a3a8839937ae7c103893ca74ce115a]"
"f3179ea368ec45fbfa5ced1a2fbadd8f3bf01124","a545816076191a9ada0401b3e90d716ee4aadc60","6aa7e4e189a3a8839937ae7c103893ca74ce115a","2687e6b91a5e14b8b1ecbb9c265decb2b07a5eb7","[a545816076191a9ada0401b3e90d716ee4aadc60, 32de3da945dcdfc3a1b0dcba0f48493f6bf21f6a, 131a91c82aebf76380837ced14d33a3f3df3b853, 889145a76ae7919f9d83ae95deac375f275ec2eb, 571820c141d2dacc9a792a854a258a3c722bbb56, ef417f59329e91505b1356da3891db76817ede19, 3afe16bc5e3af8b2e6bc373317c0988b588c0bc3, 920475560d58c8d0b674fb86439dbb00bc45c1f9, 7a104ffa4105e1612e7b9cf78cc39b489ce39452, 19c9af9347d13dfad40318fd996bf3ffd519d90d, 6b1f60a6e86dcaf25d8777ea796caf53c1c53382]","[6aa7e4e189a3a8839937ae7c103893ca74ce115a]"
"45d6d56d0d20b20a263ab388d4bdc5aab56fabfa","b5ec77aa46d0daf1aed1f9cd3756c27895a5f8e4","a545816076191a9ada0401b3e90d716ee4aadc60","6b1f60a6e86dcaf25d8777ea796caf53c1c53382","[b5ec77aa46d0daf1aed1f9cd3756c27895a5f8e4, 2687e6b91a5e14b8b1ecbb9c265decb2b07a5eb7, 075482d3c41c06ffec6cfb2ea763a8be541eca19, 296af02e6d25eb51a36569db5017c8f7b3e540ce, 2ba9f9da4dcdaffbfd47d07d312fceefb3724e09, 3b24286cdb2f54c2499608208c38db92e0cb13f0, a8e0d44f511d4c0b2b93f138c9461f6652c04148, 62e142d7ed0e87775e150f74f5a327dea576542a, b9e8ede263cbc5240979b0f5a385e3ea088f56d1, 962560e1b3949f38cf3f2442ab6634aaeeffe8e5, 3b010e6cb6fccbe41994ea5d2c117427e4e9028a, b8fc6e36d82e8655c89b096e608bf7bf59f40769, de56f3c22cad4d3a5545013ebe28034b07d83b3a, b8d2217ce94a5a5fc4757fb062e87a907e5a837d, a8e40748bc08359ac9197d1bdc6e568eb49d7b75, bcbeb3ed7188d8707108178d8f2ca62e7f98d008, b2e2eef08f754cb2b012a1eaba098f6333f9c248, 7266db97ac6e281d6fa1193c65dabf96e6f36a7b, 2781caf150a6fe5319e7bd5e1912e77fafbde5b1, 4ece50e2fec4e46ead843657a462f6abfdf7b004, e654574aa5c1efdc786c9a96d6a25cc8435330cb, 454a175aec973054b984ed7d6e5adee912cf025d, 8e8a8d2b9d853f9bc2f06fe0c96d33a1ae038bb1, f71dce5dc66b57feeb2a98a397782052c474530c, 6ee681070892e40dccbf338a7e2223c4da1b20da, 9a126f9292c0b3e7e455627e41ef968e5be795b3, d92d6f04d7973380d8c8097126e44d49d5d5dc93, cb78469862930b6bbfafbf7a1853893a4d6d353c, f542d27d96420bd86de298015189e2783267cc92, b6e3baf6fa132f5d7b369d4ed6e232d1697be30c, e3ca4b5a95832a26dc69f5bb2c683f329a4d4781, a0668e4090bf110212d4ed890aad7b18a2768769, 2c66aa374789898f67bf8b5268b8371dda34bb1c, cd7f84fac7ccbb0358b9735a35ef290b807ec064, 9066c0e9f0b3c4ee531c7cfa753a7f0b11759392, 55a712333d794cbfad15399456d4da302de46909, 636f19a00cba441f197bb942f90b68dc43bc01b9, f5734b9175468095c14cad693f4470c335a199f2, c2c1c0990c0df39a6b8b9d812543a27a05b5d668, 8370ab90b5ca30ebba45494552bd8b7d25caa711, c02a2822a3e70eb33fbe01799530959d753c38a6, 7713c55cd0f4e90e663af748413bc888fc0dc5d5, 6d03cfcba8750bd74385c81974e015ae1043fe1a, 06f87be0f9d488db491f9b5e3a8a5edb3a06947c, 94ec61c5a7519272a70dab133827149198382705, 7c86b702f053f1c2cf25b70c0c7095613139a6c2, 4d2bae60f751fe1817c498a7ab9e2b0d23929c20, 38f7da276401ddbd47283e5ca19b3da5af6805fa]","[a545816076191a9ada0401b3e90d716ee4aadc60, 32de3da945dcdfc3a1b0dcba0f48493f6bf21f6a, 131a91c82aebf76380837ced14d33a3f3df3b853, 889145a76ae7919f9d83ae95deac375f275ec2eb, 571820c141d2dacc9a792a854a258a3c722bbb56, ef417f59329e91505b1356da3891db76817ede19, 3afe16bc5e3af8b2e6bc373317c0988b588c0bc3, 920475560d58c8d0b674fb86439dbb00bc45c1f9, 7a104ffa4105e1612e7b9cf78cc39b489ce39452, 19c9af9347d13dfad40318fd996bf3ffd519d90d, 2687e6b91a5e14b8b1ecbb9c265decb2b07a5eb7, 075482d3c41c06ffec6cfb2ea763a8be541eca19, 296af02e6d25eb51a36569db5017c8f7b3e540ce, 2ba9f9da4dcdaffbfd47d07d312fceefb3724e09, 3b24286cdb2f54c2499608208c38db92e0cb13f0, a8e0d44f511d4c0b2b93f138c9461f6652c04148, 62e142d7ed0e87775e150f74f5a327dea576542a, b9e8ede263cbc5240979b0f5a385e3ea088f56d1, 962560e1b3949f38cf3f2442ab6634aaeeffe8e5, 3b010e6cb6fccbe41994ea5d2c117427e4e9028a, b8fc6e36d82e8655c89b096e608bf7bf59f40769, de56f3c22cad4d3a5545013ebe28034b07d83b3a, b8d2217ce94a5a5fc4757fb062e87a907e5a837d, a8e40748bc08359ac9197d1bdc6e568eb49d7b75, bcbeb3ed7188d8707108178d8f2ca62e7f98d008, b2e2eef08f754cb2b012a1eaba098f6333f9c248, 7266db97ac6e281d6fa1193c65dabf96e6f36a7b, 2781caf150a6fe5319e7bd5e1912e77fafbde5b1, 4ece50e2fec4e46ead843657a462f6abfdf7b004, e654574aa5c1efdc786c9a96d6a25cc8435330cb, 454a175aec973054b984ed7d6e5adee912cf025d, 8e8a8d2b9d853f9bc2f06fe0c96d33a1ae038bb1, f71dce5dc66b57feeb2a98a397782052c474530c, 6ee681070892e40dccbf338a7e2223c4da1b20da, 9a126f9292c0b3e7e455627e41ef968e5be795b3, d92d6f04d7973380d8c8097126e44d49d5d5dc93, cb78469862930b6bbfafbf7a1853893a4d6d353c, f542d27d96420bd86de298015189e2783267cc92, b6e3baf6fa132f5d7b369d4ed6e232d1697be30c, e3ca4b5a95832a26dc69f5bb2c683f329a4d4781, a0668e4090bf110212d4ed890aad7b18a2768769, 2c66aa374789898f67bf8b5268b8371dda34bb1c, cd7f84fac7ccbb0358b9735a35ef290b807ec064, 9066c0e9f0b3c4ee531c7cfa753a7f0b11759392, 55a712333d794cbfad15399456d4da302de46909, 636f19a00cba441f197bb942f90b68dc43bc01b9, f5734b9175468095c14cad693f4470c335a199f2, c2c1c0990c0df39a6b8b9d812543a27a05b5d668, 8370ab90b5ca30ebba45494552bd8b7d25caa711, c02a2822a3e70eb33fbe01799530959d753c38a6, 7713c55cd0f4e90e663af748413bc888fc0dc5d5, 6d03cfcba8750bd74385c81974e015ae1043fe1a, 06f87be0f9d488db491f9b5e3a8a5edb3a06947c, 94ec61c5a7519272a70dab133827149198382705, 7c86b702f053f1c2cf25b70c0c7095613139a6c2, 4d2bae60f751fe1817c498a7ab9e2b0d23929c20, 38f7da276401ddbd47283e5ca19b3da5af6805fa]"
"19c9af9347d13dfad40318fd996bf3ffd519d90d","6b1f60a6e86dcaf25d8777ea796caf53c1c53382","2687e6b91a5e14b8b1ecbb9c265decb2b07a5eb7","839886c54ab5aab6d0e43e96190edd4af471f0ee","[6b1f60a6e86dcaf25d8777ea796caf53c1c53382]","[2687e6b91a5e14b8b1ecbb9c265decb2b07a5eb7, 075482d3c41c06ffec6cfb2ea763a8be541eca19, 296af02e6d25eb51a36569db5017c8f7b3e540ce, 2ba9f9da4dcdaffbfd47d07d312fceefb3724e09, 3b24286cdb2f54c2499608208c38db92e0cb13f0, a8e0d44f511d4c0b2b93f138c9461f6652c04148, 62e142d7ed0e87775e150f74f5a327dea576542a, b9e8ede263cbc5240979b0f5a385e3ea088f56d1, 962560e1b3949f38cf3f2442ab6634aaeeffe8e5, 3b010e6cb6fccbe41994ea5d2c117427e4e9028a, b8fc6e36d82e8655c89b096e608bf7bf59f40769, de56f3c22cad4d3a5545013ebe28034b07d83b3a, b8d2217ce94a5a5fc4757fb062e87a907e5a837d, a8e40748bc08359ac9197d1bdc6e568eb49d7b75, bcbeb3ed7188d8707108178d8f2ca62e7f98d008, b2e2eef08f754cb2b012a1eaba098f6333f9c248, 7266db97ac6e281d6fa1193c65dabf96e6f36a7b, 2781caf150a6fe5319e7bd5e1912e77fafbde5b1, 4ece50e2fec4e46ead843657a462f6abfdf7b004, e654574aa5c1efdc786c9a96d6a25cc8435330cb, 454a175aec973054b984ed7d6e5adee912cf025d, 8e8a8d2b9d853f9bc2f06fe0c96d33a1ae038bb1, f71dce5dc66b57feeb2a98a397782052c474530c, 6ee681070892e40dccbf338a7e2223c4da1b20da, 9a126f9292c0b3e7e455627e41ef968e5be795b3, d92d6f04d7973380d8c8097126e44d49d5d5dc93, cb78469862930b6bbfafbf7a1853893a4d6d353c, f542d27d96420bd86de298015189e2783267cc92, b6e3baf6fa132f5d7b369d4ed6e232d1697be30c, e3ca4b5a95832a26dc69f5bb2c683f329a4d4781, a0668e4090bf110212d4ed890aad7b18a2768769, 2c66aa374789898f67bf8b5268b8371dda34bb1c, cd7f84fac7ccbb0358b9735a35ef290b807ec064, 9066c0e9f0b3c4ee531c7cfa753a7f0b11759392, 55a712333d794cbfad15399456d4da302de46909, 636f19a00cba441f197bb942f90b68dc43bc01b9, f5734b9175468095c14cad693f4470c335a199f2, c2c1c0990c0df39a6b8b9d812543a27a05b5d668, 8370ab90b5ca30ebba45494552bd8b7d25caa711, c02a2822a3e70eb33fbe01799530959d753c38a6, 7713c55cd0f4e90e663af748413bc888fc0dc5d5, 6d03cfcba8750bd74385c81974e015ae1043fe1a, 06f87be0f9d488db491f9b5e3a8a5edb3a06947c, 94ec61c5a7519272a70dab133827149198382705, 7c86b702f053f1c2cf25b70c0c7095613139a6c2, 4d2bae60f751fe1817c498a7ab9e2b0d23929c20, 38f7da276401ddbd47283e5ca19b3da5af6805fa]"
"b5ec77aa46d0daf1aed1f9cd3756c27895a5f8e4","2687e6b91a5e14b8b1ecbb9c265decb2b07a5eb7","6b1f60a6e86dcaf25d8777ea796caf53c1c53382","839886c54ab5aab6d0e43e96190edd4af471f0ee","[2687e6b91a5e14b8b1ecbb9c265decb2b07a5eb7, 075482d3c41c06ffec6cfb2ea763a8be541eca19, 296af02e6d25eb51a36569db5017c8f7b3e540ce, 2ba9f9da4dcdaffbfd47d07d312fceefb3724e09, 3b24286cdb2f54c2499608208c38db92e0cb13f0, a8e0d44f511d4c0b2b93f138c9461f6652c04148, 62e142d7ed0e87775e150f74f5a327dea576542a, b9e8ede263cbc5240979b0f5a385e3ea088f56d1, 962560e1b3949f38cf3f2442ab6634aaeeffe8e5, 3b010e6cb6fccbe41994ea5d2c117427e4e9028a, b8fc6e36d82e8655c89b096e608bf7bf59f40769, de56f3c22cad4d3a5545013ebe28034b07d83b3a, b8d2217ce94a5a5fc4757fb062e87a907e5a837d, a8e40748bc08359ac9197d1bdc6e568eb49d7b75, bcbeb3ed7188d8707108178d8f2ca62e7f98d008, b2e2eef08f754cb2b012a1eaba098f6333f9c248, 7266db97ac6e281d6fa1193c65dabf96e6f36a7b, 2781caf150a6fe5319e7bd5e1912e77fafbde5b1, 4ece50e2fec4e46ead843657a462f6abfdf7b004, e654574aa5c1efdc786c9a96d6a25cc8435330cb, 454a175aec973054b984ed7d6e5adee912cf025d, 8e8a8d2b9d853f9bc2f06fe0c96d33a1ae038bb1, f71dce5dc66b57feeb2a98a397782052c474530c, 6ee681070892e40dccbf338a7e2223c4da1b20da, 9a126f9292c0b3e7e455627e41ef968e5be795b3, d92d6f04d7973380d8c8097126e44d49d5d5dc93, cb78469862930b6bbfafbf7a1853893a4d6d353c, f542d27d96420bd86de298015189e2783267cc92, b6e3baf6fa132f5d7b369d4ed6e232d1697be30c, e3ca4b5a95832a26dc69f5bb2c683f329a4d4781, a0668e4090bf110212d4ed890aad7b18a2768769, 2c66aa374789898f67bf8b5268b8371dda34bb1c, cd7f84fac7ccbb0358b9735a35ef290b807ec064, 9066c0e9f0b3c4ee531c7cfa753a7f0b11759392, 55a712333d794cbfad15399456d4da302de46909, 636f19a00cba441f197bb942f90b68dc43bc01b9, f5734b9175468095c14cad693f4470c335a199f2, c2c1c0990c0df39a6b8b9d812543a27a05b5d668, 8370ab90b5ca30ebba45494552bd8b7d25caa711, c02a2822a3e70eb33fbe01799530959d753c38a6, 7713c55cd0f4e90e663af748413bc888fc0dc5d5, 6d03cfcba8750bd74385c81974e015ae1043fe1a, 06f87be0f9d488db491f9b5e3a8a5edb3a06947c, 94ec61c5a7519272a70dab133827149198382705, 7c86b702f053f1c2cf25b70c0c7095613139a6c2, 4d2bae60f751fe1817c498a7ab9e2b0d23929c20, 38f7da276401ddbd47283e5ca19b3da5af6805fa]","[6b1f60a6e86dcaf25d8777ea796caf53c1c53382]"
"3b24286cdb2f54c2499608208c38db92e0cb13f0","62e142d7ed0e87775e150f74f5a327dea576542a","a8e0d44f511d4c0b2b93f138c9461f6652c04148","b8fc6e36d82e8655c89b096e608bf7bf59f40769","[62e142d7ed0e87775e150f74f5a327dea576542a, 839886c54ab5aab6d0e43e96190edd4af471f0ee, b9e8ede263cbc5240979b0f5a385e3ea088f56d1, 643785e446281f2630c56c3d4ff06a70d2ccf467, 72a4ee191ebf437d93f6f082c5bf4aa8563cc4e3, 8d75087e4bd7f2ba1cd43037af00fdef59f6986d, 0ff3e15813ab551dbc794c70a3e4f7e2ed9bbef6, 23f037f82382625a42e1a685228d6aab90c167d2, e33d3dead5e2cd5a5eddac1bb897044a127a3d23, cd0e59cc05e52f22a2e9be485c894487cc38ae26, b5517cfdf47b5c3a9edd6498548bde3ba1f53458, a5a784c37e6f59ff2879f14adad89508f927f57c, 962560e1b3949f38cf3f2442ab6634aaeeffe8e5, 3b010e6cb6fccbe41994ea5d2c117427e4e9028a, 1a7aad1b94a5cb358b0240455d1994f84aee7c08, 2342ef1bb23c83970f106df3b7423290ccbaf412, a35039b8027c0f5325a401049afc9c25e9bb74f0, de56f3c22cad4d3a5545013ebe28034b07d83b3a, 43cac5327e43e4c743b04d732354209800e051b2, 4f1a89df281a38454c471e0ab4a2906a6fff609b, 4de49a2f941d89dc78ba690e1b5f690a01553b23, 1d56ac5760fa002a654ac5faa45e1e1af1e30aa4, b8d2217ce94a5a5fc4757fb062e87a907e5a837d, b2e2eef08f754cb2b012a1eaba098f6333f9c248, 7266db97ac6e281d6fa1193c65dabf96e6f36a7b, 2781caf150a6fe5319e7bd5e1912e77fafbde5b1, 454a175aec973054b984ed7d6e5adee912cf025d, 6ee681070892e40dccbf338a7e2223c4da1b20da, cb78469862930b6bbfafbf7a1853893a4d6d353c, 1617a32eb6d007893b84bcae562d576f9a278d87, e872403e53d8967f65e4a7b157fde43c1a1704a7, e913be57c09c26fabdeda7c0baa539608c0a8438, 9f99066c6095437e19232a028789cfa4ccb9f166, 7888a100539b66c8da5056aa96eea2ddd47bf06c, 682a0ad1f13b4fc7a8b0c3e32fa407f705ebea82, c7d21469ce99709c0c025d858138d8362649bc79, 01735da63c3edee2ed22efe91e4f1ad16a5432e9, f542d27d96420bd86de298015189e2783267cc92, a0668e4090bf110212d4ed890aad7b18a2768769, 2c66aa374789898f67bf8b5268b8371dda34bb1c, cd7f84fac7ccbb0358b9735a35ef290b807ec064, 9066c0e9f0b3c4ee531c7cfa753a7f0b11759392, 55a712333d794cbfad15399456d4da302de46909, 636f19a00cba441f197bb942f90b68dc43bc01b9, f5734b9175468095c14cad693f4470c335a199f2, c2c1c0990c0df39a6b8b9d812543a27a05b5d668, 8370ab90b5ca30ebba45494552bd8b7d25caa711, c02a2822a3e70eb33fbe01799530959d753c38a6, 7713c55cd0f4e90e663af748413bc888fc0dc5d5, 6d03cfcba8750bd74385c81974e015ae1043fe1a, 06f87be0f9d488db491f9b5e3a8a5edb3a06947c, 94ec61c5a7519272a70dab133827149198382705, 7c86b702f053f1c2cf25b70c0c7095613139a6c2, 4d2bae60f751fe1817c498a7ab9e2b0d23929c20, 38f7da276401ddbd47283e5ca19b3da5af6805fa]","[a8e0d44f511d4c0b2b93f138c9461f6652c04148]"
"62e142d7ed0e87775e150f74f5a327dea576542a","b9e8ede263cbc5240979b0f5a385e3ea088f56d1","839886c54ab5aab6d0e43e96190edd4af471f0ee","643785e446281f2630c56c3d4ff06a70d2ccf467","[b9e8ede263cbc5240979b0f5a385e3ea088f56d1, 962560e1b3949f38cf3f2442ab6634aaeeffe8e5, 3b010e6cb6fccbe41994ea5d2c117427e4e9028a, b8fc6e36d82e8655c89b096e608bf7bf59f40769, de56f3c22cad4d3a5545013ebe28034b07d83b3a, b8d2217ce94a5a5fc4757fb062e87a907e5a837d, a8e40748bc08359ac9197d1bdc6e568eb49d7b75, bcbeb3ed7188d8707108178d8f2ca62e7f98d008, b2e2eef08f754cb2b012a1eaba098f6333f9c248, 7266db97ac6e281d6fa1193c65dabf96e6f36a7b, 2781caf150a6fe5319e7bd5e1912e77fafbde5b1, 4ece50e2fec4e46ead843657a462f6abfdf7b004, e654574aa5c1efdc786c9a96d6a25cc8435330cb, 454a175aec973054b984ed7d6e5adee912cf025d, 8e8a8d2b9d853f9bc2f06fe0c96d33a1ae038bb1, f71dce5dc66b57feeb2a98a397782052c474530c, 6ee681070892e40dccbf338a7e2223c4da1b20da, 9a126f9292c0b3e7e455627e41ef968e5be795b3, d92d6f04d7973380d8c8097126e44d49d5d5dc93, cb78469862930b6bbfafbf7a1853893a4d6d353c, f542d27d96420bd86de298015189e2783267cc92, b6e3baf6fa132f5d7b369d4ed6e232d1697be30c, e3ca4b5a95832a26dc69f5bb2c683f329a4d4781, a0668e4090bf110212d4ed890aad7b18a2768769, 2c66aa374789898f67bf8b5268b8371dda34bb1c, cd7f84fac7ccbb0358b9735a35ef290b807ec064, 9066c0e9f0b3c4ee531c7cfa753a7f0b11759392, 55a712333d794cbfad15399456d4da302de46909, 636f19a00cba441f197bb942f90b68dc43bc01b9, f5734b9175468095c14cad693f4470c335a199f2, c2c1c0990c0df39a6b8b9d812543a27a05b5d668, 8370ab90b5ca30ebba45494552bd8b7d25caa711, c02a2822a3e70eb33fbe01799530959d753c38a6, 7713c55cd0f4e90e663af748413bc888fc0dc5d5, 6d03cfcba8750bd74385c81974e015ae1043fe1a, 06f87be0f9d488db491f9b5e3a8a5edb3a06947c, 94ec61c5a7519272a70dab133827149198382705, 7c86b702f053f1c2cf25b70c0c7095613139a6c2, 4d2bae60f751fe1817c498a7ab9e2b0d23929c20, 38f7da276401ddbd47283e5ca19b3da5af6805fa]","[839886c54ab5aab6d0e43e96190edd4af471f0ee]"
"b9e8ede263cbc5240979b0f5a385e3ea088f56d1","962560e1b3949f38cf3f2442ab6634aaeeffe8e5","643785e446281f2630c56c3d4ff06a70d2ccf467","1a7aad1b94a5cb358b0240455d1994f84aee7c08","[962560e1b3949f38cf3f2442ab6634aaeeffe8e5, 3b010e6cb6fccbe41994ea5d2c117427e4e9028a, b8fc6e36d82e8655c89b096e608bf7bf59f40769, de56f3c22cad4d3a5545013ebe28034b07d83b3a, b8d2217ce94a5a5fc4757fb062e87a907e5a837d, a8e40748bc08359ac9197d1bdc6e568eb49d7b75, bcbeb3ed7188d8707108178d8f2ca62e7f98d008, b2e2eef08f754cb2b012a1eaba098f6333f9c248, 7266db97ac6e281d6fa1193c65dabf96e6f36a7b, 2781caf150a6fe5319e7bd5e1912e77fafbde5b1, 4ece50e2fec4e46ead843657a462f6abfdf7b004, e654574aa5c1efdc786c9a96d6a25cc8435330cb, 454a175aec973054b984ed7d6e5adee912cf025d, 8e8a8d2b9d853f9bc2f06fe0c96d33a1ae038bb1, f71dce5dc66b57feeb2a98a397782052c474530c, 6ee681070892e40dccbf338a7e2223c4da1b20da, 9a126f9292c0b3e7e455627e41ef968e5be795b3, d92d6f04d7973380d8c8097126e44d49d5d5dc93, cb78469862930b6bbfafbf7a1853893a4d6d353c, f542d27d96420bd86de298015189e2783267cc92, b6e3baf6fa132f5d7b369d4ed6e232d1697be30c, e3ca4b5a95832a26dc69f5bb2c683f329a4d4781, a0668e4090bf110212d4ed890aad7b18a2768769, 2c66aa374789898f67bf8b5268b8371dda34bb1c, cd7f84fac7ccbb0358b9735a35ef290b807ec064, 9066c0e9f0b3c4ee531c7cfa753a7f0b11759392, 55a712333d794cbfad15399456d4da302de46909, 636f19a00cba441f197bb942f90b68dc43bc01b9, f5734b9175468095c14cad693f4470c335a199f2, c2c1c0990c0df39a6b8b9d812543a27a05b5d668, 8370ab90b5ca30ebba45494552bd8b7d25caa711, c02a2822a3e70eb33fbe01799530959d753c38a6, 7713c55cd0f4e90e663af748413bc888fc0dc5d5, 6d03cfcba8750bd74385c81974e015ae1043fe1a, 06f87be0f9d488db491f9b5e3a8a5edb3a06947c, 94ec61c5a7519272a70dab133827149198382705, 7c86b702f053f1c2cf25b70c0c7095613139a6c2, 4d2bae60f751fe1817c498a7ab9e2b0d23929c20, 38f7da276401ddbd47283e5ca19b3da5af6805fa]","[643785e446281f2630c56c3d4ff06a70d2ccf467, 72a4ee191ebf437d93f6f082c5bf4aa8563cc4e3, 8d75087e4bd7f2ba1cd43037af00fdef59f6986d, 0ff3e15813ab551dbc794c70a3e4f7e2ed9bbef6, 23f037f82382625a42e1a685228d6aab90c167d2, e33d3dead5e2cd5a5eddac1bb897044a127a3d23, cd0e59cc05e52f22a2e9be485c894487cc38ae26, b5517cfdf47b5c3a9edd6498548bde3ba1f53458, a5a784c37e6f59ff2879f14adad89508f927f57c]"
"962560e1b3949f38cf3f2442ab6634aaeeffe8e5","3b010e6cb6fccbe41994ea5d2c117427e4e9028a","1a7aad1b94a5cb358b0240455d1994f84aee7c08","43cac5327e43e4c743b04d732354209800e051b2","[3b010e6cb6fccbe41994ea5d2c117427e4e9028a, b8fc6e36d82e8655c89b096e608bf7bf59f40769, de56f3c22cad4d3a5545013ebe28034b07d83b3a, b8d2217ce94a5a5fc4757fb062e87a907e5a837d, a8e40748bc08359ac9197d1bdc6e568eb49d7b75, bcbeb3ed7188d8707108178d8f2ca62e7f98d008, b2e2eef08f754cb2b012a1eaba098f6333f9c248, 7266db97ac6e281d6fa1193c65dabf96e6f36a7b, 2781caf150a6fe5319e7bd5e1912e77fafbde5b1, 4ece50e2fec4e46ead843657a462f6abfdf7b004, e654574aa5c1efdc786c9a96d6a25cc8435330cb, 454a175aec973054b984ed7d6e5adee912cf025d, 8e8a8d2b9d853f9bc2f06fe0c96d33a1ae038bb1, f71dce5dc66b57feeb2a98a397782052c474530c, 6ee681070892e40dccbf338a7e2223c4da1b20da, 9a126f9292c0b3e7e455627e41ef968e5be795b3, d92d6f04d7973380d8c8097126e44d49d5d5dc93, cb78469862930b6bbfafbf7a1853893a4d6d353c, f542d27d96420bd86de298015189e2783267cc92, b6e3baf6fa132f5d7b369d4ed6e232d1697be30c, e3ca4b5a95832a26dc69f5bb2c683f329a4d4781, a0668e4090bf110212d4ed890aad7b18a2768769, 2c66aa374789898f67bf8b5268b8371dda34bb1c, cd7f84fac7ccbb0358b9735a35ef290b807ec064, 9066c0e9f0b3c4ee531c7cfa753a7f0b11759392, 55a712333d794cbfad15399456d4da302de46909, 636f19a00cba441f197bb942f90b68dc43bc01b9, f5734b9175468095c14cad693f4470c335a199f2, c2c1c0990c0df39a6b8b9d812543a27a05b5d668, 8370ab90b5ca30ebba45494552bd8b7d25caa711, c02a2822a3e70eb33fbe01799530959d753c38a6, 7713c55cd0f4e90e663af748413bc888fc0dc5d5, 6d03cfcba8750bd74385c81974e015ae1043fe1a, 06f87be0f9d488db491f9b5e3a8a5edb3a06947c, 94ec61c5a7519272a70dab133827149198382705, 7c86b702f053f1c2cf25b70c0c7095613139a6c2, 4d2bae60f751fe1817c498a7ab9e2b0d23929c20, 38f7da276401ddbd47283e5ca19b3da5af6805fa]","[1a7aad1b94a5cb358b0240455d1994f84aee7c08, 2342ef1bb23c83970f106df3b7423290ccbaf412, a35039b8027c0f5325a401049afc9c25e9bb74f0]"
"3b010e6cb6fccbe41994ea5d2c117427e4e9028a","de56f3c22cad4d3a5545013ebe28034b07d83b3a","b8fc6e36d82e8655c89b096e608bf7bf59f40769","a8e40748bc08359ac9197d1bdc6e568eb49d7b75","[de56f3c22cad4d3a5545013ebe28034b07d83b3a, 43cac5327e43e4c743b04d732354209800e051b2, 4f1a89df281a38454c471e0ab4a2906a6fff609b, 4de49a2f941d89dc78ba690e1b5f690a01553b23, 1d56ac5760fa002a654ac5faa45e1e1af1e30aa4, b8d2217ce94a5a5fc4757fb062e87a907e5a837d, b2e2eef08f754cb2b012a1eaba098f6333f9c248, 7266db97ac6e281d6fa1193c65dabf96e6f36a7b, 2781caf150a6fe5319e7bd5e1912e77fafbde5b1, 454a175aec973054b984ed7d6e5adee912cf025d, 6ee681070892e40dccbf338a7e2223c4da1b20da, cb78469862930b6bbfafbf7a1853893a4d6d353c, 1617a32eb6d007893b84bcae562d576f9a278d87, e872403e53d8967f65e4a7b157fde43c1a1704a7, e913be57c09c26fabdeda7c0baa539608c0a8438, 9f99066c6095437e19232a028789cfa4ccb9f166, 7888a100539b66c8da5056aa96eea2ddd47bf06c, 682a0ad1f13b4fc7a8b0c3e32fa407f705ebea82, c7d21469ce99709c0c025d858138d8362649bc79, 01735da63c3edee2ed22efe91e4f1ad16a5432e9, f542d27d96420bd86de298015189e2783267cc92, a0668e4090bf110212d4ed890aad7b18a2768769, 2c66aa374789898f67bf8b5268b8371dda34bb1c, cd7f84fac7ccbb0358b9735a35ef290b807ec064, 9066c0e9f0b3c4ee531c7cfa753a7f0b11759392, 55a712333d794cbfad15399456d4da302de46909, 636f19a00cba441f197bb942f90b68dc43bc01b9, f5734b9175468095c14cad693f4470c335a199f2, c2c1c0990c0df39a6b8b9d812543a27a05b5d668, 8370ab90b5ca30ebba45494552bd8b7d25caa711, c02a2822a3e70eb33fbe01799530959d753c38a6, 7713c55cd0f4e90e663af748413bc888fc0dc5d5, 6d03cfcba8750bd74385c81974e015ae1043fe1a, 06f87be0f9d488db491f9b5e3a8a5edb3a06947c, 94ec61c5a7519272a70dab133827149198382705, 7c86b702f053f1c2cf25b70c0c7095613139a6c2, 4d2bae60f751fe1817c498a7ab9e2b0d23929c20, 38f7da276401ddbd47283e5ca19b3da5af6805fa]","[b8fc6e36d82e8655c89b096e608bf7bf59f40769]"
"de56f3c22cad4d3a5545013ebe28034b07d83b3a","b8d2217ce94a5a5fc4757fb062e87a907e5a837d","43cac5327e43e4c743b04d732354209800e051b2","1617a32eb6d007893b84bcae562d576f9a278d87","[b8d2217ce94a5a5fc4757fb062e87a907e5a837d, a8e40748bc08359ac9197d1bdc6e568eb49d7b75, bcbeb3ed7188d8707108178d8f2ca62e7f98d008, b2e2eef08f754cb2b012a1eaba098f6333f9c248, 7266db97ac6e281d6fa1193c65dabf96e6f36a7b, 2781caf150a6fe5319e7bd5e1912e77fafbde5b1, 4ece50e2fec4e46ead843657a462f6abfdf7b004, e654574aa5c1efdc786c9a96d6a25cc8435330cb, 454a175aec973054b984ed7d6e5adee912cf025d, 8e8a8d2b9d853f9bc2f06fe0c96d33a1ae038bb1, f71dce5dc66b57feeb2a98a397782052c474530c, 6ee681070892e40dccbf338a7e2223c4da1b20da, 9a126f9292c0b3e7e455627e41ef968e5be795b3, d92d6f04d7973380d8c8097126e44d49d5d5dc93, cb78469862930b6bbfafbf7a1853893a4d6d353c, f542d27d96420bd86de298015189e2783267cc92, b6e3baf6fa132f5d7b369d4ed6e232d1697be30c, e3ca4b5a95832a26dc69f5bb2c683f329a4d4781, a0668e4090bf110212d4ed890aad7b18a2768769, 2c66aa374789898f67bf8b5268b8371dda34bb1c, cd7f84fac7ccbb0358b9735a35ef290b807ec064, 9066c0e9f0b3c4ee531c7cfa753a7f0b11759392, 55a712333d794cbfad15399456d4da302de46909, 636f19a00cba441f197bb942f90b68dc43bc01b9, f5734b9175468095c14cad693f4470c335a199f2, c2c1c0990c0df39a6b8b9d812543a27a05b5d668, 8370ab90b5ca30ebba45494552bd8b7d25caa711, c02a2822a3e70eb33fbe01799530959d753c38a6, 7713c55cd0f4e90e663af748413bc888fc0dc5d5, 6d03cfcba8750bd74385c81974e015ae1043fe1a, 06f87be0f9d488db491f9b5e3a8a5edb3a06947c, 94ec61c5a7519272a70dab133827149198382705, 7c86b702f053f1c2cf25b70c0c7095613139a6c2, 4d2bae60f751fe1817c498a7ab9e2b0d23929c20, 38f7da276401ddbd47283e5ca19b3da5af6805fa]","[43cac5327e43e4c743b04d732354209800e051b2, 4f1a89df281a38454c471e0ab4a2906a6fff609b, 4de49a2f941d89dc78ba690e1b5f690a01553b23, 1d56ac5760fa002a654ac5faa45e1e1af1e30aa4]"
"b8d2217ce94a5a5fc4757fb062e87a907e5a837d","b2e2eef08f754cb2b012a1eaba098f6333f9c248","a8e40748bc08359ac9197d1bdc6e568eb49d7b75","4ece50e2fec4e46ead843657a462f6abfdf7b004","[b2e2eef08f754cb2b012a1eaba098f6333f9c248, 7266db97ac6e281d6fa1193c65dabf96e6f36a7b, 2781caf150a6fe5319e7bd5e1912e77fafbde5b1, 454a175aec973054b984ed7d6e5adee912cf025d, 6ee681070892e40dccbf338a7e2223c4da1b20da, cb78469862930b6bbfafbf7a1853893a4d6d353c, 1617a32eb6d007893b84bcae562d576f9a278d87, e872403e53d8967f65e4a7b157fde43c1a1704a7, e913be57c09c26fabdeda7c0baa539608c0a8438, 9f99066c6095437e19232a028789cfa4ccb9f166, 7888a100539b66c8da5056aa96eea2ddd47bf06c, 682a0ad1f13b4fc7a8b0c3e32fa407f705ebea82, c7d21469ce99709c0c025d858138d8362649bc79, 01735da63c3edee2ed22efe91e4f1ad16a5432e9, f542d27d96420bd86de298015189e2783267cc92, a0668e4090bf110212d4ed890aad7b18a2768769, 2c66aa374789898f67bf8b5268b8371dda34bb1c, cd7f84fac7ccbb0358b9735a35ef290b807ec064, 9066c0e9f0b3c4ee531c7cfa753a7f0b11759392, 55a712333d794cbfad15399456d4da302de46909, 636f19a00cba441f197bb942f90b68dc43bc01b9, f5734b9175468095c14cad693f4470c335a199f2, c2c1c0990c0df39a6b8b9d812543a27a05b5d668, 8370ab90b5ca30ebba45494552bd8b7d25caa711, c02a2822a3e70eb33fbe01799530959d753c38a6, 7713c55cd0f4e90e663af748413bc888fc0dc5d5, 6d03cfcba8750bd74385c81974e015ae1043fe1a, 06f87be0f9d488db491f9b5e3a8a5edb3a06947c, 94ec61c5a7519272a70dab133827149198382705, 7c86b702f053f1c2cf25b70c0c7095613139a6c2, 4d2bae60f751fe1817c498a7ab9e2b0d23929c20, 38f7da276401ddbd47283e5ca19b3da5af6805fa]","[a8e40748bc08359ac9197d1bdc6e568eb49d7b75, bcbeb3ed7188d8707108178d8f2ca62e7f98d008]"
"2781caf150a6fe5319e7bd5e1912e77fafbde5b1","454a175aec973054b984ed7d6e5adee912cf025d","4ece50e2fec4e46ead843657a462f6abfdf7b004","8e8a8d2b9d853f9bc2f06fe0c96d33a1ae038bb1","[454a175aec973054b984ed7d6e5adee912cf025d, 6ee681070892e40dccbf338a7e2223c4da1b20da, cb78469862930b6bbfafbf7a1853893a4d6d353c, 1617a32eb6d007893b84bcae562d576f9a278d87, e872403e53d8967f65e4a7b157fde43c1a1704a7, e913be57c09c26fabdeda7c0baa539608c0a8438, 9f99066c6095437e19232a028789cfa4ccb9f166, 7888a100539b66c8da5056aa96eea2ddd47bf06c, 682a0ad1f13b4fc7a8b0c3e32fa407f705ebea82, c7d21469ce99709c0c025d858138d8362649bc79, 01735da63c3edee2ed22efe91e4f1ad16a5432e9, f542d27d96420bd86de298015189e2783267cc92, a0668e4090bf110212d4ed890aad7b18a2768769, 2c66aa374789898f67bf8b5268b8371dda34bb1c, cd7f84fac7ccbb0358b9735a35ef290b807ec064, 9066c0e9f0b3c4ee531c7cfa753a7f0b11759392, 55a712333d794cbfad15399456d4da302de46909, 636f19a00cba441f197bb942f90b68dc43bc01b9, f5734b9175468095c14cad693f4470c335a199f2, c2c1c0990c0df39a6b8b9d812543a27a05b5d668, 8370ab90b5ca30ebba45494552bd8b7d25caa711, c02a2822a3e70eb33fbe01799530959d753c38a6, 7713c55cd0f4e90e663af748413bc888fc0dc5d5, 6d03cfcba8750bd74385c81974e015ae1043fe1a, 06f87be0f9d488db491f9b5e3a8a5edb3a06947c, 94ec61c5a7519272a70dab133827149198382705, 7c86b702f053f1c2cf25b70c0c7095613139a6c2, 4d2bae60f751fe1817c498a7ab9e2b0d23929c20, 38f7da276401ddbd47283e5ca19b3da5af6805fa]","[4ece50e2fec4e46ead843657a462f6abfdf7b004, e654574aa5c1efdc786c9a96d6a25cc8435330cb]"
"454a175aec973054b984ed7d6e5adee912cf025d","6ee681070892e40dccbf338a7e2223c4da1b20da","8e8a8d2b9d853f9bc2f06fe0c96d33a1ae038bb1","9a126f9292c0b3e7e455627e41ef968e5be795b3","[6ee681070892e40dccbf338a7e2223c4da1b20da, cb78469862930b6bbfafbf7a1853893a4d6d353c, 1617a32eb6d007893b84bcae562d576f9a278d87, e872403e53d8967f65e4a7b157fde43c1a1704a7, e913be57c09c26fabdeda7c0baa539608c0a8438, 9f99066c6095437e19232a028789cfa4ccb9f166, 7888a100539b66c8da5056aa96eea2ddd47bf06c, 682a0ad1f13b4fc7a8b0c3e32fa407f705ebea82, c7d21469ce99709c0c025d858138d8362649bc79, 01735da63c3edee2ed22efe91e4f1ad16a5432e9, f542d27d96420bd86de298015189e2783267cc92, a0668e4090bf110212d4ed890aad7b18a2768769, 2c66aa374789898f67bf8b5268b8371dda34bb1c, cd7f84fac7ccbb0358b9735a35ef290b807ec064, 9066c0e9f0b3c4ee531c7cfa753a7f0b11759392, 55a712333d794cbfad15399456d4da302de46909, 636f19a00cba441f197bb942f90b68dc43bc01b9, f5734b9175468095c14cad693f4470c335a199f2, c2c1c0990c0df39a6b8b9d812543a27a05b5d668, 8370ab90b5ca30ebba45494552bd8b7d25caa711, c02a2822a3e70eb33fbe01799530959d753c38a6, 7713c55cd0f4e90e663af748413bc888fc0dc5d5, 6d03cfcba8750bd74385c81974e015ae1043fe1a, 06f87be0f9d488db491f9b5e3a8a5edb3a06947c, 94ec61c5a7519272a70dab133827149198382705, 7c86b702f053f1c2cf25b70c0c7095613139a6c2, 4d2bae60f751fe1817c498a7ab9e2b0d23929c20, 38f7da276401ddbd47283e5ca19b3da5af6805fa]","[8e8a8d2b9d853f9bc2f06fe0c96d33a1ae038bb1, f71dce5dc66b57feeb2a98a397782052c474530c]"
"6ee681070892e40dccbf338a7e2223c4da1b20da","cb78469862930b6bbfafbf7a1853893a4d6d353c","9a126f9292c0b3e7e455627e41ef968e5be795b3","b6e3baf6fa132f5d7b369d4ed6e232d1697be30c","[cb78469862930b6bbfafbf7a1853893a4d6d353c, 1617a32eb6d007893b84bcae562d576f9a278d87, e872403e53d8967f65e4a7b157fde43c1a1704a7, e913be57c09c26fabdeda7c0baa539608c0a8438, 9f99066c6095437e19232a028789cfa4ccb9f166, 7888a100539b66c8da5056aa96eea2ddd47bf06c, 682a0ad1f13b4fc7a8b0c3e32fa407f705ebea82, c7d21469ce99709c0c025d858138d8362649bc79, 01735da63c3edee2ed22efe91e4f1ad16a5432e9, f542d27d96420bd86de298015189e2783267cc92, a0668e4090bf110212d4ed890aad7b18a2768769, 2c66aa374789898f67bf8b5268b8371dda34bb1c, cd7f84fac7ccbb0358b9735a35ef290b807ec064, 9066c0e9f0b3c4ee531c7cfa753a7f0b11759392, 55a712333d794cbfad15399456d4da302de46909, 636f19a00cba441f197bb942f90b68dc43bc01b9, f5734b9175468095c14cad693f4470c335a199f2, c2c1c0990c0df39a6b8b9d812543a27a05b5d668, 8370ab90b5ca30ebba45494552bd8b7d25caa711, c02a2822a3e70eb33fbe01799530959d753c38a6, 7713c55cd0f4e90e663af748413bc888fc0dc5d5, 6d03cfcba8750bd74385c81974e015ae1043fe1a, 06f87be0f9d488db491f9b5e3a8a5edb3a06947c, 94ec61c5a7519272a70dab133827149198382705, 7c86b702f053f1c2cf25b70c0c7095613139a6c2, 4d2bae60f751fe1817c498a7ab9e2b0d23929c20, 38f7da276401ddbd47283e5ca19b3da5af6805fa]","[9a126f9292c0b3e7e455627e41ef968e5be795b3, d92d6f04d7973380d8c8097126e44d49d5d5dc93]"
"cb78469862930b6bbfafbf7a1853893a4d6d353c","f542d27d96420bd86de298015189e2783267cc92","1617a32eb6d007893b84bcae562d576f9a278d87","1261e48cb144885fe75a57ec06701dd6724d51e8","[f542d27d96420bd86de298015189e2783267cc92, b6e3baf6fa132f5d7b369d4ed6e232d1697be30c, e3ca4b5a95832a26dc69f5bb2c683f329a4d4781, a0668e4090bf110212d4ed890aad7b18a2768769, 2c66aa374789898f67bf8b5268b8371dda34bb1c, cd7f84fac7ccbb0358b9735a35ef290b807ec064, 9066c0e9f0b3c4ee531c7cfa753a7f0b11759392, 55a712333d794cbfad15399456d4da302de46909, 636f19a00cba441f197bb942f90b68dc43bc01b9, f5734b9175468095c14cad693f4470c335a199f2, c2c1c0990c0df39a6b8b9d812543a27a05b5d668, 8370ab90b5ca30ebba45494552bd8b7d25caa711, c02a2822a3e70eb33fbe01799530959d753c38a6, 7713c55cd0f4e90e663af748413bc888fc0dc5d5, 6d03cfcba8750bd74385c81974e015ae1043fe1a, 06f87be0f9d488db491f9b5e3a8a5edb3a06947c, 94ec61c5a7519272a70dab133827149198382705, 7c86b702f053f1c2cf25b70c0c7095613139a6c2, 4d2bae60f751fe1817c498a7ab9e2b0d23929c20, 38f7da276401ddbd47283e5ca19b3da5af6805fa]","[1617a32eb6d007893b84bcae562d576f9a278d87, e872403e53d8967f65e4a7b157fde43c1a1704a7, e913be57c09c26fabdeda7c0baa539608c0a8438, 9f99066c6095437e19232a028789cfa4ccb9f166, 7888a100539b66c8da5056aa96eea2ddd47bf06c, 682a0ad1f13b4fc7a8b0c3e32fa407f705ebea82, c7d21469ce99709c0c025d858138d8362649bc79, 01735da63c3edee2ed22efe91e4f1ad16a5432e9]"
"f542d27d96420bd86de298015189e2783267cc92","a0668e4090bf110212d4ed890aad7b18a2768769","b6e3baf6fa132f5d7b369d4ed6e232d1697be30c","1261e48cb144885fe75a57ec06701dd6724d51e8","[a0668e4090bf110212d4ed890aad7b18a2768769, 2c66aa374789898f67bf8b5268b8371dda34bb1c, cd7f84fac7ccbb0358b9735a35ef290b807ec064, 9066c0e9f0b3c4ee531c7cfa753a7f0b11759392, 55a712333d794cbfad15399456d4da302de46909, 636f19a00cba441f197bb942f90b68dc43bc01b9, f5734b9175468095c14cad693f4470c335a199f2, c2c1c0990c0df39a6b8b9d812543a27a05b5d668, 8370ab90b5ca30ebba45494552bd8b7d25caa711, c02a2822a3e70eb33fbe01799530959d753c38a6, 7713c55cd0f4e90e663af748413bc888fc0dc5d5, 6d03cfcba8750bd74385c81974e015ae1043fe1a, 06f87be0f9d488db491f9b5e3a8a5edb3a06947c, 94ec61c5a7519272a70dab133827149198382705, 7c86b702f053f1c2cf25b70c0c7095613139a6c2, 4d2bae60f751fe1817c498a7ab9e2b0d23929c20, 38f7da276401ddbd47283e5ca19b3da5af6805fa]","[b6e3baf6fa132f5d7b369d4ed6e232d1697be30c, e3ca4b5a95832a26dc69f5bb2c683f329a4d4781]"
"a0668e4090bf110212d4ed890aad7b18a2768769","2c66aa374789898f67bf8b5268b8371dda34bb1c","1261e48cb144885fe75a57ec06701dd6724d51e8","a837f21c2cbc8b7044e3b6afe87d6c83962c24c5","[2c66aa374789898f67bf8b5268b8371dda34bb1c, cd7f84fac7ccbb0358b9735a35ef290b807ec064, 9066c0e9f0b3c4ee531c7cfa753a7f0b11759392, 55a712333d794cbfad15399456d4da302de46909, 636f19a00cba441f197bb942f90b68dc43bc01b9, f5734b9175468095c14cad693f4470c335a199f2, c2c1c0990c0df39a6b8b9d812543a27a05b5d668, 8370ab90b5ca30ebba45494552bd8b7d25caa711, c02a2822a3e70eb33fbe01799530959d753c38a6, 7713c55cd0f4e90e663af748413bc888fc0dc5d5, 6d03cfcba8750bd74385c81974e015ae1043fe1a, 06f87be0f9d488db491f9b5e3a8a5edb3a06947c, 94ec61c5a7519272a70dab133827149198382705, 7c86b702f053f1c2cf25b70c0c7095613139a6c2, 4d2bae60f751fe1817c498a7ab9e2b0d23929c20, 38f7da276401ddbd47283e5ca19b3da5af6805fa]","[1261e48cb144885fe75a57ec06701dd6724d51e8, 02e2bc9cf139cde24eac26b72a574310c2351d71, 6fd59fb81efb34f0964cbec4d696503755924750]"
"2c66aa374789898f67bf8b5268b8371dda34bb1c","cd7f84fac7ccbb0358b9735a35ef290b807ec064","a837f21c2cbc8b7044e3b6afe87d6c83962c24c5","4439ba28230a15b60dc75fe37cfc388a107c7b29","[cd7f84fac7ccbb0358b9735a35ef290b807ec064, 9066c0e9f0b3c4ee531c7cfa753a7f0b11759392, d768132255cfaf41549d03b9eb02bc1c90895e6d, 55a712333d794cbfad15399456d4da302de46909, e0dcb52dd9db6159aec6657955764a80e5c6ce1a, 636f19a00cba441f197bb942f90b68dc43bc01b9, f5734b9175468095c14cad693f4470c335a199f2, de80087c0ad758e25c82e2a5e8de98d7a1859ca2, c2c1c0990c0df39a6b8b9d812543a27a05b5d668, 8370ab90b5ca30ebba45494552bd8b7d25caa711, c02a2822a3e70eb33fbe01799530959d753c38a6, 7713c55cd0f4e90e663af748413bc888fc0dc5d5, 6d03cfcba8750bd74385c81974e015ae1043fe1a, 58cab83578a16b1a070bd6c0f58f2201ec817594, 06f87be0f9d488db491f9b5e3a8a5edb3a06947c, 0d6163c8da2ef58389ff5afe3407f72d0d3b55a4, 5d7e3d6547ca4273496ca4a706b622bb8da7d52a, 94ec61c5a7519272a70dab133827149198382705, 7c86b702f053f1c2cf25b70c0c7095613139a6c2, 31aa50d9c4fc69c0ac4bcb26d8e716167a4ffb35, 4d2bae60f751fe1817c498a7ab9e2b0d23929c20, 38f7da276401ddbd47283e5ca19b3da5af6805fa, 52ba03f2cdf2fbc22101be84d0a6d1d5dc5bfa09]","[a837f21c2cbc8b7044e3b6afe87d6c83962c24c5, c125316340c30e374c85a6aad7350030da13ae92, bdd5dc816828b34c7ac0fec540ba05b3e46b8b3e, dc9c17c0ab12738010f7867cb79e7f6b55c1f16a, d768132255cfaf41549d03b9eb02bc1c90895e6d, 4c9fc41037f93a70545339f919db426efcea7eef, e0dcb52dd9db6159aec6657955764a80e5c6ce1a, de80087c0ad758e25c82e2a5e8de98d7a1859ca2, 58cab83578a16b1a070bd6c0f58f2201ec817594, 0d6163c8da2ef58389ff5afe3407f72d0d3b55a4, 5d7e3d6547ca4273496ca4a706b622bb8da7d52a, 31aa50d9c4fc69c0ac4bcb26d8e716167a4ffb35, 52ba03f2cdf2fbc22101be84d0a6d1d5dc5bfa09]"
"bdd5dc816828b34c7ac0fec540ba05b3e46b8b3e","dc9c17c0ab12738010f7867cb79e7f6b55c1f16a","d768132255cfaf41549d03b9eb02bc1c90895e6d","b193e4296af718316f2a153602421f0f4a1e0804","[dc9c17c0ab12738010f7867cb79e7f6b55c1f16a, 4439ba28230a15b60dc75fe37cfc388a107c7b29, d08aa1a6ef6e52ca0cc415b0c5ada06aab573e5e, 4c9fc41037f93a70545339f919db426efcea7eef, e0dcb52dd9db6159aec6657955764a80e5c6ce1a, 061a7be264ce06b281e9b75124eddb0d35e7d258, bed2b6b001b977f4f6a892e3dcd8d0829891314c, f551f114db80f3128040b0ba1f91ec6138678400, 857c539e8c62ab28badb8732603c1d4ca8e8e8be, 562d57a236e6ff60a232fb93295e12e5883e2544, 2919146f5acc237ff80b27da184f7ff824045bce, bb954c27c2945c9bccfe45ffda79bd56812e0747, c90c2bce9bbfddff61f23c0580612507be0533e7, 42d132bd352cb6606664e13ea501e11051fed095]","[d768132255cfaf41549d03b9eb02bc1c90895e6d, de80087c0ad758e25c82e2a5e8de98d7a1859ca2, 58cab83578a16b1a070bd6c0f58f2201ec817594, 0d6163c8da2ef58389ff5afe3407f72d0d3b55a4, 5d7e3d6547ca4273496ca4a706b622bb8da7d52a, 31aa50d9c4fc69c0ac4bcb26d8e716167a4ffb35, 52ba03f2cdf2fbc22101be84d0a6d1d5dc5bfa09]"
"dc9c17c0ab12738010f7867cb79e7f6b55c1f16a","4c9fc41037f93a70545339f919db426efcea7eef","4439ba28230a15b60dc75fe37cfc388a107c7b29","f551f114db80f3128040b0ba1f91ec6138678400","[4c9fc41037f93a70545339f919db426efcea7eef, e0dcb52dd9db6159aec6657955764a80e5c6ce1a]","[4439ba28230a15b60dc75fe37cfc388a107c7b29, d08aa1a6ef6e52ca0cc415b0c5ada06aab573e5e, 061a7be264ce06b281e9b75124eddb0d35e7d258, bed2b6b001b977f4f6a892e3dcd8d0829891314c]"
"cd7f84fac7ccbb0358b9735a35ef290b807ec064","9066c0e9f0b3c4ee531c7cfa753a7f0b11759392","4439ba28230a15b60dc75fe37cfc388a107c7b29","061a7be264ce06b281e9b75124eddb0d35e7d258","[9066c0e9f0b3c4ee531c7cfa753a7f0b11759392, d768132255cfaf41549d03b9eb02bc1c90895e6d, 55a712333d794cbfad15399456d4da302de46909, e0dcb52dd9db6159aec6657955764a80e5c6ce1a, 636f19a00cba441f197bb942f90b68dc43bc01b9, f5734b9175468095c14cad693f4470c335a199f2, de80087c0ad758e25c82e2a5e8de98d7a1859ca2, c2c1c0990c0df39a6b8b9d812543a27a05b5d668, 8370ab90b5ca30ebba45494552bd8b7d25caa711, c02a2822a3e70eb33fbe01799530959d753c38a6, 7713c55cd0f4e90e663af748413bc888fc0dc5d5, 6d03cfcba8750bd74385c81974e015ae1043fe1a, 58cab83578a16b1a070bd6c0f58f2201ec817594, 06f87be0f9d488db491f9b5e3a8a5edb3a06947c, 0d6163c8da2ef58389ff5afe3407f72d0d3b55a4, 5d7e3d6547ca4273496ca4a706b622bb8da7d52a, 94ec61c5a7519272a70dab133827149198382705, 7c86b702f053f1c2cf25b70c0c7095613139a6c2, 31aa50d9c4fc69c0ac4bcb26d8e716167a4ffb35, 4d2bae60f751fe1817c498a7ab9e2b0d23929c20, 38f7da276401ddbd47283e5ca19b3da5af6805fa, 52ba03f2cdf2fbc22101be84d0a6d1d5dc5bfa09]","[4439ba28230a15b60dc75fe37cfc388a107c7b29, d08aa1a6ef6e52ca0cc415b0c5ada06aab573e5e]"
"9066c0e9f0b3c4ee531c7cfa753a7f0b11759392","55a712333d794cbfad15399456d4da302de46909","d768132255cfaf41549d03b9eb02bc1c90895e6d","de80087c0ad758e25c82e2a5e8de98d7a1859ca2","[55a712333d794cbfad15399456d4da302de46909, e0dcb52dd9db6159aec6657955764a80e5c6ce1a, 636f19a00cba441f197bb942f90b68dc43bc01b9, 061a7be264ce06b281e9b75124eddb0d35e7d258, f5734b9175468095c14cad693f4470c335a199f2, c2c1c0990c0df39a6b8b9d812543a27a05b5d668, bed2b6b001b977f4f6a892e3dcd8d0829891314c, 8370ab90b5ca30ebba45494552bd8b7d25caa711, f551f114db80f3128040b0ba1f91ec6138678400, 857c539e8c62ab28badb8732603c1d4ca8e8e8be, c02a2822a3e70eb33fbe01799530959d753c38a6, 562d57a236e6ff60a232fb93295e12e5883e2544, 7713c55cd0f4e90e663af748413bc888fc0dc5d5, 2919146f5acc237ff80b27da184f7ff824045bce, 6d03cfcba8750bd74385c81974e015ae1043fe1a, 06f87be0f9d488db491f9b5e3a8a5edb3a06947c, 94ec61c5a7519272a70dab133827149198382705, bb954c27c2945c9bccfe45ffda79bd56812e0747, 7c86b702f053f1c2cf25b70c0c7095613139a6c2, 4d2bae60f751fe1817c498a7ab9e2b0d23929c20, c90c2bce9bbfddff61f23c0580612507be0533e7, 38f7da276401ddbd47283e5ca19b3da5af6805fa, 42d132bd352cb6606664e13ea501e11051fed095]","[d768132255cfaf41549d03b9eb02bc1c90895e6d]"
"55a712333d794cbfad15399456d4da302de46909","636f19a00cba441f197bb942f90b68dc43bc01b9","e0dcb52dd9db6159aec6657955764a80e5c6ce1a","562d57a236e6ff60a232fb93295e12e5883e2544","[636f19a00cba441f197bb942f90b68dc43bc01b9, 061a7be264ce06b281e9b75124eddb0d35e7d258, f5734b9175468095c14cad693f4470c335a199f2, de80087c0ad758e25c82e2a5e8de98d7a1859ca2, c2c1c0990c0df39a6b8b9d812543a27a05b5d668, bed2b6b001b977f4f6a892e3dcd8d0829891314c, 8370ab90b5ca30ebba45494552bd8b7d25caa711, f551f114db80f3128040b0ba1f91ec6138678400, 857c539e8c62ab28badb8732603c1d4ca8e8e8be, c02a2822a3e70eb33fbe01799530959d753c38a6, 7713c55cd0f4e90e663af748413bc888fc0dc5d5, 6d03cfcba8750bd74385c81974e015ae1043fe1a, 58cab83578a16b1a070bd6c0f58f2201ec817594, 06f87be0f9d488db491f9b5e3a8a5edb3a06947c, 0d6163c8da2ef58389ff5afe3407f72d0d3b55a4, 5d7e3d6547ca4273496ca4a706b622bb8da7d52a, 94ec61c5a7519272a70dab133827149198382705, bb954c27c2945c9bccfe45ffda79bd56812e0747, 7c86b702f053f1c2cf25b70c0c7095613139a6c2, 31aa50d9c4fc69c0ac4bcb26d8e716167a4ffb35, 4d2bae60f751fe1817c498a7ab9e2b0d23929c20, c90c2bce9bbfddff61f23c0580612507be0533e7, 38f7da276401ddbd47283e5ca19b3da5af6805fa, 52ba03f2cdf2fbc22101be84d0a6d1d5dc5bfa09, 42d132bd352cb6606664e13ea501e11051fed095]","[e0dcb52dd9db6159aec6657955764a80e5c6ce1a]"
"4c9fc41037f93a70545339f919db426efcea7eef","f551f114db80f3128040b0ba1f91ec6138678400","e0dcb52dd9db6159aec6657955764a80e5c6ce1a","562d57a236e6ff60a232fb93295e12e5883e2544","[f551f114db80f3128040b0ba1f91ec6138678400, 857c539e8c62ab28badb8732603c1d4ca8e8e8be, bb954c27c2945c9bccfe45ffda79bd56812e0747, c90c2bce9bbfddff61f23c0580612507be0533e7, 42d132bd352cb6606664e13ea501e11051fed095]","[e0dcb52dd9db6159aec6657955764a80e5c6ce1a]"
"636f19a00cba441f197bb942f90b68dc43bc01b9","f5734b9175468095c14cad693f4470c335a199f2","061a7be264ce06b281e9b75124eddb0d35e7d258","bed2b6b001b977f4f6a892e3dcd8d0829891314c","[f5734b9175468095c14cad693f4470c335a199f2, de80087c0ad758e25c82e2a5e8de98d7a1859ca2, c2c1c0990c0df39a6b8b9d812543a27a05b5d668, 8370ab90b5ca30ebba45494552bd8b7d25caa711, c02a2822a3e70eb33fbe01799530959d753c38a6, 7713c55cd0f4e90e663af748413bc888fc0dc5d5, 6d03cfcba8750bd74385c81974e015ae1043fe1a, 58cab83578a16b1a070bd6c0f58f2201ec817594, 06f87be0f9d488db491f9b5e3a8a5edb3a06947c, 0d6163c8da2ef58389ff5afe3407f72d0d3b55a4, 5d7e3d6547ca4273496ca4a706b622bb8da7d52a, 94ec61c5a7519272a70dab133827149198382705, 7c86b702f053f1c2cf25b70c0c7095613139a6c2, 31aa50d9c4fc69c0ac4bcb26d8e716167a4ffb35, 4d2bae60f751fe1817c498a7ab9e2b0d23929c20, 38f7da276401ddbd47283e5ca19b3da5af6805fa, 52ba03f2cdf2fbc22101be84d0a6d1d5dc5bfa09]","[061a7be264ce06b281e9b75124eddb0d35e7d258]"
"f5734b9175468095c14cad693f4470c335a199f2","c2c1c0990c0df39a6b8b9d812543a27a05b5d668","de80087c0ad758e25c82e2a5e8de98d7a1859ca2","58cab83578a16b1a070bd6c0f58f2201ec817594","[c2c1c0990c0df39a6b8b9d812543a27a05b5d668, bed2b6b001b977f4f6a892e3dcd8d0829891314c, 8370ab90b5ca30ebba45494552bd8b7d25caa711, f551f114db80f3128040b0ba1f91ec6138678400, 857c539e8c62ab28badb8732603c1d4ca8e8e8be, c02a2822a3e70eb33fbe01799530959d753c38a6, 562d57a236e6ff60a232fb93295e12e5883e2544, 7713c55cd0f4e90e663af748413bc888fc0dc5d5, 2919146f5acc237ff80b27da184f7ff824045bce, 6d03cfcba8750bd74385c81974e015ae1043fe1a, 06f87be0f9d488db491f9b5e3a8a5edb3a06947c, 94ec61c5a7519272a70dab133827149198382705, bb954c27c2945c9bccfe45ffda79bd56812e0747, 7c86b702f053f1c2cf25b70c0c7095613139a6c2, 4d2bae60f751fe1817c498a7ab9e2b0d23929c20, c90c2bce9bbfddff61f23c0580612507be0533e7, 38f7da276401ddbd47283e5ca19b3da5af6805fa, 42d132bd352cb6606664e13ea501e11051fed095]","[de80087c0ad758e25c82e2a5e8de98d7a1859ca2]"
"c2c1c0990c0df39a6b8b9d812543a27a05b5d668","8370ab90b5ca30ebba45494552bd8b7d25caa711","bed2b6b001b977f4f6a892e3dcd8d0829891314c","f551f114db80f3128040b0ba1f91ec6138678400","[8370ab90b5ca30ebba45494552bd8b7d25caa711, c02a2822a3e70eb33fbe01799530959d753c38a6, 7713c55cd0f4e90e663af748413bc888fc0dc5d5, 6d03cfcba8750bd74385c81974e015ae1043fe1a, 58cab83578a16b1a070bd6c0f58f2201ec817594, 06f87be0f9d488db491f9b5e3a8a5edb3a06947c, 0d6163c8da2ef58389ff5afe3407f72d0d3b55a4, 5d7e3d6547ca4273496ca4a706b622bb8da7d52a, 94ec61c5a7519272a70dab133827149198382705, 7c86b702f053f1c2cf25b70c0c7095613139a6c2, 31aa50d9c4fc69c0ac4bcb26d8e716167a4ffb35, 4d2bae60f751fe1817c498a7ab9e2b0d23929c20, 38f7da276401ddbd47283e5ca19b3da5af6805fa, 52ba03f2cdf2fbc22101be84d0a6d1d5dc5bfa09]","[bed2b6b001b977f4f6a892e3dcd8d0829891314c]"
"8370ab90b5ca30ebba45494552bd8b7d25caa711","c02a2822a3e70eb33fbe01799530959d753c38a6","f551f114db80f3128040b0ba1f91ec6138678400","562d57a236e6ff60a232fb93295e12e5883e2544","[c02a2822a3e70eb33fbe01799530959d753c38a6, 7713c55cd0f4e90e663af748413bc888fc0dc5d5, 6d03cfcba8750bd74385c81974e015ae1043fe1a, 58cab83578a16b1a070bd6c0f58f2201ec817594, 06f87be0f9d488db491f9b5e3a8a5edb3a06947c, 0d6163c8da2ef58389ff5afe3407f72d0d3b55a4, 5d7e3d6547ca4273496ca4a706b622bb8da7d52a, 94ec61c5a7519272a70dab133827149198382705, bb954c27c2945c9bccfe45ffda79bd56812e0747, 7c86b702f053f1c2cf25b70c0c7095613139a6c2, 31aa50d9c4fc69c0ac4bcb26d8e716167a4ffb35, 4d2bae60f751fe1817c498a7ab9e2b0d23929c20, c90c2bce9bbfddff61f23c0580612507be0533e7, 38f7da276401ddbd47283e5ca19b3da5af6805fa, 52ba03f2cdf2fbc22101be84d0a6d1d5dc5bfa09, 42d132bd352cb6606664e13ea501e11051fed095]","[f551f114db80f3128040b0ba1f91ec6138678400, 857c539e8c62ab28badb8732603c1d4ca8e8e8be, bb954c27c2945c9bccfe45ffda79bd56812e0747, c90c2bce9bbfddff61f23c0580612507be0533e7, 42d132bd352cb6606664e13ea501e11051fed095]"
"857c539e8c62ab28badb8732603c1d4ca8e8e8be","bb954c27c2945c9bccfe45ffda79bd56812e0747","562d57a236e6ff60a232fb93295e12e5883e2544","b193e4296af718316f2a153602421f0f4a1e0804","[bb954c27c2945c9bccfe45ffda79bd56812e0747, c90c2bce9bbfddff61f23c0580612507be0533e7, 42d132bd352cb6606664e13ea501e11051fed095]","[562d57a236e6ff60a232fb93295e12e5883e2544, 2919146f5acc237ff80b27da184f7ff824045bce]"
"c02a2822a3e70eb33fbe01799530959d753c38a6","7713c55cd0f4e90e663af748413bc888fc0dc5d5","562d57a236e6ff60a232fb93295e12e5883e2544","2919146f5acc237ff80b27da184f7ff824045bce","[7713c55cd0f4e90e663af748413bc888fc0dc5d5, 6d03cfcba8750bd74385c81974e015ae1043fe1a, 58cab83578a16b1a070bd6c0f58f2201ec817594, 06f87be0f9d488db491f9b5e3a8a5edb3a06947c, 0d6163c8da2ef58389ff5afe3407f72d0d3b55a4, 5d7e3d6547ca4273496ca4a706b622bb8da7d52a, 94ec61c5a7519272a70dab133827149198382705, bb954c27c2945c9bccfe45ffda79bd56812e0747, 7c86b702f053f1c2cf25b70c0c7095613139a6c2, 31aa50d9c4fc69c0ac4bcb26d8e716167a4ffb35, 4d2bae60f751fe1817c498a7ab9e2b0d23929c20, c90c2bce9bbfddff61f23c0580612507be0533e7, 38f7da276401ddbd47283e5ca19b3da5af6805fa, 52ba03f2cdf2fbc22101be84d0a6d1d5dc5bfa09, 42d132bd352cb6606664e13ea501e11051fed095]","[562d57a236e6ff60a232fb93295e12e5883e2544]"
"7713c55cd0f4e90e663af748413bc888fc0dc5d5","6d03cfcba8750bd74385c81974e015ae1043fe1a","2919146f5acc237ff80b27da184f7ff824045bce","b193e4296af718316f2a153602421f0f4a1e0804","[6d03cfcba8750bd74385c81974e015ae1043fe1a, 58cab83578a16b1a070bd6c0f58f2201ec817594, 06f87be0f9d488db491f9b5e3a8a5edb3a06947c, 0d6163c8da2ef58389ff5afe3407f72d0d3b55a4, 5d7e3d6547ca4273496ca4a706b622bb8da7d52a, 94ec61c5a7519272a70dab133827149198382705, bb954c27c2945c9bccfe45ffda79bd56812e0747, 7c86b702f053f1c2cf25b70c0c7095613139a6c2, 31aa50d9c4fc69c0ac4bcb26d8e716167a4ffb35, 4d2bae60f751fe1817c498a7ab9e2b0d23929c20, c90c2bce9bbfddff61f23c0580612507be0533e7, 38f7da276401ddbd47283e5ca19b3da5af6805fa, 52ba03f2cdf2fbc22101be84d0a6d1d5dc5bfa09, 42d132bd352cb6606664e13ea501e11051fed095]","[2919146f5acc237ff80b27da184f7ff824045bce]"
"6d03cfcba8750bd74385c81974e015ae1043fe1a","06f87be0f9d488db491f9b5e3a8a5edb3a06947c","58cab83578a16b1a070bd6c0f58f2201ec817594","0d6163c8da2ef58389ff5afe3407f72d0d3b55a4","[06f87be0f9d488db491f9b5e3a8a5edb3a06947c, 94ec61c5a7519272a70dab133827149198382705, bb954c27c2945c9bccfe45ffda79bd56812e0747, 7c86b702f053f1c2cf25b70c0c7095613139a6c2, 4d2bae60f751fe1817c498a7ab9e2b0d23929c20, c90c2bce9bbfddff61f23c0580612507be0533e7, 38f7da276401ddbd47283e5ca19b3da5af6805fa, 42d132bd352cb6606664e13ea501e11051fed095]","[58cab83578a16b1a070bd6c0f58f2201ec817594]"
"06f87be0f9d488db491f9b5e3a8a5edb3a06947c","94ec61c5a7519272a70dab133827149198382705","0d6163c8da2ef58389ff5afe3407f72d0d3b55a4","31aa50d9c4fc69c0ac4bcb26d8e716167a4ffb35","[94ec61c5a7519272a70dab133827149198382705, bb954c27c2945c9bccfe45ffda79bd56812e0747, 7c86b702f053f1c2cf25b70c0c7095613139a6c2, 4d2bae60f751fe1817c498a7ab9e2b0d23929c20, c90c2bce9bbfddff61f23c0580612507be0533e7, 38f7da276401ddbd47283e5ca19b3da5af6805fa, 42d132bd352cb6606664e13ea501e11051fed095]","[0d6163c8da2ef58389ff5afe3407f72d0d3b55a4, 5d7e3d6547ca4273496ca4a706b622bb8da7d52a]"
"94ec61c5a7519272a70dab133827149198382705","7c86b702f053f1c2cf25b70c0c7095613139a6c2","bb954c27c2945c9bccfe45ffda79bd56812e0747","c90c2bce9bbfddff61f23c0580612507be0533e7","[7c86b702f053f1c2cf25b70c0c7095613139a6c2, 31aa50d9c4fc69c0ac4bcb26d8e716167a4ffb35, 4d2bae60f751fe1817c498a7ab9e2b0d23929c20, 38f7da276401ddbd47283e5ca19b3da5af6805fa, 52ba03f2cdf2fbc22101be84d0a6d1d5dc5bfa09]","[bb954c27c2945c9bccfe45ffda79bd56812e0747]"
"7c86b702f053f1c2cf25b70c0c7095613139a6c2","4d2bae60f751fe1817c498a7ab9e2b0d23929c20","31aa50d9c4fc69c0ac4bcb26d8e716167a4ffb35","52ba03f2cdf2fbc22101be84d0a6d1d5dc5bfa09","[4d2bae60f751fe1817c498a7ab9e2b0d23929c20, c90c2bce9bbfddff61f23c0580612507be0533e7, 38f7da276401ddbd47283e5ca19b3da5af6805fa, 42d132bd352cb6606664e13ea501e11051fed095]","[31aa50d9c4fc69c0ac4bcb26d8e716167a4ffb35]"
"4d2bae60f751fe1817c498a7ab9e2b0d23929c20","38f7da276401ddbd47283e5ca19b3da5af6805fa","c90c2bce9bbfddff61f23c0580612507be0533e7","42d132bd352cb6606664e13ea501e11051fed095","[38f7da276401ddbd47283e5ca19b3da5af6805fa, 52ba03f2cdf2fbc22101be84d0a6d1d5dc5bfa09]","[c90c2bce9bbfddff61f23c0580612507be0533e7]"
"38f7da276401ddbd47283e5ca19b3da5af6805fa","52ba03f2cdf2fbc22101be84d0a6d1d5dc5bfa09","42d132bd352cb6606664e13ea501e11051fed095","b193e4296af718316f2a153602421f0f4a1e0804","[52ba03f2cdf2fbc22101be84d0a6d1d5dc5bfa09]","[42d132bd352cb6606664e13ea501e11051fed095]"
"b193e4296af718316f2a153602421f0f4a1e0804","b9e9d81cdb83488005b401e8f7b87b1a75e2d258","c89b2178d761984a24fdb25875772b3f868324be","164c328ef2b24126b82c4171db99e4926c6c2964","[b9e9d81cdb83488005b401e8f7b87b1a75e2d258]","[c89b2178d761984a24fdb25875772b3f868324be]"
"240273eaa903f93723f6019a63e8532e4e0bfb03","dbfa86008cbd3deaa0aee7356ddd8592946e876c","58cea997ef8174b5e5fb7c0b626b887fa4b7f40e","ba28d1fd83be5beec6c5dba938df5f6a07c2c2d8","[dbfa86008cbd3deaa0aee7356ddd8592946e876c]","[58cea997ef8174b5e5fb7c0b626b887fa4b7f40e, 1dcbe2405fe82a83b64cb86baa4a88113ec93a56]"
