"https://github.com/jasnow/atlrug500.git"
"MERGE","LEFT","RIGHT","BASE","LEFT_COMMITS","RIGHT_COMMITS"
"37719243b1e7e14940f488a982c73ba5c047598b","3c20458c32a779cd5db45946784cf9763d108dbe","68cc951ea9f8a9a1176e4d29ccaa78ea0a583c5e","a1230f25eefc1292ae79fea1dee9206577ceb837","[3c20458c32a779cd5db45946784cf9763d108dbe]","[68cc951ea9f8a9a1176e4d29ccaa78ea0a583c5e]"
"7f22373fcc659663f8fb1528382803673c52d2f2","9c14a18744e81e60ddfc26df9cb8f19aa027fec4","0427d75c6f1789943062f763615900ad756e9ef4","e99f9c45906a03c8ad10cfad9ced9a3e5c4d8284","[9c14a18744e81e60ddfc26df9cb8f19aa027fec4]","[0427d75c6f1789943062f763615900ad756e9ef4, 4f6cbf5d294f4bb99b8346f14e8e07bf89282408]"
"0427d75c6f1789943062f763615900ad756e9ef4","4f6cbf5d294f4bb99b8346f14e8e07bf89282408","e99f9c45906a03c8ad10cfad9ced9a3e5c4d8284","9a5a202caaf5742b0c091878b3f787e44716f7e7","[4f6cbf5d294f4bb99b8346f14e8e07bf89282408]","[e99f9c45906a03c8ad10cfad9ced9a3e5c4d8284, 789542c67484aaeb5238efdaed4664e3f94ad06e, 68479acf0100574d38e3d35d6c68e8249fa4d66a]"
"e99f9c45906a03c8ad10cfad9ced9a3e5c4d8284","789542c67484aaeb5238efdaed4664e3f94ad06e","9a5a202caaf5742b0c091878b3f787e44716f7e7","08f919286d1467496d25a376bb8c572261baec8e","[789542c67484aaeb5238efdaed4664e3f94ad06e, 68479acf0100574d38e3d35d6c68e8249fa4d66a]","[9a5a202caaf5742b0c091878b3f787e44716f7e7, f6df326c86805fc1a68d8dc6bc5c89f32aa1f2cf, d967afb56d0885d8e21c51b0e57c133276a3a297]"
"f6df326c86805fc1a68d8dc6bc5c89f32aa1f2cf","d967afb56d0885d8e21c51b0e57c133276a3a297","08f919286d1467496d25a376bb8c572261baec8e","16f117b852e543b1e55ae7528597c01f54e35c49","[d967afb56d0885d8e21c51b0e57c133276a3a297]","[08f919286d1467496d25a376bb8c572261baec8e, 60ffe0ab3395359803d0d717528f5d6039dd8951, 46d91db82e6c82388368caae4a63828c46a1dab4]"
"60ffe0ab3395359803d0d717528f5d6039dd8951","46d91db82e6c82388368caae4a63828c46a1dab4","16f117b852e543b1e55ae7528597c01f54e35c49","c59b6843b3f7ca4fd22cbb651d2e6974b3c89e2c","[46d91db82e6c82388368caae4a63828c46a1dab4]","[16f117b852e543b1e55ae7528597c01f54e35c49, ae5af02787d63803420a955bfe38f5cf8a6ae6a6, 26d722a78fb9f22680f075a0de749535e494c229, 8db4f91c72173e01e9e8d364b78ffae0891e31d2, d7758bb92c55ff9f0f69a5d1b24158518a602ee2, 8491d78fe9e966deeda64407c9c4a484416be88e]"
"d13a29ff849070d497c1c4da46c283bc730ce5dc","34ae59067a29d4273b6c2f64060cf38a7774430d","236d1a7a4bd24e9919ee090a6ded993ae636fc40","da6da9a375a62ab81243f211f720b7f104b9597f","[34ae59067a29d4273b6c2f64060cf38a7774430d, 2586fd49163b61cdc35219d96f7f465a6166ef31, f4931ff67539ec90092b47fa6c9cf0144ed621ff, 28319abb61ec79f8469a28b0d3706cc6b4c34c84, e56984171c827a86792da3c058a107a29427f64e, 770092a9b982785b3dde45cab021f3c877c3aaa5, 206a61e788576b43a8cd391706fbd88735cb8cab, 1fd1cc9497b2c7654e734048c85dfb777b832d8a]","[236d1a7a4bd24e9919ee090a6ded993ae636fc40, 913a4d0e29fcb54b89df3fe87aaf9db9bb3ba58a, 29762ada20cabe442e6b990028ea896f33572288, 5ea7f9d62727888426680634d1ec9589284bb12f, 4ce3cfba756e9ed0627fa4e0ffdac1234566ad07, 6ede722a43b519c7ed0ce0db6161edc61e03c14f, aea5ef15f4b5ed92072579541c8532b2b6d5432e, 7dce91e20c0a1078a4c17f4611e63f3c1de1f40a, a3daea1aea3d792c74816257c8b28198e2c2c084, 362e7543a68d09fe4d7da651fb14536d690a47b5, 40c9c6f19576b0fdb72fdf41f1fa4ec5068fb792, 80a42d5abc7a5e225b2716893698f61238289f39, 92f27dd0d5de15ef4d111ed576dff69c8a80a640, ef70003ffff0187c35eb7b9b358aa5980bbfa7e8, 18461c68989cfb78bb8bd3809d87c8f1cf9c305b, 6b2f82c8aa8ee5842796ac352c6701312a6aabdd, bcae3718852bda12fa188efeb85e8976fa1b3af7, c37b695f6c24052face304be760d9371b6ee22a1, a426ab03f26614cd0b03781960eddd8be006980f, 07d1a603f7405c66c27c58c2a29ae248f504b05c, 35a032852c443c2ddaf5d8f917224077f12fef79, d3626a0ab577d4ea1b13eab82d5c94b47a15008b, 30af3daa4d858d84341b6d8c35dace0a83f6f18f, 57fca9b0e21eb0d94eb96f353dcb262331c85c73, 291bafe2deec266247da2aab905ccd12fd05544e, 5d4efddaa335c54fb7b16b4009ab4460bceeae01, 3ce919aaf8035f514c4c6e84ec8ed8f711797629, b80dee44396e254128e816e0728134778c73c5a3, d193d8deb58021d99e184426b063bf3a3c53bd35, b3613691080c1e131b119ff33016578d2f166e5b, 8de563ca05f0d37885904bfe651e122cd5cd59d3, 357543801be4d2dc474d10b464579ff614595808, 228cb51f81f1ba6ba28a8ccfc112fe2e1ae9fc0f, d649628eda794ecf44c523fe16ac65e55a7829e2, c71947ffc5418f2492b99d23d567ffd8c228bfe3, e8cf8c469be4fc524e8cac2fd0655b626ce0b494, ddd6c1108ebb613051d7633ba39f65789fcb3791, acf054e071c030ddd8f557b9e2ae18ffef6a42b1, 91b6df2dd86a728ab4762b9663868063668fddc6, da70b67b50af3e4fde4b5731038024a15505b73a, 4ae912ae895e4156072989569543c67862b72c8a, eefc563bc167e232a188bb2da633d2e67ec68663, 7c8b823beaaf7d75e01343de2fc0573855cc93fd, ee96ab1cc05c07e103f065986aee9879d0a8c03c, 4810fe78132415b8e7866f70fe2e1dbd01dd8f28, 1270d142dbc10a442d6f4b211b04c3ee7478915d, 1496d00c70d0ee08a75560d4a54be8efac65e703, 4ba1c02bc8dd853b6c042c77b8639a580a23dc1a, cce76300b82df76305aaa23ea89cda8d9ea98208, 34db766eb5f37ffe60104a7cba0c84c2de31a9ff, df1763f66708d167c875e02d438265c85a903ebd, 02219cf1608ccda0817000572fce99f2a4ec3986, 1c6f0424698421ccd1dcc8fdd32b2e6c07885e30, 01d6fd46b431330b0f37442e055c1a6e811bcb33, f3b273ba573e2b291c7a531fe6a9b0e652569338, ab50817e03ae42c107f0233d6461d1330496e757, e9732cfb3f5676f6406d0ef776693dab9ca2189c, 8e36f33e8198b64e67203b5395a96739a3b645de, 5af58d35a635603d7f18f6f579b01ee476afcb8c, 6c9607b8fd91d14d2c3e4b756e8c884b44d5169f, 77a0a12329587c7b3a2c231d06ed1161f3b9af46, 64815e6a6d4fffccf8f51dc613b009ea47f44487, aebd3ea085a4f181e878f96109db34746b2f037a, 4af8765224ee275cecdda9e6f505f9f96596f402, 791bcae584df6574d1268a6af29b3d9c434465c0, 903a0bb22a659ed507831a750f33f42474c5058a, 7cc24aa8f01d3f9432a787bea44863aebc7b53d3, a289336b6e99aae5045078be2d879a0d0a1bc5ab, 7d27478c109d7ec5086e9e6d14de79f1eefddce7, 2b9a533acac2bac520e1ca7a120288d5f38d34ca, d13f28a3596549d10cafe7b16ec2744a8b231e8f, afb54b189cffc0a9790501ca42a9f488a7a6093e, a213fe9ce12a1f8a5f6345ec895a7b4c06d64c42, c0e4118c7fd9607713efd176213f2d94db0089e9, e95b8cd95284f550c445c04000ae614d62c16048, 4ba6cb570d22b99e1c655cca385cb28339299a32, eb3d32707002fbf1ac8f187682cdf20260065bfc, f08dd3b1f538b0f54edd7b85602dfde34620a59b, db7ce6e9cc470b3bbe63fb264c079670af03d6ac, 9ed12b3829842463770f60efbb90928a298ebc1e, bb8ab561819adaaf161cd38269d7d00aa2b4e8e2, c84c3a609e57208c8a3348ff9834d9c3a07c10a8, 5b817e17f136fd54f26661fa840b4d67c8d2bb37, ac9dd4947fb758cb71814eaf2a39a23a2f5088e9, 01aadee8199f7a4751afc0ab830922855fcb2caf, 6e69ca49ad86e0892594278950c0d7996ebdf9e9, a992cf66a06a0007183e3f00c8d09e92ddf7c281, 8f582fea5f01713e72d90d12ed647911754063d2, 2697a0f8bcccd227f5349242b95c9c0b36f6e8f2, af2926d618087640e09e547df3e261fb46feba38, 90dfb72a39c622ae311d9e4c8b747e1c89315764, 7bdba3f9f683bc43a89801695d91cfdb92b904e0, db863f8b324efc1a4218e6a509a945344e51d538, bde98ab9e6808a50f9903311ed9f3ecfc56d74fe, 160ffb01d70e0f9f529131f573c4c4bf06b3736c, 7ba2c87ae7516b6ab0c106fcdcdec0ebb8c05ca2, 0c5eb12f214c3046b4ef6a58496b58c8ba78195f, b976abffef68ea17ca5f52518b007eeb1cf38a98, 9238f43dc96bd2641b48e6c16c92624b070c4231, 3c16dda2aa56e8ff19443d86be225c0736775f4b, 47fb8e964a6e5aabe0758ffbb560b63005a72fdd, 62383189ee00e5e65ece796f037f08d6ca399d6f, 262578d0fa74893d484e6cd0f69b04216d27f802, 6c0fdfdee52732644a12c26557a4df103c317f66, ee7446d7ba1dce0c1b8de9a51f76f809fc4b8862, bb5e7d82514abe69b3aa5948757fc8e8d642cfd4, 561de2916dd0b5ef8e749bf72a9431accbfd0b99, f4f1be49d61095c6caf2567d276c519c205bcd0a, 2bdcc92c498666ed793743673d7f9a3c7bf93fb6, e6f5322b459967584c91210a511688b7efc1c03a, ef6e8402224d8309fe7554c7a398c485f98207cc, 049e535b6d378574d1d31ca17e10e126a060e0d2, 22f7d8a29b510b6e79b4321a4f1ec7c2d607f471, f29fb195ebb96a905b8e915bcbcb60eca5fd35e9, 63382480c81576b3f269f84ea4539b8f918db408, 1d9b5e3ca9b48a867cddbf9def490788b6c462f8, 993299ce72207102946518e5694743bf4e4bc72c, a5d4dd551ca1f8e28edb94f8b5ddc57346830b62, 16acd6d8a2975327a070bdd1c5b451f38c4b10ac, af8fb67ccc86665dea76d252cbd2f49b1828e04f, 7f89dbb31f818fc266790b4c334209a47e681b84, 0b6f75632f49481d4962b537366ed50808b9d045, c438762fcce54ab0927ce11f7b35a20a3e0959af, 33df29ec36f912fc442c8ba2c30e961d4e3ccfe3, 7d1144150d4fc3f933aa41d306a509ae9591317a, 7492e2ed863a0fdfc7b23bc61a51a25bb263c22a, 5fdc29a23b88d9d7c2c1d3ed719bbbfe8b4d2bf5, 5a7e3b22c8f19f659ad3eee070fc648a06a2efa0, d19df67d66731f2d2667199b685b9120f3a20c89, 08b9af138ddcbd4c0e269796a6e1e1dc58767070, 4cffa0a125a015825825b3b4351ff6da66c66c5a, 41d837b13f3f48e9c4d231ec99728ba2ac769945, 9d90abcbf07d66b8305407f9b19ccfb7c87ff9cc, 6948afd3903a3023a0c4a68096296138c4968235, 142abc6df3f28e3d9617e43d7e60138d2d347dc7, 6ab47f34ed6d03fc24796f2263a774138d854e38, 3caf69f8c09a439c3e855a57943074da77729e1f, 8123bf33823840b571a883ac859cc0b3709ccf9d, 60f70ff21e0e0242120dbb645c59458e1244266d, 8fc840c5d85afefd624c8ecbd962d34427b9898b, 0ae84a849db5e2fa4cfdfbbb5edb583f81471e6e, af2c78c5d931fbc59ca0978db5d945579110f71f, 1a0770e61e1859d946c9301f7bc3587040e29654, a69450b4db1ee47c56dae5a7515503b0611bce56, 788eafbe6e14b443af1e91a891326391d27656a9, 0cc3ae80108f7539cf45321e43ef7d8a897cfb33, 60182d7ca5dbb2107eed5e3e0c6c308d65a55386, 21ed49596c6b7160878f21a6ccc6a0baff513b1e, ab143d42701aad86ea82bad726bed8c837215d7e, 8ab670e2383941cca923f6f406e4068f89a2db10, 577b5b85b22eb1663a61d189a8cca38192596d04, 2044ebfc9b1b4386e3e782cacf8fa1c6302c98e2, 99bb5650ffa77d8318c0e56c246307de6073f7db, 6ab74b7f5cb070ea73cf6e55b700ec2257cbc71f, f91bf2e2dddea10f4bbbd217e8865cb55734dcb3, dbfaeec17639273b082422c2f92b4d5ac73a4934, f0d94c976e78975a81d093c8b8b6dedc4b132b35, 5eebd40a7f4e7fb2ffe265f5b4a1560219af0697, 4f697aee3a75a36f8e25bae30034450245559072, 1aab4044c3f92ebfad0c51007ce8a803ebbe61b2, ef2020d61ea0028ebad9f5ec3e1c71179e6c6421, 3b38c4dc2defefb7204e8bde43982897520ee7d9, 2bd4d97c8d171670ded12545bb48faf767fba0f3, 81b23be0e85de8087cde9e322e16bd1d731f7858, 47080923fd4b4c624f60ed0080d500b6f60c20eb, 7d1f57b3f1090fbf6ce504f7fe9286369dc8965d, 0aa3d888283807eb5c2c36c83b1c7c88171128d4, 96dd255b76765a5720a7a8eca2d1a7d2ff2aff0f, f9140f3fbe8fd651c2c57f4b1289a10260d6515e, 786498d1bf17da4df3837800eb27ced094188415, f1ed86dc134f607a05fa37886fbbd5e7f016f33c, fdf0089dd126bfa4b401431d49e559b5d1e88881, 3a98bca20600fe2e829a396a40423df11b264a8c, 18d4fb058b053dc316455fdceed51ccba8a3fb0e, 814e35344dbaaac59ab2f5343be10e60cbd3bfc7, 6c158fa33d6218595cae44600a220ef15682c5a0, d1c889eec8a7b9ac12a844f9be54585d011368e5, c96106f734639f7d2b4d29aa2bc1f16f54c5dca2, 681ec90eaec545ef3987073b118d4b6810cc469a, 435ed91a6390696420eefe50fcfb5b612bbb1512]"
"791bcae584df6574d1268a6af29b3d9c434465c0","903a0bb22a659ed507831a750f33f42474c5058a","7cc24aa8f01d3f9432a787bea44863aebc7b53d3","a289336b6e99aae5045078be2d879a0d0a1bc5ab","[903a0bb22a659ed507831a750f33f42474c5058a]","[7cc24aa8f01d3f9432a787bea44863aebc7b53d3]"
"f0d94c976e78975a81d093c8b8b6dedc4b132b35","ef2020d61ea0028ebad9f5ec3e1c71179e6c6421","5eebd40a7f4e7fb2ffe265f5b4a1560219af0697","47080923fd4b4c624f60ed0080d500b6f60c20eb","[ef2020d61ea0028ebad9f5ec3e1c71179e6c6421, 3b38c4dc2defefb7204e8bde43982897520ee7d9, 2bd4d97c8d171670ded12545bb48faf767fba0f3, 81b23be0e85de8087cde9e322e16bd1d731f7858]","[5eebd40a7f4e7fb2ffe265f5b4a1560219af0697, 4f697aee3a75a36f8e25bae30034450245559072, 1aab4044c3f92ebfad0c51007ce8a803ebbe61b2]"
"cc76a6b4e2deb617bab7eb00bef54b0dac528aea","e5c7d04b503155bde9d3295c63b6d49cc6ad200b","aa09992f76c48fd412887400abd18b1d3abd69fe","098d6e5245ad358d7cbd29abe5e75623cbec64d4","[e5c7d04b503155bde9d3295c63b6d49cc6ad200b, 95248fad2f50d92688704c4787518fffc69724c8, 7a088fb45d3834e97cfcffdb5f8884a88655ef2d]","[aa09992f76c48fd412887400abd18b1d3abd69fe, 5710c8a753f71fb8c6e206224e34999eccdba2f7, f557e41672dc30bf139d631c5b94792a0af209a8, a858456ef7eb3e16d0aa32ab1b9ef6a9fc2178d9, ee9532d46085b2b9f6adbb464f48f982806d93eb, 1f5684aa7b18cb747e8200624669be051a558215, fff3d7e2fea253fc011f4a307a5804ee85c7611b, dd156940eba70bf4828bd6892be5cc2d2cf46deb, b7e63ebbd0baf7c73001f451900e0790c310fcaa, 55c4eef7cd232702377d72862c895df39d1a81dc, 49efbeb47812a16bd2dcc3f0a44427203f68ae6a, 63ee1d27a02c680a7066d8943acf17d2402ee730, 07d928d86b737d0fcd0e9ecc7c97dfb2f2b90bfc, d16fdb006f72c9b4326249d979ee76c5f13d92e5, 510f3b838d23d4131dd04abd1e61ae262cf71cc6, 4a9465734b2020b5359649bf8e4946a80da7f03b, be007993bf585c405917c4808d8542730c852261, e061fa96b08f860a43403122029d382d1f92ff12, 3cf57502a80b7b65c920ac9f2ad96c2d0c419a6c, 815770305dd60055e93bd65439b7e6b4610efa23]"
"a8eaed2ed66f156d0d53a7bb3beb90ad44225fa9","3cc2d38be3493f91496a19aef3c6211d9cc17204","b28315002b2dbb9c3feb60beae51b565942692d1","5b04619d1b087fbb7f0adeb88bdf711af00d2c05","[3cc2d38be3493f91496a19aef3c6211d9cc17204, 6677b505cb4d49fe200fe623c56fde3a0963ff1c]","[b28315002b2dbb9c3feb60beae51b565942692d1]"
"6433341bee9e97455a31d51a3be48b36ad2844c7","d1f10c0747b5e456f4eae4d6adacf96617ef83ff","dbb725f84c8586b6aac3bb528b7a82fad155ed7b","0cdba985c122b64146e608fc0be4de3406f4d678","[d1f10c0747b5e456f4eae4d6adacf96617ef83ff, 1862793a2664024cc391dd50c21796fcb459d0c3, 6697303dbf1d2c44e1d38814f5a8d51667f9fdc0, 4abd2f5c13cb0b4e9c896ce2eb43943da034832f]","[dbb725f84c8586b6aac3bb528b7a82fad155ed7b]"
"d1f10c0747b5e456f4eae4d6adacf96617ef83ff","1862793a2664024cc391dd50c21796fcb459d0c3","4abd2f5c13cb0b4e9c896ce2eb43943da034832f","0cdba985c122b64146e608fc0be4de3406f4d678","[1862793a2664024cc391dd50c21796fcb459d0c3, 6697303dbf1d2c44e1d38814f5a8d51667f9fdc0]","[4abd2f5c13cb0b4e9c896ce2eb43943da034832f]"
"ae5b010eda3d6e5da991c840b141431b0ecfdb9c","1122b6c10361f7f793f20d667a34d26ccee06936","9107b76d8096a99f1a7570b18535061bdaefc6b0","5b9a9e5e235a1441cd879bee04e318865dff83c5","[1122b6c10361f7f793f20d667a34d26ccee06936, 1d921e61a676a1e632a3bbb5d8557d00d7535c54, fe12a407275eba282482ce20051b33ceb708397c]","[9107b76d8096a99f1a7570b18535061bdaefc6b0, 0f7c9c78a73f6c87f44da9eaab6661a0e9176f2b, 8b005f61f8febd8eab4968628ab3fe7845e1f8fe]"
"f1ed3e8ca285a485e9180bd87b47c498dbdbb59f","cc2038376fc4ac4fdf5845c02188d6b927a9629c","d3adff4b55fa74904b25193da03d86d00fa74368","0112e72da46f4ca1687e40ecf0898426985b79d2","[cc2038376fc4ac4fdf5845c02188d6b927a9629c, 5fb731f59f6f1fefe490a99ea3f7bc4889b6884b, 6ea4a433244ea8c034f7f077066a3b79207d6c11]","[d3adff4b55fa74904b25193da03d86d00fa74368, c31bafca1025794ac2a068478b19b6f59888fcb4]"
"6ec732d3273d5ba951a3886b0b6df66d725da32b","a29b1ed0bef971d15def3773d368bc7eb2820509","2df8438dc897beeabdf35205185d8894ff4bf467","d5d4de95672132a95f04e148f1e440d0c009981e","[a29b1ed0bef971d15def3773d368bc7eb2820509, 5057015c49582a6de48f281296c82eae356cc319, 5bbe091a18ea4f2ecba9381db79f915cf2f02cbf]","[2df8438dc897beeabdf35205185d8894ff4bf467, 1817d49e6e62838cf345052af11f54a233d8f18d, 40466b5f8ef87234fd552483a3f61eebfba7e086]"
