"https://github.com/jpatel531/folioapp.git"
"MERGE","LEFT","RIGHT","BASE","LEFT_COMMITS","RIGHT_COMMITS"
"7aa8b00739aab00de0518bed13ecbce3bccf9f3a","a400fd59b28ede419431a55c93fe56d6ea8156fc","4cdea803f21fd9f959966f8bd4a1bf50f82bc83d","d7ad747a8631b7352551833f5af98b912e98ca3b","[a400fd59b28ede419431a55c93fe56d6ea8156fc]","[4cdea803f21fd9f959966f8bd4a1bf50f82bc83d]"
"19ca8effc7deb52be9e2160512f5953702332804","8895e4866ebc42d8ea7f5055a0cf2c9a8bd01e3a","49300746ff46b60bbfd6754470e2a80d4ba7f5f2","a2129546d5614f75d71bd4af26f236a98000c9e6","[8895e4866ebc42d8ea7f5055a0cf2c9a8bd01e3a]","[49300746ff46b60bbfd6754470e2a80d4ba7f5f2, 3030504258a221fc59b2b43be2cfab71a8302a83, 11710237a1870924d32828f90f3d37eb17f3d643, 4215cf6935799bf1c9a68033dda6c4d76960eb3d, f66c72279e7294cccdafb9b160a18dfa71bb3a8f, a0d3e3c4ce446a0f20f6b0392cb54d694b845e6e, 883c21a919b0d8a7499ee4ef9ff753097d588652, be2af08e9adeadb9013bb0b631ea023b3477f39f, a4815f14fdfaf698527e28ee982dda112275909a, bcf2b04c2371123cf30b42debb8b1952b3f7498e, e6b6c907cdf0ed0aa1f021a37cc47afddf44a41e, eb2ac9e6d8d90fe9da101e44ce86372a741172df, 59b4307f101203f14365ea114ecb4cb63dc2b9a2, 39d0ba9272be2e56428e31b5a4730cf18381df4d, e50bbf36b4061cb0985139445ea0c030ff792abf, 046c4aa74b6eec907dd5355669cc64c233c4c46f, 4b8d2326437b742dffcd0fb0fc8460fd202f6041, 6e0fa8f6e1693e96bddf2f49f793fd61d0a49b33, 3a8bfb5b195f3a212919a9818ba76625dd1c032c, 1eb3a574cf5ff227f8b10c089e832589e81b3134, b3f0fb307b3bd58a91a91bda7e162b6b5f7a047a, 67e9122dec29b78237ef43bccf1887dcb2810f6f, 76e9eca915e2a86e736b3daaedd1891958128695, a580922daa8f3a37d81faeff13cdf62ef3d06ff1, e563be6ba3a5bfa571d5e16f6d3ab36581fb2f29, e2e485dc2224b6b91a2ad92f070216266a5d6f98, 945687d0bcf15e942b259d642a35556405f7e220]"
"3030504258a221fc59b2b43be2cfab71a8302a83","4215cf6935799bf1c9a68033dda6c4d76960eb3d","11710237a1870924d32828f90f3d37eb17f3d643","e6b6c907cdf0ed0aa1f021a37cc47afddf44a41e","[4215cf6935799bf1c9a68033dda6c4d76960eb3d, f66c72279e7294cccdafb9b160a18dfa71bb3a8f, a0d3e3c4ce446a0f20f6b0392cb54d694b845e6e, 883c21a919b0d8a7499ee4ef9ff753097d588652, be2af08e9adeadb9013bb0b631ea023b3477f39f, a4815f14fdfaf698527e28ee982dda112275909a, bcf2b04c2371123cf30b42debb8b1952b3f7498e, eb2ac9e6d8d90fe9da101e44ce86372a741172df, 59b4307f101203f14365ea114ecb4cb63dc2b9a2, 39d0ba9272be2e56428e31b5a4730cf18381df4d, e50bbf36b4061cb0985139445ea0c030ff792abf, 046c4aa74b6eec907dd5355669cc64c233c4c46f, 4b8d2326437b742dffcd0fb0fc8460fd202f6041, 6e0fa8f6e1693e96bddf2f49f793fd61d0a49b33, 3a8bfb5b195f3a212919a9818ba76625dd1c032c, 1eb3a574cf5ff227f8b10c089e832589e81b3134, b3f0fb307b3bd58a91a91bda7e162b6b5f7a047a, 67e9122dec29b78237ef43bccf1887dcb2810f6f, 76e9eca915e2a86e736b3daaedd1891958128695, a580922daa8f3a37d81faeff13cdf62ef3d06ff1, e563be6ba3a5bfa571d5e16f6d3ab36581fb2f29, a2129546d5614f75d71bd4af26f236a98000c9e6, 28d175bf7c0f4636306e3f2472d123a4c3961aa2, 945687d0bcf15e942b259d642a35556405f7e220]","[11710237a1870924d32828f90f3d37eb17f3d643]"
"be2af08e9adeadb9013bb0b631ea023b3477f39f","bcf2b04c2371123cf30b42debb8b1952b3f7498e","a4815f14fdfaf698527e28ee982dda112275909a","046c4aa74b6eec907dd5355669cc64c233c4c46f","[bcf2b04c2371123cf30b42debb8b1952b3f7498e, eb2ac9e6d8d90fe9da101e44ce86372a741172df, 59b4307f101203f14365ea114ecb4cb63dc2b9a2, 39d0ba9272be2e56428e31b5a4730cf18381df4d, e50bbf36b4061cb0985139445ea0c030ff792abf]","[a4815f14fdfaf698527e28ee982dda112275909a, e6b6c907cdf0ed0aa1f021a37cc47afddf44a41e, e2e485dc2224b6b91a2ad92f070216266a5d6f98]"
"a4815f14fdfaf698527e28ee982dda112275909a","046c4aa74b6eec907dd5355669cc64c233c4c46f","e6b6c907cdf0ed0aa1f021a37cc47afddf44a41e","a4623b6a97ddda988c3de90368fe6a9e26834e19","[046c4aa74b6eec907dd5355669cc64c233c4c46f, 4b8d2326437b742dffcd0fb0fc8460fd202f6041, 6e0fa8f6e1693e96bddf2f49f793fd61d0a49b33, 3a8bfb5b195f3a212919a9818ba76625dd1c032c, 1eb3a574cf5ff227f8b10c089e832589e81b3134, b3f0fb307b3bd58a91a91bda7e162b6b5f7a047a, 67e9122dec29b78237ef43bccf1887dcb2810f6f, 76e9eca915e2a86e736b3daaedd1891958128695, a580922daa8f3a37d81faeff13cdf62ef3d06ff1, e563be6ba3a5bfa571d5e16f6d3ab36581fb2f29, a2129546d5614f75d71bd4af26f236a98000c9e6, 28d175bf7c0f4636306e3f2472d123a4c3961aa2, 945687d0bcf15e942b259d642a35556405f7e220]","[e6b6c907cdf0ed0aa1f021a37cc47afddf44a41e, e2e485dc2224b6b91a2ad92f070216266a5d6f98]"
"e6b6c907cdf0ed0aa1f021a37cc47afddf44a41e","e2e485dc2224b6b91a2ad92f070216266a5d6f98","a4623b6a97ddda988c3de90368fe6a9e26834e19","3f169ecd4455fb63756dd4e3a6f62e4201f95bfe","[e2e485dc2224b6b91a2ad92f070216266a5d6f98, 63aea79a1177a11689042881379dec254d376e11, a6492ff5cd8e66038cab5018308c6a3aafa7181a, 39c7c0343fa8dff99df31e5f3984ccfa20d4d670, 2871eb116367d1c8ccbac630e9364f405afbc716, 6c4c494a0473748cfb611500d63b8a45084d7b13, f97fc8bd39b815f27011bf1131656cba69433175, ddc6894af5dab115905202134d25ccbbe8592f38, 3f94fee80f83ed067a9ac6fd9e047f366d46a636, 50d8b32037dba1c2e11670843c63d01ff44f18be, f8a10ddd01df2e7e8c45016613108813549a2947]","[a4623b6a97ddda988c3de90368fe6a9e26834e19, 6a5e8b8d9a3b948d43d939d8cd38670cf2ed7c99, 453880b2bbbaff7361a5ef682bcd76483419910f, b1d153e93a97700fd732996510d0218fcd70fd67, 74e868d0ea3dd649ad4815904bd95fdc49b719e7, 0cf1a8f6fe52d9289fd656d41239356a28c8b050, 63aea79a1177a11689042881379dec254d376e11, a6492ff5cd8e66038cab5018308c6a3aafa7181a, 39c7c0343fa8dff99df31e5f3984ccfa20d4d670, 2871eb116367d1c8ccbac630e9364f405afbc716, 6c4c494a0473748cfb611500d63b8a45084d7b13, f97fc8bd39b815f27011bf1131656cba69433175, ddc6894af5dab115905202134d25ccbbe8592f38, 3f94fee80f83ed067a9ac6fd9e047f366d46a636, 50d8b32037dba1c2e11670843c63d01ff44f18be, f8a10ddd01df2e7e8c45016613108813549a2947]"
"39d0ba9272be2e56428e31b5a4730cf18381df4d","e50bbf36b4061cb0985139445ea0c030ff792abf","046c4aa74b6eec907dd5355669cc64c233c4c46f","3a8bfb5b195f3a212919a9818ba76625dd1c032c","[e50bbf36b4061cb0985139445ea0c030ff792abf]","[046c4aa74b6eec907dd5355669cc64c233c4c46f, 4b8d2326437b742dffcd0fb0fc8460fd202f6041, 6e0fa8f6e1693e96bddf2f49f793fd61d0a49b33, 67e9122dec29b78237ef43bccf1887dcb2810f6f, e563be6ba3a5bfa571d5e16f6d3ab36581fb2f29, 945687d0bcf15e942b259d642a35556405f7e220]"
"4b8d2326437b742dffcd0fb0fc8460fd202f6041","6e0fa8f6e1693e96bddf2f49f793fd61d0a49b33","3a8bfb5b195f3a212919a9818ba76625dd1c032c","76e9eca915e2a86e736b3daaedd1891958128695","[6e0fa8f6e1693e96bddf2f49f793fd61d0a49b33, 67e9122dec29b78237ef43bccf1887dcb2810f6f, e563be6ba3a5bfa571d5e16f6d3ab36581fb2f29, 945687d0bcf15e942b259d642a35556405f7e220]","[3a8bfb5b195f3a212919a9818ba76625dd1c032c, 1eb3a574cf5ff227f8b10c089e832589e81b3134, b3f0fb307b3bd58a91a91bda7e162b6b5f7a047a]"
"67e9122dec29b78237ef43bccf1887dcb2810f6f","e563be6ba3a5bfa571d5e16f6d3ab36581fb2f29","76e9eca915e2a86e736b3daaedd1891958128695","a4623b6a97ddda988c3de90368fe6a9e26834e19","[e563be6ba3a5bfa571d5e16f6d3ab36581fb2f29, 945687d0bcf15e942b259d642a35556405f7e220]","[76e9eca915e2a86e736b3daaedd1891958128695, a580922daa8f3a37d81faeff13cdf62ef3d06ff1, a2129546d5614f75d71bd4af26f236a98000c9e6, 28d175bf7c0f4636306e3f2472d123a4c3961aa2]"
"e563be6ba3a5bfa571d5e16f6d3ab36581fb2f29","945687d0bcf15e942b259d642a35556405f7e220","a4623b6a97ddda988c3de90368fe6a9e26834e19","63aea79a1177a11689042881379dec254d376e11","[945687d0bcf15e942b259d642a35556405f7e220]","[a4623b6a97ddda988c3de90368fe6a9e26834e19, 6a5e8b8d9a3b948d43d939d8cd38670cf2ed7c99, 453880b2bbbaff7361a5ef682bcd76483419910f, b1d153e93a97700fd732996510d0218fcd70fd67, 74e868d0ea3dd649ad4815904bd95fdc49b719e7, 0cf1a8f6fe52d9289fd656d41239356a28c8b050, 3f169ecd4455fb63756dd4e3a6f62e4201f95bfe, 85ca3ea6106554d221988d12df8432e91b20f4eb, 26ff8d464660b44c4f6beaba8d887e611fcdcffe, 23a80a95a162c73449a28f39bd714773eba9ac79, 87cc5b79d4923e3bc58e48dd8dfbfb62f94c445b, a21a00568ad5ce2e9617d26c9e00d643ebc0c8c5]"
"e2e485dc2224b6b91a2ad92f070216266a5d6f98","63aea79a1177a11689042881379dec254d376e11","3f169ecd4455fb63756dd4e3a6f62e4201f95bfe","5310afd632cc87910133dca0597b12a0a2426bc9","[63aea79a1177a11689042881379dec254d376e11, a6492ff5cd8e66038cab5018308c6a3aafa7181a, 39c7c0343fa8dff99df31e5f3984ccfa20d4d670, 2871eb116367d1c8ccbac630e9364f405afbc716, 6c4c494a0473748cfb611500d63b8a45084d7b13, f97fc8bd39b815f27011bf1131656cba69433175, ddc6894af5dab115905202134d25ccbbe8592f38, 3f94fee80f83ed067a9ac6fd9e047f366d46a636, 50d8b32037dba1c2e11670843c63d01ff44f18be, f8a10ddd01df2e7e8c45016613108813549a2947]","[3f169ecd4455fb63756dd4e3a6f62e4201f95bfe, 85ca3ea6106554d221988d12df8432e91b20f4eb, 26ff8d464660b44c4f6beaba8d887e611fcdcffe, 23a80a95a162c73449a28f39bd714773eba9ac79, 87cc5b79d4923e3bc58e48dd8dfbfb62f94c445b, a21a00568ad5ce2e9617d26c9e00d643ebc0c8c5]"
"a4623b6a97ddda988c3de90368fe6a9e26834e19","63aea79a1177a11689042881379dec254d376e11","6a5e8b8d9a3b948d43d939d8cd38670cf2ed7c99","5310afd632cc87910133dca0597b12a0a2426bc9","[63aea79a1177a11689042881379dec254d376e11, a6492ff5cd8e66038cab5018308c6a3aafa7181a, 39c7c0343fa8dff99df31e5f3984ccfa20d4d670, 2871eb116367d1c8ccbac630e9364f405afbc716, 6c4c494a0473748cfb611500d63b8a45084d7b13, f97fc8bd39b815f27011bf1131656cba69433175, ddc6894af5dab115905202134d25ccbbe8592f38, 3f94fee80f83ed067a9ac6fd9e047f366d46a636, 50d8b32037dba1c2e11670843c63d01ff44f18be, f8a10ddd01df2e7e8c45016613108813549a2947]","[6a5e8b8d9a3b948d43d939d8cd38670cf2ed7c99, 453880b2bbbaff7361a5ef682bcd76483419910f, b1d153e93a97700fd732996510d0218fcd70fd67, 74e868d0ea3dd649ad4815904bd95fdc49b719e7, 0cf1a8f6fe52d9289fd656d41239356a28c8b050, 3f169ecd4455fb63756dd4e3a6f62e4201f95bfe, 85ca3ea6106554d221988d12df8432e91b20f4eb, 26ff8d464660b44c4f6beaba8d887e611fcdcffe, 23a80a95a162c73449a28f39bd714773eba9ac79, 87cc5b79d4923e3bc58e48dd8dfbfb62f94c445b, a21a00568ad5ce2e9617d26c9e00d643ebc0c8c5]"
"a6492ff5cd8e66038cab5018308c6a3aafa7181a","6c4c494a0473748cfb611500d63b8a45084d7b13","39c7c0343fa8dff99df31e5f3984ccfa20d4d670","d96cae8acc773f55ee3e9481ea1276ee378de945","[6c4c494a0473748cfb611500d63b8a45084d7b13, 5310afd632cc87910133dca0597b12a0a2426bc9, 0500cfae00df7038e719de18b594706b50d71b48, 638f40872ed91d5bf218849ae9efa25afd94ff4d, ddc6894af5dab115905202134d25ccbbe8592f38, e21fceb2107fbc9f42980bcddf347b4df6194e7c, e2264aac0a96cf5fdac185fd71c5c7b39a2dbe92, 2e6b8508d470e7f7b695c9a083faa230cb86290b, 01dd76f7378d619f0dc1ef279b7677d602952cac, 67e955faa5a6c4af50ad8b8b027ab4db8718e6ee, 9c69aa3166a21d88dfa4fbb4cfab698f2999a0ba, 57ac58208b0cd071e2732f0d54293eb59c902a50, 5c9ca6404d01c1d3c024ed7969759f1e8d46dd37, 575f410c43bbffb451c6d2f418584a0a557516f8, 1fffdc29bc8fae76b17c689a61e2ad4aab29f954, 6eaf5f876dfe396fd8104029c0b94852d70d4997, 3a9b9d13d295c2beb4baaf0ba97ea3761a2d0660]","[39c7c0343fa8dff99df31e5f3984ccfa20d4d670, 2871eb116367d1c8ccbac630e9364f405afbc716, f97fc8bd39b815f27011bf1131656cba69433175, 3f94fee80f83ed067a9ac6fd9e047f366d46a636, 50d8b32037dba1c2e11670843c63d01ff44f18be, f8a10ddd01df2e7e8c45016613108813549a2947]"
"39c7c0343fa8dff99df31e5f3984ccfa20d4d670","d96cae8acc773f55ee3e9481ea1276ee378de945","2871eb116367d1c8ccbac630e9364f405afbc716","a5eb76354a6a475184fe483719f9a0963280acdc","[d96cae8acc773f55ee3e9481ea1276ee378de945, fc0bd853535fb0261941cac438df573bd99cc761, 57693f23d7904ef38094794fab142f839b02cad1, 0c468e2e0f88535d323d255484f72ac8a188d984, dac321096431ed0d20d8a8c24aff2e4176ed6c89, 8115154146824f93c1e5df59add0abdf3e61290d]","[2871eb116367d1c8ccbac630e9364f405afbc716, f97fc8bd39b815f27011bf1131656cba69433175, 3f94fee80f83ed067a9ac6fd9e047f366d46a636, 50d8b32037dba1c2e11670843c63d01ff44f18be, f8a10ddd01df2e7e8c45016613108813549a2947]"
"6c4c494a0473748cfb611500d63b8a45084d7b13","ddc6894af5dab115905202134d25ccbbe8592f38","5310afd632cc87910133dca0597b12a0a2426bc9","e21fceb2107fbc9f42980bcddf347b4df6194e7c","[ddc6894af5dab115905202134d25ccbbe8592f38]","[5310afd632cc87910133dca0597b12a0a2426bc9, 0500cfae00df7038e719de18b594706b50d71b48, 638f40872ed91d5bf218849ae9efa25afd94ff4d]"
"50d8b32037dba1c2e11670843c63d01ff44f18be","f8a10ddd01df2e7e8c45016613108813549a2947","a5eb76354a6a475184fe483719f9a0963280acdc","559d1ff9dc42af002bf715e655b964fa376d9f47","[f8a10ddd01df2e7e8c45016613108813549a2947]","[a5eb76354a6a475184fe483719f9a0963280acdc, 91abc364436b275b3aa650f90e65031463139554, 22da4a48981750dee0c68be25d970194b75ca019, 9cf31f13898ab09efbbb1983a35932ad78d364b5]"
"6eaf5f876dfe396fd8104029c0b94852d70d4997","3a9b9d13d295c2beb4baaf0ba97ea3761a2d0660","d96cae8acc773f55ee3e9481ea1276ee378de945","22da4a48981750dee0c68be25d970194b75ca019","[3a9b9d13d295c2beb4baaf0ba97ea3761a2d0660, f09408560fdb3521ca9db11977047f2d6a108028, 0af6d485a37f498f0b78ab560f7142af7228ee74, 2d658315ee820a49156de1dc193f5a159ec87b8f, 610ca22cbf31219a095b16e8a77fb686b2b2f74a]","[d96cae8acc773f55ee3e9481ea1276ee378de945, fc0bd853535fb0261941cac438df573bd99cc761, 57693f23d7904ef38094794fab142f839b02cad1, 0c468e2e0f88535d323d255484f72ac8a188d984, dac321096431ed0d20d8a8c24aff2e4176ed6c89, 8115154146824f93c1e5df59add0abdf3e61290d, a5eb76354a6a475184fe483719f9a0963280acdc, 91abc364436b275b3aa650f90e65031463139554, 559d1ff9dc42af002bf715e655b964fa376d9f47, d40368c5694ec89047e5972a96cb745fc7445fa3, 47aa4f6ba364b3a6137b4413bfadd8db8269052f, 47763220b50893f6bd1c8e95fed5e6483a369a02, cf0a057e536d3607651066ed5752bf433890af5c, f09408560fdb3521ca9db11977047f2d6a108028, 0af6d485a37f498f0b78ab560f7142af7228ee74, 2d658315ee820a49156de1dc193f5a159ec87b8f, 3512ef4a7741352fb0d285164d8be1cb399c17a2, 483126d30d799c9f9b1a901fa1a665ca34b07df4, 5bd0b009c6cdcd5415a067d408137ab0e4584fc6, 610ca22cbf31219a095b16e8a77fb686b2b2f74a, 310df5baf8dedfeccb29651e39d682bfce07fee6, 8343d901e972fc2582f1a52058b33c76f647dbdd]"
"91abc364436b275b3aa650f90e65031463139554","22da4a48981750dee0c68be25d970194b75ca019","559d1ff9dc42af002bf715e655b964fa376d9f47","e49b38c4c0efb6fcd37bc00da5f1cc34e455b93e","[22da4a48981750dee0c68be25d970194b75ca019, 9cf31f13898ab09efbbb1983a35932ad78d364b5]","[559d1ff9dc42af002bf715e655b964fa376d9f47, d40368c5694ec89047e5972a96cb745fc7445fa3, 47aa4f6ba364b3a6137b4413bfadd8db8269052f, 47763220b50893f6bd1c8e95fed5e6483a369a02, cf0a057e536d3607651066ed5752bf433890af5c, f09408560fdb3521ca9db11977047f2d6a108028, 0af6d485a37f498f0b78ab560f7142af7228ee74, 2d658315ee820a49156de1dc193f5a159ec87b8f, 3512ef4a7741352fb0d285164d8be1cb399c17a2, 483126d30d799c9f9b1a901fa1a665ca34b07df4, 5bd0b009c6cdcd5415a067d408137ab0e4584fc6, 610ca22cbf31219a095b16e8a77fb686b2b2f74a, 310df5baf8dedfeccb29651e39d682bfce07fee6, 8343d901e972fc2582f1a52058b33c76f647dbdd]"
"3a9b9d13d295c2beb4baaf0ba97ea3761a2d0660","f09408560fdb3521ca9db11977047f2d6a108028","22da4a48981750dee0c68be25d970194b75ca019","37ed0d53c7397f432db45292db544947bb9cdf6a","[f09408560fdb3521ca9db11977047f2d6a108028, 0af6d485a37f498f0b78ab560f7142af7228ee74, 2d658315ee820a49156de1dc193f5a159ec87b8f, 610ca22cbf31219a095b16e8a77fb686b2b2f74a]","[22da4a48981750dee0c68be25d970194b75ca019, 9cf31f13898ab09efbbb1983a35932ad78d364b5, e49b38c4c0efb6fcd37bc00da5f1cc34e455b93e, db4fdb4b3582be3ee20db986bb6c1c472c0d5d57, 659b6e95c537cc692545e64a41d051a11a22d5df, 38e6459b44de07ae4e01619bd80a4d301710606e, 7019ff879bc4d7a8d6d1d32d1c4898cecc4c8fee, dea6768750c925eec10d2f9f43d796f27d6f35a3]"
"559d1ff9dc42af002bf715e655b964fa376d9f47","d40368c5694ec89047e5972a96cb745fc7445fa3","e49b38c4c0efb6fcd37bc00da5f1cc34e455b93e","37ed0d53c7397f432db45292db544947bb9cdf6a","[d40368c5694ec89047e5972a96cb745fc7445fa3, 47aa4f6ba364b3a6137b4413bfadd8db8269052f, 47763220b50893f6bd1c8e95fed5e6483a369a02, cf0a057e536d3607651066ed5752bf433890af5c, f09408560fdb3521ca9db11977047f2d6a108028, 0af6d485a37f498f0b78ab560f7142af7228ee74, 2d658315ee820a49156de1dc193f5a159ec87b8f, 3512ef4a7741352fb0d285164d8be1cb399c17a2, 483126d30d799c9f9b1a901fa1a665ca34b07df4, 5bd0b009c6cdcd5415a067d408137ab0e4584fc6, 610ca22cbf31219a095b16e8a77fb686b2b2f74a, 310df5baf8dedfeccb29651e39d682bfce07fee6, 8343d901e972fc2582f1a52058b33c76f647dbdd]","[e49b38c4c0efb6fcd37bc00da5f1cc34e455b93e, db4fdb4b3582be3ee20db986bb6c1c472c0d5d57, 659b6e95c537cc692545e64a41d051a11a22d5df, 38e6459b44de07ae4e01619bd80a4d301710606e, 7019ff879bc4d7a8d6d1d32d1c4898cecc4c8fee, dea6768750c925eec10d2f9f43d796f27d6f35a3]"
"d40368c5694ec89047e5972a96cb745fc7445fa3","3512ef4a7741352fb0d285164d8be1cb399c17a2","47aa4f6ba364b3a6137b4413bfadd8db8269052f","610ca22cbf31219a095b16e8a77fb686b2b2f74a","[3512ef4a7741352fb0d285164d8be1cb399c17a2, 310df5baf8dedfeccb29651e39d682bfce07fee6, 8343d901e972fc2582f1a52058b33c76f647dbdd, a691867ddd3ac7e72e446dd8636e8f44ca53f5d8, 768b0e7315ec6122a59e2ea1551f4f6166385389, d96dae24c0419a91da425a609dd45e855069a8e7, 0d8fa6b019de061a1d64f64cdaa6fae7a5395093]","[47aa4f6ba364b3a6137b4413bfadd8db8269052f, 47763220b50893f6bd1c8e95fed5e6483a369a02, cf0a057e536d3607651066ed5752bf433890af5c, f09408560fdb3521ca9db11977047f2d6a108028, 0af6d485a37f498f0b78ab560f7142af7228ee74, 2d658315ee820a49156de1dc193f5a159ec87b8f, 37ed0d53c7397f432db45292db544947bb9cdf6a, 483126d30d799c9f9b1a901fa1a665ca34b07df4, 5bd0b009c6cdcd5415a067d408137ab0e4584fc6, ae969b066d04bb38ee53ba7f6128b4da792215bb, 2807041afab09c674916b9b2a817292d9ad5f47b, b8a3c2d8e91cc9e814a7351756b09a0e44eb7ce7, 310df5baf8dedfeccb29651e39d682bfce07fee6, 8343d901e972fc2582f1a52058b33c76f647dbdd, b9d76df9777ab50d7764b1ad362c206b33cccff6, dd9113e3abf9645cbdd9401aae549851d9ad3941, a691867ddd3ac7e72e446dd8636e8f44ca53f5d8, 768b0e7315ec6122a59e2ea1551f4f6166385389, d96dae24c0419a91da425a609dd45e855069a8e7, 0d8fa6b019de061a1d64f64cdaa6fae7a5395093]"
"cf0a057e536d3607651066ed5752bf433890af5c","483126d30d799c9f9b1a901fa1a665ca34b07df4","f09408560fdb3521ca9db11977047f2d6a108028","610ca22cbf31219a095b16e8a77fb686b2b2f74a","[483126d30d799c9f9b1a901fa1a665ca34b07df4, 5bd0b009c6cdcd5415a067d408137ab0e4584fc6, 310df5baf8dedfeccb29651e39d682bfce07fee6, 8343d901e972fc2582f1a52058b33c76f647dbdd, a691867ddd3ac7e72e446dd8636e8f44ca53f5d8, 768b0e7315ec6122a59e2ea1551f4f6166385389, d96dae24c0419a91da425a609dd45e855069a8e7, 0d8fa6b019de061a1d64f64cdaa6fae7a5395093]","[f09408560fdb3521ca9db11977047f2d6a108028, 0af6d485a37f498f0b78ab560f7142af7228ee74, 2d658315ee820a49156de1dc193f5a159ec87b8f, 37ed0d53c7397f432db45292db544947bb9cdf6a, ae969b066d04bb38ee53ba7f6128b4da792215bb, 2807041afab09c674916b9b2a817292d9ad5f47b, b8a3c2d8e91cc9e814a7351756b09a0e44eb7ce7, b9d76df9777ab50d7764b1ad362c206b33cccff6, dd9113e3abf9645cbdd9401aae549851d9ad3941, a691867ddd3ac7e72e446dd8636e8f44ca53f5d8, 768b0e7315ec6122a59e2ea1551f4f6166385389, d96dae24c0419a91da425a609dd45e855069a8e7, 0d8fa6b019de061a1d64f64cdaa6fae7a5395093]"
"2d658315ee820a49156de1dc193f5a159ec87b8f","610ca22cbf31219a095b16e8a77fb686b2b2f74a","37ed0d53c7397f432db45292db544947bb9cdf6a","a7623dab54b8b7048543cc54d5d0c23e9009fbab","[610ca22cbf31219a095b16e8a77fb686b2b2f74a]","[37ed0d53c7397f432db45292db544947bb9cdf6a, ae969b066d04bb38ee53ba7f6128b4da792215bb, 2807041afab09c674916b9b2a817292d9ad5f47b, b8a3c2d8e91cc9e814a7351756b09a0e44eb7ce7, b9d76df9777ab50d7764b1ad362c206b33cccff6, dd9113e3abf9645cbdd9401aae549851d9ad3941, a691867ddd3ac7e72e446dd8636e8f44ca53f5d8, 768b0e7315ec6122a59e2ea1551f4f6166385389, d96dae24c0419a91da425a609dd45e855069a8e7, 0d8fa6b019de061a1d64f64cdaa6fae7a5395093]"
"3512ef4a7741352fb0d285164d8be1cb399c17a2","310df5baf8dedfeccb29651e39d682bfce07fee6","610ca22cbf31219a095b16e8a77fb686b2b2f74a","a7623dab54b8b7048543cc54d5d0c23e9009fbab","[310df5baf8dedfeccb29651e39d682bfce07fee6, 8343d901e972fc2582f1a52058b33c76f647dbdd, a691867ddd3ac7e72e446dd8636e8f44ca53f5d8, 768b0e7315ec6122a59e2ea1551f4f6166385389, d96dae24c0419a91da425a609dd45e855069a8e7, 0d8fa6b019de061a1d64f64cdaa6fae7a5395093]","[610ca22cbf31219a095b16e8a77fb686b2b2f74a]"
"483126d30d799c9f9b1a901fa1a665ca34b07df4","5bd0b009c6cdcd5415a067d408137ab0e4584fc6","610ca22cbf31219a095b16e8a77fb686b2b2f74a","a7623dab54b8b7048543cc54d5d0c23e9009fbab","[5bd0b009c6cdcd5415a067d408137ab0e4584fc6, 310df5baf8dedfeccb29651e39d682bfce07fee6, 8343d901e972fc2582f1a52058b33c76f647dbdd, a691867ddd3ac7e72e446dd8636e8f44ca53f5d8, 768b0e7315ec6122a59e2ea1551f4f6166385389, d96dae24c0419a91da425a609dd45e855069a8e7, 0d8fa6b019de061a1d64f64cdaa6fae7a5395093]","[610ca22cbf31219a095b16e8a77fb686b2b2f74a]"
"8343d901e972fc2582f1a52058b33c76f647dbdd","a691867ddd3ac7e72e446dd8636e8f44ca53f5d8","a7623dab54b8b7048543cc54d5d0c23e9009fbab","f08cb3a95c973f8e8aae929ca9d121c7849e67c4","[a691867ddd3ac7e72e446dd8636e8f44ca53f5d8, 768b0e7315ec6122a59e2ea1551f4f6166385389, d96dae24c0419a91da425a609dd45e855069a8e7, 0d8fa6b019de061a1d64f64cdaa6fae7a5395093]","[a7623dab54b8b7048543cc54d5d0c23e9009fbab, c8bcd2d518601b1f481e3dbe410f7925f2e5da2a, 27805a756aa6c7b0d213e66dec206bb36b969aec, 1a06250178077cd11727f230f5c34b46906c789f, 3b1e8bf76752f6de7a72b05866617dcee741f2d5, 0c4070d2e57d997285146cadae94f2b330a53f2a, 3138110d1e9a09840e689bef0b4b624bc10ac306, 27163be44e4295396ad446d5a314bda5e24b95ac, 3a9bdf5964aec4a5719dc756dd1e0525a41cb21b, 890bbddfe0407c9ee8c17e45e68c2bf65c075297, 683ba1b74c37b9b9a27f879bfd2348db5ebeac61, 1195bf6b3ca4b62f27dfc1f70dd3ae9a5cd4bb30, ef77b00676b0973caf06aaf7a0cb653cd98434da]"
"dd9113e3abf9645cbdd9401aae549851d9ad3941","a7623dab54b8b7048543cc54d5d0c23e9009fbab","a691867ddd3ac7e72e446dd8636e8f44ca53f5d8","f08cb3a95c973f8e8aae929ca9d121c7849e67c4","[a7623dab54b8b7048543cc54d5d0c23e9009fbab, c8bcd2d518601b1f481e3dbe410f7925f2e5da2a, 27805a756aa6c7b0d213e66dec206bb36b969aec, 1a06250178077cd11727f230f5c34b46906c789f, 3b1e8bf76752f6de7a72b05866617dcee741f2d5, 0c4070d2e57d997285146cadae94f2b330a53f2a, 3138110d1e9a09840e689bef0b4b624bc10ac306, 27163be44e4295396ad446d5a314bda5e24b95ac, 3a9bdf5964aec4a5719dc756dd1e0525a41cb21b, 890bbddfe0407c9ee8c17e45e68c2bf65c075297, 683ba1b74c37b9b9a27f879bfd2348db5ebeac61, 1195bf6b3ca4b62f27dfc1f70dd3ae9a5cd4bb30, ef77b00676b0973caf06aaf7a0cb653cd98434da]","[a691867ddd3ac7e72e446dd8636e8f44ca53f5d8, 768b0e7315ec6122a59e2ea1551f4f6166385389, d96dae24c0419a91da425a609dd45e855069a8e7, 0d8fa6b019de061a1d64f64cdaa6fae7a5395093]"
"a7623dab54b8b7048543cc54d5d0c23e9009fbab","1a06250178077cd11727f230f5c34b46906c789f","c8bcd2d518601b1f481e3dbe410f7925f2e5da2a","7fb02a2d89db8d1f0e636557d87ce23b52b51b93","[1a06250178077cd11727f230f5c34b46906c789f, 3b1e8bf76752f6de7a72b05866617dcee741f2d5, 3138110d1e9a09840e689bef0b4b624bc10ac306, 27163be44e4295396ad446d5a314bda5e24b95ac, f08cb3a95c973f8e8aae929ca9d121c7849e67c4, 7af82170c4504b3aef0593b31aa4b0d579b31dbb, e402ef35b9df7f64069e5a822f0d75e4ab89e8f8, 1820aa064ec91851552a1a8ee801fc5ae766683a, 4616b546b35091714cbf9ec42696372203f7a00f, fcd7b392d92941a3fbaf85ddb0422705f0127ae9, 8be700d25a18b7235a6cff34c9e8df452a49f8da, e4061a3981481b2b43f47ef835a088183a24526a]","[c8bcd2d518601b1f481e3dbe410f7925f2e5da2a, 27805a756aa6c7b0d213e66dec206bb36b969aec, 0c4070d2e57d997285146cadae94f2b330a53f2a, 3a9bdf5964aec4a5719dc756dd1e0525a41cb21b, 890bbddfe0407c9ee8c17e45e68c2bf65c075297, 683ba1b74c37b9b9a27f879bfd2348db5ebeac61, 1195bf6b3ca4b62f27dfc1f70dd3ae9a5cd4bb30, ef77b00676b0973caf06aaf7a0cb653cd98434da]"
"d96dae24c0419a91da425a609dd45e855069a8e7","0d8fa6b019de061a1d64f64cdaa6fae7a5395093","f08cb3a95c973f8e8aae929ca9d121c7849e67c4","7fb02a2d89db8d1f0e636557d87ce23b52b51b93","[0d8fa6b019de061a1d64f64cdaa6fae7a5395093]","[f08cb3a95c973f8e8aae929ca9d121c7849e67c4, 7af82170c4504b3aef0593b31aa4b0d579b31dbb, e402ef35b9df7f64069e5a822f0d75e4ab89e8f8, 1820aa064ec91851552a1a8ee801fc5ae766683a, 4616b546b35091714cbf9ec42696372203f7a00f, fcd7b392d92941a3fbaf85ddb0422705f0127ae9, 8be700d25a18b7235a6cff34c9e8df452a49f8da, e4061a3981481b2b43f47ef835a088183a24526a]"
"3967ff94fb739a752470e318768bcbdc0b3df211","4df6f318f5c444ef7ac911861c0d154400743bc1","eeee1d02636477a38f9afd096a30ff63f833c03c","b63b98c729413a01175bd58e8aa643428a44b6b7","[4df6f318f5c444ef7ac911861c0d154400743bc1, ed0db366e523e5f8e6485f2ae335e11b305c5447, 59a1ffddf132011a086d903cd9a7aa0a61551e00]","[eeee1d02636477a38f9afd096a30ff63f833c03c, 2c2147ac87ac15d958b15c7079c056f9ecbafa96, af02bef5ca4e32daa145642fdb71deb0cfbd8e08, 9e49ec105c757c9fc09b1849a357e2b4b83210a6, 42098bd8e8b1da6c4c2f6a8567ed746be0190aca, 255ef4872830cc7d63f547a18fbd1460cdb9aebe, 8260febef37abda5588a3378662bf0cab6693806, 62fab6a06ee4c5dad91d827bffd45d8c94ef8793, a6f98320c3090327629046f3a916da1dc5ec6a73, df1808363f4b328d2d496e636835a553a1002bbb, d041299fd906664bc2ac3388295dac9e44b603e1, c3522ec0f4105de67d4538a61ce3c71abc1af8ca, 3be89c516946f1a928dc6c6be344f30efcc68e1d, 49b689d69bd26c271d2c45cc7bf604d32b3956bf, 294a7eac1ff569c431cfbc64fc9d8bb5593b5125, 13e3781ee5fa9969712d4abb4361ef8b7ec30513, cd2fece2ab36a7d040b0fb876b985896c491cf40, e8f076743961c377ccfb25c0bcb26fdebf243399, 35a0410514d22b38f171595935259fca149e207e, d2bef41175d083c6d674bfbd2a949d198bef9dd1, 4270c9f53d64a2afbe656dda493c9cded3a42d8a, 8ac9c3a51829947979a7a4b9010761fc2f0d0033, 3b50b78d40786ae981071f8b0285ce019e707c9e]"
"4df6f318f5c444ef7ac911861c0d154400743bc1","b63b98c729413a01175bd58e8aa643428a44b6b7","ed0db366e523e5f8e6485f2ae335e11b305c5447","adcf819c6f53dcd804113175bded5629ad88bf04","[b63b98c729413a01175bd58e8aa643428a44b6b7, 863220956da1749ae5b97db564d61524019595ce, 81349c3d995a62ab1e0648e8ec44152decd47c63, edf54a4d925f225848d5cf5b3ce43a624bb0d23e, e1f53804a5d510dbe2c58a5f6b524b334f18403a, 4ef0c2d327ee5f5556aa621b8a9a6d10bb680ea6]","[ed0db366e523e5f8e6485f2ae335e11b305c5447, 59a1ffddf132011a086d903cd9a7aa0a61551e00]"
"35a0410514d22b38f171595935259fca149e207e","d2bef41175d083c6d674bfbd2a949d198bef9dd1","4270c9f53d64a2afbe656dda493c9cded3a42d8a","3b50b78d40786ae981071f8b0285ce019e707c9e","[d2bef41175d083c6d674bfbd2a949d198bef9dd1, b63b98c729413a01175bd58e8aa643428a44b6b7, 863220956da1749ae5b97db564d61524019595ce, 81349c3d995a62ab1e0648e8ec44152decd47c63, edf54a4d925f225848d5cf5b3ce43a624bb0d23e, e1f53804a5d510dbe2c58a5f6b524b334f18403a, 4ef0c2d327ee5f5556aa621b8a9a6d10bb680ea6, adcf819c6f53dcd804113175bded5629ad88bf04]","[4270c9f53d64a2afbe656dda493c9cded3a42d8a, 8ac9c3a51829947979a7a4b9010761fc2f0d0033]"
"d2bef41175d083c6d674bfbd2a949d198bef9dd1","3b50b78d40786ae981071f8b0285ce019e707c9e","b63b98c729413a01175bd58e8aa643428a44b6b7","737fe606b1789d30326dadf7a4bacd8065d18227","[3b50b78d40786ae981071f8b0285ce019e707c9e]","[b63b98c729413a01175bd58e8aa643428a44b6b7, 863220956da1749ae5b97db564d61524019595ce, 81349c3d995a62ab1e0648e8ec44152decd47c63, edf54a4d925f225848d5cf5b3ce43a624bb0d23e, e1f53804a5d510dbe2c58a5f6b524b334f18403a, 4ef0c2d327ee5f5556aa621b8a9a6d10bb680ea6, adcf819c6f53dcd804113175bded5629ad88bf04]"
