"https://github.com/MageTest/BehatMage.git"
"MERGE","LEFT","RIGHT","BASE","LEFT_COMMITS","RIGHT_COMMITS"
"487554044f05e5e8dae4ca7196feb7798fcde19e","f4a79f2fa384c04c6516b2aefc35e6fb6d4e44d2","14076c0149a2538adf3b6febdb9106d0d3579b8a","807e7f71509aba930672e1a71487e18963d6cf56","[f4a79f2fa384c04c6516b2aefc35e6fb6d4e44d2, 8d002bbb8de2c8a82e0a97724965cc85c0db0982]","[14076c0149a2538adf3b6febdb9106d0d3579b8a]"
"807e7f71509aba930672e1a71487e18963d6cf56","e33e622b774072518acb4292f0ff5ac248d744f7","3ccea2d41d680fd5d7752c9fb82aea30371dfae9","379f8e6c793d621d34071fff01e8855042d127a9","[e33e622b774072518acb4292f0ff5ac248d744f7, 1233ebbde59b0dcd695610b14d52af81836f0739, be8ec3c50fee37aa2d6436b492df993168b5cb2f, 23c1bd56562b05c6c22170c8ebc8214096dfaf30, 0ca50d55e375d4b49eb8852c4ab328da660912fc, a0a216368cd93b898e02b7e1d6cd7d5501407945, e7876c0add6fe01cc7b6f362afc41cf6909b0302]","[3ccea2d41d680fd5d7752c9fb82aea30371dfae9]"
"e33e622b774072518acb4292f0ff5ac248d744f7","1233ebbde59b0dcd695610b14d52af81836f0739","a0a216368cd93b898e02b7e1d6cd7d5501407945","ae15495c3fc63a928cd410a3e12d561bb167b111","[1233ebbde59b0dcd695610b14d52af81836f0739, be8ec3c50fee37aa2d6436b492df993168b5cb2f, 23c1bd56562b05c6c22170c8ebc8214096dfaf30, 0ca50d55e375d4b49eb8852c4ab328da660912fc, 379f8e6c793d621d34071fff01e8855042d127a9, 297f0225423fbabdbd6ce8aeaed7c09c0959de2b]","[a0a216368cd93b898e02b7e1d6cd7d5501407945, e7876c0add6fe01cc7b6f362afc41cf6909b0302]"
"1233ebbde59b0dcd695610b14d52af81836f0739","be8ec3c50fee37aa2d6436b492df993168b5cb2f","0ca50d55e375d4b49eb8852c4ab328da660912fc","379f8e6c793d621d34071fff01e8855042d127a9","[be8ec3c50fee37aa2d6436b492df993168b5cb2f, 23c1bd56562b05c6c22170c8ebc8214096dfaf30]","[0ca50d55e375d4b49eb8852c4ab328da660912fc]"
"eae3d732326284aa27771fe62e1cf1b44f558fac","dd343167d95dda46a4e640f3ed566055daa3feac","5c006ea3b77cf69b68b00a11ef8ab411104add70","1e8af0800c321e372df0465214558d5d98d049c6","[dd343167d95dda46a4e640f3ed566055daa3feac, 3e20be3713bd7368a9f806eb63398b313c6fc200]","[5c006ea3b77cf69b68b00a11ef8ab411104add70, 3b2772ff966c898bd3e6eb8d438ccea42ccea9fa, e4005ff03db999eb20ea182c85dfb7ceff631cb7, 067d68a8ad442186b307dc6256b14ce25d4c97b3, 0f6465936f6a5f793b5271c9e0ef2c4d9333b36f, 42a5b9c242830861b0683464994da435ed31b45f, c1f4ce3d96a44bf66c2a804a556102a4ddf9c682, f6a04b54c06da1f71c92dbfb411dd5afd399413e]"
"5c006ea3b77cf69b68b00a11ef8ab411104add70","e4005ff03db999eb20ea182c85dfb7ceff631cb7","3b2772ff966c898bd3e6eb8d438ccea42ccea9fa","42a5b9c242830861b0683464994da435ed31b45f","[e4005ff03db999eb20ea182c85dfb7ceff631cb7, 067d68a8ad442186b307dc6256b14ce25d4c97b3, 0f6465936f6a5f793b5271c9e0ef2c4d9333b36f, c1f4ce3d96a44bf66c2a804a556102a4ddf9c682]","[3b2772ff966c898bd3e6eb8d438ccea42ccea9fa]"
"e4005ff03db999eb20ea182c85dfb7ceff631cb7","067d68a8ad442186b307dc6256b14ce25d4c97b3","0f6465936f6a5f793b5271c9e0ef2c4d9333b36f","42a5b9c242830861b0683464994da435ed31b45f","[067d68a8ad442186b307dc6256b14ce25d4c97b3, c1f4ce3d96a44bf66c2a804a556102a4ddf9c682]","[0f6465936f6a5f793b5271c9e0ef2c4d9333b36f]"
"067d68a8ad442186b307dc6256b14ce25d4c97b3","42a5b9c242830861b0683464994da435ed31b45f","c1f4ce3d96a44bf66c2a804a556102a4ddf9c682","1e8af0800c321e372df0465214558d5d98d049c6","[42a5b9c242830861b0683464994da435ed31b45f, f6a04b54c06da1f71c92dbfb411dd5afd399413e]","[c1f4ce3d96a44bf66c2a804a556102a4ddf9c682]"
"a51d2a6d79c4139abe057a8d3c277dbd9c3d0df7","d252622eee3d42c032bfa7fe83c39a3ed885b88b","c2d866e93939b4c51356b8881b7e770d38ce6705","d1950aa98e75373bfa7940c181f790b1f35cb380","[d252622eee3d42c032bfa7fe83c39a3ed885b88b, c759efdf169a7b06b64d32288a4415f87909cc8d]","[c2d866e93939b4c51356b8881b7e770d38ce6705]"
"d1950aa98e75373bfa7940c181f790b1f35cb380","902d993a1ea7ec1b82b121c77d80f7fc74fd8a9c","65e24d33cb91f2521ee1f9fb2447f9b2ebda41f1","4ee01460660bf2af70e439037cc834c04e63f3e1","[902d993a1ea7ec1b82b121c77d80f7fc74fd8a9c, b33cce22101839830b2904e713833a7df41368e0]","[65e24d33cb91f2521ee1f9fb2447f9b2ebda41f1]"
"902d993a1ea7ec1b82b121c77d80f7fc74fd8a9c","4ee01460660bf2af70e439037cc834c04e63f3e1","b33cce22101839830b2904e713833a7df41368e0","026436fba15b2941eae646805d3ac9f06bb4f865","[4ee01460660bf2af70e439037cc834c04e63f3e1, 463031154a4f3a3a46536f8b1f48faf2ca106f2c, c0b000cb698ec53164a0fa535f34bb4ad6c22a22, e47f38397be8f1d2331aaa9e80ccf805fb2f7272, d1192832bde9ee1468f0b8c82ed94f465d80d76f, ba1aa981a746c51cac3bf784f18e5d3626f6e905, a126bd7061526b68a79b08c0961cf064cd892c14]","[b33cce22101839830b2904e713833a7df41368e0]"
"026436fba15b2941eae646805d3ac9f06bb4f865","0af191847733248b278cf10f0982e771690dce7e","79335a96eab60622341f079f32f481afbcc9b77e","f40005541355ae6fca12512d7799a21aec701bb1","[0af191847733248b278cf10f0982e771690dce7e, d2cf871a62cc32e7a02bedf448347665c7571900, 04685bdaef3871afde9a95bdae4516029dac5670, a7852d528a77ae9c7a0f45a9c16e88a380820441]","[79335a96eab60622341f079f32f481afbcc9b77e, 567892de03034fe0e3b5275ec7c0949c4b464c12, ca7b24526c2cacd30c7432da7d5a60b7b786284b, b72d455177d36d7d9d408eddeb5b7abf90356cfd, da1de13f7ef162bf46e04c9492f3596c7934c098, 5b061779fc22c493256d6e783a633af498601cef, acde2b954aa6ebe1b4d19c41cce5e781a269c1a4, aa3252582d6687dbd042cfdaa173b6aeecde6fc0, a65f2940f28a942fa1221f0d3e7fe71d197ee42b, 7d92aeba0ed10abe0707cf5dde823f8173f1f490, 837314767b7b17e90d2579d5d7471d3ab46afd76, 86b3dba5eb11d557797b177ee3b4408fd049620c, 33a0e4494310a4bc0e9ff0b165b3bcdad4db0dc3, 786a2ef973c92eb292810fae36452625ddde8ea4, 87b0aad1a93d063d72606c0a841d57206ce2ed8d, d919f1052b93d53de738082e98cfb88cbdfa3f25, 4898a5c8c25776556975575682c24df84d4b2298, 3a3c4c017424cd1e4c36899e4586868e4e3df44c, 6900a892fefd304b8cd765e6929195a3fea77afb]"
"0af191847733248b278cf10f0982e771690dce7e","d2cf871a62cc32e7a02bedf448347665c7571900","a7852d528a77ae9c7a0f45a9c16e88a380820441","f40005541355ae6fca12512d7799a21aec701bb1","[d2cf871a62cc32e7a02bedf448347665c7571900, 04685bdaef3871afde9a95bdae4516029dac5670]","[a7852d528a77ae9c7a0f45a9c16e88a380820441]"
"79335a96eab60622341f079f32f481afbcc9b77e","567892de03034fe0e3b5275ec7c0949c4b464c12","f40005541355ae6fca12512d7799a21aec701bb1","65eddf0d97711d1ce789bf817cc11aa40c4c4045","[567892de03034fe0e3b5275ec7c0949c4b464c12, ca7b24526c2cacd30c7432da7d5a60b7b786284b, b72d455177d36d7d9d408eddeb5b7abf90356cfd, da1de13f7ef162bf46e04c9492f3596c7934c098, 5b061779fc22c493256d6e783a633af498601cef, acde2b954aa6ebe1b4d19c41cce5e781a269c1a4, aa3252582d6687dbd042cfdaa173b6aeecde6fc0, a65f2940f28a942fa1221f0d3e7fe71d197ee42b, 7d92aeba0ed10abe0707cf5dde823f8173f1f490, 837314767b7b17e90d2579d5d7471d3ab46afd76, 86b3dba5eb11d557797b177ee3b4408fd049620c, 33a0e4494310a4bc0e9ff0b165b3bcdad4db0dc3, 786a2ef973c92eb292810fae36452625ddde8ea4, 87b0aad1a93d063d72606c0a841d57206ce2ed8d, d919f1052b93d53de738082e98cfb88cbdfa3f25, 4898a5c8c25776556975575682c24df84d4b2298, 3a3c4c017424cd1e4c36899e4586868e4e3df44c, 6900a892fefd304b8cd765e6929195a3fea77afb]","[f40005541355ae6fca12512d7799a21aec701bb1, aa6723cd8c19bbc8af5fc687f67f62f995ae25de, 9fd12126f383d3da2c79be3b729777ee43bb32fe, f632efee0b8a1948468e84adf1937c301f1b7192, c04aaeee5527faa79dad34f81335ac163dac00ac, a08cc2a83adc2ff1f32d77c89bdffaa283ccfd0a, b335a803b752071c862ce2c204e8fcd75e360049, 2c0677c737678c61b200e9dc3308f3d3a27da479, 478538fae7a8c0e9ef7a36828dba9279095e3f1b, 6b29943640f6e504538767f4614204c807144c87, 053bb4ead4cb9780434364af89b470999ecf4bb4, 278070bee543fc8dd319c414a0a430105527ca35, f1f733f7b5847d64e91183466bb466329997963f, 84916f340b62af21982f737d29b3e4fd6d7143bc, 1d3d0461f82f0000b9a8d16a2782bea8a1151ae5, 2579448d2ced13dbd3a9d6c83ffc8f9ed5ba96e5, 8010f7e984a51d6fa7291b73da5961434e4acb6a, d83b9d3cfc3e5e20053557ab989ab7fee006f708, c66c8c45bcdf4b0cce8bd67fa7e6b65eb6461351, df093082cadf640118c23cd591d9ff23aa7cb528, bfe3e220661be3da77d07853f7bc4da1ed666b78, 822dc46ecae2242a3eb79c98778a418329bcd616, 617f1231075dd6f6110217244223e0bd4697db24, dbe2cec7b3db7f4234d5ffedeba22f703cc17c8c, 803265d2a413a124c28fab7e881c4fa11ec57640, 7207180a1b2202b9f6eb3bf88c91328ab6717d96, dd9ba71200f090207beb5c9254adda01ef2519a1, 36d4b1548bad44d3c3ff5b0ac29f1cf2a0d1f007]"
"da1de13f7ef162bf46e04c9492f3596c7934c098","5b061779fc22c493256d6e783a633af498601cef","acde2b954aa6ebe1b4d19c41cce5e781a269c1a4","33a0e4494310a4bc0e9ff0b165b3bcdad4db0dc3","[5b061779fc22c493256d6e783a633af498601cef, aa3252582d6687dbd042cfdaa173b6aeecde6fc0, a65f2940f28a942fa1221f0d3e7fe71d197ee42b, 7d92aeba0ed10abe0707cf5dde823f8173f1f490, 837314767b7b17e90d2579d5d7471d3ab46afd76, 86b3dba5eb11d557797b177ee3b4408fd049620c]","[acde2b954aa6ebe1b4d19c41cce5e781a269c1a4]"
"5b061779fc22c493256d6e783a633af498601cef","33a0e4494310a4bc0e9ff0b165b3bcdad4db0dc3","aa3252582d6687dbd042cfdaa173b6aeecde6fc0","786a2ef973c92eb292810fae36452625ddde8ea4","[33a0e4494310a4bc0e9ff0b165b3bcdad4db0dc3]","[aa3252582d6687dbd042cfdaa173b6aeecde6fc0, a65f2940f28a942fa1221f0d3e7fe71d197ee42b, 7d92aeba0ed10abe0707cf5dde823f8173f1f490, 837314767b7b17e90d2579d5d7471d3ab46afd76, 86b3dba5eb11d557797b177ee3b4408fd049620c]"
"b335a803b752071c862ce2c204e8fcd75e360049","2c0677c737678c61b200e9dc3308f3d3a27da479","617f1231075dd6f6110217244223e0bd4697db24","65eddf0d97711d1ce789bf817cc11aa40c4c4045","[2c0677c737678c61b200e9dc3308f3d3a27da479, 478538fae7a8c0e9ef7a36828dba9279095e3f1b, 6b29943640f6e504538767f4614204c807144c87, 053bb4ead4cb9780434364af89b470999ecf4bb4, 278070bee543fc8dd319c414a0a430105527ca35, f1f733f7b5847d64e91183466bb466329997963f, 84916f340b62af21982f737d29b3e4fd6d7143bc, 1d3d0461f82f0000b9a8d16a2782bea8a1151ae5, 2579448d2ced13dbd3a9d6c83ffc8f9ed5ba96e5, 8010f7e984a51d6fa7291b73da5961434e4acb6a, d83b9d3cfc3e5e20053557ab989ab7fee006f708, c66c8c45bcdf4b0cce8bd67fa7e6b65eb6461351, df093082cadf640118c23cd591d9ff23aa7cb528, bfe3e220661be3da77d07853f7bc4da1ed666b78, 822dc46ecae2242a3eb79c98778a418329bcd616, dbe2cec7b3db7f4234d5ffedeba22f703cc17c8c, 7207180a1b2202b9f6eb3bf88c91328ab6717d96, dd9ba71200f090207beb5c9254adda01ef2519a1, 36d4b1548bad44d3c3ff5b0ac29f1cf2a0d1f007]","[617f1231075dd6f6110217244223e0bd4697db24, 803265d2a413a124c28fab7e881c4fa11ec57640]"
"2c0677c737678c61b200e9dc3308f3d3a27da479","478538fae7a8c0e9ef7a36828dba9279095e3f1b","84916f340b62af21982f737d29b3e4fd6d7143bc","65eddf0d97711d1ce789bf817cc11aa40c4c4045","[478538fae7a8c0e9ef7a36828dba9279095e3f1b, 6b29943640f6e504538767f4614204c807144c87, 053bb4ead4cb9780434364af89b470999ecf4bb4, 278070bee543fc8dd319c414a0a430105527ca35, f1f733f7b5847d64e91183466bb466329997963f, 1d3d0461f82f0000b9a8d16a2782bea8a1151ae5, 2579448d2ced13dbd3a9d6c83ffc8f9ed5ba96e5, 822dc46ecae2242a3eb79c98778a418329bcd616, dbe2cec7b3db7f4234d5ffedeba22f703cc17c8c, 7207180a1b2202b9f6eb3bf88c91328ab6717d96, dd9ba71200f090207beb5c9254adda01ef2519a1, 36d4b1548bad44d3c3ff5b0ac29f1cf2a0d1f007]","[84916f340b62af21982f737d29b3e4fd6d7143bc, 8010f7e984a51d6fa7291b73da5961434e4acb6a, d83b9d3cfc3e5e20053557ab989ab7fee006f708, c66c8c45bcdf4b0cce8bd67fa7e6b65eb6461351, df093082cadf640118c23cd591d9ff23aa7cb528, bfe3e220661be3da77d07853f7bc4da1ed666b78]"
"478538fae7a8c0e9ef7a36828dba9279095e3f1b","278070bee543fc8dd319c414a0a430105527ca35","6b29943640f6e504538767f4614204c807144c87","1d3d0461f82f0000b9a8d16a2782bea8a1151ae5","[278070bee543fc8dd319c414a0a430105527ca35, f1f733f7b5847d64e91183466bb466329997963f, 36d4b1548bad44d3c3ff5b0ac29f1cf2a0d1f007]","[6b29943640f6e504538767f4614204c807144c87, 053bb4ead4cb9780434364af89b470999ecf4bb4]"
"278070bee543fc8dd319c414a0a430105527ca35","1d3d0461f82f0000b9a8d16a2782bea8a1151ae5","f1f733f7b5847d64e91183466bb466329997963f","65eddf0d97711d1ce789bf817cc11aa40c4c4045","[1d3d0461f82f0000b9a8d16a2782bea8a1151ae5, 2579448d2ced13dbd3a9d6c83ffc8f9ed5ba96e5, 822dc46ecae2242a3eb79c98778a418329bcd616, dbe2cec7b3db7f4234d5ffedeba22f703cc17c8c, 7207180a1b2202b9f6eb3bf88c91328ab6717d96, dd9ba71200f090207beb5c9254adda01ef2519a1]","[f1f733f7b5847d64e91183466bb466329997963f, 36d4b1548bad44d3c3ff5b0ac29f1cf2a0d1f007]"
"1d3d0461f82f0000b9a8d16a2782bea8a1151ae5","2579448d2ced13dbd3a9d6c83ffc8f9ed5ba96e5","7207180a1b2202b9f6eb3bf88c91328ab6717d96","65eddf0d97711d1ce789bf817cc11aa40c4c4045","[2579448d2ced13dbd3a9d6c83ffc8f9ed5ba96e5, 822dc46ecae2242a3eb79c98778a418329bcd616, dbe2cec7b3db7f4234d5ffedeba22f703cc17c8c, dd9ba71200f090207beb5c9254adda01ef2519a1]","[7207180a1b2202b9f6eb3bf88c91328ab6717d96]"
"93c8ae6a75ec3b587306644415adad1df8143200","1eb3d680ff34b5273e40100de55c6c26f4a63d02","550b49ff0b8b8defe7f7d31c2829b0b131f16a39","0045bd92c3c581d6d682b602bd5de225d50d71d5","[1eb3d680ff34b5273e40100de55c6c26f4a63d02]","[550b49ff0b8b8defe7f7d31c2829b0b131f16a39, 6958c362a9dee30b06f4146b5426846b3c892e40, c04ea156c9052de6fff5d17cbd77298f42ce6134]"
"bb755385562e163447878feceecaec7b3640c706","d4c335ea2f01fdf91503989287eab0f91f76ab17","c713d6c3bd9ff746dabc0c24280c16a4bd8000b3","45c233391c26522a3bc1951235c9d99e6e9229b9","[d4c335ea2f01fdf91503989287eab0f91f76ab17]","[c713d6c3bd9ff746dabc0c24280c16a4bd8000b3, 43da035fd580ba82dd24d5063dbe97cd894d7e55, c4c9d6498c8f5a0313a8040b387f24e1e78b8936, 9d5da49b27aa1f821d29f22a013d08964c97ee4c, e8b8fcd16e0d35929d0a1376f7977ddddd687a3f, 4dce97ddea36d6fcc43f91bd5042e6bb993f92a2, 5c86a973b0f1d8ff44eb2c787e54d31215fb521f, 33d0e517cc9d630d80f0cdfcd0bbed16b8ad57a7, 268720993d058cfca35828a7a24a50108c99b179]"
"3d14e2f4cba804ad18c53e94aacd29973a418f7b","9d9299e4c7fc58e0d7eca89c7676e2d26d9b77fb","d18c3b49780f3151d3552a8e07dd55b2ddaab252","29e1b3b3715e9f4d76c98ba41b28ae750f6f1e35","[9d9299e4c7fc58e0d7eca89c7676e2d26d9b77fb, f2d8adaaffca259d49f91793dc600ac5cb1ed529]","[d18c3b49780f3151d3552a8e07dd55b2ddaab252, 07627bfb08ab91e3b527a9209c5cca1e29ca6e0c, 8ccf92088e3e91587baec613e2fa9d119c49a4c9]"
"07627bfb08ab91e3b527a9209c5cca1e29ca6e0c","8ccf92088e3e91587baec613e2fa9d119c49a4c9","29e1b3b3715e9f4d76c98ba41b28ae750f6f1e35","4b1287500c6c889df89c536d47ef232a2ccc9541","[8ccf92088e3e91587baec613e2fa9d119c49a4c9]","[29e1b3b3715e9f4d76c98ba41b28ae750f6f1e35, bb1d5a42d68aae56e630dd384479f5b3898fa4c8]"
"4b1287500c6c889df89c536d47ef232a2ccc9541","1ca6eb7dd4324f7ed74ce88c91b8bfdcff334b4f","707861541e62a88a8c97493b4ff4b5a490f5f5ec","7bf9cb80bbb20e652fa2bec8f8fa1b21f2e1bfb0","[1ca6eb7dd4324f7ed74ce88c91b8bfdcff334b4f]","[707861541e62a88a8c97493b4ff4b5a490f5f5ec]"
"f6a1aa6aa037a008cb0452c8aeb86780549113a3","522963f61fad25257bc4edc4ff904cc29334ec28","770e9f23b54854f0b55d109a3cfb285e9167483f","501b8a025093355dfb851a7f5dfad0e9ca87c122","[522963f61fad25257bc4edc4ff904cc29334ec28]","[770e9f23b54854f0b55d109a3cfb285e9167483f, 2c99cf7e40cfb39743c154fd46b6c6e815a7f6e9, 0f7d4464c298454e86b08afcbffa5cb62044a090, cde8f389cd44c4cfc2b1f5acfcbbedfd97b08993, 850bef184536aa2a93fae36aec8129d695f060ce, c4d28d739807efa3bc3d22612eb29cca20aaaa6f]"
"501b8a025093355dfb851a7f5dfad0e9ca87c122","23ae10a0a6d67a551665fdd406cb33d5d49fc07f","ea51f2df2984a8159ea295367fa1db75522bb819","d85ef4fcbf01565ab42a82f36a717bdf17ed2d3a","[23ae10a0a6d67a551665fdd406cb33d5d49fc07f]","[ea51f2df2984a8159ea295367fa1db75522bb819, 832c9edf868b4e9a8225b2b4fe4c0be808bd7fd6]"
"2176997b5f82c1f01d18244933466e7122eec274","cb08a994edc10afa5691f2a07558661ee3d96a12","85d2a27dd44e80c3797ec46a1fc3ed5f2ada7e06","b129620468c1c96b010bbc157f90f73b2edee9a2","[cb08a994edc10afa5691f2a07558661ee3d96a12]","[85d2a27dd44e80c3797ec46a1fc3ed5f2ada7e06, b81a7871a0fefe6ded2758275819502d353845ef, 370717e1acf53d870021531dc112eb7cc56e0575]"
"85d2a27dd44e80c3797ec46a1fc3ed5f2ada7e06","b81a7871a0fefe6ded2758275819502d353845ef","b129620468c1c96b010bbc157f90f73b2edee9a2","8747b9f3bfd338b89debb22e09d8a9a11301de45","[b81a7871a0fefe6ded2758275819502d353845ef, 370717e1acf53d870021531dc112eb7cc56e0575]","[b129620468c1c96b010bbc157f90f73b2edee9a2, b7560d7e95bf62f8666afe63ac4ab3b7b8eb0f76, 7a63a08bc95c7525bfc58b3ea0b81a6039b10097, b3c4d2126d356fbe5842718151bd8fac20e906e5]"
"b7560d7e95bf62f8666afe63ac4ab3b7b8eb0f76","7a63a08bc95c7525bfc58b3ea0b81a6039b10097","8747b9f3bfd338b89debb22e09d8a9a11301de45","a69d072eb387c4926b0bead9d4bd6300eb8726e9","[7a63a08bc95c7525bfc58b3ea0b81a6039b10097, b3c4d2126d356fbe5842718151bd8fac20e906e5]","[8747b9f3bfd338b89debb22e09d8a9a11301de45, cf7f778ec3894b326143d0b02553176487b5c6f1, b74e4703ec3c95d1e41f49948a3b4c5d76d5d3e8, 76836a53061973cb41c0adec7e63efad147f9ca1, 1d8c766fbaee0fdfd714037f27d82122cb491fc0]"
"cf7f778ec3894b326143d0b02553176487b5c6f1","b74e4703ec3c95d1e41f49948a3b4c5d76d5d3e8","76836a53061973cb41c0adec7e63efad147f9ca1","6fee33e69115139a60ca06ed01651a37fb958db3","[b74e4703ec3c95d1e41f49948a3b4c5d76d5d3e8]","[76836a53061973cb41c0adec7e63efad147f9ca1, 1d8c766fbaee0fdfd714037f27d82122cb491fc0, a69d072eb387c4926b0bead9d4bd6300eb8726e9, 193e983d9a6077d526c5c5eb482b07f05edf47ff, 06e759b572222b4b076635e8078a4eb80a4672c5, b0b6fd8e96e931ba1377603f58d2e6df00cd8848, a3356ed4899defefc5880a12b6aa6cb3de5c01fb, f5102d3e2b1eb265291f04a11dff09e1b60236e7, 8b8bf1e3283dda81b4a0ce8c27f05d0ba6ca7794, 5546eb7b32d81ff30939550efb132c9007478065, a36d44f3c480178f1e11890b017320ebd3096b62, 92b89ce05569e778262af5dc43676edcc236cc4e, 3c3c2c4dbe3a21f0d79ac5967dc937db26b4ea90]"
"76836a53061973cb41c0adec7e63efad147f9ca1","1d8c766fbaee0fdfd714037f27d82122cb491fc0","a69d072eb387c4926b0bead9d4bd6300eb8726e9","193e983d9a6077d526c5c5eb482b07f05edf47ff","[1d8c766fbaee0fdfd714037f27d82122cb491fc0]","[a69d072eb387c4926b0bead9d4bd6300eb8726e9]"
"a3356ed4899defefc5880a12b6aa6cb3de5c01fb","f5102d3e2b1eb265291f04a11dff09e1b60236e7","6fee33e69115139a60ca06ed01651a37fb958db3","07afe6a4d080cb324dbd338df1ee45efeeddecd5","[f5102d3e2b1eb265291f04a11dff09e1b60236e7, 8b8bf1e3283dda81b4a0ce8c27f05d0ba6ca7794, 5546eb7b32d81ff30939550efb132c9007478065, a36d44f3c480178f1e11890b017320ebd3096b62, 92b89ce05569e778262af5dc43676edcc236cc4e, 3c3c2c4dbe3a21f0d79ac5967dc937db26b4ea90]","[6fee33e69115139a60ca06ed01651a37fb958db3, d1a4521b98867a7059c892540c71a80f91c9f2bc]"
"6fee33e69115139a60ca06ed01651a37fb958db3","d1a4521b98867a7059c892540c71a80f91c9f2bc","07afe6a4d080cb324dbd338df1ee45efeeddecd5","d2d8595fa3de402f9afd46e1d9e90f32dd2079bd","[d1a4521b98867a7059c892540c71a80f91c9f2bc]","[07afe6a4d080cb324dbd338df1ee45efeeddecd5, 60b10bc5bcb69b29d6e6ca1773e552a5c2e28f5a]"
"f5102d3e2b1eb265291f04a11dff09e1b60236e7","8b8bf1e3283dda81b4a0ce8c27f05d0ba6ca7794","07afe6a4d080cb324dbd338df1ee45efeeddecd5","d2d8595fa3de402f9afd46e1d9e90f32dd2079bd","[8b8bf1e3283dda81b4a0ce8c27f05d0ba6ca7794, 5546eb7b32d81ff30939550efb132c9007478065, a36d44f3c480178f1e11890b017320ebd3096b62, 92b89ce05569e778262af5dc43676edcc236cc4e, 3c3c2c4dbe3a21f0d79ac5967dc937db26b4ea90]","[07afe6a4d080cb324dbd338df1ee45efeeddecd5, 60b10bc5bcb69b29d6e6ca1773e552a5c2e28f5a]"
"07afe6a4d080cb324dbd338df1ee45efeeddecd5","60b10bc5bcb69b29d6e6ca1773e552a5c2e28f5a","d2d8595fa3de402f9afd46e1d9e90f32dd2079bd","a2b45e08a66463fedf64604d3cf8b0dc4e96a656","[60b10bc5bcb69b29d6e6ca1773e552a5c2e28f5a]","[d2d8595fa3de402f9afd46e1d9e90f32dd2079bd, 7eb81550c97e84c2a160f3139d77dcbb87707577, 1bbc8d94911e85f2e6a55d495919ed02c9f9696e, cfcdf6abe86323dd6781c07d25eb9a8d796c820c, 712df21a62e93182d8924a1fdc849a6e13529bc2, 1481714594da9a2265e4aa142458c6a9ffbcc928, bbace18b88739469f1b15897c526d41a4d8dd3ca, 4b6d32441835a61a65f456f2a955ea64f4848504]"
"8b8bf1e3283dda81b4a0ce8c27f05d0ba6ca7794","5546eb7b32d81ff30939550efb132c9007478065","d2d8595fa3de402f9afd46e1d9e90f32dd2079bd","1bbc8d94911e85f2e6a55d495919ed02c9f9696e","[5546eb7b32d81ff30939550efb132c9007478065, a36d44f3c480178f1e11890b017320ebd3096b62, 92b89ce05569e778262af5dc43676edcc236cc4e, 3c3c2c4dbe3a21f0d79ac5967dc937db26b4ea90]","[d2d8595fa3de402f9afd46e1d9e90f32dd2079bd, 7eb81550c97e84c2a160f3139d77dcbb87707577]"
"92b89ce05569e778262af5dc43676edcc236cc4e","3c3c2c4dbe3a21f0d79ac5967dc937db26b4ea90","1bbc8d94911e85f2e6a55d495919ed02c9f9696e","1481714594da9a2265e4aa142458c6a9ffbcc928","[3c3c2c4dbe3a21f0d79ac5967dc937db26b4ea90]","[1bbc8d94911e85f2e6a55d495919ed02c9f9696e, cfcdf6abe86323dd6781c07d25eb9a8d796c820c, 712df21a62e93182d8924a1fdc849a6e13529bc2, 4b6d32441835a61a65f456f2a955ea64f4848504]"
"cfcdf6abe86323dd6781c07d25eb9a8d796c820c","712df21a62e93182d8924a1fdc849a6e13529bc2","1481714594da9a2265e4aa142458c6a9ffbcc928","a2b45e08a66463fedf64604d3cf8b0dc4e96a656","[712df21a62e93182d8924a1fdc849a6e13529bc2, 4b6d32441835a61a65f456f2a955ea64f4848504]","[1481714594da9a2265e4aa142458c6a9ffbcc928, bbace18b88739469f1b15897c526d41a4d8dd3ca]"
"712df21a62e93182d8924a1fdc849a6e13529bc2","4b6d32441835a61a65f456f2a955ea64f4848504","a2b45e08a66463fedf64604d3cf8b0dc4e96a656","9c765d402667acc0c7cd32704945e58bf61fa281","[4b6d32441835a61a65f456f2a955ea64f4848504]","[a2b45e08a66463fedf64604d3cf8b0dc4e96a656]"
"1481714594da9a2265e4aa142458c6a9ffbcc928","bbace18b88739469f1b15897c526d41a4d8dd3ca","a2b45e08a66463fedf64604d3cf8b0dc4e96a656","9c765d402667acc0c7cd32704945e58bf61fa281","[bbace18b88739469f1b15897c526d41a4d8dd3ca]","[a2b45e08a66463fedf64604d3cf8b0dc4e96a656]"
