"https://github.com/makersacademy/rps-challenge.git"
"MERGE","LEFT","RIGHT","BASE","LEFT_COMMITS","RIGHT_COMMITS"
"6fc18dfbfc6f6d00965811f3cbab77ec906803d5","07264299e9768dee3c6a3131b47caa9626edebd5","3840f907ec4eeab6a0b4be251d565dc4ce589d00","3c51608f7d03b4034a0d0cc80174f61ccacf9351","[07264299e9768dee3c6a3131b47caa9626edebd5]","[3840f907ec4eeab6a0b4be251d565dc4ce589d00, bf3e4531bae806687c670af15b9ab3d1e9d9c3f7]"
"1617aaf83a29efa2bd3a28f6b20b2165468638c2","7d7ab279990e88976df388f6d75bc6746c607c43","2dc2ec0fe9b66c4c822b0c1171f6f0aeeb31bf93","a07e860f45965d83f80a113d03c0c38f5e8f0fb2","[7d7ab279990e88976df388f6d75bc6746c607c43, ece351b8d31960be2be0513c8fbb0237a91d23d7]","[2dc2ec0fe9b66c4c822b0c1171f6f0aeeb31bf93]"
"7d7ab279990e88976df388f6d75bc6746c607c43","ece351b8d31960be2be0513c8fbb0237a91d23d7","a07e860f45965d83f80a113d03c0c38f5e8f0fb2","e423e3d25e6aaa46481306c73b0cb0eee48d36a7","[ece351b8d31960be2be0513c8fbb0237a91d23d7]","[a07e860f45965d83f80a113d03c0c38f5e8f0fb2]"
"4570b7214686909cc073c280b7e599482acd367e","cff2ddcf6adf6139888729fcd1625a55b974393d","59953a8672f5fdb2f74d149a875340446276117a","43831340b0d36019aa6a462c46e4e5f3444efec5","[cff2ddcf6adf6139888729fcd1625a55b974393d, 80669df3f476db5c5a191420275edc98b4af09e6]","[59953a8672f5fdb2f74d149a875340446276117a, e1eea797b4158e3c0800b7b8b404ab7f6e64fad4, a11d2128e9605c16587bc9377cdee2684f2ed4ae, 54707445d3f5a344e331e11ac8484f6f80010068]"
