"https://github.com/ministryofjustice/laa-apply-for-legal-aid.git"
"MERGE","LEFT","RIGHT","BASE","LEFT_COMMITS","RIGHT_COMMITS"
"9b1b489c39106996492525bdd53b3477e4cbca2c","464c924cda434f631a654cca0ec001ec9ca276af","f131471e43785ac171baffeb592dd5c85fe67cc6","01e8da8b17fb9ce1ed1f5a4b4a082138a571484b","[464c924cda434f631a654cca0ec001ec9ca276af]","[f131471e43785ac171baffeb592dd5c85fe67cc6, 847d6b7f3aa2e8a8606c7bf0468a56bf823b3880]"
"a7775ec40f2dcee553929a643c14ecf617a38ed7","be9c10513ef35bee2e3f8c4f013f68cf8f975438","540ed71ab2c7384bf1df62386e0a736dc478e9af","7bd2147b734eb5181ff48b45d12aeddb8fe22b4a","[be9c10513ef35bee2e3f8c4f013f68cf8f975438]","[540ed71ab2c7384bf1df62386e0a736dc478e9af, d0ca2b332c75b86413f83de5a064b65ba5980be2]"
"e86390fdc601b23d672274e24c37d1adec919959","8bf28d1ae86e5294d0a23f4466b77173b957db9c","0d9e2871163bd92077a974be9ff4f6a71403ad43","a9bb5ceb05c43d1ec734662f97729e012eae8815","[8bf28d1ae86e5294d0a23f4466b77173b957db9c]","[0d9e2871163bd92077a974be9ff4f6a71403ad43, 591a585ba89973109cbfdd2e2c39462a35af76aa, 7b20b90605110d53cd928d6ec8d59530d8fcae6b, 5c1667e3bc35ddab7399afd9a30ba5b87aec5e82, 0d1ec3c881c25a0ac7514ea893420c35931f23a4, d9a6b90609b64ef193b8d569fb3b3490470af7ec]"
"591a585ba89973109cbfdd2e2c39462a35af76aa","0d1ec3c881c25a0ac7514ea893420c35931f23a4","7b20b90605110d53cd928d6ec8d59530d8fcae6b","64087d1ee1e01fe937a721269cc8f2b121863929","[0d1ec3c881c25a0ac7514ea893420c35931f23a4, d9a6b90609b64ef193b8d569fb3b3490470af7ec]","[7b20b90605110d53cd928d6ec8d59530d8fcae6b, 5c1667e3bc35ddab7399afd9a30ba5b87aec5e82, a9bb5ceb05c43d1ec734662f97729e012eae8815, 36c43ada70a5b53ef0f85ec4b90f0a16f892c916, 3db1ff47e36c93904ec719161f2b398b92e1c10a, 5ac493ba7d240c3500fdeddf18ade45f9fd01a35]"
"0d1ec3c881c25a0ac7514ea893420c35931f23a4","d9a6b90609b64ef193b8d569fb3b3490470af7ec","64087d1ee1e01fe937a721269cc8f2b121863929","d76bf806e8aea95a725d6208eeb81f9574be90fd","[d9a6b90609b64ef193b8d569fb3b3490470af7ec]","[64087d1ee1e01fe937a721269cc8f2b121863929, 27f3f46f83e2bb081a30f730536b20ae7f9637ee, 39fa47ed12a2970c4f0d8e01d47c133c5eabba63, 34341923cfae2fed422c186b3037272c7bb1cbd4, 4039fda3ad987213e43c7b5ba986d3dc3a3b9ede, 7bf2064834943795e3c78ece513bb7020dff2d9b, c6fcf825912707d13af34baeeed82b30d00eb89c, 52d7a1f8c33e3fd4bbcbc4f8e5adc1a84a2ee77b, baf464ce0e11a1b81b5443b288a7781f31a0217d, ea80d9668594b5ba9a4f217fd1e2ccb28721e483, 5a03272323395a48f021787d0368d44ac0b1c875, b44096b0909bc69361e22e0acb221097302413fa, 84c9366f625febd8dbcfb939b5c22deb498d7964]"
"52d7a1f8c33e3fd4bbcbc4f8e5adc1a84a2ee77b","5a03272323395a48f021787d0368d44ac0b1c875","baf464ce0e11a1b81b5443b288a7781f31a0217d","d76bf806e8aea95a725d6208eeb81f9574be90fd","[5a03272323395a48f021787d0368d44ac0b1c875, b44096b0909bc69361e22e0acb221097302413fa, 84c9366f625febd8dbcfb939b5c22deb498d7964]","[baf464ce0e11a1b81b5443b288a7781f31a0217d, ea80d9668594b5ba9a4f217fd1e2ccb28721e483]"
"5a03272323395a48f021787d0368d44ac0b1c875","b44096b0909bc69361e22e0acb221097302413fa","d76bf806e8aea95a725d6208eeb81f9574be90fd","1f32055aaf4fd98124827b4a09e015a63d39fcd6","[b44096b0909bc69361e22e0acb221097302413fa, 84c9366f625febd8dbcfb939b5c22deb498d7964]","[d76bf806e8aea95a725d6208eeb81f9574be90fd, 633433f59f8c70faad137ff0adcd667be7fc2ffc, e65d6a6bb7586b8e2b3446a4f45a9975d751ce93, 2bbf6d2e32707ab74b05b1ee4473f98cd148e59e, 55c125543e29731d2fe2b065dcb9c75d884e9412, 36a36b01b542113463d29a0f02471012f9638ac1, 6598c4c0ebdc292a9d0f707349d70e282c239829, bd3adecaa6ecb1256eb262d246e568d455f2d9f1, 37849c292f19aa0998d2fa4ac11995593236eb37, 9a4240b051a2f5281eee8860fa4dfa240d00ec75]"
"633433f59f8c70faad137ff0adcd667be7fc2ffc","bd3adecaa6ecb1256eb262d246e568d455f2d9f1","e65d6a6bb7586b8e2b3446a4f45a9975d751ce93","1f32055aaf4fd98124827b4a09e015a63d39fcd6","[bd3adecaa6ecb1256eb262d246e568d455f2d9f1, 9a4240b051a2f5281eee8860fa4dfa240d00ec75]","[e65d6a6bb7586b8e2b3446a4f45a9975d751ce93, 2bbf6d2e32707ab74b05b1ee4473f98cd148e59e, 55c125543e29731d2fe2b065dcb9c75d884e9412, 36a36b01b542113463d29a0f02471012f9638ac1, 6598c4c0ebdc292a9d0f707349d70e282c239829, 37849c292f19aa0998d2fa4ac11995593236eb37]"
"b44096b0909bc69361e22e0acb221097302413fa","84c9366f625febd8dbcfb939b5c22deb498d7964","1f32055aaf4fd98124827b4a09e015a63d39fcd6","f685cd245d74d3e4775f66b09a2aa5f29beed27d","[84c9366f625febd8dbcfb939b5c22deb498d7964]","[1f32055aaf4fd98124827b4a09e015a63d39fcd6, cbfc65b1d0b90583e0b51410592d4b283db46e2b, dad7f8e8a6ebd29bfdd11f2f20123fd9356f1e92, 8e09f07e8d69bb3fade081fe245ec560b7c34a73, 43c9b0eb0f55158c3a20b24e12e5e1184cc517ba, 98967fe1448bd65ea0ee5e946dbc6c59567a88d7, 2f79185f12bca3604d545d430e7b4e7da3e389e2, 6e04deb60abc45c049758edbb840df47c3991ef3, 9d750eac3eadfc9d76c98d5f32cc4519be9c0f7e, 48cfdac3e2c9e15412ac7df43748cfacdf102c5c, 1ee4b3da70f4376c05cfc474bfd1bbd9fd782709, 559359ae8cda99dcb482d54d6aa74fcaf92befe0, 2cb5475fe1e1ec1dfc3cc8dff4b8982076f10420, 2cac3bc3cb7afced694961550291dbfc792b16b7, bceac143ae3eebc45c83a1cc725cb98a8f5af61f, 1815fd1c253cc7e2a94d53e0b2cc69826a415112, 2319269b85e559c9ddbea021a21334394ebec150, 8e6de14dc3944e335218f2cef96ee6d8a868af07, f42bfac0b2b43f566908c6e0fda99df4d0602a36, 566febe61861a17ad758ad9d38dae474f7907367, 1904bd0c7d7f7dc62294d4340eae2178bc778b86, d4d11d3cf02f27c3d7f93642525e588f85c808a0, a4468e9f63e739bdae08f57b7422779a45c4171b, 87b850aa4d451d02fe325847a1149444e877a685, 117ac0fc115b1ef0c1ed8cd95f0a79670481407d, 40d41559fd6279504084811e026fa645874d8d97, 93a4ca6aedb40a373d0cc72e55187d3977ece873, b1c87cf2260c1e2a0984482c55cdb8b8c739eeec, c2e879847cac1a25d6938f405b1fe2a06d0c1d6f, 9d1ba6e06d607a3a734f2f191945d9f4de4d8214, 7a576a92409ef4708c162cff1aa7214b95e3a43c, d6abb722cc75385c7898103c333ea7e3730276b3, a2d8cf5d713460cb92650f3526e3cae38dde5e00, e99b2e087b2f8baa954e98d90553e37920f19778, d77508d88d4b15ac977e9570b96cbd9e314e4436, 8be64175741b312f422964052555dc82357ca82d, 11664119470de11d3e8a30bb2d8266084122dd3b, cd18e010238b5de83f30bab6153cac5d874d4db2, d9c6b2fd9eb09ab66f565d84111e9a5199e2a0c0, 5031b1f71df79c7d10e80271a94e5448c80b0a6b, 546ef00fa395557a719436fd5550cfbc70ecd2ba, 96a570085353aec39164fb8982718728d2d029f1, 0986a68a4b5b55294c07c37ad743639f6bc410df, da11b0388dcca1385dee023d734a4ee249d06b06]"
"bd3adecaa6ecb1256eb262d246e568d455f2d9f1","9a4240b051a2f5281eee8860fa4dfa240d00ec75","1f32055aaf4fd98124827b4a09e015a63d39fcd6","f685cd245d74d3e4775f66b09a2aa5f29beed27d","[9a4240b051a2f5281eee8860fa4dfa240d00ec75]","[1f32055aaf4fd98124827b4a09e015a63d39fcd6, cbfc65b1d0b90583e0b51410592d4b283db46e2b, dad7f8e8a6ebd29bfdd11f2f20123fd9356f1e92, 8e09f07e8d69bb3fade081fe245ec560b7c34a73, 43c9b0eb0f55158c3a20b24e12e5e1184cc517ba, 98967fe1448bd65ea0ee5e946dbc6c59567a88d7, 2f79185f12bca3604d545d430e7b4e7da3e389e2, 6e04deb60abc45c049758edbb840df47c3991ef3, 9d750eac3eadfc9d76c98d5f32cc4519be9c0f7e, 48cfdac3e2c9e15412ac7df43748cfacdf102c5c, 1ee4b3da70f4376c05cfc474bfd1bbd9fd782709, 559359ae8cda99dcb482d54d6aa74fcaf92befe0, 2cb5475fe1e1ec1dfc3cc8dff4b8982076f10420, 2cac3bc3cb7afced694961550291dbfc792b16b7, bceac143ae3eebc45c83a1cc725cb98a8f5af61f, 1815fd1c253cc7e2a94d53e0b2cc69826a415112, 2319269b85e559c9ddbea021a21334394ebec150, 8e6de14dc3944e335218f2cef96ee6d8a868af07, f42bfac0b2b43f566908c6e0fda99df4d0602a36, 566febe61861a17ad758ad9d38dae474f7907367, 1904bd0c7d7f7dc62294d4340eae2178bc778b86, d4d11d3cf02f27c3d7f93642525e588f85c808a0, a4468e9f63e739bdae08f57b7422779a45c4171b, 87b850aa4d451d02fe325847a1149444e877a685, 117ac0fc115b1ef0c1ed8cd95f0a79670481407d, 40d41559fd6279504084811e026fa645874d8d97, 93a4ca6aedb40a373d0cc72e55187d3977ece873, b1c87cf2260c1e2a0984482c55cdb8b8c739eeec, c2e879847cac1a25d6938f405b1fe2a06d0c1d6f, 9d1ba6e06d607a3a734f2f191945d9f4de4d8214, 7a576a92409ef4708c162cff1aa7214b95e3a43c, d6abb722cc75385c7898103c333ea7e3730276b3, a2d8cf5d713460cb92650f3526e3cae38dde5e00, e99b2e087b2f8baa954e98d90553e37920f19778, d77508d88d4b15ac977e9570b96cbd9e314e4436, 8be64175741b312f422964052555dc82357ca82d, 11664119470de11d3e8a30bb2d8266084122dd3b, cd18e010238b5de83f30bab6153cac5d874d4db2, d9c6b2fd9eb09ab66f565d84111e9a5199e2a0c0, 5031b1f71df79c7d10e80271a94e5448c80b0a6b, 546ef00fa395557a719436fd5550cfbc70ecd2ba, 96a570085353aec39164fb8982718728d2d029f1, 0986a68a4b5b55294c07c37ad743639f6bc410df, da11b0388dcca1385dee023d734a4ee249d06b06]"
"9d750eac3eadfc9d76c98d5f32cc4519be9c0f7e","2cb5475fe1e1ec1dfc3cc8dff4b8982076f10420","48cfdac3e2c9e15412ac7df43748cfacdf102c5c","f685cd245d74d3e4775f66b09a2aa5f29beed27d","[2cb5475fe1e1ec1dfc3cc8dff4b8982076f10420, 2cac3bc3cb7afced694961550291dbfc792b16b7, bceac143ae3eebc45c83a1cc725cb98a8f5af61f, 1815fd1c253cc7e2a94d53e0b2cc69826a415112, 2319269b85e559c9ddbea021a21334394ebec150, 8e6de14dc3944e335218f2cef96ee6d8a868af07, f42bfac0b2b43f566908c6e0fda99df4d0602a36, 566febe61861a17ad758ad9d38dae474f7907367, 1904bd0c7d7f7dc62294d4340eae2178bc778b86, d4d11d3cf02f27c3d7f93642525e588f85c808a0, a4468e9f63e739bdae08f57b7422779a45c4171b, 87b850aa4d451d02fe325847a1149444e877a685, 117ac0fc115b1ef0c1ed8cd95f0a79670481407d, 40d41559fd6279504084811e026fa645874d8d97, 93a4ca6aedb40a373d0cc72e55187d3977ece873, b1c87cf2260c1e2a0984482c55cdb8b8c739eeec, c2e879847cac1a25d6938f405b1fe2a06d0c1d6f, 9d1ba6e06d607a3a734f2f191945d9f4de4d8214, 7a576a92409ef4708c162cff1aa7214b95e3a43c, d6abb722cc75385c7898103c333ea7e3730276b3, a2d8cf5d713460cb92650f3526e3cae38dde5e00, e99b2e087b2f8baa954e98d90553e37920f19778, d77508d88d4b15ac977e9570b96cbd9e314e4436, 8be64175741b312f422964052555dc82357ca82d, 11664119470de11d3e8a30bb2d8266084122dd3b, cd18e010238b5de83f30bab6153cac5d874d4db2, d9c6b2fd9eb09ab66f565d84111e9a5199e2a0c0, 5031b1f71df79c7d10e80271a94e5448c80b0a6b, 546ef00fa395557a719436fd5550cfbc70ecd2ba, 96a570085353aec39164fb8982718728d2d029f1, 0986a68a4b5b55294c07c37ad743639f6bc410df, da11b0388dcca1385dee023d734a4ee249d06b06]","[48cfdac3e2c9e15412ac7df43748cfacdf102c5c, 1ee4b3da70f4376c05cfc474bfd1bbd9fd782709, 559359ae8cda99dcb482d54d6aa74fcaf92befe0]"
"2cb5475fe1e1ec1dfc3cc8dff4b8982076f10420","2cac3bc3cb7afced694961550291dbfc792b16b7","f685cd245d74d3e4775f66b09a2aa5f29beed27d","87b4e24665ecabb3388af98e297e66e9fb629a08","[2cac3bc3cb7afced694961550291dbfc792b16b7, bceac143ae3eebc45c83a1cc725cb98a8f5af61f, 1815fd1c253cc7e2a94d53e0b2cc69826a415112, 2319269b85e559c9ddbea021a21334394ebec150, 8e6de14dc3944e335218f2cef96ee6d8a868af07, f42bfac0b2b43f566908c6e0fda99df4d0602a36, 566febe61861a17ad758ad9d38dae474f7907367, 1904bd0c7d7f7dc62294d4340eae2178bc778b86, d4d11d3cf02f27c3d7f93642525e588f85c808a0, a4468e9f63e739bdae08f57b7422779a45c4171b, 87b850aa4d451d02fe325847a1149444e877a685, 117ac0fc115b1ef0c1ed8cd95f0a79670481407d, 40d41559fd6279504084811e026fa645874d8d97, 93a4ca6aedb40a373d0cc72e55187d3977ece873, b1c87cf2260c1e2a0984482c55cdb8b8c739eeec, c2e879847cac1a25d6938f405b1fe2a06d0c1d6f, 9d1ba6e06d607a3a734f2f191945d9f4de4d8214, 7a576a92409ef4708c162cff1aa7214b95e3a43c, d6abb722cc75385c7898103c333ea7e3730276b3, a2d8cf5d713460cb92650f3526e3cae38dde5e00, e99b2e087b2f8baa954e98d90553e37920f19778, d77508d88d4b15ac977e9570b96cbd9e314e4436, 8be64175741b312f422964052555dc82357ca82d, 11664119470de11d3e8a30bb2d8266084122dd3b, cd18e010238b5de83f30bab6153cac5d874d4db2, d9c6b2fd9eb09ab66f565d84111e9a5199e2a0c0, 5031b1f71df79c7d10e80271a94e5448c80b0a6b, 546ef00fa395557a719436fd5550cfbc70ecd2ba, 96a570085353aec39164fb8982718728d2d029f1, 0986a68a4b5b55294c07c37ad743639f6bc410df, da11b0388dcca1385dee023d734a4ee249d06b06]","[f685cd245d74d3e4775f66b09a2aa5f29beed27d, 58d656a8b3fd7e2459284ec9fff78048a635e2af]"
"2cac3bc3cb7afced694961550291dbfc792b16b7","bceac143ae3eebc45c83a1cc725cb98a8f5af61f","87b4e24665ecabb3388af98e297e66e9fb629a08","4a69a249bf0e3f1f91ba06a93c82c6ea63961310","[bceac143ae3eebc45c83a1cc725cb98a8f5af61f, 1815fd1c253cc7e2a94d53e0b2cc69826a415112, 2319269b85e559c9ddbea021a21334394ebec150, 8e6de14dc3944e335218f2cef96ee6d8a868af07, f42bfac0b2b43f566908c6e0fda99df4d0602a36, 566febe61861a17ad758ad9d38dae474f7907367, 1904bd0c7d7f7dc62294d4340eae2178bc778b86, d4d11d3cf02f27c3d7f93642525e588f85c808a0, a4468e9f63e739bdae08f57b7422779a45c4171b, 87b850aa4d451d02fe325847a1149444e877a685, 117ac0fc115b1ef0c1ed8cd95f0a79670481407d, 40d41559fd6279504084811e026fa645874d8d97, 93a4ca6aedb40a373d0cc72e55187d3977ece873, b1c87cf2260c1e2a0984482c55cdb8b8c739eeec, c2e879847cac1a25d6938f405b1fe2a06d0c1d6f, 9d1ba6e06d607a3a734f2f191945d9f4de4d8214, 7a576a92409ef4708c162cff1aa7214b95e3a43c, d6abb722cc75385c7898103c333ea7e3730276b3, a2d8cf5d713460cb92650f3526e3cae38dde5e00, e99b2e087b2f8baa954e98d90553e37920f19778, d77508d88d4b15ac977e9570b96cbd9e314e4436, 8be64175741b312f422964052555dc82357ca82d, 11664119470de11d3e8a30bb2d8266084122dd3b, cd18e010238b5de83f30bab6153cac5d874d4db2, d9c6b2fd9eb09ab66f565d84111e9a5199e2a0c0, 5031b1f71df79c7d10e80271a94e5448c80b0a6b, 546ef00fa395557a719436fd5550cfbc70ecd2ba, 96a570085353aec39164fb8982718728d2d029f1, 0986a68a4b5b55294c07c37ad743639f6bc410df, da11b0388dcca1385dee023d734a4ee249d06b06]","[87b4e24665ecabb3388af98e297e66e9fb629a08, 35a96aecbdbb61d561a0047eb632b765e1130cda]"
"bceac143ae3eebc45c83a1cc725cb98a8f5af61f","1815fd1c253cc7e2a94d53e0b2cc69826a415112","4a69a249bf0e3f1f91ba06a93c82c6ea63961310","9320d2588a3e38dc8425548fcb3ca198c2c58f71","[1815fd1c253cc7e2a94d53e0b2cc69826a415112, 2319269b85e559c9ddbea021a21334394ebec150, 8e6de14dc3944e335218f2cef96ee6d8a868af07, f42bfac0b2b43f566908c6e0fda99df4d0602a36, 566febe61861a17ad758ad9d38dae474f7907367, 1904bd0c7d7f7dc62294d4340eae2178bc778b86, d4d11d3cf02f27c3d7f93642525e588f85c808a0, a4468e9f63e739bdae08f57b7422779a45c4171b, 87b850aa4d451d02fe325847a1149444e877a685, 117ac0fc115b1ef0c1ed8cd95f0a79670481407d, 40d41559fd6279504084811e026fa645874d8d97, 93a4ca6aedb40a373d0cc72e55187d3977ece873, b1c87cf2260c1e2a0984482c55cdb8b8c739eeec, c2e879847cac1a25d6938f405b1fe2a06d0c1d6f, 9d1ba6e06d607a3a734f2f191945d9f4de4d8214, 7a576a92409ef4708c162cff1aa7214b95e3a43c, d6abb722cc75385c7898103c333ea7e3730276b3, a2d8cf5d713460cb92650f3526e3cae38dde5e00, e99b2e087b2f8baa954e98d90553e37920f19778, d77508d88d4b15ac977e9570b96cbd9e314e4436, 8be64175741b312f422964052555dc82357ca82d, 11664119470de11d3e8a30bb2d8266084122dd3b, cd18e010238b5de83f30bab6153cac5d874d4db2, d9c6b2fd9eb09ab66f565d84111e9a5199e2a0c0, 5031b1f71df79c7d10e80271a94e5448c80b0a6b, 546ef00fa395557a719436fd5550cfbc70ecd2ba, 96a570085353aec39164fb8982718728d2d029f1, 0986a68a4b5b55294c07c37ad743639f6bc410df, da11b0388dcca1385dee023d734a4ee249d06b06]","[4a69a249bf0e3f1f91ba06a93c82c6ea63961310, 441048a24c3ab30a60d9a6ea568c1b6939f53cc5, 01c7db31ea2d081e27af5867c4138221b6d77bd6, 62c006719795dcf5331d8bbc40e98ad2ac7f4a41, fb291b592144e1a39d61a0ab1b72c02850c0094f, d08a4caea02cf09f011280edfeb2242b605c4665, fc31c62380654a2e78eb71d8db94464b5e3162e5, 00913e5bb2ad3e2a1687ffc3f6cf69b91bf9da19, db37fa6a1066be6eb22e4be16128a468045cfdd0, 8b131d038e48f78ee8c940ecea1a1d13113e66bc, 82608485484d89fee5c94a37213f37f44ac10484, 1c6ae0d7140e6861a0cff69e09ea74ffdf3efe73, a523a2fcfe6f2b56d694510e1fbb7809d42029dc, 32f682325413d95cff2c42fe1af05ecfd4c77572, 90276f85f9cf2df7ccb1a8ed94a097736c0d6729, b6bde6e5d5335d4850b1caf44833d61ce9735e9f, b5c1230d4719cf3edf6eefc41023e707ee0c68f8, c95f694da051a0394fd36a83eb21fe47b77cb4ec, 161c20d134d12f55ac52ddc3e939bc6900c480d4, 15e175c5293d8fa72ed7d2c4325b7444222a7268, eebb02d48813688ae0f04ce68e54723d848cc30c, 4ba8747fdb15db52924328f645ee6c505f3798b4, 3dda15a6dc3cd2847045e79645cdf7cce97517eb, efda435ae1a3357fddaa79751a8c2094e31b4aa3, b420cd32edf345ace8e26916879d2a0a8f481750, cd0841ed174d8695329989052591f58a3bef929f, 1e0b9f73afe2d5b19071c3bd891d5c5d4417b059, f8e052a7747170ece5d8f4d36fc2f2a5993b1e52, 5e16b2f4ea1100fdaafa0efa1fbf721638b993e7, b679be33459c2afe44632f5f26a13cade5ea7188, 641213b38ad07c14dc649bb05b4bfc3e15210b31, 6ba77535ec412b20ecd82a8a8f7ec16c1d14230e]"
"32f682325413d95cff2c42fe1af05ecfd4c77572","641213b38ad07c14dc649bb05b4bfc3e15210b31","90276f85f9cf2df7ccb1a8ed94a097736c0d6729","9320d2588a3e38dc8425548fcb3ca198c2c58f71","[641213b38ad07c14dc649bb05b4bfc3e15210b31, 6ba77535ec412b20ecd82a8a8f7ec16c1d14230e]","[90276f85f9cf2df7ccb1a8ed94a097736c0d6729, b6bde6e5d5335d4850b1caf44833d61ce9735e9f, b5c1230d4719cf3edf6eefc41023e707ee0c68f8, c95f694da051a0394fd36a83eb21fe47b77cb4ec, 161c20d134d12f55ac52ddc3e939bc6900c480d4, 15e175c5293d8fa72ed7d2c4325b7444222a7268, eebb02d48813688ae0f04ce68e54723d848cc30c, 4ba8747fdb15db52924328f645ee6c505f3798b4, 3dda15a6dc3cd2847045e79645cdf7cce97517eb, efda435ae1a3357fddaa79751a8c2094e31b4aa3, b420cd32edf345ace8e26916879d2a0a8f481750, cd0841ed174d8695329989052591f58a3bef929f, 1e0b9f73afe2d5b19071c3bd891d5c5d4417b059, f8e052a7747170ece5d8f4d36fc2f2a5993b1e52, 5e16b2f4ea1100fdaafa0efa1fbf721638b993e7, b679be33459c2afe44632f5f26a13cade5ea7188]"
"1904bd0c7d7f7dc62294d4340eae2178bc778b86","d4d11d3cf02f27c3d7f93642525e588f85c808a0","d6abb722cc75385c7898103c333ea7e3730276b3","9320d2588a3e38dc8425548fcb3ca198c2c58f71","[d4d11d3cf02f27c3d7f93642525e588f85c808a0, a4468e9f63e739bdae08f57b7422779a45c4171b, 87b850aa4d451d02fe325847a1149444e877a685, 117ac0fc115b1ef0c1ed8cd95f0a79670481407d, 40d41559fd6279504084811e026fa645874d8d97, 93a4ca6aedb40a373d0cc72e55187d3977ece873, b1c87cf2260c1e2a0984482c55cdb8b8c739eeec, c2e879847cac1a25d6938f405b1fe2a06d0c1d6f, 9d1ba6e06d607a3a734f2f191945d9f4de4d8214, 7a576a92409ef4708c162cff1aa7214b95e3a43c, 546ef00fa395557a719436fd5550cfbc70ecd2ba, 96a570085353aec39164fb8982718728d2d029f1, 0986a68a4b5b55294c07c37ad743639f6bc410df, da11b0388dcca1385dee023d734a4ee249d06b06]","[d6abb722cc75385c7898103c333ea7e3730276b3, a2d8cf5d713460cb92650f3526e3cae38dde5e00, e99b2e087b2f8baa954e98d90553e37920f19778, d77508d88d4b15ac977e9570b96cbd9e314e4436, 8be64175741b312f422964052555dc82357ca82d, 11664119470de11d3e8a30bb2d8266084122dd3b, cd18e010238b5de83f30bab6153cac5d874d4db2, d9c6b2fd9eb09ab66f565d84111e9a5199e2a0c0, 5031b1f71df79c7d10e80271a94e5448c80b0a6b]"
"7a576a92409ef4708c162cff1aa7214b95e3a43c","546ef00fa395557a719436fd5550cfbc70ecd2ba","9320d2588a3e38dc8425548fcb3ca198c2c58f71","387c28f58624135c1f1be013185df66af4d02301","[546ef00fa395557a719436fd5550cfbc70ecd2ba, 96a570085353aec39164fb8982718728d2d029f1, 0986a68a4b5b55294c07c37ad743639f6bc410df, da11b0388dcca1385dee023d734a4ee249d06b06]","[9320d2588a3e38dc8425548fcb3ca198c2c58f71, 3c23e29c3b0bbd4144e5af85a3a466f682d5c79e, 346bc69a40dbc86ad17f3e8a87e65ccb14417460, da80733a6daac3519a46323b20c869785fedfe0b, 1a9ffe7bb08a9ba12832d92d8ec8971d96401a17, 00cbfe5d03c559d0b0339a0a43ec555554ca5a07, 45e98ce705970264724aee2be2c45fe8e40ad3ec, 17b764e056651b45ff58690576e4c9684421731c, 90c91d1fbbd3a2de7c1bf3ca0063161e077177f5]"
"d6abb722cc75385c7898103c333ea7e3730276b3","a2d8cf5d713460cb92650f3526e3cae38dde5e00","9320d2588a3e38dc8425548fcb3ca198c2c58f71","387c28f58624135c1f1be013185df66af4d02301","[a2d8cf5d713460cb92650f3526e3cae38dde5e00, e99b2e087b2f8baa954e98d90553e37920f19778, d77508d88d4b15ac977e9570b96cbd9e314e4436, 8be64175741b312f422964052555dc82357ca82d, 11664119470de11d3e8a30bb2d8266084122dd3b, cd18e010238b5de83f30bab6153cac5d874d4db2, d9c6b2fd9eb09ab66f565d84111e9a5199e2a0c0, 5031b1f71df79c7d10e80271a94e5448c80b0a6b]","[9320d2588a3e38dc8425548fcb3ca198c2c58f71, 3c23e29c3b0bbd4144e5af85a3a466f682d5c79e, 346bc69a40dbc86ad17f3e8a87e65ccb14417460, da80733a6daac3519a46323b20c869785fedfe0b, 1a9ffe7bb08a9ba12832d92d8ec8971d96401a17, 00cbfe5d03c559d0b0339a0a43ec555554ca5a07, 45e98ce705970264724aee2be2c45fe8e40ad3ec, 17b764e056651b45ff58690576e4c9684421731c, 90c91d1fbbd3a2de7c1bf3ca0063161e077177f5]"
"546ef00fa395557a719436fd5550cfbc70ecd2ba","96a570085353aec39164fb8982718728d2d029f1","387c28f58624135c1f1be013185df66af4d02301","b65dbbd28db3d3effc368aeb61288856cfa95e0c","[96a570085353aec39164fb8982718728d2d029f1, 0986a68a4b5b55294c07c37ad743639f6bc410df, da11b0388dcca1385dee023d734a4ee249d06b06, 78a0087936b2fe3b28849bf0ea68089e642eac0c, b2af8390b3bfc6a74dc7c783d2af097f6b46753f, 7600c40753572e9546dd2037d72e55870e8eadc4]","[387c28f58624135c1f1be013185df66af4d02301, 1e27ff765ce307805c4c62113114d2370a0eb1ee, 5bf87bedd631c929c322130836212964630c5b38, e85b5602dba04a910fcf2d763ea42b5f43d47ccf, c1f005d1c4f6d9a91e7bb79d871e23e138e2104f, 3481327cabbf64b4734e53d9cbeda62e9aa36336, add03ece5e448ef2a249b972ed92a6b01fe835e2, adb5f73036f5f55023bea7588eb492161261d071, 57dfc1b4b68f5474839be4772f61f5db7e6ca24f, cff80ed3406613d47160f8d3127bacbdf69d5114, d8110836c468b59834b7d6daca2d88b368026397, f581c34cffccdfe95fec81c4bc699cf9e2a34074, d76fbff738d229e8d5118607260dd59dd178976b, 876ab0899bd6a2395dcb8487e1e7c4e5babeaa4b, 6c537c33a6b443b20cc467f6bfe828c345532a7a, 9516e29ad1486d84ffabf69d95e38e8dcd6e0cfc, 738a2852b923d19d39a183e4eac024b57d9ddac5, 6d937c28a68238a34290b23e451f594c2016824c, acaaf36e5725047d98fe773147404964bd8b4380, 7802a9eab525ee4078f7703284dbff1376f1f94a, 5e627e86875fd03f90b7c265ba493da3d28739c4, 08ad526b0b973768249f83111c48031624a1d755, a9548befa5a82974d39226ee0963b77bcb392eb3, 0453ebda79abc3af8ec47dd2e00810f80af45ee7, 22826552b1bded3494557b103028d1231848ab00, b4e6704e6b376843c1ee952ae8bae9df839b1737, 0244c59256c4c12f40e8d74d47cb6d91b81c393d, 91e99a23389266fba5d91390ac4e49ef051d5803, 591abfa241319c25f530a76ec9ba99e1600b562f, 34e1fec78d231e85096eabd9833275c1751bce8a, 13d425d81ca679b62d514ad6ddd044c91ec228a3, 46c861e128d2039456b1db2b5f841be73a5a8623, 2e1a83fac2b928ee467757e9c7c94061017e66dd, 01e7b7521ac6d3c6faafa0c737d075d6ef3c2391, f9e6787b7edddf0e8ebf22cdf4c9e30af3d4b80e, 72b46786a2bae1eeb0769dfcc0a5c9b91e3e6aad, d972db61c2a54eb0f9573b3081b1bd5d04aba36c, fe0de3ebd096e1389539f74ff6fbfb359edf4f4f, 787bbad78994d42907a413550e29ebf046f2c0bd, aa8a49c0a76bc186228c36ca39d4d1e868a11d17, 54a7772f6d9c4e4cd115e3d4d49049d44a51c604, 0ca21a753ad59e3a5d9cdd34ae4ea72d579fd971, b56788065197927c918d2d7b7f81ae7e5b941518, 78a0087936b2fe3b28849bf0ea68089e642eac0c, cd8fdb3263aa00cce1986c59451501ccf800b86f, 7be55e2df07616bbb406c265a007f9465530f0be, 7d8fd6031eca8d45023059dec3cf3443e61a7e3a, bc828f0a7f845386d9adfb748c3cc65ad912f745, 457de95724e56c0bf59216907f0f2d5c20ca2b2c, 28dc680d3d47fe7eac678b98580ef26fcdc04002, b2af8390b3bfc6a74dc7c783d2af097f6b46753f, 7600c40753572e9546dd2037d72e55870e8eadc4]"
"1e27ff765ce307805c4c62113114d2370a0eb1ee","cff80ed3406613d47160f8d3127bacbdf69d5114","5bf87bedd631c929c322130836212964630c5b38","876ab0899bd6a2395dcb8487e1e7c4e5babeaa4b","[cff80ed3406613d47160f8d3127bacbdf69d5114, d8110836c468b59834b7d6daca2d88b368026397, f581c34cffccdfe95fec81c4bc699cf9e2a34074, d76fbff738d229e8d5118607260dd59dd178976b, 7802a9eab525ee4078f7703284dbff1376f1f94a, 5e627e86875fd03f90b7c265ba493da3d28739c4, 08ad526b0b973768249f83111c48031624a1d755, a9548befa5a82974d39226ee0963b77bcb392eb3, 0453ebda79abc3af8ec47dd2e00810f80af45ee7, 22826552b1bded3494557b103028d1231848ab00, b4e6704e6b376843c1ee952ae8bae9df839b1737, 0244c59256c4c12f40e8d74d47cb6d91b81c393d, 91e99a23389266fba5d91390ac4e49ef051d5803, 591abfa241319c25f530a76ec9ba99e1600b562f, 34e1fec78d231e85096eabd9833275c1751bce8a, 13d425d81ca679b62d514ad6ddd044c91ec228a3, 46c861e128d2039456b1db2b5f841be73a5a8623, 2e1a83fac2b928ee467757e9c7c94061017e66dd, 01e7b7521ac6d3c6faafa0c737d075d6ef3c2391, f9e6787b7edddf0e8ebf22cdf4c9e30af3d4b80e, 72b46786a2bae1eeb0769dfcc0a5c9b91e3e6aad, d972db61c2a54eb0f9573b3081b1bd5d04aba36c, fe0de3ebd096e1389539f74ff6fbfb359edf4f4f, 787bbad78994d42907a413550e29ebf046f2c0bd, aa8a49c0a76bc186228c36ca39d4d1e868a11d17, 54a7772f6d9c4e4cd115e3d4d49049d44a51c604, 0ca21a753ad59e3a5d9cdd34ae4ea72d579fd971, b56788065197927c918d2d7b7f81ae7e5b941518, 78a0087936b2fe3b28849bf0ea68089e642eac0c, cd8fdb3263aa00cce1986c59451501ccf800b86f, 7be55e2df07616bbb406c265a007f9465530f0be, 7d8fd6031eca8d45023059dec3cf3443e61a7e3a, bc828f0a7f845386d9adfb748c3cc65ad912f745, 457de95724e56c0bf59216907f0f2d5c20ca2b2c, 28dc680d3d47fe7eac678b98580ef26fcdc04002, b2af8390b3bfc6a74dc7c783d2af097f6b46753f, 7600c40753572e9546dd2037d72e55870e8eadc4]","[5bf87bedd631c929c322130836212964630c5b38, e85b5602dba04a910fcf2d763ea42b5f43d47ccf, c1f005d1c4f6d9a91e7bb79d871e23e138e2104f, 3481327cabbf64b4734e53d9cbeda62e9aa36336, add03ece5e448ef2a249b972ed92a6b01fe835e2, adb5f73036f5f55023bea7588eb492161261d071, 57dfc1b4b68f5474839be4772f61f5db7e6ca24f]"
"d76fbff738d229e8d5118607260dd59dd178976b","7802a9eab525ee4078f7703284dbff1376f1f94a","876ab0899bd6a2395dcb8487e1e7c4e5babeaa4b","007c13dcccbe69f8b27704fbf23336995a5dd78a","[7802a9eab525ee4078f7703284dbff1376f1f94a, 5e627e86875fd03f90b7c265ba493da3d28739c4, 08ad526b0b973768249f83111c48031624a1d755, a9548befa5a82974d39226ee0963b77bcb392eb3, 0453ebda79abc3af8ec47dd2e00810f80af45ee7, 22826552b1bded3494557b103028d1231848ab00, b4e6704e6b376843c1ee952ae8bae9df839b1737, 0244c59256c4c12f40e8d74d47cb6d91b81c393d, 91e99a23389266fba5d91390ac4e49ef051d5803, 591abfa241319c25f530a76ec9ba99e1600b562f, 34e1fec78d231e85096eabd9833275c1751bce8a, 13d425d81ca679b62d514ad6ddd044c91ec228a3, 46c861e128d2039456b1db2b5f841be73a5a8623, 2e1a83fac2b928ee467757e9c7c94061017e66dd, 01e7b7521ac6d3c6faafa0c737d075d6ef3c2391, f9e6787b7edddf0e8ebf22cdf4c9e30af3d4b80e, 72b46786a2bae1eeb0769dfcc0a5c9b91e3e6aad, d972db61c2a54eb0f9573b3081b1bd5d04aba36c, fe0de3ebd096e1389539f74ff6fbfb359edf4f4f, 787bbad78994d42907a413550e29ebf046f2c0bd, aa8a49c0a76bc186228c36ca39d4d1e868a11d17, 54a7772f6d9c4e4cd115e3d4d49049d44a51c604, 0ca21a753ad59e3a5d9cdd34ae4ea72d579fd971, b56788065197927c918d2d7b7f81ae7e5b941518, 78a0087936b2fe3b28849bf0ea68089e642eac0c, cd8fdb3263aa00cce1986c59451501ccf800b86f, 7be55e2df07616bbb406c265a007f9465530f0be, 7d8fd6031eca8d45023059dec3cf3443e61a7e3a, bc828f0a7f845386d9adfb748c3cc65ad912f745, 457de95724e56c0bf59216907f0f2d5c20ca2b2c, 28dc680d3d47fe7eac678b98580ef26fcdc04002, b2af8390b3bfc6a74dc7c783d2af097f6b46753f, 7600c40753572e9546dd2037d72e55870e8eadc4]","[876ab0899bd6a2395dcb8487e1e7c4e5babeaa4b, 6c537c33a6b443b20cc467f6bfe828c345532a7a, 9516e29ad1486d84ffabf69d95e38e8dcd6e0cfc, 738a2852b923d19d39a183e4eac024b57d9ddac5, 6d937c28a68238a34290b23e451f594c2016824c, acaaf36e5725047d98fe773147404964bd8b4380, b65dbbd28db3d3effc368aeb61288856cfa95e0c, e415183366805f5db21247f201f628f05fdddf38, a514ed53fe7bdb32a71be9be72cfcff6b7243996, b6c9e116678cf4e5553a8ad9020419e9df556c6e, 01a7295a1bba7c72f94e8ff0e74f9cc6cada4ea3, 74f71da50e52762dc7f9b8ab676c66c8cc0c731f, d46d77925fb50bc805c4053fc42bfab83fd35d85, eca4d89b11098fc6aa017ecaa4857fc1851a22e6, 7d363cda230c9f09843284d5dceecc106f2bc81a, aecc5d0ef46ad33bfad017f968334ad7631668f9, 1bb3632ed47e333eecb73e8af205cd41b9993e86, 86bae1e5e4032b30d1ffa0f2e101fc0b666dc1e8, 45fc044438d911be7914b78b590f2b2372077dfb, a2c35ae3ae732adf9fcffaea0277d47c62ae0e4c, 38550b6f90d491fa3e51fbfefd10b072c685fa27, ebcc693ffb4da6a44e64a6dcb03a697fa30817f8, 8c46e9d2c4b7447418eda36e23c39f9576050fc0, 73e0f9bfef77b4f5dd3bb9982fd93c3bbdfdf541, ae9aa251397ac1ea245cc7d773057c023563a7a9, 33b49b14fcc15bb77f1cce03b0f81eb9f765674e, 240835932db610fe429abbd484a376d9ba3fd416, 1213a2c3730caa5a1d759cd0f5760dfc7cf05011]"
"96a570085353aec39164fb8982718728d2d029f1","0986a68a4b5b55294c07c37ad743639f6bc410df","b65dbbd28db3d3effc368aeb61288856cfa95e0c","007c13dcccbe69f8b27704fbf23336995a5dd78a","[0986a68a4b5b55294c07c37ad743639f6bc410df, da11b0388dcca1385dee023d734a4ee249d06b06, 78a0087936b2fe3b28849bf0ea68089e642eac0c, b2af8390b3bfc6a74dc7c783d2af097f6b46753f, 7600c40753572e9546dd2037d72e55870e8eadc4]","[b65dbbd28db3d3effc368aeb61288856cfa95e0c, e415183366805f5db21247f201f628f05fdddf38, a514ed53fe7bdb32a71be9be72cfcff6b7243996, b6c9e116678cf4e5553a8ad9020419e9df556c6e, 01a7295a1bba7c72f94e8ff0e74f9cc6cada4ea3, 74f71da50e52762dc7f9b8ab676c66c8cc0c731f, d46d77925fb50bc805c4053fc42bfab83fd35d85, eca4d89b11098fc6aa017ecaa4857fc1851a22e6, 7d363cda230c9f09843284d5dceecc106f2bc81a, aecc5d0ef46ad33bfad017f968334ad7631668f9, 1bb3632ed47e333eecb73e8af205cd41b9993e86, 86bae1e5e4032b30d1ffa0f2e101fc0b666dc1e8, 45fc044438d911be7914b78b590f2b2372077dfb, a2c35ae3ae732adf9fcffaea0277d47c62ae0e4c, 38550b6f90d491fa3e51fbfefd10b072c685fa27, ebcc693ffb4da6a44e64a6dcb03a697fa30817f8, 8c46e9d2c4b7447418eda36e23c39f9576050fc0, 73e0f9bfef77b4f5dd3bb9982fd93c3bbdfdf541, ae9aa251397ac1ea245cc7d773057c023563a7a9, 33b49b14fcc15bb77f1cce03b0f81eb9f765674e, 240835932db610fe429abbd484a376d9ba3fd416, 1213a2c3730caa5a1d759cd0f5760dfc7cf05011]"
"7802a9eab525ee4078f7703284dbff1376f1f94a","5e627e86875fd03f90b7c265ba493da3d28739c4","007c13dcccbe69f8b27704fbf23336995a5dd78a","ccfcfd1a86b7740fc828375443e5147c3323f599","[5e627e86875fd03f90b7c265ba493da3d28739c4, 08ad526b0b973768249f83111c48031624a1d755, a9548befa5a82974d39226ee0963b77bcb392eb3, 0453ebda79abc3af8ec47dd2e00810f80af45ee7, 22826552b1bded3494557b103028d1231848ab00, b4e6704e6b376843c1ee952ae8bae9df839b1737, 0244c59256c4c12f40e8d74d47cb6d91b81c393d, 91e99a23389266fba5d91390ac4e49ef051d5803, 591abfa241319c25f530a76ec9ba99e1600b562f, 34e1fec78d231e85096eabd9833275c1751bce8a, 13d425d81ca679b62d514ad6ddd044c91ec228a3, 46c861e128d2039456b1db2b5f841be73a5a8623, 2e1a83fac2b928ee467757e9c7c94061017e66dd, 01e7b7521ac6d3c6faafa0c737d075d6ef3c2391, f9e6787b7edddf0e8ebf22cdf4c9e30af3d4b80e, 72b46786a2bae1eeb0769dfcc0a5c9b91e3e6aad, d972db61c2a54eb0f9573b3081b1bd5d04aba36c, fe0de3ebd096e1389539f74ff6fbfb359edf4f4f, 787bbad78994d42907a413550e29ebf046f2c0bd, aa8a49c0a76bc186228c36ca39d4d1e868a11d17, 54a7772f6d9c4e4cd115e3d4d49049d44a51c604, 0ca21a753ad59e3a5d9cdd34ae4ea72d579fd971, b56788065197927c918d2d7b7f81ae7e5b941518, 78a0087936b2fe3b28849bf0ea68089e642eac0c, cd8fdb3263aa00cce1986c59451501ccf800b86f, 7be55e2df07616bbb406c265a007f9465530f0be, 7d8fd6031eca8d45023059dec3cf3443e61a7e3a, bc828f0a7f845386d9adfb748c3cc65ad912f745, 457de95724e56c0bf59216907f0f2d5c20ca2b2c, 28dc680d3d47fe7eac678b98580ef26fcdc04002, b2af8390b3bfc6a74dc7c783d2af097f6b46753f, 7600c40753572e9546dd2037d72e55870e8eadc4]","[007c13dcccbe69f8b27704fbf23336995a5dd78a, fbbbae49c8c4e00707164733c2e5715ad4d36992, 0f891a756b88363426e881f77339db4f53edcbfa, 71e18f4baa316d35b6818fc8292fd96690471e4e, 6aa44d68d6d1928648cb7209b82d4a8fb06aae9b, 0827c1973ed8ca31ca9c6a78f8f55ba4c866744d, f96f5cb6b0b166e2179d426c5ae880745004137f, 92b8b6151697f2710bad7821cda5364771525776, dfa7189e74647e954b594feee21a8be510c4e7c3, 1fabe87cd19e3486351439769357f6757a137b08, 11296fb14851b9a6f12cfba3a424493f4ce8729f, ad4a480c4423daa3f60b8958e9659d4890ce53da, 767e513a99d3dbec69372eb808261d9576c41b3e, 683308cdb01fb076fb3620213d422535c5fafc54, 36b591a353ba1831d49090c59e33d927bb96018b, b74cf8e876a73296783fa1377b267ec137518813, 3fe6f4255da9283cda4ce5ce39899da806341eca, 173e82095a7ee89b592047f670db6d79a4fccc67, c7d1e4e8034abecfc80203be08e8117565968b4d, 4005668eb43c11dcbe5cebc7cc3bfaa13e526f4f, 57713d9333478a73c5ad9e911ea01d1cdc9c6556, 8ce4b8e97b5ba1da25cc0fa08c3b79f25da42c7a, ee76ad41e866806e4c97ece8fe322c39970751c9, 01ec982e6881e5779c59f2032bf5b374a90c8e07]"
"0986a68a4b5b55294c07c37ad743639f6bc410df","da11b0388dcca1385dee023d734a4ee249d06b06","007c13dcccbe69f8b27704fbf23336995a5dd78a","d6c3c4ad0d551d9f1265ce1a6bdc7c5d07d8ebff","[da11b0388dcca1385dee023d734a4ee249d06b06, 78a0087936b2fe3b28849bf0ea68089e642eac0c, b2af8390b3bfc6a74dc7c783d2af097f6b46753f, 7600c40753572e9546dd2037d72e55870e8eadc4]","[007c13dcccbe69f8b27704fbf23336995a5dd78a, fbbbae49c8c4e00707164733c2e5715ad4d36992, 0f891a756b88363426e881f77339db4f53edcbfa, 71e18f4baa316d35b6818fc8292fd96690471e4e, 6aa44d68d6d1928648cb7209b82d4a8fb06aae9b, 0827c1973ed8ca31ca9c6a78f8f55ba4c866744d, f96f5cb6b0b166e2179d426c5ae880745004137f, 92b8b6151697f2710bad7821cda5364771525776, dfa7189e74647e954b594feee21a8be510c4e7c3, 1fabe87cd19e3486351439769357f6757a137b08, 11296fb14851b9a6f12cfba3a424493f4ce8729f, ad4a480c4423daa3f60b8958e9659d4890ce53da, 767e513a99d3dbec69372eb808261d9576c41b3e, 683308cdb01fb076fb3620213d422535c5fafc54, 36b591a353ba1831d49090c59e33d927bb96018b, b74cf8e876a73296783fa1377b267ec137518813, 3fe6f4255da9283cda4ce5ce39899da806341eca, 173e82095a7ee89b592047f670db6d79a4fccc67, c7d1e4e8034abecfc80203be08e8117565968b4d, 4005668eb43c11dcbe5cebc7cc3bfaa13e526f4f, 57713d9333478a73c5ad9e911ea01d1cdc9c6556, 8ce4b8e97b5ba1da25cc0fa08c3b79f25da42c7a, ee76ad41e866806e4c97ece8fe322c39970751c9, 01ec982e6881e5779c59f2032bf5b374a90c8e07, ccfcfd1a86b7740fc828375443e5147c3323f599, 75cd5f21de8097e94d63ad509dc9a2c7432480b7]"
"34e1fec78d231e85096eabd9833275c1751bce8a","ccfcfd1a86b7740fc828375443e5147c3323f599","13d425d81ca679b62d514ad6ddd044c91ec228a3","d6c3c4ad0d551d9f1265ce1a6bdc7c5d07d8ebff","[ccfcfd1a86b7740fc828375443e5147c3323f599, 75cd5f21de8097e94d63ad509dc9a2c7432480b7]","[13d425d81ca679b62d514ad6ddd044c91ec228a3, 46c861e128d2039456b1db2b5f841be73a5a8623, 2e1a83fac2b928ee467757e9c7c94061017e66dd, 01e7b7521ac6d3c6faafa0c737d075d6ef3c2391, f9e6787b7edddf0e8ebf22cdf4c9e30af3d4b80e, 72b46786a2bae1eeb0769dfcc0a5c9b91e3e6aad, d972db61c2a54eb0f9573b3081b1bd5d04aba36c, fe0de3ebd096e1389539f74ff6fbfb359edf4f4f, 787bbad78994d42907a413550e29ebf046f2c0bd, aa8a49c0a76bc186228c36ca39d4d1e868a11d17, 54a7772f6d9c4e4cd115e3d4d49049d44a51c604, 0ca21a753ad59e3a5d9cdd34ae4ea72d579fd971, b56788065197927c918d2d7b7f81ae7e5b941518, 78a0087936b2fe3b28849bf0ea68089e642eac0c, cd8fdb3263aa00cce1986c59451501ccf800b86f, 7be55e2df07616bbb406c265a007f9465530f0be, 7d8fd6031eca8d45023059dec3cf3443e61a7e3a, bc828f0a7f845386d9adfb748c3cc65ad912f745, 457de95724e56c0bf59216907f0f2d5c20ca2b2c, 28dc680d3d47fe7eac678b98580ef26fcdc04002, b2af8390b3bfc6a74dc7c783d2af097f6b46753f, 7600c40753572e9546dd2037d72e55870e8eadc4]"
"46c861e128d2039456b1db2b5f841be73a5a8623","2e1a83fac2b928ee467757e9c7c94061017e66dd","01e7b7521ac6d3c6faafa0c737d075d6ef3c2391","72b46786a2bae1eeb0769dfcc0a5c9b91e3e6aad","[2e1a83fac2b928ee467757e9c7c94061017e66dd]","[01e7b7521ac6d3c6faafa0c737d075d6ef3c2391, f9e6787b7edddf0e8ebf22cdf4c9e30af3d4b80e, d6c3c4ad0d551d9f1265ce1a6bdc7c5d07d8ebff, 7774df2821bfe6d624e6c5f64eeaf230067393f6, 5636e9a1f6c0743ba25cb37d09d7a1d258b25774, 36fa3a08ca2c88aec6b7a61249624be7cdd43256, 61a084abe9b6eb72339694ce2c9c3f08ab576abe, a2d954e46b455fd214a49259e8412eaf2e79f487, 4049afde87270ddea9432c21aec63bcf005756de]"
"da11b0388dcca1385dee023d734a4ee249d06b06","78a0087936b2fe3b28849bf0ea68089e642eac0c","d6c3c4ad0d551d9f1265ce1a6bdc7c5d07d8ebff","96061838c7e979bde296ba94ff6071096ca827d5","[78a0087936b2fe3b28849bf0ea68089e642eac0c, b2af8390b3bfc6a74dc7c783d2af097f6b46753f, 7600c40753572e9546dd2037d72e55870e8eadc4]","[d6c3c4ad0d551d9f1265ce1a6bdc7c5d07d8ebff, 7774df2821bfe6d624e6c5f64eeaf230067393f6, 5636e9a1f6c0743ba25cb37d09d7a1d258b25774, 36fa3a08ca2c88aec6b7a61249624be7cdd43256, 61a084abe9b6eb72339694ce2c9c3f08ab576abe, a2d954e46b455fd214a49259e8412eaf2e79f487, 4049afde87270ddea9432c21aec63bcf005756de]"
"f9e6787b7edddf0e8ebf22cdf4c9e30af3d4b80e","72b46786a2bae1eeb0769dfcc0a5c9b91e3e6aad","d6c3c4ad0d551d9f1265ce1a6bdc7c5d07d8ebff","96061838c7e979bde296ba94ff6071096ca827d5","[72b46786a2bae1eeb0769dfcc0a5c9b91e3e6aad, d972db61c2a54eb0f9573b3081b1bd5d04aba36c, fe0de3ebd096e1389539f74ff6fbfb359edf4f4f, 787bbad78994d42907a413550e29ebf046f2c0bd, aa8a49c0a76bc186228c36ca39d4d1e868a11d17, 54a7772f6d9c4e4cd115e3d4d49049d44a51c604, 0ca21a753ad59e3a5d9cdd34ae4ea72d579fd971, b56788065197927c918d2d7b7f81ae7e5b941518, 78a0087936b2fe3b28849bf0ea68089e642eac0c, cd8fdb3263aa00cce1986c59451501ccf800b86f, 7be55e2df07616bbb406c265a007f9465530f0be, 7d8fd6031eca8d45023059dec3cf3443e61a7e3a, bc828f0a7f845386d9adfb748c3cc65ad912f745, 457de95724e56c0bf59216907f0f2d5c20ca2b2c, 28dc680d3d47fe7eac678b98580ef26fcdc04002, b2af8390b3bfc6a74dc7c783d2af097f6b46753f, 7600c40753572e9546dd2037d72e55870e8eadc4]","[d6c3c4ad0d551d9f1265ce1a6bdc7c5d07d8ebff, 7774df2821bfe6d624e6c5f64eeaf230067393f6, 5636e9a1f6c0743ba25cb37d09d7a1d258b25774, 36fa3a08ca2c88aec6b7a61249624be7cdd43256, 61a084abe9b6eb72339694ce2c9c3f08ab576abe, a2d954e46b455fd214a49259e8412eaf2e79f487, 4049afde87270ddea9432c21aec63bcf005756de]"
"d972db61c2a54eb0f9573b3081b1bd5d04aba36c","787bbad78994d42907a413550e29ebf046f2c0bd","fe0de3ebd096e1389539f74ff6fbfb359edf4f4f","96061838c7e979bde296ba94ff6071096ca827d5","[787bbad78994d42907a413550e29ebf046f2c0bd, aa8a49c0a76bc186228c36ca39d4d1e868a11d17, 54a7772f6d9c4e4cd115e3d4d49049d44a51c604, 0ca21a753ad59e3a5d9cdd34ae4ea72d579fd971, b56788065197927c918d2d7b7f81ae7e5b941518, 78a0087936b2fe3b28849bf0ea68089e642eac0c, b2af8390b3bfc6a74dc7c783d2af097f6b46753f, 7600c40753572e9546dd2037d72e55870e8eadc4]","[fe0de3ebd096e1389539f74ff6fbfb359edf4f4f, cd8fdb3263aa00cce1986c59451501ccf800b86f, 7be55e2df07616bbb406c265a007f9465530f0be, 7d8fd6031eca8d45023059dec3cf3443e61a7e3a, bc828f0a7f845386d9adfb748c3cc65ad912f745, 457de95724e56c0bf59216907f0f2d5c20ca2b2c, 28dc680d3d47fe7eac678b98580ef26fcdc04002, b2af8390b3bfc6a74dc7c783d2af097f6b46753f, 7600c40753572e9546dd2037d72e55870e8eadc4]"
"fe0de3ebd096e1389539f74ff6fbfb359edf4f4f","cd8fdb3263aa00cce1986c59451501ccf800b86f","96061838c7e979bde296ba94ff6071096ca827d5","d3f451e9050d0bb2c87188510ab4ef6bdeb772ae","[cd8fdb3263aa00cce1986c59451501ccf800b86f, 7be55e2df07616bbb406c265a007f9465530f0be, 7d8fd6031eca8d45023059dec3cf3443e61a7e3a, bc828f0a7f845386d9adfb748c3cc65ad912f745, 457de95724e56c0bf59216907f0f2d5c20ca2b2c, 28dc680d3d47fe7eac678b98580ef26fcdc04002, b2af8390b3bfc6a74dc7c783d2af097f6b46753f, 7600c40753572e9546dd2037d72e55870e8eadc4]","[96061838c7e979bde296ba94ff6071096ca827d5, 4f6873c7c8ce7bc8273c5c6fc01f27f468ea9a8f, ed09e6c7536a36b3d1ce9ede8561dec60deb2493, 1ffe8e211044ebec7528566e634d0a77a2fd94cf, d259780c0b0feb137085a15585a989673e479bec, 7525c27adea260ee70adac4ef23593cada801d60, f8f046de48a65eeffff5498e12f2f30c55e5eb38, 23ccb874f3488ba4cfb9a150d751a1c58374676f, dcded2d569429847cb1d5d5a7c11b945384937b5, 29e259a2103ebb4d2830e3bf2d269197cab55f58]"
"78a0087936b2fe3b28849bf0ea68089e642eac0c","b2af8390b3bfc6a74dc7c783d2af097f6b46753f","96061838c7e979bde296ba94ff6071096ca827d5","28fcfc2c7b1c38ef51f0c34d018d93a601bf0b17","[b2af8390b3bfc6a74dc7c783d2af097f6b46753f, 7600c40753572e9546dd2037d72e55870e8eadc4]","[96061838c7e979bde296ba94ff6071096ca827d5, 4f6873c7c8ce7bc8273c5c6fc01f27f468ea9a8f, ed09e6c7536a36b3d1ce9ede8561dec60deb2493, 1ffe8e211044ebec7528566e634d0a77a2fd94cf, d259780c0b0feb137085a15585a989673e479bec, 7525c27adea260ee70adac4ef23593cada801d60, f8f046de48a65eeffff5498e12f2f30c55e5eb38, 23ccb874f3488ba4cfb9a150d751a1c58374676f, dcded2d569429847cb1d5d5a7c11b945384937b5, 29e259a2103ebb4d2830e3bf2d269197cab55f58, d3f451e9050d0bb2c87188510ab4ef6bdeb772ae, 72417f89386300bad19c0e374d41d8437cda838f, 1c7adfa267af2924d01b62779478b0ed81b37759, 3e220032e69bcab6bfd89d268e83597bd185ec50, 5bd8a35d9c8aa8f7c962bce03919b4000c637894, 672ed60ac71953bee8f34a567425c0d029fd960e, 5850c4583cfb318f6159eeb8dfe8b471b0e62ba1, 76ae1aa9c097a850d30d3a39507796ad928da106, 960c1b38aed4978e00c2892a29c485ebc89d9808, e4ad472261712a040c8a0bebd3c617f8aed26300, f29272ccfb0e6e0d480ecdce04eb33f5874c6ef1, 5fd24e2d8975002b170dd2081a4be30524735797, aec20d38d351352b6aa2c887fb0f8b78c9d6a3d1, bfa5a142d9c3866d6d1480c55d0575e0d712f14a, be3e579989854d013cdd8a44ecbde9ea03328850, 43a3a62bff5931720f72bbd353db89434bb49c64, acb9f13ccda2704af7ee839060fcddb0ba8a1378, a8484a6a23c1dc19af80e5bc8163f402001b25ca, 5c21bf0bc582b6554b4f17ca6a93ca09c51ad283, eafc343250b229416f4a0730347cb4f5fc5d9f14, 0af87cdb629a159c004bd4727d3093069f4d20f7, 29fc5fd3a019678b01c9e2ee9945467252d0493e, d29b91c7c59ebb2bcc97cd98c3ebcf4d39c9dbf8, 349f2641c12c25b9d13512fa6a709c2d4065a77c, d8fb30e0f862d0361c4ce96e35a8d89f2e5514aa, 604dd2e0ed1b4986c72324f01860d51a50703a2c, 2a2f1977cc65b85220749642cf102efcc14e78c5, 193aeeea86e91ec1868ed2af8e51d696588d4bae, fcaff1ee2821478eaca6a24a0550a74e9a00ea0f, 3a49fec72c895ba39d5e1da66175bcb1da3f3d77, 077165a277b186af70bcd16905eadd95b60d5357, df6448ae8e9e0e4ba66d9e6d9e628a674b8caf33, 75300ec9ac93ef6299b1e8a216edcd6abed47151, 0dd23287df4a382b03e654c38debd54d8b3cdecb, 9a3286e73e47341f881de085d731c219e27fb878]"
"7be55e2df07616bbb406c265a007f9465530f0be","7d8fd6031eca8d45023059dec3cf3443e61a7e3a","d3f451e9050d0bb2c87188510ab4ef6bdeb772ae","28fcfc2c7b1c38ef51f0c34d018d93a601bf0b17","[7d8fd6031eca8d45023059dec3cf3443e61a7e3a, bc828f0a7f845386d9adfb748c3cc65ad912f745, 457de95724e56c0bf59216907f0f2d5c20ca2b2c, 28dc680d3d47fe7eac678b98580ef26fcdc04002, b2af8390b3bfc6a74dc7c783d2af097f6b46753f, 7600c40753572e9546dd2037d72e55870e8eadc4]","[d3f451e9050d0bb2c87188510ab4ef6bdeb772ae, 72417f89386300bad19c0e374d41d8437cda838f, 1c7adfa267af2924d01b62779478b0ed81b37759, 3e220032e69bcab6bfd89d268e83597bd185ec50, 5bd8a35d9c8aa8f7c962bce03919b4000c637894, 672ed60ac71953bee8f34a567425c0d029fd960e, 5850c4583cfb318f6159eeb8dfe8b471b0e62ba1, 76ae1aa9c097a850d30d3a39507796ad928da106, 960c1b38aed4978e00c2892a29c485ebc89d9808, e4ad472261712a040c8a0bebd3c617f8aed26300, f29272ccfb0e6e0d480ecdce04eb33f5874c6ef1, 5fd24e2d8975002b170dd2081a4be30524735797, aec20d38d351352b6aa2c887fb0f8b78c9d6a3d1, bfa5a142d9c3866d6d1480c55d0575e0d712f14a, be3e579989854d013cdd8a44ecbde9ea03328850, 43a3a62bff5931720f72bbd353db89434bb49c64, acb9f13ccda2704af7ee839060fcddb0ba8a1378, a8484a6a23c1dc19af80e5bc8163f402001b25ca, 5c21bf0bc582b6554b4f17ca6a93ca09c51ad283, eafc343250b229416f4a0730347cb4f5fc5d9f14, 0af87cdb629a159c004bd4727d3093069f4d20f7, 29fc5fd3a019678b01c9e2ee9945467252d0493e, d29b91c7c59ebb2bcc97cd98c3ebcf4d39c9dbf8, 349f2641c12c25b9d13512fa6a709c2d4065a77c, d8fb30e0f862d0361c4ce96e35a8d89f2e5514aa, 604dd2e0ed1b4986c72324f01860d51a50703a2c, 2a2f1977cc65b85220749642cf102efcc14e78c5, 193aeeea86e91ec1868ed2af8e51d696588d4bae, fcaff1ee2821478eaca6a24a0550a74e9a00ea0f, 3a49fec72c895ba39d5e1da66175bcb1da3f3d77, 077165a277b186af70bcd16905eadd95b60d5357, df6448ae8e9e0e4ba66d9e6d9e628a674b8caf33, 75300ec9ac93ef6299b1e8a216edcd6abed47151, 0dd23287df4a382b03e654c38debd54d8b3cdecb, 9a3286e73e47341f881de085d731c219e27fb878]"
"b2af8390b3bfc6a74dc7c783d2af097f6b46753f","7600c40753572e9546dd2037d72e55870e8eadc4","28fcfc2c7b1c38ef51f0c34d018d93a601bf0b17","42f62d12906e5b63395046cda1c1d6f949153f58","[7600c40753572e9546dd2037d72e55870e8eadc4, ff7f543bfafc6b36523d4be03c7a8e140bf1c345, e66731063941ac11840ca6958ca3b84af2a815a3]","[28fcfc2c7b1c38ef51f0c34d018d93a601bf0b17, dabf5ab363b8f909d9263f9be0ccb7cc6318896f, 94fe3e2e681c62b23f2d4ddbd205042bd09bc7cd, 2a7f92c5cef989888dcb54a822f1f784454068dc, 32ed1ef80bac73196211230c06c6ed8e877c81d8, a7ce18a10a8a0a07c6e1eefc0cc6b007fdb20b9a, 902e4ac422a0d91a825bbd36e1b5719e210005e3, ff7f543bfafc6b36523d4be03c7a8e140bf1c345, e66731063941ac11840ca6958ca3b84af2a815a3, 3e09628fd6ec6f1b33705fe95dc530180a3461ba]"
"dabf5ab363b8f909d9263f9be0ccb7cc6318896f","94fe3e2e681c62b23f2d4ddbd205042bd09bc7cd","42f62d12906e5b63395046cda1c1d6f949153f58","651e604d7af63748a5ef9e9357f9c2badcb1cfda","[94fe3e2e681c62b23f2d4ddbd205042bd09bc7cd, 2a7f92c5cef989888dcb54a822f1f784454068dc, 32ed1ef80bac73196211230c06c6ed8e877c81d8, a7ce18a10a8a0a07c6e1eefc0cc6b007fdb20b9a, 902e4ac422a0d91a825bbd36e1b5719e210005e3, ff7f543bfafc6b36523d4be03c7a8e140bf1c345, e66731063941ac11840ca6958ca3b84af2a815a3, 3e09628fd6ec6f1b33705fe95dc530180a3461ba]","[42f62d12906e5b63395046cda1c1d6f949153f58, 4ec4555b018b6c65a231961dc981be406f9bcfaf, b7f196f4de66229cdbbf77c07bb12f3efb424f5a, b36eded7fe74eb1efc8e66a4a2b9fa60b1d99b6d]"
"7600c40753572e9546dd2037d72e55870e8eadc4","ff7f543bfafc6b36523d4be03c7a8e140bf1c345","42f62d12906e5b63395046cda1c1d6f949153f58","3957e9f60660c310516445e73d26a8136dfbb5b4","[ff7f543bfafc6b36523d4be03c7a8e140bf1c345, e66731063941ac11840ca6958ca3b84af2a815a3]","[42f62d12906e5b63395046cda1c1d6f949153f58, 4ec4555b018b6c65a231961dc981be406f9bcfaf, b7f196f4de66229cdbbf77c07bb12f3efb424f5a, b36eded7fe74eb1efc8e66a4a2b9fa60b1d99b6d, 651e604d7af63748a5ef9e9357f9c2badcb1cfda, c8c5fb33534e5d50f67bbf212944f53b4cd212d9, 3a91ad7a0047ef40ba0069b391042459cb937210, 454c1221dea86748f250d1253e0d9aef85f31d11, 9a9002366bae5432b45fce136416f4a35c34246b, f91a979fcbfc46155df1994bb8b002e6e628ad1f, 3db76624f143f737fd1bb2462770d0533fbfafe9, bd454e9da39d27f3a974c3d67e98b6211e15e82f, 0f8660e77d0e55ad83b08c39a1e6b846613c60e3, 70c59efe3e566228acbb28275f277ad39e84c45a, 4bf9850460c48a122b7df12a1b72ecb9941563a8, 0d92c9e55cdca556b4cbf5ae5e64f8943ab51737, 7a74ee75c594a0fd5b0c10b19eb58d36d4aa8c46, 6f9c383bbc6cf864321cbf4be06c7a47cbda3482, 3aa6d8c363d3f7730aeee9165a57493c0b15db8f, 7e61f9e1e93f317c6c60d492d989e14bf4886cb7]"
"94fe3e2e681c62b23f2d4ddbd205042bd09bc7cd","2a7f92c5cef989888dcb54a822f1f784454068dc","651e604d7af63748a5ef9e9357f9c2badcb1cfda","4bf9850460c48a122b7df12a1b72ecb9941563a8","[2a7f92c5cef989888dcb54a822f1f784454068dc, 32ed1ef80bac73196211230c06c6ed8e877c81d8, a7ce18a10a8a0a07c6e1eefc0cc6b007fdb20b9a, 902e4ac422a0d91a825bbd36e1b5719e210005e3, ff7f543bfafc6b36523d4be03c7a8e140bf1c345, e66731063941ac11840ca6958ca3b84af2a815a3, 3e09628fd6ec6f1b33705fe95dc530180a3461ba]","[651e604d7af63748a5ef9e9357f9c2badcb1cfda, c8c5fb33534e5d50f67bbf212944f53b4cd212d9, 3a91ad7a0047ef40ba0069b391042459cb937210, 454c1221dea86748f250d1253e0d9aef85f31d11, 9a9002366bae5432b45fce136416f4a35c34246b, f91a979fcbfc46155df1994bb8b002e6e628ad1f, 3db76624f143f737fd1bb2462770d0533fbfafe9, bd454e9da39d27f3a974c3d67e98b6211e15e82f, 0f8660e77d0e55ad83b08c39a1e6b846613c60e3, 70c59efe3e566228acbb28275f277ad39e84c45a, 7e61f9e1e93f317c6c60d492d989e14bf4886cb7]"
"c8c5fb33534e5d50f67bbf212944f53b4cd212d9","454c1221dea86748f250d1253e0d9aef85f31d11","3a91ad7a0047ef40ba0069b391042459cb937210","4bf9850460c48a122b7df12a1b72ecb9941563a8","[454c1221dea86748f250d1253e0d9aef85f31d11, 9a9002366bae5432b45fce136416f4a35c34246b, bd454e9da39d27f3a974c3d67e98b6211e15e82f, 7e61f9e1e93f317c6c60d492d989e14bf4886cb7]","[3a91ad7a0047ef40ba0069b391042459cb937210, f91a979fcbfc46155df1994bb8b002e6e628ad1f, 3db76624f143f737fd1bb2462770d0533fbfafe9, 0f8660e77d0e55ad83b08c39a1e6b846613c60e3, 70c59efe3e566228acbb28275f277ad39e84c45a]"
"bd454e9da39d27f3a974c3d67e98b6211e15e82f","7e61f9e1e93f317c6c60d492d989e14bf4886cb7","4bf9850460c48a122b7df12a1b72ecb9941563a8","3957e9f60660c310516445e73d26a8136dfbb5b4","[7e61f9e1e93f317c6c60d492d989e14bf4886cb7]","[4bf9850460c48a122b7df12a1b72ecb9941563a8, 0d92c9e55cdca556b4cbf5ae5e64f8943ab51737, 7a74ee75c594a0fd5b0c10b19eb58d36d4aa8c46, 6f9c383bbc6cf864321cbf4be06c7a47cbda3482, 3aa6d8c363d3f7730aeee9165a57493c0b15db8f]"
"2a7f92c5cef989888dcb54a822f1f784454068dc","32ed1ef80bac73196211230c06c6ed8e877c81d8","4bf9850460c48a122b7df12a1b72ecb9941563a8","3957e9f60660c310516445e73d26a8136dfbb5b4","[32ed1ef80bac73196211230c06c6ed8e877c81d8, a7ce18a10a8a0a07c6e1eefc0cc6b007fdb20b9a, 902e4ac422a0d91a825bbd36e1b5719e210005e3, ff7f543bfafc6b36523d4be03c7a8e140bf1c345, e66731063941ac11840ca6958ca3b84af2a815a3, 3e09628fd6ec6f1b33705fe95dc530180a3461ba]","[4bf9850460c48a122b7df12a1b72ecb9941563a8, 0d92c9e55cdca556b4cbf5ae5e64f8943ab51737, 7a74ee75c594a0fd5b0c10b19eb58d36d4aa8c46, 6f9c383bbc6cf864321cbf4be06c7a47cbda3482, 3aa6d8c363d3f7730aeee9165a57493c0b15db8f]"
"a7ce18a10a8a0a07c6e1eefc0cc6b007fdb20b9a","902e4ac422a0d91a825bbd36e1b5719e210005e3","3e09628fd6ec6f1b33705fe95dc530180a3461ba","246c79431a0ec7fa27779cfe5e2c2aed28410475","[902e4ac422a0d91a825bbd36e1b5719e210005e3, ff7f543bfafc6b36523d4be03c7a8e140bf1c345, e66731063941ac11840ca6958ca3b84af2a815a3, 3957e9f60660c310516445e73d26a8136dfbb5b4, 7922ee722b7e326e8fb074e5955c03b8bbadcc9b]","[3e09628fd6ec6f1b33705fe95dc530180a3461ba]"
"a6ac34e963c37b07fe5fb943e8764bd7db6ed001","166c9bf13d30095c8677db4cd10e7774e5941c44","35c6704d647dc2854a74ebcef7e808a3d9f67c33","c590b8aef9636c73dee23c52af223369a3ca829b","[166c9bf13d30095c8677db4cd10e7774e5941c44, c5c08fe0cde30bae5ce8e99edf3cf4669e64eecc, 48b8b3113a0f1a7e61cdb18fcfc77047a4f9585b, 1730978697e36a4b80c1144118c4ff5063ad1c56]","[35c6704d647dc2854a74ebcef7e808a3d9f67c33, 4379dae150b4cc37f4228992c223e64ba204d5a2, 8303efc33a0016577a345a2bfe400bac959bc999]"
"a08c3d5e932bf3b3253e9ad525ce12d04465c4d4","a049f05ce8c8a195f3902bc50714f02c814e5465","762ce3028284626821b1f8bae6490063d6a09360","ee3f904f4fb0cf68c1e59ea72b755ed5eda55b9e","[a049f05ce8c8a195f3902bc50714f02c814e5465, a51d1b4de4000f4c9ca8bbbf2ca74c924d245496]","[762ce3028284626821b1f8bae6490063d6a09360, 9b9225325f1d4edc96b4ec51fd9153094c024ecf]"
"a049f05ce8c8a195f3902bc50714f02c814e5465","a51d1b4de4000f4c9ca8bbbf2ca74c924d245496","ee3f904f4fb0cf68c1e59ea72b755ed5eda55b9e","86c568e7bfe40fab5230048e7ee35e111fda4994","[a51d1b4de4000f4c9ca8bbbf2ca74c924d245496]","[ee3f904f4fb0cf68c1e59ea72b755ed5eda55b9e, 9d11ecf69f4e88cc0cec839ab46fdacc3cb97ea5, fc3e6d03de01e8984da9aae9ef6356380470dc9e]"
"1d7f14c904a4029f7c89e41abc8768db5a684f52","5f7034894fe53f0d0aeb4e5bda962690205e2e2c","f8c1af6050fcba2a9efef04b17e8f7cdc71982a0","ca67e71be31f5596b5e3687f6e053b078e8ced9f","[5f7034894fe53f0d0aeb4e5bda962690205e2e2c]","[f8c1af6050fcba2a9efef04b17e8f7cdc71982a0, 20911287d5834fedb1081ed73b284a7e04e1b0c9, a638e6605f0b35dd7ff1a9142e2a034f0edfa1d6]"
"20911287d5834fedb1081ed73b284a7e04e1b0c9","a638e6605f0b35dd7ff1a9142e2a034f0edfa1d6","ca67e71be31f5596b5e3687f6e053b078e8ced9f","236e4dcb2d8044e593a907a474d2520fe96fcb08","[a638e6605f0b35dd7ff1a9142e2a034f0edfa1d6]","[ca67e71be31f5596b5e3687f6e053b078e8ced9f, b4ea237203b47ae629739185000b4c04e325659e]"
"eae03c25f6b252de62932648e1190b4c7e0f32e0","ac57b2692612729af3f7e5366b868cfa1c727f9e","637307c7bfb566c3edd3282eacb9ce7748896008","106f60f97ff606418a8fd5a5b100ccfd063d27a7","[ac57b2692612729af3f7e5366b868cfa1c727f9e]","[637307c7bfb566c3edd3282eacb9ce7748896008, 04ae38f325a40e6fbc29e1f1f90e9e51dda8e377, 738e808abfdf4865e2e932b501fbedf71bdf95f9]"
"04ae38f325a40e6fbc29e1f1f90e9e51dda8e377","738e808abfdf4865e2e932b501fbedf71bdf95f9","106f60f97ff606418a8fd5a5b100ccfd063d27a7","27061e480149f89f01a5064ed282f15aaec0bedc","[738e808abfdf4865e2e932b501fbedf71bdf95f9]","[106f60f97ff606418a8fd5a5b100ccfd063d27a7, d85f0a8d6bfdb23c85e53330b3da98bb79f7aa57]"
"1e4015e5991f579a9eef0dbdb8aaa0d6e4665942","500eff97f5e5c19be3962bcc5a29c89567ad6a2a","29ff228f5434ccea3128a2e860e82967adbce643","9152eabd125d21310ca7acf2688e9f76f89ce996","[500eff97f5e5c19be3962bcc5a29c89567ad6a2a]","[29ff228f5434ccea3128a2e860e82967adbce643, a2744b3f65390c659c0dc110a12fdee70ae106a7, e5e204fb1d3845224bbcea7977d76c786bd1011b, b5ffad2e40fc6a4d2b5726ab0ed6d1dda49dae1d, d282a9510057d603962ddda43773db6f679d6932]"
"be7f7c4d108f904156c65334aa5d7aeed80ba32a","a21d8fd42627a0d064ec6539d8fb2e5c02b06cdc","f826ab7b3994433ea237b5c27972490c638280a2","a58704ffb6d58c71ead303a7d777df0dab6315ab","[a21d8fd42627a0d064ec6539d8fb2e5c02b06cdc]","[f826ab7b3994433ea237b5c27972490c638280a2, 037a106ce8b8317d2e8f7685c0f06a699af005f6, 8a6019073eeb2afa0d0117e417e00c27730e5728, e6621cd3306f248d1910105b06a4e337ae136400, 542ed84e1083eea03f76e671f37dc9122ed168af, 7b12be62593c07ae37e2c090cfaa7bbbfad008fe, c7ad4463e8422433836558652b15e5c7adb30cc3, 9b6ef522b007255cf64a6ca665d659a8bf7b3851, 5d1693bff87d626141b95eb162897e6867dabe86, 61216d0e31f6e1c6935f565b1e2a099004571e57, 0c220270f5ffb960c08169ec6a872286b452a626, fd483d70afdef81eca63b2c73c385c325f4f357c, 567ec38c1cfaa083c075fb325cd4799532184c26, d93d472ea5f6eb05624cd2136f7681e894bb169e]"
"b0f2888989369415c58757daa27d6be5fda84b13","d108876bfec79f70ddd6c0cfb2dbae45f30f0e73","40cc46a788be3af8cf6e401117fc8af8ff55049b","8fa816d68be77f9b998a3734a5c567623d41f991","[d108876bfec79f70ddd6c0cfb2dbae45f30f0e73, 51845d0c80ce3da8f77fb0c6ba135b937d9afa71]","[40cc46a788be3af8cf6e401117fc8af8ff55049b, accf6f008cd9597d70523e11578b6e55a4c6dc96, 7a3facc69ff38710f11a64118fb13d478b5e8adf, a30ca5db6c438de385164c435d57154e097503c5, 9f97286de4e3d89ccd98bf8e4cf0f937a777f6ca]"
"d108876bfec79f70ddd6c0cfb2dbae45f30f0e73","51845d0c80ce3da8f77fb0c6ba135b937d9afa71","8fa816d68be77f9b998a3734a5c567623d41f991","0fbafe4990458e10b3462a6fb8f2edca4289ff13","[51845d0c80ce3da8f77fb0c6ba135b937d9afa71]","[8fa816d68be77f9b998a3734a5c567623d41f991, 235cb26b754a4e9b395440748ed01d6f376e3f9f, e3bf27469747111132068b53c3f85a08213bf60e, d7b9038d4e14cfbd9aba702e21723516eb2e2d35, 76477d7ab1aca38de463155d4df637506637be1a, 3e09f19a701462ad09399a616f061e63e30e7453, 324a9a173195fcccc4bed37bd620e81566f9008d, 6722c6ebbd5ebddbb0bb0d3891448e6813aa8f32, eb4ba7809153ab10d09847f7c2bf1273434c9500, f7f27b80784081d7844a64e8f85032a90f6c5d81, adcd7668a5dcb54e034d345c605372aa551a3e15, 7a6ba820b6d32f2cc6142b59546b7465f86baa97, 1abb979120d81990a7bc70f29c4a97e629df9131]"
"cbdb32ab14749a3c8dd0553081e02599ec03fd51","c0c69571a24edc032c43aa14d165481b6b072707","778e37513fda6934834c404363bc0ca4ca316ef9","ede34e3d437286aa0204942dbe021d7582e54a3e","[c0c69571a24edc032c43aa14d165481b6b072707, 5e0b18b5033375171d6dff12910f76efc0daa3cd, c0e860c9411ca33480707bf000e8c3323f9de7ca, b8924d98cf98d3488fc9144b80da26a812c7302c]","[778e37513fda6934834c404363bc0ca4ca316ef9, 0f411c5c901349eb31f4ced071b3cec8a5edf6db, 7dd006c31ca7c27fd7e937cc1f91c275b7a507fb, 81d6b0c6ce66d7a59f5bbe65b67852abfc00b192, ba5987f8f98422ce34b512a003973ee165872937, cd75a8c6d1a61c2c28b1ef3c674db109cc0d11ef, ddd88a58cde4d3d74c1cfa8f8b1f5efc1343b34a, 87f8583112a1efe100f7825d5b59b652811d3f2b, b72c9f95971b892f96fc83810ffa2d655e7041fd, 05f07e448f55b1fcf3c6ba7fe3f7bf6acf11e2c5, 210c8d014fe53d745c5c8f71ff0673e73e934a35, 1f48b09c4943eee6ffb26064dcb618dbf1fafcda, 763bf8c94da0fc0c3e407b90686676413dbca7c7, 62ccb6ac66233368425e8e53181af018a3347bec, d374a213fb1b73a1d4e2c4a3c89c160835442924, 463bf490055ea8c70bab636006466754a1315383, cb5bc7f30569136a6d53431cc6431dbb1f1622b4, 109c0f3c98179fe169501e361cdab8bf1d5cb95d, 8a528d8865d958ef4baa7d3e8b823058a570336d, ca6aa0292f80b1c8085774ed9df08309588e4c47, 8d5db4e6ad5eb1f7378e2e9e775a19aee19a2722, 09c6f0b3d9b486f08a42deb143112f7f7eb04041, ae43bb95bd8deb3c9fa30a669bb0ca32f54ac400, 3d3a0aaff6aa2db1cc45467f2aca2c6e0a572166]"
"c0c69571a24edc032c43aa14d165481b6b072707","5e0b18b5033375171d6dff12910f76efc0daa3cd","ede34e3d437286aa0204942dbe021d7582e54a3e","1238983f14b11ccd9821abfa219637763b7bea3d","[5e0b18b5033375171d6dff12910f76efc0daa3cd, c0e860c9411ca33480707bf000e8c3323f9de7ca, b8924d98cf98d3488fc9144b80da26a812c7302c]","[ede34e3d437286aa0204942dbe021d7582e54a3e, ccb49f6921c62c00372a9841df17f5b0de80b3cf, 3502d6412a9b7c0fc7a495ab5c080dc0833dcb63, 36f3c997beaef4203843ec46d474b4526bfa8ba5, 4f9675a1fba83f15a23debd5b8658689f6126fc9, a94f7f58ed7fe8a1f06b252c81b56ca247c21516, f945bb6cb9a04ce975be25b5d74e6ec81b66aa5a, f6f6546436c9e7ff8ada6944b00111bf25f37052, 0d9beb329210f30374b902ed639dc8c1a52e6d8a]"
"5714648f1edeef9f732523ce1d3cab715bc32f55","27dd0ecc9bec67a822a12ccb327e493890e800ee","c3b6ce0655ce60e7435624ee252a3348aebd4bb0","6b052f5cc5f0ad2f24d3b4cfba04dedbff6760e8","[27dd0ecc9bec67a822a12ccb327e493890e800ee, ea3c59e09177a1f3e54687dadbc3311c6df34b3a, 30e1a13b10b393473939cdc41781e264c765951c]","[c3b6ce0655ce60e7435624ee252a3348aebd4bb0, 3d940c21a9dc8c9d8c7cfc3869f18c16d1e335ae]"
"503593a1f35d5fa7f3bdcf9e951363e4bc4d7f5b","b5a63a393750b2c35b500162d6d9ac110f1d0f8e","8b0d634adb5e486f25574abcd6efd8302559571f","9eabc27ac78dccd29d06a2001f5ffabc4e05ea52","[b5a63a393750b2c35b500162d6d9ac110f1d0f8e, ae88bacecf8adf9788875215cdd7a4c9c1e39393, 5e5e3d71437b501eb4f354ec7a60f93e40704861, b70c999da7fb832584567e566db9099743a079d1, 83e48ee0f942bb3a192ee622adc2d653fb46d5e9, d760fa25d0762dd3f379dd07cc4297be4eaadecb, c89b37ba508f2b4548c1af00526cabc604a9fac5, 38530feeb5b7e1e485fe26f35f6e6ff748569199, 92f1646f88b9b544885a534f7c3a6c632b2ef3fa, 7c7cdd293a9a26cae6450a1f9916dc7f2b19a705, 01ec068cd4302372e013614762083a856afe0106, 526676c055c4054420b5c18aa62eab8cc7a29032]","[8b0d634adb5e486f25574abcd6efd8302559571f, baf17b53f7fe851000219bd49617e384b8f8da0e]"
"b5a63a393750b2c35b500162d6d9ac110f1d0f8e","ae88bacecf8adf9788875215cdd7a4c9c1e39393","9eabc27ac78dccd29d06a2001f5ffabc4e05ea52","44530f722c9ee42108c75c4187f2e9e6e91e95c9","[ae88bacecf8adf9788875215cdd7a4c9c1e39393, 5e5e3d71437b501eb4f354ec7a60f93e40704861, b70c999da7fb832584567e566db9099743a079d1, 83e48ee0f942bb3a192ee622adc2d653fb46d5e9, d760fa25d0762dd3f379dd07cc4297be4eaadecb, c89b37ba508f2b4548c1af00526cabc604a9fac5, 38530feeb5b7e1e485fe26f35f6e6ff748569199, 92f1646f88b9b544885a534f7c3a6c632b2ef3fa, 7c7cdd293a9a26cae6450a1f9916dc7f2b19a705, 01ec068cd4302372e013614762083a856afe0106, 526676c055c4054420b5c18aa62eab8cc7a29032]","[9eabc27ac78dccd29d06a2001f5ffabc4e05ea52, 6e30b6de36c70a821bb5c303b118bd9fd4690e73, 5ff9743cdf51d385823f129790728e3983164a8e, a7e6936db547479faa96d58e5f19a9ccfa40d95b, b23f2be0218aafdad5ccd025071e4ed5291973e8, fd6acf577722feedd23b5c57ac6449d135630701, a993245b28dbc8efb946ee04fa2bb65058ed09c4, 2d618496d948759fa13e058bc5299695b152f027]"
"ae88bacecf8adf9788875215cdd7a4c9c1e39393","5e5e3d71437b501eb4f354ec7a60f93e40704861","44530f722c9ee42108c75c4187f2e9e6e91e95c9","2bc37da15cd29f6e9fdb39d4260941c70351fde9","[5e5e3d71437b501eb4f354ec7a60f93e40704861, b70c999da7fb832584567e566db9099743a079d1, 83e48ee0f942bb3a192ee622adc2d653fb46d5e9, d760fa25d0762dd3f379dd07cc4297be4eaadecb, c89b37ba508f2b4548c1af00526cabc604a9fac5, 38530feeb5b7e1e485fe26f35f6e6ff748569199, 92f1646f88b9b544885a534f7c3a6c632b2ef3fa, 7c7cdd293a9a26cae6450a1f9916dc7f2b19a705, 01ec068cd4302372e013614762083a856afe0106, 526676c055c4054420b5c18aa62eab8cc7a29032]","[44530f722c9ee42108c75c4187f2e9e6e91e95c9, 6925a84812ca32fcd1f0007a1a7838a341f183e7, 0ce84aa9082c76d6ce68379b6a111166abdfd0f0, 67f764c0c0ba48668f997ce04e2ea7b34dd35826, 85f8dde31731d207021522242aed5091ddf3c2ab, 64b023fc59c7b7d0cd1ad6ec4eba3a2909b6bcaf]"
"cbc7722e69861ab9fd8806fa4688788e36793fd3","1992ed1464eb74cabd04a43c27d9e83f4f4ef77c","fd22ab79a608f1f1002c0fc98b699e2a666b02f3","c973b5b31411ac9e929643bd7080cbcd54e56171","[1992ed1464eb74cabd04a43c27d9e83f4f4ef77c]","[fd22ab79a608f1f1002c0fc98b699e2a666b02f3]"
"4e27e7b9094af54ffddd25d197b496397dc77ac7","b30a8bf7581773151dfb290609287828f517532b","307355efa173a033b6ccb71c9fcdbb62dc1fd5d7","0174ed9f782e66106c18ecaea6f4abe01f3b2744","[b30a8bf7581773151dfb290609287828f517532b, 329f51678f53c4cd5c7d4eb8230b26f453a483e8]","[307355efa173a033b6ccb71c9fcdbb62dc1fd5d7, be943c7945c96cd5d3efc487be75a1250f2fa4df]"
"b30a8bf7581773151dfb290609287828f517532b","329f51678f53c4cd5c7d4eb8230b26f453a483e8","0174ed9f782e66106c18ecaea6f4abe01f3b2744","0eae6d1c2e4d52f9ddfd6c7af8b179262346965b","[329f51678f53c4cd5c7d4eb8230b26f453a483e8]","[0174ed9f782e66106c18ecaea6f4abe01f3b2744, 77bf42201c1e82e9004cdc49db97ed603589dfd0, f705a125c704181650bcdd0fd5cda47301a62f2f, 5d1f9ad2a1b82dda1426c663c0bc779f8fc5aeb0, f4239e60865a2638ed4e7dd74592e19d30e844c2, a65b00ed95781e2ce90496c58c807180c34aa6c2, 7bb564c0a414809351779b23c54ba2a9a539c912, 3617631c3e18db3a69d690f7999ec86e800efef5, b76bcfd5c55aed943ac7f81512c55e79aa2740fe, 10226c0c6a6de596707928df1e93970b4fe6144a, a397528f64c85a67857f948d301c95ecfe90c4fe, 7765c766f97161842eec39ea25c9db94bac27218, 1a3e610615e1a6eeab1e25b01eea5b360b61bc12, 862088556c3185cb8b7dd4bc416891c7c1444da6, 8b618a62323ad835d909c511738e1c850173e8a3, c042541e4e228a8b6960ff23803fc997cd4bfada, f29a74dd7c2ad12173c1c41f61f6ed9fd9287a43, 2e9ed2ea5bd9927d520f44319dc2657fe815aadf]"
"ad3315c3c1fc5faeb5796bd411f1e9ef80931302","9f2ef2669422919fe716ebbcdb3e01710efce602","484204d8aaf96630487827e2a74867259d312b03","e22df19fc135700d6e893f34bb10cf2a048f4124","[9f2ef2669422919fe716ebbcdb3e01710efce602, 377a5fb55189ef92559bcea78b785a683c9113dd, 2fd3b8ca6fdce3ac723812d7de59403a2dcf6a77, 08fb848cf210d7632be43fb4aeecc246843ca102, df744b0cf78a11aa1de4d6d1d8fb5c9dcdc9da61, 92296eb301396a7eb0453734514258e196db58c3, 60302ddfe880295dcf5b6573914b793244048d50, dba52855a5114dac5d52d6f2e2e580a324614288]","[484204d8aaf96630487827e2a74867259d312b03, 4eb49d6c64c284d266913d39807c35d41bc1ab55, a4ba078e357d226529a0ea53d8470bbd0c515710, 19f76c9352f9d21666e3a50c67c347a393a535d8, a29fa4580065a751475b08a140ff4f4130cb8bc3, 77d9f3fb4d636880c8d2d9e348ded3495a20a794, 4e7694b717664a2dd63fd4f9ec4a16c26174cdaf]"
"77d9f3fb4d636880c8d2d9e348ded3495a20a794","4e7694b717664a2dd63fd4f9ec4a16c26174cdaf","e22df19fc135700d6e893f34bb10cf2a048f4124","3670c611f67d29305331d9e667125845d07a6709","[4e7694b717664a2dd63fd4f9ec4a16c26174cdaf]","[e22df19fc135700d6e893f34bb10cf2a048f4124, 5ec9dd04d57643a1dbf9b9c16c8ed36b0aae8923, 3ee2f19d4d0cd917e132337972d55571baf2ae7f]"
"0758c1296409bc97a80e9a0d9be4ec469dc06c97","ccad2dfb5ece3ac8364f4a1c8511130cc3c6c16c","678b3302cbffeaf3753255e62b8178ef8c2cfa47","854d45b304255ff2f4f895c0a4d2048e81bc5214","[ccad2dfb5ece3ac8364f4a1c8511130cc3c6c16c, 22b8aae5e9134d4a6293757b640862ca2ebdd876]","[678b3302cbffeaf3753255e62b8178ef8c2cfa47, 4be31710cad793e448231879c2a8832cd02667b0]"
"ccad2dfb5ece3ac8364f4a1c8511130cc3c6c16c","22b8aae5e9134d4a6293757b640862ca2ebdd876","854d45b304255ff2f4f895c0a4d2048e81bc5214","e5ea62b21522564602dc0efb8209148965c1277b","[22b8aae5e9134d4a6293757b640862ca2ebdd876]","[854d45b304255ff2f4f895c0a4d2048e81bc5214, dac7085b9246a45cda1197e8a27304882410f163, cca21b0a8792a67249b09cc396b4040acd8ea933, ea9cc407b85efdc9e7025f74d59d50b9dad07479]"
"8134b63df382ef77943922aa1b23fde0b9dfc604","ab9725195e23e4833823d2ee3cf3f57ccd52f954","cde386d4f7ac8597d279a61e4e86f1f5e8e01de0","f7fc996482094329c2fdb389c96a25dba62760e5","[ab9725195e23e4833823d2ee3cf3f57ccd52f954, 4e51e2d5fa3b50c259dcdc3dc83d3379a02c4fac, 15590e950a3dc04ab0750e7a4ee24b9b55b830f6, cb91d202944a41483f23dffe9febc6d13d3d2766]","[cde386d4f7ac8597d279a61e4e86f1f5e8e01de0, 399660b3a9a26111eefa63a96e04abef24ddac8c, a235370046017a3f79420c5ff1f02b0bd3292b38, fe061c6d0e5600413a43802447745048fb1f3c1f, 65414548f3d13344b1711516e5ac2f179dd12dbb, c02cc3ab1b0f636c760b543db2e2a6d5380ce3d7, 8280bfef8b432dc8a1ad82512fa1274a4b947e2e, 34c7921c15df93644caea35b0066a5c246a2aa8f, a0697d0ff7021a192daaef4a7b2d8b8f46e09194, 3ec3fb421ccc66fce27b2aed07b5245ee428cf85, 35a2a43e712c6f46de57fa4b07d6402af062399f]"
"399660b3a9a26111eefa63a96e04abef24ddac8c","35a2a43e712c6f46de57fa4b07d6402af062399f","a235370046017a3f79420c5ff1f02b0bd3292b38","f7fc996482094329c2fdb389c96a25dba62760e5","[35a2a43e712c6f46de57fa4b07d6402af062399f]","[a235370046017a3f79420c5ff1f02b0bd3292b38, fe061c6d0e5600413a43802447745048fb1f3c1f, 65414548f3d13344b1711516e5ac2f179dd12dbb, c02cc3ab1b0f636c760b543db2e2a6d5380ce3d7, 8280bfef8b432dc8a1ad82512fa1274a4b947e2e, 34c7921c15df93644caea35b0066a5c246a2aa8f, a0697d0ff7021a192daaef4a7b2d8b8f46e09194, 3ec3fb421ccc66fce27b2aed07b5245ee428cf85]"
"70f02e146925032ddff3008163bdc536b5e83b2b","7a02e40910d19d90a24cab2d90d08fdf75dc4c3e","0dd8a0c00d689e96b02dca63b4bb13039098a8f4","598be2d256c0c221e48543a21032ecda690b84ed","[7a02e40910d19d90a24cab2d90d08fdf75dc4c3e, d3ca4f533b4b5d4475918a0f29313ff311cd514f]","[0dd8a0c00d689e96b02dca63b4bb13039098a8f4, 7f6e77ca512aaa37c777d8d5d128727e450608f6, d6bdc6666651089aec53f77dc332fce9c641312e]"
"598be2d256c0c221e48543a21032ecda690b84ed","ec4103ac22ffff5c2b4292e0a4139b3a84f5dd5a","0c3bc5ec10e049f093323c8508adf4914ba4234a","fe0bcdd77f3d301421f8c2c02ac3814c5936ba83","[ec4103ac22ffff5c2b4292e0a4139b3a84f5dd5a, 03b07ae1171a160d1ffc2d4fa581fef1791f4802]","[0c3bc5ec10e049f093323c8508adf4914ba4234a]"
"7c6ef91f19175863f135cda1cc7835ea08d483db","61eb57d0ed88bada020cf60bd7869a4fd6f9cd1e","21bf314523b15e5eacc264237f1300857cd85310","5cf9be39d980563d13c7449efc6748df51bc87d9","[61eb57d0ed88bada020cf60bd7869a4fd6f9cd1e, 414a338ecb06217044ef79cdb8c3b027f2a89a50, f7a90c844d7af37866c3f0a87ad53711351fe927]","[21bf314523b15e5eacc264237f1300857cd85310]"
"491e457511917ca879bedd666dc41e2373efedc5","e82c8c84192e46cda6e1c15b0fe06a7c109c8aad","6beea4c6d714ba6d3a44a74a6ceeb13026c40c82","139e77b35618fbacaf127929de6bacca14de44b4","[e82c8c84192e46cda6e1c15b0fe06a7c109c8aad, b140ff1eff64efd56f9f42f9613f2bf26787c2de, a3380ee13a2b02a154b2eec210876c47ea9a4e35]","[6beea4c6d714ba6d3a44a74a6ceeb13026c40c82, 2caae0f9817e4d1c9fba5cb9bca2b4a3e57ef81e, 33a93b219bade182b75c1d05db8911e8ea32e7ce, ddbfb9b6ed790d938aa4dd9345ceb2d0e5c06deb, 887573d07636f21810818244ec047a3c9a785be7, ad5840c1da2366a6425b93e7c500a54129005860, 9c5e0d39643135ce6b93ce18d63a0a3404f35184, 6477a98f66431795d4bc62398f38213591320b08, 264e6b5682d030f994447e598051a6859a5400fc]"
"e3a034347bf45520506b274ad6116e6c2cbdc28d","1271c96e1e91cdb3cd4edd6394c363f1a39119f9","53c5e69944b64368df49ff0573f12c186d7c89ae","94691924ff19e5e6219b98377fe8ee5bb4199a3f","[1271c96e1e91cdb3cd4edd6394c363f1a39119f9, 387787ab354b4ec6c45e7769f914e9a7d1316074]","[53c5e69944b64368df49ff0573f12c186d7c89ae, ed52b5f01e80115b77d4441b358a04715e170db4, 61d3dbbe53a36ff3311fe685c3a6310782a9903e, 590e3bab1944a18bfb3463daacb7cd77f9d3ebb8, e80d2b541870ea71097bc4a713481f132fcb1f15]"
"693aa2a2314423f163328e806c61fcab6c9d12be","0750f165c6d48d0604c77dac68f0147c3461ea4a","518011a782da495fe2c30d316358aa396f4a3a79","0ffe102462a3239035611ddc4d40d5b3823f4f0c","[0750f165c6d48d0604c77dac68f0147c3461ea4a, 11f578507731708f619d2c91a0383b9a37617457, c2fc59eca508395d13dccd1169553f2023f8e5f1, 13aaf601331d167484787a481529aa434155c576, c22df57f67e360070884265d2702f5e5315ca8b3, 0b5edae1063a2957054f5ca3105f6b92ad9383f7]","[518011a782da495fe2c30d316358aa396f4a3a79]"
"f859aa7ec711245b0a82e125a5037a8d2347d430","c11c4600200ad612e0fc8bafb08f67c5ae016419","ac2182553e177bb82eae7d1cf24e994398c30429","7f43fab74dc8a190c85ce3574254cb0dd58d63b6","[c11c4600200ad612e0fc8bafb08f67c5ae016419, 6b98879ec1a3e395ed89b02ca53cece7d6534429, d250f49a93635d331d0dafe025ac8aea7849ced1, 37fdb78523a6c86aa528343c788b387f1afb3df3, 7206829ebeb784631eea6594047184b609669fb5, 0bb228de2be482812b70324da6bf4895f4b2d96b, e3822654d9589dabebfb6b5533f0df87b6d7a705, 785d227b71e9ecdee2db2b70c27d1a4313776bb7, e461dc4af000b16856fd44a18623a4054fe02007]","[ac2182553e177bb82eae7d1cf24e994398c30429, f888a0e3f9cc7b181eb0ef97c3c16ec670b9bc95, 7545fb947cf0dbd400b2385b82223b9a87d7e129, b5ca5732a3a53f889645998882d98e725125d000, b18d4a7caf2a193db6359c506deac47e7997c7f2, 811ef049e008442e24bef205cf270d596cafbf94, c5fab247b6119c864d3da899fd10125c91c9c11f, 51bceacb8316f56816db165ee299211de428cc83, 400ff7b6e800b22cc87343d210bb52fbc5716d05, d22b0ae868e46ea08509b1a087699b64ef190f45, 848106bbc82ae6b037420f3fde047196f4987d87, 7001c1ce85de2c5c901d1c4602f0ea4860343158, 15f5b88b67a977ce03a455145501590203ecba9e, ce5dbc95413abfe1dfd7f67e52cd8452067baa14]"
"400ff7b6e800b22cc87343d210bb52fbc5716d05","d22b0ae868e46ea08509b1a087699b64ef190f45","7f43fab74dc8a190c85ce3574254cb0dd58d63b6","ef843eb214a2d14fba0aec38567a7a0dc5ea4d19","[d22b0ae868e46ea08509b1a087699b64ef190f45, 848106bbc82ae6b037420f3fde047196f4987d87, 7001c1ce85de2c5c901d1c4602f0ea4860343158, 15f5b88b67a977ce03a455145501590203ecba9e, ce5dbc95413abfe1dfd7f67e52cd8452067baa14]","[7f43fab74dc8a190c85ce3574254cb0dd58d63b6, 8acddd54a84627722dbb47c74969617541c0d568, 4391a1daa05970ee2a082f1dceb9dca22563de80, 0e955e71ee01f7f972577d30a02785b334d9306d, 5a65116300ccda76e9ebecc4c4b945fa9bfe76b1, 285614c8b1af83417463b2b63bd7ea1ef0c4f5eb, ee49e21d1d166edb29214ea826cf62a4a97babca, 883576c6c108a097944496bb0ff60e62520a9da3, 111fb25a356e8e9640063a32e5ff2a1c08d5a36f, 2cbf7d5084d20629b95d83cfbd028c06829cde55, b0e55c0cff9564a910ac828869709e66bac6eba6, eaeecea64f6b20183cf19d66108ee6a1a4129a05, 6fc72369964303ae52afc6055321f13f0d524585, 4592d6873a7754ccd518abcc1f6d3cc40c7ac285, 4598868a2485e35d93693199814da8702070958e, d87a7f28ce2314c9bf17a6485d61cf0639354e13, 09cd8060e9ca8b82613fd46918ef3848168edab6, 8d043ea6d5fa07341eae65f323a846525f2c75d3, ba56a87ef2ed87a6c1e5794971eff451942927a1, 1a29fb32afb1bbae67b27a5c15256669fce42247, 3232e37f673a4589a4bb1c98c2822633f67b7b71, 09eca58d89b09b316253b80f1673773eb6349c6c, 0b2e72d8c62f8d3004fe532adc06896ce3d96af1]"
