"https://github.com/NYULibraries/privileges.git"
"MERGE","LEFT","RIGHT","BASE","LEFT_COMMITS","RIGHT_COMMITS"
"efe0375d67b275e070a82b4afca35f59da81560a","ee2488f0b4a7f41da513ac2ae71ea6eada62f0db","026304344887993e42409a4285c87c0f907d9211","f23d1b6ca39035f18402b0bb0664d60eef6547dd","[ee2488f0b4a7f41da513ac2ae71ea6eada62f0db, a8596cfb412a4b0383a05cfe12a1a434c2a01aa9, f5e04e64c67180a62637065869f72a97066e802e, e69d4376662000e6fe3111e71fdbbd7710c9d6ac, 305a8b7ab6a5db4b25ca4bf8e52a92b1731f28fa]","[026304344887993e42409a4285c87c0f907d9211, 4a822499623ce2b9e308433f180103b220c67b44, dcc5f86d6d9b40c7cb70b4ea994fd25725ff1e1b, 8b53af91ecaede21d1f1e51bae004aa46df6eafa, fa1a0b052b8c2704bd5626461e66fbf264612446]"
"026304344887993e42409a4285c87c0f907d9211","8b53af91ecaede21d1f1e51bae004aa46df6eafa","4a822499623ce2b9e308433f180103b220c67b44","f23d1b6ca39035f18402b0bb0664d60eef6547dd","[8b53af91ecaede21d1f1e51bae004aa46df6eafa, fa1a0b052b8c2704bd5626461e66fbf264612446]","[4a822499623ce2b9e308433f180103b220c67b44, dcc5f86d6d9b40c7cb70b4ea994fd25725ff1e1b]"
"6eba9a4fffa7144b1fb409e6668cbf058be484cf","9e037487b45cbefe05327ec3f1949434424523fa","705411147d7afa51fd93e5fc99318f77389fc1e5","f0cf40f254ce855fd5b7c041e6ebf3e429176342","[9e037487b45cbefe05327ec3f1949434424523fa, 49f01a2a4ad99d3486905f1b7161ac2e17875225, fdd70ca32fb2044ffdb8cf9d66455adce185c775, bb3324164af83b8d02cbb591cbfd063a7ce54c82, ca2d8640fdb199e4e053446e05f13b3b862363f1, bc35cd084b35d8deba2a7e1285dc3e666e6edfd3, 4d2511e291e175e089afdc015d2aba9f94cf4510, 990ba060704ea4831e3153e429f22ac26f5b0b89, 7588492c9b6b06534cbfea37b8c195ee422aaf7d, 9757ff5f26e1b112913ab03827d27bc502626198, f3b6e4310d5967a8f0af22f61fbfae94e9cbb7a2, 2db37f4062cf31461d98ad5c482430c17be7c696, 34c735cf217afa61c39da0a155c2bf41c0963c56, 2ae24d96e4a77ea63db02acc5f3ca66ae4fbf675, 3a9a64b43692ed78c47eab67d1ae330d8f5565bb, c4b4cfe07d7f8383c33933165fdc62c445aad27a, b5a2e442e435117d1457712ad81069080fed72a8, 9d986a9cecba04a6da24a7f9bf06c7ee6d4a0067, c23d7c8c569e60837ea979f6b2fc6a637e6b4f5a, 9528f5013840cc3f98b6069b5a28722f69615362, d97085790f93a071f193ccf4fd6025039297d551, 8248aedbd976036ef4c34cc4d30be36c96e835ec, 1741bb2c3124acc742fea53cc001aa990571dc20, f907b6037f02ed2942b2297e1532d2cf9126b783, a9c111fb05c4c6fb101a095fe3d5fb5bd976de65]","[705411147d7afa51fd93e5fc99318f77389fc1e5, 1415f31c1bb5848f2fe1d8db44a0766875ea6422, 6dda57a7063820d5d453e317f05934fce0711a58]"
"e19aa1d65583d20d307e002b86767d17c159a0d5","65b83a48e6c70e7e45686f7daabc671defb6206f","17bf0ab9b8a553d3044b9da7e351c20b35f123fd","a5a0fd826b0df2f2adb0a022d171931769a4d7fb","[65b83a48e6c70e7e45686f7daabc671defb6206f]","[17bf0ab9b8a553d3044b9da7e351c20b35f123fd, f4c391c955c2f70833c31241beafe90126e2040c, 8456db286cbceba2045ddb1a0ad0a01d9d04665d, 4b1a5aafe4a396200e2528b453992d2a1339b16c, f3694e3530dc16b4d4e10b87e56362bf464695fc, 730bf622292c13c0e2527ea5e298f2a7a6bffd5a, 050be283c09202353e1eeb7e89dbda1dddd49668, 62fd64acb800d4e3520f8b8f05f2d0edee476038, fc6bb745ceba582e1a860c4b274067e86671a627, 9481dea39a24b1be2a53424c9223fdff78568ab3, 3011744cab1f1284fb2ebb17b83e3a2cbd9cb47b, fa729fbf8ef53792a3b84a03582c4019bdef90e4, 3016acaf120dd8ab11ff1da68b9ecdb55da9e4e0, 79e91ce79918be85ad3b3e1cabfc0e5862fece61, 7540c8078972146d50d834c8575fc591171c868a, 24bc4de4b3478e765c276f1783ae3143b4a3bff6, 1d312287f0e25f30a0f9db32e0787102634e8aec, 72db0fa14d1d057d11067ad1866220f8ca2c7e33, 5cabd038449fcb2a8273d442a8f3c21c65383862, b47f853ea494f8d14add5f987708f3a0c219aeb1, efad95e71a273ecdf5ab60169bf88b4317efb8ff, 2760b16fcc07fc7f4bbd706027242d0d80ecbb07]"
"dcbc4653c56c75b68bcb6fac2361136c3c23443f","92b93770207fa46b0860c5f44f3b8fd2548991fd","19beaae846f4057174ccfaa54d92f384cce7479a","ff55ff7bc91f3cffb3d9ca060e500474aaac061c","[92b93770207fa46b0860c5f44f3b8fd2548991fd]","[19beaae846f4057174ccfaa54d92f384cce7479a]"
"d188d20bd4b0f2ef5198aa37946023279267f424","efe2ade14dc58c1e9aef067c6398b2270efca573","51d678a8fcd02bd04a68723885010ade0a8ae5ff","adb918792094a5b07a53ecb89ae97a7fb7c63860","[efe2ade14dc58c1e9aef067c6398b2270efca573]","[51d678a8fcd02bd04a68723885010ade0a8ae5ff]"
"f0973a633912f741db918001f1020dde9b99fe65","a189857c0eecc263cf2b338d5599fe3c2205d5fb","aa0841cc25fd1356c25986a660d3b27d2bef2789","4750183fa9ceed658e5b3d732bf892104627cc44","[a189857c0eecc263cf2b338d5599fe3c2205d5fb]","[aa0841cc25fd1356c25986a660d3b27d2bef2789]"
"15efe5f80ab0d354b574a5180d7a7330ae4c0ebe","d82143fac5d30e081a7f27db682c5d3c5f18d219","6c07d40c9e7a85dd26dcf432843fdbe29259b405","6a2aa2ce65078c01d4a4eaa4268cc6d623079ee5","[d82143fac5d30e081a7f27db682c5d3c5f18d219, 19a643f5a90dc8147421f0874bae683542201c53, 3b1a697961cff06c27f2cb9fc6cedace82342ff1, 0029cf6596a68c1a0965c071a621ee3269622ecd]","[6c07d40c9e7a85dd26dcf432843fdbe29259b405, 875e73c3616917679d3aa6dcf7335de59704c93c, 586fd4f88115ff530ae923d9c4a76914f43c3770, a2b98854ed268c03ed3bb20410e91be23a8ad61d]"
"29b292080cab1674f5db6d2a4368d8061389b033","3003cafe4a1d8baabcfa42d8f0077f419279c34b","839a1dea264e4768e80b4b0e73830bb2e564799f","d4261d90ce5159137de0da8971de92db41490b21","[3003cafe4a1d8baabcfa42d8f0077f419279c34b, 72fc8fe27077a9e24b701d3424699a77a0981890, 018c43a2b60e79b5a52a6b3d4156de68cd9e0c42, 18a727e1dc65690932e6a765e24f9c8d914525b5, 30a8d0b7d386eaac2e61f6554b5469015e16c9b1, 1849c9eaf10f2b72220a3347877420c416166495]","[839a1dea264e4768e80b4b0e73830bb2e564799f, 9373883fd091265718ebd053a92825bd6a13b469]"
"3003cafe4a1d8baabcfa42d8f0077f419279c34b","72fc8fe27077a9e24b701d3424699a77a0981890","d4261d90ce5159137de0da8971de92db41490b21","8d7bedcadcdf3aef1f1e066c4afac60badf80049","[72fc8fe27077a9e24b701d3424699a77a0981890, 018c43a2b60e79b5a52a6b3d4156de68cd9e0c42, 18a727e1dc65690932e6a765e24f9c8d914525b5, 30a8d0b7d386eaac2e61f6554b5469015e16c9b1, 1849c9eaf10f2b72220a3347877420c416166495]","[d4261d90ce5159137de0da8971de92db41490b21]"
"72fc8fe27077a9e24b701d3424699a77a0981890","018c43a2b60e79b5a52a6b3d4156de68cd9e0c42","8d7bedcadcdf3aef1f1e066c4afac60badf80049","99f8539a28fc1cf4de9d9d9de01a69728cdcb9b0","[018c43a2b60e79b5a52a6b3d4156de68cd9e0c42, 18a727e1dc65690932e6a765e24f9c8d914525b5, 30a8d0b7d386eaac2e61f6554b5469015e16c9b1, 1849c9eaf10f2b72220a3347877420c416166495]","[8d7bedcadcdf3aef1f1e066c4afac60badf80049]"
"018c43a2b60e79b5a52a6b3d4156de68cd9e0c42","18a727e1dc65690932e6a765e24f9c8d914525b5","99f8539a28fc1cf4de9d9d9de01a69728cdcb9b0","aafe8a5fe9ddc4974be87bf38163c203a7b01741","[18a727e1dc65690932e6a765e24f9c8d914525b5, 30a8d0b7d386eaac2e61f6554b5469015e16c9b1, 1849c9eaf10f2b72220a3347877420c416166495]","[99f8539a28fc1cf4de9d9d9de01a69728cdcb9b0, f422c7f7311f215ad8354c925bedbf2475f5157c, e0c63ed6b29ab901cebb633216e929bb2b090558]"
"18a727e1dc65690932e6a765e24f9c8d914525b5","30a8d0b7d386eaac2e61f6554b5469015e16c9b1","aafe8a5fe9ddc4974be87bf38163c203a7b01741","ff3e03f456b2f2e9278a8a0d3729dfbdc11b653e","[30a8d0b7d386eaac2e61f6554b5469015e16c9b1, 1849c9eaf10f2b72220a3347877420c416166495]","[aafe8a5fe9ddc4974be87bf38163c203a7b01741]"
"30a8d0b7d386eaac2e61f6554b5469015e16c9b1","1849c9eaf10f2b72220a3347877420c416166495","ff3e03f456b2f2e9278a8a0d3729dfbdc11b653e","215f749b12e427822a549849586c187f30b75f59","[1849c9eaf10f2b72220a3347877420c416166495]","[ff3e03f456b2f2e9278a8a0d3729dfbdc11b653e]"
"f970d86d44f965c28fb9bd778621f32bf1b089a3","7b651ecb6ed5fa5b18882934f870c86fed294596","49ef43b4c20e748433389150243c1c788cc3fba1","592e09ab968e5298ac55fc102814d2e720ec00ce","[7b651ecb6ed5fa5b18882934f870c86fed294596, 3f0195c23052eb47ce762d016a1d82c702931bb0, acf2355f031a72e099e4de07cee01a4555ed7ad7, 5ff78be765e0a9482c335b4eaa3c4a2f02d760b0, 9f2241a9dc90aabfb509477118bc5816750833d2, 6c0208a194d98ffb75ded7a5895e27353bf9470b, f2ad9f4f1f3f97f6eeb6789ec7dc6899800fc9cd, 0302a86a525f0da206315b7dae906202d2bc0fe7, 2f2142c444efee8e11cbf3beb58961e22d0737e2, aeb68f21071514e6914f841a2b21a0c2b920902b, df3d85961936ec41044ca4ef87d617c18d127939, cf8acec4914dc227764ed4895d4bc9201a993234, f5fb51caf93d5beb4cf00d2cc18b2ce329566bb7, 2adcd30ede3235f37d5d2ed3827806bac8df25d5, adf91455adfa473a69176e67ee8aaaaf38cc831b, fd10ee459b8f087a1d40eb58d11f90b2c099b317, d3571366f56529fd7d4ea43390c37c97bfcda3f7, 06fb9d85b489e868ac2b2eb36f21c202a69ab57e, b6d32f66e1e55d96928912e1736360400cd82289, 55d7ad9ef3cd4902e42d722041b08de9b2819b67, 61fc81260f64068361cc090c38904cc65015caf2, 4efc08f035d3e16f50f25b55c6326ab9a64ed0bb, c0c6a77789a3652bf4c604d184e7b6fd09837320, f21820e2d5b47a469a8e2415b2b16580d3afbf3c, 0ad75a464a8a68d9115259f5890d7632a6d6fec2, 87a28a8bacbde1bba6d33326c8dabea980da985e, 45e6af8ab03dc7260412032950602aa4f0831e0f, 106894f7058646742b7ee6c921a3d5ecb033f243, 59935cfc8f355e17ca76c2fd8fadd3471a304093, b7f7abab1e657e433fb1273640121db37decd951, 87d5048f16c78da1f167a35fe4bab6e8ba5f9de3, abf7972df49ea9ed84d319dcb9feaa5e8ceec5cd, d0e46250284abfb4e10234b148c1bc5d282b45fe, c38d794ef089f51b2f3ce65be7935b3b64bb4cd7, 5050386b9c638faff75fce7812bc2b363adc6d50, 4b85d13af9dd810572ca2e2b3ace7bd1e9cbc5e9, 506d95f253d194384d252ccda6c4e334b7924d0c, 810d1a0bfbfdc4aaa529aec7d34988572b66e2be, ccc4f1b50ecfd465c4d87e2a6d33e4054fffe842, 18385812b120c451684020f5b17534ef09972df8, 62cf6a7db83fe0e4886cd0194639f268fc597edc, 21694c9aa2c2244f9716877cb03c282ac95cb612, 086432f2c0dcb657c573d2135c7aa522cac92622, f44e53465d99531095e69c1a5f9e52d1064f46cd, 487d2ac19c6ed8558ad97e7e38957ec6d9b6a112, f86786fac3efbb66d653b27337d27576ddcaa295, 2d9cd0863dbdce2c715b720d7c1289484962c64d, 50a5eb57cf1eaff20ecc05a1e07b950b5fcbb430, 955649a9ccfc74b9a7919b8dc2a954c68626649e, 02deb7300afd0f53c01adc612d50ccb1fa7a3cc5, 292947a3f036f5c4df4f9cda6a6823ba17977fd2, 0be62206cee899b90232fcffc4820b9d392ee657, f32f223ccbc032d2fdb8d9c3b4951ce89a9beba7, 4effb92e2b05ceb502978c3a3c46c4cffb849692, c5604800f94001848f30bb8961588c470d536757]","[49ef43b4c20e748433389150243c1c788cc3fba1, 8d8d771877a94b29282c7d8a70dc5a566f27ab0a, ee683888447f24148e7efd2a37195e66353bfff3, 71c717bfdd1cd1ca867dfb6ef57edf5f86a39986]"
"2f2142c444efee8e11cbf3beb58961e22d0737e2","adf91455adfa473a69176e67ee8aaaaf38cc831b","aeb68f21071514e6914f841a2b21a0c2b920902b","c0c6a77789a3652bf4c604d184e7b6fd09837320","[adf91455adfa473a69176e67ee8aaaaf38cc831b, fd10ee459b8f087a1d40eb58d11f90b2c099b317, 55d7ad9ef3cd4902e42d722041b08de9b2819b67, 61fc81260f64068361cc090c38904cc65015caf2, 4efc08f035d3e16f50f25b55c6326ab9a64ed0bb]","[aeb68f21071514e6914f841a2b21a0c2b920902b, df3d85961936ec41044ca4ef87d617c18d127939, cf8acec4914dc227764ed4895d4bc9201a993234, f5fb51caf93d5beb4cf00d2cc18b2ce329566bb7, 2adcd30ede3235f37d5d2ed3827806bac8df25d5, d3571366f56529fd7d4ea43390c37c97bfcda3f7, 06fb9d85b489e868ac2b2eb36f21c202a69ab57e, b6d32f66e1e55d96928912e1736360400cd82289]"
"87a28a8bacbde1bba6d33326c8dabea980da985e","106894f7058646742b7ee6c921a3d5ecb033f243","45e6af8ab03dc7260412032950602aa4f0831e0f","d0e46250284abfb4e10234b148c1bc5d282b45fe","[106894f7058646742b7ee6c921a3d5ecb033f243, 59935cfc8f355e17ca76c2fd8fadd3471a304093]","[45e6af8ab03dc7260412032950602aa4f0831e0f, b7f7abab1e657e433fb1273640121db37decd951, 87d5048f16c78da1f167a35fe4bab6e8ba5f9de3, abf7972df49ea9ed84d319dcb9feaa5e8ceec5cd]"
"3705da6b9892cccf4cf81c8b09ba191193734bcc","53906c0a6c4682a61b80a4220e3a6e2602e95b5c","5506cedd640e73fae6602e8b0637e9312f7108fa","9222ae22241c633d88817e73506133377202601e","[53906c0a6c4682a61b80a4220e3a6e2602e95b5c]","[5506cedd640e73fae6602e8b0637e9312f7108fa, 86d36796c71d562e5716a6bf75a822375b620e01, 1bf18bb0319103147a232fd7a7587be6c7332098, 42e54f5c43d9fea080c4a85335178d9ea11b6960, acef4a07622c6b35cba9e8d28cd96b576a0f79cc]"
"3c99e71b41e7f58a857995f57d80c1b6139c1b59","70f8aae6ad57159e553317d71a133b4e1fde63e3","aeed481231528aa7f2a318e937d36516dba002de","7ff3eddca7fe6e4deaa2b8e94ca4dd90a9d483fe","[70f8aae6ad57159e553317d71a133b4e1fde63e3, 69fae3dea597da62e4036a681834962aa8574caf, f34fc62ae63941632849761777e9b12bba89dd21, c7fa1d922eda6b9c7e8d7515b57146258f7549ba, 688d6396ce28e8b71d063fc24cbe6e3ba0eaa73e, c3ab8baf6f079f3ac0c8791b68bda0f3c62aee60, 088ca809d7624c8ba465c0f2df33982f152c0baa, fda6e2d50051553599af76e61bd5fff35b6406a9, 857a3ec483a1ea027068f34b78768db67f41b96b, 7bb160533002dc9a2ad3c0544577a347310f97b1, 08a25878dbd737decd4ce336e936a95150862b13, 5c502b2e1fce389c6d7d2ade55696ca15816ddf1]","[aeed481231528aa7f2a318e937d36516dba002de, 9624706ed4d85b7e74df7d101a648ce64265595d, 8006a08c791ed4a408f230fa218542218286eaa1, 9e2fc3021cc3dbc81bda4b0e4217456ee278a90f, 7a95a742be9fe4a2f0b9f33b92c1404ebf4fa837]"
"69fae3dea597da62e4036a681834962aa8574caf","f34fc62ae63941632849761777e9b12bba89dd21","7ff3eddca7fe6e4deaa2b8e94ca4dd90a9d483fe","f66113676bea0a7a4a4ee5f27c96106e3152e14b","[f34fc62ae63941632849761777e9b12bba89dd21, c7fa1d922eda6b9c7e8d7515b57146258f7549ba, 688d6396ce28e8b71d063fc24cbe6e3ba0eaa73e, c3ab8baf6f079f3ac0c8791b68bda0f3c62aee60, 088ca809d7624c8ba465c0f2df33982f152c0baa, fda6e2d50051553599af76e61bd5fff35b6406a9, 857a3ec483a1ea027068f34b78768db67f41b96b, 7bb160533002dc9a2ad3c0544577a347310f97b1, 08a25878dbd737decd4ce336e936a95150862b13, 5c502b2e1fce389c6d7d2ade55696ca15816ddf1]","[7ff3eddca7fe6e4deaa2b8e94ca4dd90a9d483fe, 0bf5389249ba6acf968d674a20830e299aefa410, 3c9a4bc8ab57f31ed793cc340fbd8c37354764c7, be9dff4fd3ccfe246bf8ba27b766d99f3ccd1259, 71c9de99d6a84ada02815efb9a0d0c97e788d3cc, 3ce401a5000f6e38c8e69bbea187211adf15be12, 71998e6fc11581c82c1d5f783f07e6cdbb83dd13, 7bd0eefc3d795c42f525d49b5e14e9857c3ce0d0]"
