"https://github.com/poggs/tsdbexplorer.git"
"MERGE","LEFT","RIGHT","BASE","LEFT_COMMITS","RIGHT_COMMITS"
"f730c55ee5c39ef8e636508ad63dadbc3324d5cf","2ac313ef161942f086367cadf11574b887c2898a","d1b200cacac153b79b3d2e4263d80a0cefb65b08","01811740af501fca232df9ae9c66360d584b05f2","[2ac313ef161942f086367cadf11574b887c2898a]","[d1b200cacac153b79b3d2e4263d80a0cefb65b08]"
"e65ff4d401dadf8ba7d6bce689cffb559ccc8ee5","72a8e049b22e92cf5aaf24c402d66a44470fa26a","b5da592adb85314db27d7d104fd5617bdc49d68c","ec79a6ffaed5b6ff39e8a6efbe36e3d23a1b1696","[72a8e049b22e92cf5aaf24c402d66a44470fa26a]","[b5da592adb85314db27d7d104fd5617bdc49d68c, c77a11706d0711e71c0dcbab4156252f300df08f, e2fbc1eda403af4322dc5a8805d8672d365752f3, db0846c5798d874b15cc2e97653e566338d64f29, f3e603de29c2bf8373e174df4f8aafb90993d051, 7797d811a99faf365b31c05550e264bb96ba531e, 50df2120ac02086fa50b95a2f4150d8c6341d379]"
"a80f93e5d180ed82b27471dbf1cbe176dba46036","ac8378d5c01482f0c86fde6d53bc48419ef03e5f","0300b578dbee03a93ddad3bc74ee41b6c56af2bf","f34742094b637fbaeee29abf0388eae0a30e34ff","[ac8378d5c01482f0c86fde6d53bc48419ef03e5f]","[0300b578dbee03a93ddad3bc74ee41b6c56af2bf, 145e291ced2feb3f4698db24a0091f3adbcf0784, 655f31b8456f54f71ed2e1dd5d980c805166f1ec]"
"92186803c2f7987ddca16b56c4f63eb4cfdbfa02","99f053f32f6b9fb9e8fc03105f2ff7acc1a24d71","479221bdcefa47da25a7b3261ac2ed15466384a3","f9d2ab805c1c681b9dc209b66b480197e91e1023","[99f053f32f6b9fb9e8fc03105f2ff7acc1a24d71]","[479221bdcefa47da25a7b3261ac2ed15466384a3]"
"0267debbb9587fa709e022553a654cb588a5c017","e530ef606f2b622c0add172e0cddaa2d0e3968e1","7def2e2ab09e8a9136491f53f17e40b531c07db3","2f8b2981acddc26b4ea6a7a27901c0878c6f193a","[e530ef606f2b622c0add172e0cddaa2d0e3968e1, eff9488bf3a94ad16550d09d9c327e82d241f862]","[7def2e2ab09e8a9136491f53f17e40b531c07db3, dbd2575aa713af7999d7aac72cac3a31858f9c87, f7499d092c0e635bd2fa5890b88506c5c6fcf579]"
"b11ca60956cf7399f6c7b2fea4697d85cca33b6b","363881543af9d336c4f6fa2730df19fe265ef5ff","993bd21121a09a14a37326c0a6995c038b733718","a8abb82d375b0968ec2d76b6eaf7409e8a832e88","[363881543af9d336c4f6fa2730df19fe265ef5ff]","[993bd21121a09a14a37326c0a6995c038b733718]"
"65203329c51e790ea0a512d86e5d7e5755c7b4e2","03687a6a0da66d5b50811b66ce7a04d71b61b2b1","20202216f1dc9b16b4c546db6b823a75a2bd007e","32f4b3bbb29df76331664d7552f40cee143f12ca","[03687a6a0da66d5b50811b66ce7a04d71b61b2b1, ab8b676036bf2d818759da87339fceed3ef2d0bf]","[20202216f1dc9b16b4c546db6b823a75a2bd007e, f6d84467e778ebdd280a931570dc38e19d0ac759, 3e9476767660bc7c0b64cf6a926d53660a9bfd64, b0474ac3b3c41948de9ae74a6b57c8d9cf7da6ee]"
"20202216f1dc9b16b4c546db6b823a75a2bd007e","3e9476767660bc7c0b64cf6a926d53660a9bfd64","f6d84467e778ebdd280a931570dc38e19d0ac759","3a5daf9b416381feeb6400c5cf97a48e200709d3","[3e9476767660bc7c0b64cf6a926d53660a9bfd64]","[f6d84467e778ebdd280a931570dc38e19d0ac759, 32f4b3bbb29df76331664d7552f40cee143f12ca, b0474ac3b3c41948de9ae74a6b57c8d9cf7da6ee, 5e44113e64110da163f4be08bf2ec92c299d9b6b, b81bcb30eaeb212b30f009fd5e38713a6a82f172, d4a6d6fc4ca6d86e320adc13e63b1bd6d4fa95c2, a3f712adce8e05fb5a361cbc0757d0ceb81b5d53, 5f72349538f17a5d6f5ad3e599debfda216c023c, 97fb50f4972a1e6385d8ab9dc2f193824c82044f, 773a2fed80f5eb92e310c870b8c7e249d8ceb1d9, 4abce1bb5adde85b14c64ac68ceb7514240c0cab, d6a62cf18214d60bb4ec6c769de2dac090267b6c, 02ecdbc95d6700f392de9aa7826cd722f5fea404, eb7cc2df9de17185b067770ac32789a529df60fd, f9971bb2ca68d1ca17d8d602ac0be09eac575fb4, b138ae1ea3f28ccd1e75c9616af7bbdcaa2c4753, 1e8857b451251c1032998c4282feee57e103095a, 11e80bb3d93ced24f159e568f1889755a7320ae3, ce3e5ebbe18e2bef11cf2f1a25a50f169cc7a761, f9452519c3cdfe904db56c70f911d5c1201a28b5, 84049fe9b3b8f0201c84423a4e49bdfb432b7c2d, 65dfc456e8a81ffddc637ab5a422224626c91ac7, e901664a07d4a7db107e515dfd64acb1efc2c34d, 5b34c81f03735c2f2fbe03fe3578b5878a756cd0, 9872bf659a7349a194cc2010a053059b6f6943ed, 29b66eb76214f0c4b9dd753714ace0058cf6346d, 3d84cccbd8046e316d906a0d8d985e94c5684421, 4420284b65db2a6779d4f47b4bbb9c9157370a73, 202ce013d34761fa355487eac4b2c219ca5d9c29, f1ed0274a2abb322ae732d14d2acdc54a3517dd0, 3ce1a42283847650c16bf49ca6d29fda07a87eef, 4bd8cc9fa44d70fa91107a435830d6bde200cd9c, 22cb9f5dcc9ab138fc50e841f2f382dcce0af622]"
"f6d84467e778ebdd280a931570dc38e19d0ac759","b0474ac3b3c41948de9ae74a6b57c8d9cf7da6ee","32f4b3bbb29df76331664d7552f40cee143f12ca","5e44113e64110da163f4be08bf2ec92c299d9b6b","[b0474ac3b3c41948de9ae74a6b57c8d9cf7da6ee]","[32f4b3bbb29df76331664d7552f40cee143f12ca]"
"4abce1bb5adde85b14c64ac68ceb7514240c0cab","d6a62cf18214d60bb4ec6c769de2dac090267b6c","02ecdbc95d6700f392de9aa7826cd722f5fea404","eb7cc2df9de17185b067770ac32789a529df60fd","[d6a62cf18214d60bb4ec6c769de2dac090267b6c]","[02ecdbc95d6700f392de9aa7826cd722f5fea404]"
"f1ed0274a2abb322ae732d14d2acdc54a3517dd0","3ce1a42283847650c16bf49ca6d29fda07a87eef","4bd8cc9fa44d70fa91107a435830d6bde200cd9c","96b998f6a4c931f0b697440924bed36154a24e73","[3ce1a42283847650c16bf49ca6d29fda07a87eef]","[4bd8cc9fa44d70fa91107a435830d6bde200cd9c, 22cb9f5dcc9ab138fc50e841f2f382dcce0af622, 3a5daf9b416381feeb6400c5cf97a48e200709d3, 0cb623a947d1509faf3aec96eea237cb86552ad0, 9a32d28b1cf3f3fa1443ea91548c25539c26651d, 636972f43d6cee96a5e50b24c418374bacf01d05, 4850b8cb453c1270a634d24836ff81815811b769, ac7541df64cbf976cbd6da7b8cafd40af3d925f4, 420610ed127d2ad84024f7cf3eb2b5e9bad15c94, 910710558a3f8b7d71f2672c99b2cb4904285f94, d6c82ff62094970ac66f41d1053cd8cfbb09cd54, aab9f8aeaea8f33dc1797639f95e50941e511cf2, 7af579aad52767a31fc740f6a392277d27f07590, f7a9e38cc97586abe70af9a20530d766657aefd8, 3838d0c0b5e61b4e46b42edb0e49b5eea032358b, f63e1902b14bcb887604bd156fb0b6c0022aae3a, 9a8abb72a906a02dc41abd6c76a33a24516917b4, b0f1ddcee33df96280c2f4c0f16d6f39397fd4ed, 32b6eb2b7689b7981f4a7b46b506f6d3da2dc1a0, 96f13bc5a2c039f4adefef021b64a4bce2f24fa3, e4d598b8a366b95d2474c6d0705bc836600feacd]"
"76892c606985bb41eaca8439561444d598673529","7bf937b07cafc787562fefd4ce3d48cae133ac29","53162ac8cf50b0ba99c3640fd702923332f986a5","61c9f4d4e968cb1e03bc8e3d758756475ddafbaa","[7bf937b07cafc787562fefd4ce3d48cae133ac29, cba1c221bb02cf53554be11b620989ed54e5f609]","[53162ac8cf50b0ba99c3640fd702923332f986a5]"
"7d09d8f9e6230dd5a93abfb527a8a8e65628833f","e9c679993d5208e13d1452b5430aadac79ab4bab","80f5b2654787c40f80b1a8c3169e817dbc69771d","877003e60bc14b14799ac797d5c6c27e14ca97db","[e9c679993d5208e13d1452b5430aadac79ab4bab]","[80f5b2654787c40f80b1a8c3169e817dbc69771d]"
"bef3a85188ced6d1b1e2b418a8f29f8df655e17b","63f925d4e69298fbe1131a4a3adc4167e959fb4f","aa31127192ce0e7291c929e170fe2d0ce038a0fc","345e79b0e948ea17cba8adf0d1e9069ad6444306","[63f925d4e69298fbe1131a4a3adc4167e959fb4f]","[aa31127192ce0e7291c929e170fe2d0ce038a0fc, 2eb6400c40ca88003616d82c817dbf84386452e9, 0cb527008d0c89e3dcd326bf396765d8b52fa750, fc2b1f88f732229ae1226c11a8d5744cb6f27866, 3251b1c6edd24019cba392d6010a23ecae3cd8d4, 411bf29e9b9201d215df706cd19f9bcf2b321b40, 627712a0ee069eb9ee402920eb0adc90c0b53a41, 50e4813c7f8c1fe460a237b9298e5f8b65937f8f, d3b8cc917beef9b5cbea078c1cbe208e18010273, ddbe952d4be65235e20f6b8f56f3d8132b57b631, 83affbcd47c07a61ab9dce1c6a6dc9c8fc0a728a, 8daeb90e14aad1a7990ddb0d5b7018370dc16285]"
"ddbe952d4be65235e20f6b8f56f3d8132b57b631","83affbcd47c07a61ab9dce1c6a6dc9c8fc0a728a","345e79b0e948ea17cba8adf0d1e9069ad6444306","a69c5e8b38c705d3e6b29c1ef14bbffa09492442","[83affbcd47c07a61ab9dce1c6a6dc9c8fc0a728a, 8daeb90e14aad1a7990ddb0d5b7018370dc16285]","[345e79b0e948ea17cba8adf0d1e9069ad6444306]"
"c6194ad780616577e770b5db55f9edfdccc3dd9b","f2b887ae568b93655bfb0c60f73c47e6734acf08","883b24756d8d3ecae4962b2f8b614f3a9d554c8a","80629d2234b7614d231526f1b413927e1cba572c","[f2b887ae568b93655bfb0c60f73c47e6734acf08, 76ecf4ec4cc1bca8c8951835581eba3dace5d053, 5ece68dd43d15dc5f34eadd4285805ca59789f38, 7def18ae9546fb61fdb06dd561d4222b255e65cd, 846351ee547e81fef8132cdd14e7f488a71f5343, b79588f41e342d6d1de633d059475686735a5763]","[883b24756d8d3ecae4962b2f8b614f3a9d554c8a]"
"8680085bcac14d33ce797b06074d3e33cee332ea","cc8df83b59be31db608befff379e6e0c86a40927","ca76c98448cc97c276fb71150ef0af688d4a1975","4fa0d93f78ef23caa64cb9f27ab6674b944a1bb9","[cc8df83b59be31db608befff379e6e0c86a40927]","[ca76c98448cc97c276fb71150ef0af688d4a1975]"
"b09dc9a8f52b92735cc9c0c83ef089e4db427754","de63d33539e6357af455933b5b18a66e268714c8","ec1884a8908af01a6d479a0afa9535b8e4a6e9a2","db6d35c8bb97990ce2519af4ef0d6f41e4cf0b61","[de63d33539e6357af455933b5b18a66e268714c8, fd46aa2fcd523c5f01dfc48f91fd50f0f8dd734a]","[ec1884a8908af01a6d479a0afa9535b8e4a6e9a2, 0edf768479d6a15ec1f956c1af40ad11ecfe737f]"
"de63d33539e6357af455933b5b18a66e268714c8","fd46aa2fcd523c5f01dfc48f91fd50f0f8dd734a","db6d35c8bb97990ce2519af4ef0d6f41e4cf0b61","a0cce5970c6a8df24d2d540c38a16787d388ac90","[fd46aa2fcd523c5f01dfc48f91fd50f0f8dd734a]","[db6d35c8bb97990ce2519af4ef0d6f41e4cf0b61, 6285d1c71dbcb507fa077bf8129b87bcc8c51b94, 200e090f5dcd9cbfe5315616043017737e75a387]"
"a34659b8cb167eee63a0112fde0818636f3bf2b2","22182c3e183774e7bbaa12e81d87b151d242888d","984db63425e49287e35b5203def83310c5ca1821","afce75d9fdb248325b92ccfc06acce7c8a356dbc","[22182c3e183774e7bbaa12e81d87b151d242888d, e22e3a3458ebe59b75276c734a2976708b245b7e]","[984db63425e49287e35b5203def83310c5ca1821]"
"22182c3e183774e7bbaa12e81d87b151d242888d","e22e3a3458ebe59b75276c734a2976708b245b7e","afce75d9fdb248325b92ccfc06acce7c8a356dbc","9ceff79ccde28f0a17d11204505ef8d147771d1a","[e22e3a3458ebe59b75276c734a2976708b245b7e]","[afce75d9fdb248325b92ccfc06acce7c8a356dbc, b028672539c44d8172a813399d8c25d3c105a756, c80246ef4343e80939d7bca30263198483c18107]"
"6abca041090f8d968e0b798441dff89fbca868de","a4a83f6b4e843c4ebd24b99e0be9ee14abc01c0c","bb3bf5bd260626d41cdc72ea03644fdd6897f58b","6eb2e65cd729a650dfcb1a9c40469232eeaf9a6e","[a4a83f6b4e843c4ebd24b99e0be9ee14abc01c0c]","[bb3bf5bd260626d41cdc72ea03644fdd6897f58b, 39cc27de657ec7d393b16c03dc0cdb74baa33786, c75e8c03f19b384a0b255d3e775c61baa27066ea, 15dfe5addcaa877ddd94acc19ce365205702b1cf]"
"340c1563b4a15730d50ba246dde0672b6439681f","44c3e73cccfa4b2edd77f251b730c11852bd6543","f278f73853d075bcd511da522c0560fc92ed3cb4","ebb9a6f62e824a9cdab6ddfdfc3d9fed9030a0c6","[44c3e73cccfa4b2edd77f251b730c11852bd6543]","[f278f73853d075bcd511da522c0560fc92ed3cb4, b61f0e69c2a47918018618fcb2051e65b9ffe6b4]"
"ebb9a6f62e824a9cdab6ddfdfc3d9fed9030a0c6","0f9960e3c70089fff7077fc323f984ebe9a51ba9","210d3d97659c1275c39d3b06cd37562de3a3e622","5075e8291e46eb11a4de17a348ea1e45d4db48a6","[0f9960e3c70089fff7077fc323f984ebe9a51ba9]","[210d3d97659c1275c39d3b06cd37562de3a3e622, 224948ebb2c3994c4b150acdbd950f48fbf77b01]"
"73bbf8890b44e6f3abd684d8e61bfd2901c3119b","855839b77f809ddfe189eb46347e2fbcf9bde05f","e0878d30737cb9f2d1b2e464b98a76a4f4155d1a","463e917bc23f018b5434c5b521ddce4b2b15d34f","[855839b77f809ddfe189eb46347e2fbcf9bde05f]","[e0878d30737cb9f2d1b2e464b98a76a4f4155d1a]"
"463e917bc23f018b5434c5b521ddce4b2b15d34f","9bfc75cf6e577c38fdd9e344657b70f4dab38383","ca4aa4dffe76aa5d6ca71e7dc286cd26e471b8eb","9a8a7f6105f2a705e669663f081a8589ec5cfdef","[9bfc75cf6e577c38fdd9e344657b70f4dab38383, 61b134b0bfa8a79fdb360568492b28fb8e198ead, cf0bc870863c05c8e766a39bfad4d8e9821142b3]","[ca4aa4dffe76aa5d6ca71e7dc286cd26e471b8eb]"
"c7339db9365362eb48bb9d4fbe699cff242ac121","9340b7a2b4d6192db5c059e0a8d2c069e91e5d2e","34d8a262c1570d92a5f079de9a9f3d7109392319","94e5be7bd2bd69b91d3cbbf633e918cca1c125a3","[9340b7a2b4d6192db5c059e0a8d2c069e91e5d2e, e0d20d90c4a146743002aeea5f2614d01b010aac]","[34d8a262c1570d92a5f079de9a9f3d7109392319, 4cb4fb1334aa4de5d831dc5347558413e2c2e34e, a867141a7446cab316438df74a6b95560c5ed97d, eb3c3b2316d6879b9bed1f86c18bc17b7d69a4e5, a3afc0e16150a604a805e38245ac9cbf9bab7d3e, 5a7e6619ec2fc4e8792bb867f1336f8cf4aaebb9, f56e6a200d5b544b87cb87df7609915b93e06fcc]"
"9340b7a2b4d6192db5c059e0a8d2c069e91e5d2e","e0d20d90c4a146743002aeea5f2614d01b010aac","94e5be7bd2bd69b91d3cbbf633e918cca1c125a3","dab841868c490b11fd496db51facb03320f4efaf","[e0d20d90c4a146743002aeea5f2614d01b010aac]","[94e5be7bd2bd69b91d3cbbf633e918cca1c125a3]"
"fb2a2004307d0c83299235dbf1c0d6525029c4e7","2a7b322917f4b8881f86982e193ba70c8fad93e6","aef06e124bc319d8e0ace394eb3e7d291892a24e","45f56b40f66f853ef6b5bde9ef6b376b9e899b13","[2a7b322917f4b8881f86982e193ba70c8fad93e6, 7c2c81101cd21a5180d172c95a2482b3b7a8f2ed, 793a193c035fb3411bfc2ccdfcdd92c2b80a47a1, 24ab8f69128b3a918cfa62ed5ea4fa3b3a228670, 2e1e21deed8645b57d51797d40d5a064edd3d3e2, 74b77f5d9b5dd665f241679051625025ce4ca09b, 47a098241bd6e907ff69ff76a1d245c814ff5124]","[aef06e124bc319d8e0ace394eb3e7d291892a24e, 0fd49aef6ac125bc8e499a561123151d14e0db44]"
"7c2c81101cd21a5180d172c95a2482b3b7a8f2ed","793a193c035fb3411bfc2ccdfcdd92c2b80a47a1","45f56b40f66f853ef6b5bde9ef6b376b9e899b13","14fea7164c599ebd3132af44ee8aee2cd7fcaac1","[793a193c035fb3411bfc2ccdfcdd92c2b80a47a1, 24ab8f69128b3a918cfa62ed5ea4fa3b3a228670, 2e1e21deed8645b57d51797d40d5a064edd3d3e2, 74b77f5d9b5dd665f241679051625025ce4ca09b, 47a098241bd6e907ff69ff76a1d245c814ff5124]","[45f56b40f66f853ef6b5bde9ef6b376b9e899b13]"
"793a193c035fb3411bfc2ccdfcdd92c2b80a47a1","24ab8f69128b3a918cfa62ed5ea4fa3b3a228670","14fea7164c599ebd3132af44ee8aee2cd7fcaac1","32b1fa668d583faf3a7b407342f447a53d7c5044","[24ab8f69128b3a918cfa62ed5ea4fa3b3a228670, 2e1e21deed8645b57d51797d40d5a064edd3d3e2, 74b77f5d9b5dd665f241679051625025ce4ca09b, 47a098241bd6e907ff69ff76a1d245c814ff5124]","[14fea7164c599ebd3132af44ee8aee2cd7fcaac1, 071c4550475ce65bc3e6a3df2a00ba5788cc5679, a1aa7e2047c634b4291950592b862e8e429296c6, f6f9bcacefad01a5784f0ff624e4c36b8e523523]"
"24ab8f69128b3a918cfa62ed5ea4fa3b3a228670","2e1e21deed8645b57d51797d40d5a064edd3d3e2","32b1fa668d583faf3a7b407342f447a53d7c5044","b7b310f1ab78cff33ed9660f9db44a9a87853173","[2e1e21deed8645b57d51797d40d5a064edd3d3e2, 74b77f5d9b5dd665f241679051625025ce4ca09b, 47a098241bd6e907ff69ff76a1d245c814ff5124]","[32b1fa668d583faf3a7b407342f447a53d7c5044, f4654262abe4243c4690ccb2d33c02a413d9bd4b, 24666c1bb5c6a010fdc6827689d52e537a536fb1, 6804d0e06191c90d42d0d5511cc73090ee346020, ed073244db28ff6d46e4acb87de550b4ac3fe8b8, 5744b4e47c0cf2a0a13208d348f3c3c79cf6a869, 4fac0a99d3a4d9d84303b0e42db828b6b5b208a5, bc1e18e5eab175a8e46464b900e4ec0a35bd7a1f, f625cd74c58ba77977c004e7448c763093665ab7, 4bf2af898b0e2ab45468e0501e5918d4b2c5368d, 220f404ec63ff5a103f69bbbc7540c23147d4de6]"
"2e1e21deed8645b57d51797d40d5a064edd3d3e2","74b77f5d9b5dd665f241679051625025ce4ca09b","b7b310f1ab78cff33ed9660f9db44a9a87853173","61b5ed305af46c67fd138b2cea8ed9ff72d58944","[74b77f5d9b5dd665f241679051625025ce4ca09b, 47a098241bd6e907ff69ff76a1d245c814ff5124]","[b7b310f1ab78cff33ed9660f9db44a9a87853173]"
"74b77f5d9b5dd665f241679051625025ce4ca09b","47a098241bd6e907ff69ff76a1d245c814ff5124","61b5ed305af46c67fd138b2cea8ed9ff72d58944","e57041fafc65bdfdce0e02e16e29ce33683fc833","[47a098241bd6e907ff69ff76a1d245c814ff5124]","[61b5ed305af46c67fd138b2cea8ed9ff72d58944]"
"03aab4444be39cb183a05cdfe65e2adc8053e4b2","f370d08cdffa41814f199f530325e2dfcebcdb80","7e66b20478192a44b3ea8dad8f0cc26b134b45e1","9184c5ddae644d30a0f1da562a53a96288ce7351","[f370d08cdffa41814f199f530325e2dfcebcdb80, 5c6b956ed85a0ca909be55ffdd940ae26e476fe4, 6f1025301ae8aaa598fd994436d84a1cb522877d]","[7e66b20478192a44b3ea8dad8f0cc26b134b45e1]"
"5c6b956ed85a0ca909be55ffdd940ae26e476fe4","6f1025301ae8aaa598fd994436d84a1cb522877d","9184c5ddae644d30a0f1da562a53a96288ce7351","b5aa5868154613fe58a0f84a5948b231242c8634","[6f1025301ae8aaa598fd994436d84a1cb522877d]","[9184c5ddae644d30a0f1da562a53a96288ce7351, ee3f56dfad98f955c0966a83b0d01ba421aaa6d7, 8095c51584267f521e765f11614762f5f59024bb]"
"67af82a8bd724a109ab47e95ff3c2ffeff7712cb","fc9cc229431015122d61b2bfcd9c8dff7e723256","674572283dd82ca70151e67cfddf85a7445128b7","01ab1e2104aeb9b20e0193349d8e11a39a2013cd","[fc9cc229431015122d61b2bfcd9c8dff7e723256, ee5fca2498d915f296fdca91d88639008fdb4898]","[674572283dd82ca70151e67cfddf85a7445128b7]"
"e7035bb833c1cfcc908f636d022d56f10ad45be1","2b2de77b215502bce294c336d448feb5454928ee","5862848d22944b2f546118ded47d270bbb5fc2c1","6e738d5b9cef150ed670c891bb63dc0a5545ff0b","[2b2de77b215502bce294c336d448feb5454928ee]","[5862848d22944b2f546118ded47d270bbb5fc2c1, e7982b10fc16168343707f40a9fea0586edcaeb8, 6bfbb5fa721f2b37ffed0c891bb4b5af639dfa9c, 4ce3344f06701240157c0d19cac9ea48c9b8444f]"
"6bfbb5fa721f2b37ffed0c891bb4b5af639dfa9c","4ce3344f06701240157c0d19cac9ea48c9b8444f","6e738d5b9cef150ed670c891bb63dc0a5545ff0b","41c5b78a1d939acc6bbebfb44172028a3fb43a1f","[4ce3344f06701240157c0d19cac9ea48c9b8444f]","[6e738d5b9cef150ed670c891bb63dc0a5545ff0b, 93de6c60a69e697ed652595534c18afe1b4d3895, c4e664db1e2352140f4eafc9fc7ac9fa2b6d776b]"
"014a167a898e0bc9e365c01d3794462c13686a10","e0e9a3caa04fbc8dd7902e3881a830c27bd78bed","654f533906d6a7df25f89df36d3b18eb13bcb5dc","eb13b4c66b02033976c9865341e38ca273b0bd66","[e0e9a3caa04fbc8dd7902e3881a830c27bd78bed]","[654f533906d6a7df25f89df36d3b18eb13bcb5dc]"
"65ad9919694386d14cac861ac488ad178b8d65a7","4627d78ff06fea6a66c7248ba472f518dd4c3cf9","c92a8702fb8c6af5a8e2c1227b8c5f783ae7b16b","951c4c93e35ef6b219362609d60c4be716e99e40","[4627d78ff06fea6a66c7248ba472f518dd4c3cf9]","[c92a8702fb8c6af5a8e2c1227b8c5f783ae7b16b, 722baef9c7a48cdfd723919a8b5b22d371a9e14d, a242ee7b941eb6c0001cd76e5490fd2717f5895b]"
"95d3f04a712253891e8dbf4feba09b1c23e41a54","4e85bd3b473440614a98eb51b8e85ae9d84da5b3","946abdf9e2eb53b8bfa75987be3b4d811919e8aa","cea19277edef19ff4ce97e527c41067843254387","[4e85bd3b473440614a98eb51b8e85ae9d84da5b3, 07348f64b21342841f4728a2f1ee872a864ec153]","[946abdf9e2eb53b8bfa75987be3b4d811919e8aa]"
"ebce5b4d27821263c65ed984f51ce6695fed8b43","fa597987c62f6a35f5a5d380c970964c77b6a8b5","35def9bd30461c66e7e45870c803a275d43a8c06","59b5412a8416e70d3234ee5ac167e584b0b42a24","[fa597987c62f6a35f5a5d380c970964c77b6a8b5]","[35def9bd30461c66e7e45870c803a275d43a8c06]"
