"https://github.com/technicalpickles/jeweler.git"
"MERGE","LEFT","RIGHT","BASE","LEFT_COMMITS","RIGHT_COMMITS"
"2ab86309fc2494ba2a4e9c86c514742cd4f681c2","079955647303791c9bf5ce726d4cb3d377f8590b","3842901080220388c674d532ff93783a46730498","f1a62a72ca08a0f707a83541414ff9d36c875c90","[079955647303791c9bf5ce726d4cb3d377f8590b, 159ab748c15c9e25aaa8b7536a6fd3d5ef4dc740, 85f9d8d0ed2d4f9c309b009af1b431d29c1330fb, 0be3002a2a601d0ab0fc56bd50e6a4d84f444746]","[3842901080220388c674d532ff93783a46730498]"
"079955647303791c9bf5ce726d4cb3d377f8590b","159ab748c15c9e25aaa8b7536a6fd3d5ef4dc740","0be3002a2a601d0ab0fc56bd50e6a4d84f444746","afab16b95fbac811f3ab233e058d39eb4e300284","[159ab748c15c9e25aaa8b7536a6fd3d5ef4dc740, 85f9d8d0ed2d4f9c309b009af1b431d29c1330fb, f1a62a72ca08a0f707a83541414ff9d36c875c90, e5606b10e1c91a5444f049b68897cd6eee347101, cffed7035a3510341390670cd8c59293d12145d3]","[0be3002a2a601d0ab0fc56bd50e6a4d84f444746]"
"6bd5d787a43d964d0e1c244f3f028ae8685b1c5f","3793d7f7065c8f84cd20b297e72b5a5a64e4cd65","fa2564bde2a9d2d8c93981242249bec012887e90","20ae6a869ac588d479774cb60df896cd6138a6bb","[3793d7f7065c8f84cd20b297e72b5a5a64e4cd65]","[fa2564bde2a9d2d8c93981242249bec012887e90, eea81ef094e80abe70e86fbbcc47531b596a4c9d]"
"294f8134ba919b2ce9ea25f346d9a7ce9af6077e","ba3c7f3483f7adaadebb246550bd532a5caefdf3","40b0b5d2898d17f8bf2f3e69cd1dfc901f46169f","6e1fc653b79a85a87b20274fa3e5d28dca8c9e15","[ba3c7f3483f7adaadebb246550bd532a5caefdf3]","[40b0b5d2898d17f8bf2f3e69cd1dfc901f46169f, 38b107bdee46f6f2fbefc9b5cbf81be2b4150472]"
"0d8b49456ccd7aabe763d57d4290bf9998a9f9ba","47e1623e582c71c9f864dbcb204519ae8995fc5c","8d7db661453a9948c328eddc886443968f0175b6","97d76a23250fb5ac51f3b13e28183c8f59b2aabf","[47e1623e582c71c9f864dbcb204519ae8995fc5c, 398a36531cf8601744ce79ca6a9421cd250dc907]","[8d7db661453a9948c328eddc886443968f0175b6, cd45860a49838b937e2f9af395fc6fbded35c3ca]"
"ec91e05d06f2835ee30568fa42b5fa7d451444b6","4aa0a2b86b1e701f09f6f19b6cf60e43d2922c20","85ff945489c406d5797472ccc8772592ee7a9ce9","39412659e166176e6a5d564c9cac94b2bb4009c0","[4aa0a2b86b1e701f09f6f19b6cf60e43d2922c20, a5184bada69dd89959f2b068ab88020e0cd2759d]","[85ff945489c406d5797472ccc8772592ee7a9ce9, f7e89924cfce42e5129975e05b62f5fe3795d627, 362e96b8b2d96f729d43c36292b55097485be89f, 461150c4ad3a3a408a34ecdd97df1d1d051f5dd0, ca94ec62ca7990a5c22ee0b378c5bba57ab7b0fd, 5897a513cde6e0a14bdecbae97c4bef622a5a8f4]"
"85ff945489c406d5797472ccc8772592ee7a9ce9","f7e89924cfce42e5129975e05b62f5fe3795d627","5897a513cde6e0a14bdecbae97c4bef622a5a8f4","922fcd5debfe50352868c7a5d49a95d74ba9988e","[f7e89924cfce42e5129975e05b62f5fe3795d627, 362e96b8b2d96f729d43c36292b55097485be89f, 39412659e166176e6a5d564c9cac94b2bb4009c0, 7b1017ceab4e2602d14d6084241b740771a2c8c8, 461150c4ad3a3a408a34ecdd97df1d1d051f5dd0, ac3d1f99cc28fba1588851ed1b2f613429a6eb09, ca94ec62ca7990a5c22ee0b378c5bba57ab7b0fd]","[5897a513cde6e0a14bdecbae97c4bef622a5a8f4]"
"f7e89924cfce42e5129975e05b62f5fe3795d627","362e96b8b2d96f729d43c36292b55097485be89f","ca94ec62ca7990a5c22ee0b378c5bba57ab7b0fd","922fcd5debfe50352868c7a5d49a95d74ba9988e","[362e96b8b2d96f729d43c36292b55097485be89f, 39412659e166176e6a5d564c9cac94b2bb4009c0, 7b1017ceab4e2602d14d6084241b740771a2c8c8, 461150c4ad3a3a408a34ecdd97df1d1d051f5dd0, ac3d1f99cc28fba1588851ed1b2f613429a6eb09]","[ca94ec62ca7990a5c22ee0b378c5bba57ab7b0fd]"
"362e96b8b2d96f729d43c36292b55097485be89f","39412659e166176e6a5d564c9cac94b2bb4009c0","461150c4ad3a3a408a34ecdd97df1d1d051f5dd0","ac3d1f99cc28fba1588851ed1b2f613429a6eb09","[39412659e166176e6a5d564c9cac94b2bb4009c0, 7b1017ceab4e2602d14d6084241b740771a2c8c8]","[461150c4ad3a3a408a34ecdd97df1d1d051f5dd0]"
"922fcd5debfe50352868c7a5d49a95d74ba9988e","5c8eb501fc2b08a88e4981e1559b5c9633d6ce78","2b9ac6f3d2a46c71b97bf87c7f30a554d5d2627b","f2128d70918d690a5226e176e00bbca51ce85646","[5c8eb501fc2b08a88e4981e1559b5c9633d6ce78, 6318d1e54f408690ba92d9187813ec0a477cdad3]","[2b9ac6f3d2a46c71b97bf87c7f30a554d5d2627b]"
"a66c30ea6658ff54f1969d3417ca2fad18343912","754268d448aacebe163fe207a63594350a178cdf","3a7af6982d685fb3c172cebb94c2469e0fc12509","b6567eb60796b1d030efe97bf020729db2454d6c","[754268d448aacebe163fe207a63594350a178cdf]","[3a7af6982d685fb3c172cebb94c2469e0fc12509, 4efedf25ca6ca1758c249f46a32fd9d1e779c469, 6294dffde155bf218d58460aad543ed871ac87a5, 688fc316ab445e7c560a4c71cce7a7e8f1199f26, 29d558457c79a9f54628bd588e24062c5d05113d, dbe60f4e159e6f72dcc54d18d500a963fd3ed93b]"
"4efedf25ca6ca1758c249f46a32fd9d1e779c469","b6567eb60796b1d030efe97bf020729db2454d6c","6294dffde155bf218d58460aad543ed871ac87a5","47f9fc1a27d27e2d02e5d720f27a55f5d33cc4e3","[b6567eb60796b1d030efe97bf020729db2454d6c, 4bd2b8bef25e46d09fa4721b356c7149625e6ea5, 2d647ca6c3fe8fd5f5f92759468928572c7cd64d, 52f33d0dc1320988b06219c6bb35c02449b87c23, 943194c7b835eec7058dfd3f0b0c43eec9096051, c5a7625924fdbf9dfa8799f7e2867c774bf383d5, 3276035f64b3111379b654c3d71b560240255b9c, 9d57968434ab091f149d4f622790387e45343684, fb76657305bbf84e6554c04490bbeae41f12c662, 48b0ec625956797a6c585d0da16e5ff5a47ee652, c0e945c2ae7e8a5783ba724d068de1a039119b21, f20c8f285661547ae1a8212609ae347c0f6808d6, 486f7bf57fe43e62ebbd7a3e03924246caccf340, 76f4ff2d2fbc80f6d9b1eaf3223468131c68b030, 6a5fe2f20cb79ac2925b806175c87b87d441c396, d1f7b595f7c144f7a4cbb11ff711e5955f6f74d8, a220d93f464935fd0cb9f92378476177bef5aee2, 3f0c83187327d96a5945a00cc371325273e3c9a8, e488050c8369d2f0de332879f14d081a10a74f0c, a5d16c6ec0c4c07547ca98cf620cfb4b97a52ecb, f7e0a55a207d83f56637dd8fbabf26a803410faf, fc5814833c65e4cb1909103e67142eea7bc0e830, 037064cf54ecd12fab8254394af3beaecae34551, f72e398eccd8ac5d275da551856a3a5c332ac8b1, e63de8c2167992ba4be32000b24f93c3a860b437, cc530a6410f11f58176faec344051f56f0a90028, a9df64a0a06caa42eb91a6de901582916c12e012, 0d2fa5a01aa213f15316c87854556f50b0df8cee, d49392379496bc8695d2b5970b7e13c52af5c8f4, 7eb7f82f7112218e0f8756eaaf0efe752c743e47, d79f221d95f9d306971415cf3c3a633372262941, db6ef6f10245efb9da0b23d4c7816f78bd67cc40, d653272fa5be43b2cdfd28d52273c3ba1f655bae, fceed73113543dbb0724d70a8453657d713d293b, 9191312e40b5511bdd3813e84a683c646ce7648e, 562b11f9c595dc7af232bd7e183721b42ee82018, a5a008ba9c4e9558fabdfa003a22b07f5d1298c3, 94c51d2b73d86ff5211f7eb68c23d8e2e7eaf924, 5442abfd47109b69a773e85de7e2cae9ad22254b, eeccb1a04a497ee2c6cff544e5fb311faa04ffdc, 5a4967d5ee2b2f5818842185028e9251d2abe198, 7e92c3a861f41536a680373d49bdacfa9759e302, 7f83a929d66db70ad91119f12a8c81eeaf30dab3, 0d97992742f7dafc547f6046445de8f55c9459eb, 30027b575220fd8f1840bd4ac991952c008960d9, 70dea503af4c826ac4cfad143b8eadde55bbaa13, e0fc4ba01f746a86facf68a7f5adbedd7d38d762, 03cf343c5e1e488b329015f6011f6cb451611c0c, cb610becd9563ba9efcb10532d8add29a37bece1, 2a640fedd2d360d038490d383fff7dbfa9fb3e6a, 644c050c33dfee9e3ad45d68f634066da38e01db, 455e4dd872969ec02a14b6905f6ac8c8bbfe9704, da70ac8b4bfe7fb5a19035878e8a71df79c8d429, 9e5d0e5bddd1041cc1849352f935fdaddb43f59a, f57dabc0a16940a99119a75027855002164d52c1, ec251413e7263569831b283fbfdadcaf5079c1ad, af4fa4fff39ca71725844ccdf413c65abc2f5cca, 109c92d67baf5f55a627588a2cc16db171888ae5, a6a204f974a109ef2a2ca8fe477558dabab1ead6, 42b17a82d05081270c3d2f62aa4b4255abb04791, 83f76bdc54fe361c747c90568b2e12730fb514d3, b1b2263804cc1dacfe90b953b4b1845209015f2b, 0c1a68433e9f8bbc09cabc5e03ef2dac5b93c1b1, b8e36dbb0a4bf5011160fd655825a4b21566f9fd, 243a826268a6191296e132ea4199ec543d5df6ed, f9843e0a66f3b4040b542ef386cc46959775bbbd, 39d68bd4f2b4701e62a5fdf2c623fa0c494c2364, bf6513c33aee628d2573be3e173df0e401dcbcf6]","[6294dffde155bf218d58460aad543ed871ac87a5, 688fc316ab445e7c560a4c71cce7a7e8f1199f26, 29d558457c79a9f54628bd588e24062c5d05113d, dbe60f4e159e6f72dcc54d18d500a963fd3ed93b]"
"f7e0a55a207d83f56637dd8fbabf26a803410faf","037064cf54ecd12fab8254394af3beaecae34551","fc5814833c65e4cb1909103e67142eea7bc0e830","e63de8c2167992ba4be32000b24f93c3a860b437","[037064cf54ecd12fab8254394af3beaecae34551, f72e398eccd8ac5d275da551856a3a5c332ac8b1]","[fc5814833c65e4cb1909103e67142eea7bc0e830]"
"a9df64a0a06caa42eb91a6de901582916c12e012","d49392379496bc8695d2b5970b7e13c52af5c8f4","0d2fa5a01aa213f15316c87854556f50b0df8cee","9191312e40b5511bdd3813e84a683c646ce7648e","[d49392379496bc8695d2b5970b7e13c52af5c8f4, 7eb7f82f7112218e0f8756eaaf0efe752c743e47, d79f221d95f9d306971415cf3c3a633372262941, db6ef6f10245efb9da0b23d4c7816f78bd67cc40, d653272fa5be43b2cdfd28d52273c3ba1f655bae, fceed73113543dbb0724d70a8453657d713d293b]","[0d2fa5a01aa213f15316c87854556f50b0df8cee]"
"d49392379496bc8695d2b5970b7e13c52af5c8f4","d79f221d95f9d306971415cf3c3a633372262941","7eb7f82f7112218e0f8756eaaf0efe752c743e47","d653272fa5be43b2cdfd28d52273c3ba1f655bae","[d79f221d95f9d306971415cf3c3a633372262941, db6ef6f10245efb9da0b23d4c7816f78bd67cc40, fceed73113543dbb0724d70a8453657d713d293b]","[7eb7f82f7112218e0f8756eaaf0efe752c743e47]"
"d79f221d95f9d306971415cf3c3a633372262941","db6ef6f10245efb9da0b23d4c7816f78bd67cc40","fceed73113543dbb0724d70a8453657d713d293b","9191312e40b5511bdd3813e84a683c646ce7648e","[db6ef6f10245efb9da0b23d4c7816f78bd67cc40, d653272fa5be43b2cdfd28d52273c3ba1f655bae]","[fceed73113543dbb0724d70a8453657d713d293b]"
"9191312e40b5511bdd3813e84a683c646ce7648e","562b11f9c595dc7af232bd7e183721b42ee82018","bf6513c33aee628d2573be3e173df0e401dcbcf6","47f9fc1a27d27e2d02e5d720f27a55f5d33cc4e3","[562b11f9c595dc7af232bd7e183721b42ee82018, a5a008ba9c4e9558fabdfa003a22b07f5d1298c3, 94c51d2b73d86ff5211f7eb68c23d8e2e7eaf924, 5442abfd47109b69a773e85de7e2cae9ad22254b, eeccb1a04a497ee2c6cff544e5fb311faa04ffdc, 5a4967d5ee2b2f5818842185028e9251d2abe198, 7e92c3a861f41536a680373d49bdacfa9759e302, 7f83a929d66db70ad91119f12a8c81eeaf30dab3, 0d97992742f7dafc547f6046445de8f55c9459eb, 30027b575220fd8f1840bd4ac991952c008960d9, 70dea503af4c826ac4cfad143b8eadde55bbaa13, e0fc4ba01f746a86facf68a7f5adbedd7d38d762, 03cf343c5e1e488b329015f6011f6cb451611c0c, cb610becd9563ba9efcb10532d8add29a37bece1, 2a640fedd2d360d038490d383fff7dbfa9fb3e6a, 644c050c33dfee9e3ad45d68f634066da38e01db, 455e4dd872969ec02a14b6905f6ac8c8bbfe9704, da70ac8b4bfe7fb5a19035878e8a71df79c8d429, 9e5d0e5bddd1041cc1849352f935fdaddb43f59a, f57dabc0a16940a99119a75027855002164d52c1, ec251413e7263569831b283fbfdadcaf5079c1ad, af4fa4fff39ca71725844ccdf413c65abc2f5cca, 109c92d67baf5f55a627588a2cc16db171888ae5, a6a204f974a109ef2a2ca8fe477558dabab1ead6, 42b17a82d05081270c3d2f62aa4b4255abb04791, 83f76bdc54fe361c747c90568b2e12730fb514d3, b1b2263804cc1dacfe90b953b4b1845209015f2b, 0c1a68433e9f8bbc09cabc5e03ef2dac5b93c1b1, b8e36dbb0a4bf5011160fd655825a4b21566f9fd, 243a826268a6191296e132ea4199ec543d5df6ed, f9843e0a66f3b4040b542ef386cc46959775bbbd, 39d68bd4f2b4701e62a5fdf2c623fa0c494c2364]","[bf6513c33aee628d2573be3e173df0e401dcbcf6]"
"03cf343c5e1e488b329015f6011f6cb451611c0c","cb610becd9563ba9efcb10532d8add29a37bece1","109c92d67baf5f55a627588a2cc16db171888ae5","b8e36dbb0a4bf5011160fd655825a4b21566f9fd","[cb610becd9563ba9efcb10532d8add29a37bece1, 2a640fedd2d360d038490d383fff7dbfa9fb3e6a, 644c050c33dfee9e3ad45d68f634066da38e01db, 455e4dd872969ec02a14b6905f6ac8c8bbfe9704, da70ac8b4bfe7fb5a19035878e8a71df79c8d429, 9e5d0e5bddd1041cc1849352f935fdaddb43f59a, f57dabc0a16940a99119a75027855002164d52c1, ec251413e7263569831b283fbfdadcaf5079c1ad, af4fa4fff39ca71725844ccdf413c65abc2f5cca, a6a204f974a109ef2a2ca8fe477558dabab1ead6, 42b17a82d05081270c3d2f62aa4b4255abb04791, 83f76bdc54fe361c747c90568b2e12730fb514d3, b1b2263804cc1dacfe90b953b4b1845209015f2b, 0c1a68433e9f8bbc09cabc5e03ef2dac5b93c1b1]","[109c92d67baf5f55a627588a2cc16db171888ae5]"
"f57dabc0a16940a99119a75027855002164d52c1","ec251413e7263569831b283fbfdadcaf5079c1ad","af4fa4fff39ca71725844ccdf413c65abc2f5cca","b8e36dbb0a4bf5011160fd655825a4b21566f9fd","[ec251413e7263569831b283fbfdadcaf5079c1ad, a6a204f974a109ef2a2ca8fe477558dabab1ead6, 42b17a82d05081270c3d2f62aa4b4255abb04791, 83f76bdc54fe361c747c90568b2e12730fb514d3, b1b2263804cc1dacfe90b953b4b1845209015f2b, 0c1a68433e9f8bbc09cabc5e03ef2dac5b93c1b1]","[af4fa4fff39ca71725844ccdf413c65abc2f5cca]"
"ec251413e7263569831b283fbfdadcaf5079c1ad","a6a204f974a109ef2a2ca8fe477558dabab1ead6","83f76bdc54fe361c747c90568b2e12730fb514d3","b8e36dbb0a4bf5011160fd655825a4b21566f9fd","[a6a204f974a109ef2a2ca8fe477558dabab1ead6, 42b17a82d05081270c3d2f62aa4b4255abb04791]","[83f76bdc54fe361c747c90568b2e12730fb514d3, b1b2263804cc1dacfe90b953b4b1845209015f2b, 0c1a68433e9f8bbc09cabc5e03ef2dac5b93c1b1]"
"2ccd99d28b5cd3a4b1ca4d5f32e32e197ea9f8a6","388505bc017cff3ab87d212d2c3bab9162840387","2f1eaa467c767011f2ae9472b6fc3c02ca301b04","46d3f58bfc2c13c6a8c27e190b397b79ad3e9499","[388505bc017cff3ab87d212d2c3bab9162840387, b95a986833619a812b3c122919844f458d66e76e, 789f0a98b9bad15e01b3e8a06f616f7a0df18785, 7c97be68dc540211dc668e834b86eabfef02225d, f4a8d0f4fffb1db8614881f7be418f76726a2ec5, ad1817982ff2cad1275abdf377d0f3c883e55ed2, dd80e16eac7c82bbc7faefbdfcbd0327dd165abf]","[2f1eaa467c767011f2ae9472b6fc3c02ca301b04, 0a3ed6210c20947a652a4f68d78883b5927deeec, be87afabeeb51deef0c0ce465f7d8cb9c8558ce6]"
"81e8bdf8ee2ad62d12b87c05c6254242ba5566f8","2254b6d24e7a50f56fb1e3f3595abe34b0bbf39d","df2964dc57160dac872eacfb047882fea1d84d9c","4e3c34c2efa876ecdc5e421f3453133a42364530","[2254b6d24e7a50f56fb1e3f3595abe34b0bbf39d, 8d8c311f4697943724eb87bd1dff0b6b3db543e3, f7ceb1815555a62bcd525708c126f19ebcf99390, ed663cb037bca91d03c695ca5bd7fabc308c5462, f172c35ba89eecc66b72f2f80772adc9403d3630, 0f7ed8348dfe116a60addaa62ca7f2e56fb54da2, 61e565e271f1b90fbd2479d59f626a04956be377]","[df2964dc57160dac872eacfb047882fea1d84d9c]"
"2254b6d24e7a50f56fb1e3f3595abe34b0bbf39d","8d8c311f4697943724eb87bd1dff0b6b3db543e3","61e565e271f1b90fbd2479d59f626a04956be377","4e3c34c2efa876ecdc5e421f3453133a42364530","[8d8c311f4697943724eb87bd1dff0b6b3db543e3, f7ceb1815555a62bcd525708c126f19ebcf99390, ed663cb037bca91d03c695ca5bd7fabc308c5462, f172c35ba89eecc66b72f2f80772adc9403d3630, 0f7ed8348dfe116a60addaa62ca7f2e56fb54da2]","[61e565e271f1b90fbd2479d59f626a04956be377]"
"8d8c311f4697943724eb87bd1dff0b6b3db543e3","ed663cb037bca91d03c695ca5bd7fabc308c5462","f7ceb1815555a62bcd525708c126f19ebcf99390","4e3c34c2efa876ecdc5e421f3453133a42364530","[ed663cb037bca91d03c695ca5bd7fabc308c5462, f172c35ba89eecc66b72f2f80772adc9403d3630]","[f7ceb1815555a62bcd525708c126f19ebcf99390, 0f7ed8348dfe116a60addaa62ca7f2e56fb54da2]"
"13a86e7fe8fd376f2b411a23ffa8c60315b3c25d","017f76a10f881b9b3db74687c72f76ab304a443b","440864a0afa660a63bc5c00ef4e0b6b4014a6118","b9ce7eaa45011caedcc5ea2bc46609cc9a0de497","[017f76a10f881b9b3db74687c72f76ab304a443b, 6386d005eb5f00747dbb74982a650c473cd8fa59, 13021b2352d4f3a28c352b75a2ff32615311c48b, 51a027b163d4754d55bd4f1de91044c935d19054, 3b8d67aaf9f2089cfe7c6e46b055e3bffc3d5020, d8ddd96fd6bab2ef33eb5b867cb40ccb08a59820, a929197ce5cc4d6cd996780e7d590a91d04ce477, 01a1e1ba84eaca97ae39d931e00b77a5e5f793d0, 3a6b6a8417c894830cf3fd2a39f0a23934eab971, 0e3fe924be80cfd57d2e73e6e2a3ebad3ddb2427, 996863832a7486618f488501c6fc335b933d4828]","[440864a0afa660a63bc5c00ef4e0b6b4014a6118]"
"6386d005eb5f00747dbb74982a650c473cd8fa59","13021b2352d4f3a28c352b75a2ff32615311c48b","3b8d67aaf9f2089cfe7c6e46b055e3bffc3d5020","d8ddd96fd6bab2ef33eb5b867cb40ccb08a59820","[13021b2352d4f3a28c352b75a2ff32615311c48b, 51a027b163d4754d55bd4f1de91044c935d19054]","[3b8d67aaf9f2089cfe7c6e46b055e3bffc3d5020]"
"1d2b817150f24d9bfe544c3f59913c9026d3c90e","8dc6ca7191895504f7eaf5231e256cf4873d102a","845ce5030684e9ddc79f39ff07b61d1982ba771e","14c65cb3def712d01269666b27ef56fcd53aeeda","[8dc6ca7191895504f7eaf5231e256cf4873d102a, ea0465a8ecdc48e1bba2e9be94a0bf72a42e946f, 8fdc49518b353faccba6a1ea08e5e43d40519a54, b0a2fcc6bb65fdc6112a843da1e5f99c1d86cf2d, abb8886b7e7bfa34c7b6387a5f6eaa91a21372d0, 3c09421f1f93e7a3802c1f377ad522fd7db1221e, 7965b025bf553d66ab702a8114206f85a3e0abc4, ea6297be296025406664713bed23f2d4936edbd2, 85de65152e05d2445f6ab6ee53379b3f0d16caea, 174ebc2c0ae0fcf1065311d5c26e21f865f0796f, 2d17b36210af69bec5bc570969cbcacf351cc22c, b7e63c63be79b4c8baa30f9158c6de24cce0ebfa, 2b41d5ef4e035d88eacebeb4fc11c4013406a490, 1a61caecf8552863700851e2933774b1a1db5b7e, 282f63438dfd4562f74fa48f3606e80b61fbb985, 2d72c594bb3229fc42f2c3bf82f9d9096b2afe89, e5c0ec249d2fcac551a1826acb2c8d4fd2e44615, 3102b7614b088b1617c33c1e58c65a0c06c5252b, d13225ba166689e600dae105f4c648f0c44c444e, eab9c51562747c9e8b7fb868d56ab807af88b9e2, cc1d0ce86f347b55be4952b4f8870f26f22f2102, 2522102f3465467330ec9fdbc52c9c05aa048a3c, 014f7ac36c9143ab5e859fcbbbed8c9fdcecd383, 993aa15b67f95913c0693dd98a933f2361bb42a9, cce75f9f7051951867024a46bfc655b4c4e4ed49, 3ca58388c8eb7c0cc84fa4449011b5d8729c55c1, 42e8443d5720ef22990355c884b1d9a85379c0cf, e44296072e2d4b58395775c5c08255c5e0734ae4, d06d74fd6945fc3e398773bc5ee7c238d9589d0a, 03a78f35f413914ed6cbea5e61ce1cd1919ff0c7, 77f3e0fb77ceb51db390175f4a9c68a64d45f36f, 4dc2b9068ec17d32933beab2d256ed0f9660e4a5, 4410123ea896f51a57378f44e0a46df5d015a33f, 68c54875c4f73b0975ab0706afda946b9333f8b7]","[845ce5030684e9ddc79f39ff07b61d1982ba771e]"
"77f3e0fb77ceb51db390175f4a9c68a64d45f36f","4dc2b9068ec17d32933beab2d256ed0f9660e4a5","4410123ea896f51a57378f44e0a46df5d015a33f","68c54875c4f73b0975ab0706afda946b9333f8b7","[4dc2b9068ec17d32933beab2d256ed0f9660e4a5]","[4410123ea896f51a57378f44e0a46df5d015a33f]"
"df49c2c7408cb73f509fa131a10d19c66829e281","d3c051356596b4a5f2823736e6885213c387e051","6428d8deba1a11a4e3061abe9b8c7b5a34d81eb1","284dd195300cc1435d23fb9bbf321f48e4cfd449","[d3c051356596b4a5f2823736e6885213c387e051, 463d95ce4f2aaf8ee5e1716668784791b3dfbce7]","[6428d8deba1a11a4e3061abe9b8c7b5a34d81eb1, 66cc97ce12827876d44c8e7824d6ea3289cb67ba]"
"63bbaf073dae1452bb818c50716c60bde8ea6714","fb05ff2e52a66bd2b5328566ed4833de52e23768","ab30712d00f040a03a6fd1abdf10847f72917ea4","b15a26b827a9a2bcc2e6f323f687c1bfd6e717d4","[fb05ff2e52a66bd2b5328566ed4833de52e23768, 66962cb42856ffb1da64d1d0b4091bfa0e2d3694, ad637b900bb4c3e1d14a5ca27b0877a21a0f4db3, 333c0ffe24b78d672a15ebd1535b622d9edcb288, f2a95865eb9832973d07f2bc2435d372825e4549, 2ad6b70d0fef49d6fca49d468ea05636df7abb16, 8f0cb29c57b71464ea9e6b770972268ee5311333, 176185ac92fa3396098d7371e728c802484d2831]","[ab30712d00f040a03a6fd1abdf10847f72917ea4]"
"81d49b272e4fc0adc992cb1c7a9c0e6c9dae61de","4bba43369896f0d1ab68ea54ac59595e666fdc24","eb8d2ff32413d61fe17b1d40f15dab3837c1db00","ffb53382bbb54ff44b9084b9325d5a2a8204ef14","[4bba43369896f0d1ab68ea54ac59595e666fdc24, 3c825f57154ad30a17103374ad0d4eeb31f242e9, 92504efaed4de80240b49e093dbcd82644e1b6cb, 92b22563a18b36ca8cf5d2e1be59c850c7e9731d, bdba02975f8836fb04eee4b35e5e3ecb8eebdeb2, 99c67820618afedc3f50d7038b170bab7cef164c, 16ec7394a04122cf298ed106667411b52f57b277]","[eb8d2ff32413d61fe17b1d40f15dab3837c1db00, a0ed80bfae7a0d4b76f1cd002f804d3e6ca11174, 71427fe2c947e2280273b416db0f2a3b868bef63, a8c58b3e72f30e20c259d01f2bff89589467b97b, c271c2cd694be38784e395093af936dba2786996, d1ac8773840ea008c0951eca31011d33733c269e, ec2f3db123054091a381ff7a8257cbf8f59614f7]"
"c271c2cd694be38784e395093af936dba2786996","d1ac8773840ea008c0951eca31011d33733c269e","ec2f3db123054091a381ff7a8257cbf8f59614f7","a0ad14531fb0fed306ad7dfbd439feadddb12a35","[d1ac8773840ea008c0951eca31011d33733c269e, ffb53382bbb54ff44b9084b9325d5a2a8204ef14, 3709b20e9d251b62d462e4fb2fc7fe9319b51e2c, 7007b3ace923735437fb6f395a8133da036c6b16, 54825640b9481a182d1b5107112e9c816ae936c0, bfd3bed05f248e832fcbb5c706dab88819b4adfd, e6a8e1ff203e2e206d6cab9ae409ead8be653a31, 00f818b5a1580d2dd5789a9c56ce64f447c87c92, 8ef677d0a3993d0f57db3147144df8fbc0677a5b, 9ea071d47336ebcacc43c79361fa77258814a80f, 0e8f9841b5fc73d3e5258cc51153232205d13f84, d6296c079947da382ff3ba021d8e56dda5fbeca9, d2c0772085a105abafaf342befa3d84740eab8b4, e64b842a1a8de44a232f7ed8fecee9b7475ea97b, 9e0152562b06082b92e011d6c2e2ead3248ea490, 77d1a1ab01dd85e25f5d6805201c71fdffc061b2, 801779184380dd6872f0d35a53b7903f4663e07e, e9c40ec3fb73afa6fec034e9b757d700d99b503d, 29cf3a7c06809e32808a9811f472881b3df1b894, fcb9bf503819a48fb30775325a6a928d9f3c5464, c767fb3e6037eaeb95c867c3e76c898f6ab05ebb, 1cb2854809488ebbf898cb8127d1f2e07218db36, 1004b3312023b758b8e5da14dcd4ab6231eb73d9, f520abe38bb2293d30a78a398ca58463d687f1f5, 73a2e6a410050d9e2059b92a19e7944c97b93d55, fcbc8d9fed69a66f2b83615db25d34ec843d30ed, 6d0505be3b66c926cb9d547783f9dfbf6ed04e3f, f6cdbdc8b10b035952fe314476c98aba6c851141, 7dd41b7a407c504e236e7f09d1b6b074648cdda9, feb5131aa1ebd24184be42ef0baf6b0210f6afc2, 59628873ed1d389a5c555216c810bd3ef459fa55, 1e2772c184cdad32ac6b65209cda9f560bd4ae82, 377c4e6013857c0c31eb10189ca3404864bd9417, 84061138b4c962408fee8ff46ee240ea4befc663, 79c548c31d4ca7b838546f5b1b5fe727dcfcb2cc, 5c9e693521287532d00de4e5c175415da5448ad5, 86e0fdb285486af9d6b0e2b5a7d73441172da7e9, 682e9a7ac1730a2b0bd111782a9a898b01580ac5, b266a628d97b5c7cae6d968a7efb7fb1caae6926, 8a1546af03f6c2cf321d04d6371afa3bec4387f3, 12ef810600798d83c65b1d566b0bf9176eddbb14, 365f437bb382a23e42da7fe7fd1772721ac5e0dd, 6ed19ef4351da3b84703a68295bf26fc68159647, cc0613a59aa6fe3039d8f64a05910cd17e683b48, 28796dc6124310cf764670be3d96cc16749526cb, 6d2567f7d00a7e606fada078f76e8183e32c99cc, 2755ad42dd82d6aa927f495fe676862fa61d4391]","[ec2f3db123054091a381ff7a8257cbf8f59614f7]"
"92b22563a18b36ca8cf5d2e1be59c850c7e9731d","ffb53382bbb54ff44b9084b9325d5a2a8204ef14","bdba02975f8836fb04eee4b35e5e3ecb8eebdeb2","bfd3bed05f248e832fcbb5c706dab88819b4adfd","[ffb53382bbb54ff44b9084b9325d5a2a8204ef14, 3709b20e9d251b62d462e4fb2fc7fe9319b51e2c, 7007b3ace923735437fb6f395a8133da036c6b16, 54825640b9481a182d1b5107112e9c816ae936c0]","[bdba02975f8836fb04eee4b35e5e3ecb8eebdeb2, 99c67820618afedc3f50d7038b170bab7cef164c, 16ec7394a04122cf298ed106667411b52f57b277]"
"6d2567f7d00a7e606fada078f76e8183e32c99cc","2755ad42dd82d6aa927f495fe676862fa61d4391","a0ad14531fb0fed306ad7dfbd439feadddb12a35","da76d81fd95aa1ab2343653ba567f939b3fa6738","[2755ad42dd82d6aa927f495fe676862fa61d4391]","[a0ad14531fb0fed306ad7dfbd439feadddb12a35, 5aeb4db55c50b02dc247fc63891773f19aad3839, 5e5be51f73a11aeb20525c375149b1dfd1fd69ce, a5cf596e76bdd112ab3ec431a1faffdd93e012c2, 802af766f2096a0f769ea98721823ae5a2f70226, 760fb79b84aeb42e8c6c8e3e6d79e8a7ac408ef7, 4eafc6b00820faec07c2303760a9ac92c12e0eca, b32fd23b557d482afe8d6bbacccfbe8663e8016e, 4d9ea98ea2fc5656789ff907313cb60d09367888, ef0fe1aae5837fbed68a00f25355005261dd9bbc, 258d8eaa2d9189f8ed4f3832c73286f34aa06ff0, 93d29b2f438b5eec3c95578166a50bab48fef30c, c40871226603cde9347b4d33dc167b42201fc891, 32fd0c2a7d3e881790fd1bb8839d16107ce3b326, a8b03acc76bff85411cba03ee0aeda3b05152d52, f0d976dbeda4dee166ffc4083ddb9db8b25d2c69, 9bad20bd572144b9fc140a0c7936d38b547b9ea4, c6c0b53cdc8756389ca6c8fa60bd529d41c1a099, 8bdf3072268806d8162ccd6850b71cccaafc3286, 89541c80d76cf54a5ec4c07fa27ef46ec2edeeb2, fba091dc99ec36b1352073de650d816d1ca94512, 8b4104935548b1f26f1714cc437ba86878b1fc9a, b875e31ad5d498b5109c561ef6214edf1a99e73b, 91f1116765d5bf769f13edc255f62c9daecf18c2, fcf649b44e9820beff2c864dabee21dcfd67a4a2, e4eab1e7ad06acd6b558d664b724f6c5e08c0fc5, fff1f58b8f1d0fda6adae4d5d1ab3d473a38692c, b3d1e974467cd3e8d81fbfd11fdf19f2409e1bd6, 4d17358e07f5d63ca60e5fa85da872226e598f03, 24b08b0868be2c92f9f2d8cb3f0bb077cd8eac2a, e71d90dacc9c6e3b19ef1020c23bd562ebda1717, 541b1e2eaffc4dd5ed16099526b616b053c9d231, 3e9a491caee483dfc80ee142f208485ee67acdd9, b535b1f75dcc1c2fce5e3bf8c67375beb1d68d99, b009b52c301757fdd073c393b86f050e2d969f86, fc4d1ca712ba90801b28e34de9283b218a1fdf45, f209fd6a9628b0c230d611322c436406ad3bfa23, 816cd9e1ef0704cf1e51abb25f61d9c2196d6bfa, e5916a858911ed7076dc19690a01948a37196bb7, 8b4349dceb128f1b95da4905c7ae2472b504bf19, 3b36e4e00d79689ece45d85580dcffd0a276cdf2, f592b294877bcb5c14eacc5ec8ba254038e0bde5, c0b437cc239fa2a998d3827919eb24fe289e152c, 036a4f1377302dc7354b7971fd057ad9dd73d53d]"
"609540638ad366ff022c6e032442ac46ab3c3b1d","2f8d9cb0fc796da4ab11e1ba934980a8b237d90a","b57c333da96f7ab2c968f2e0a17c5eaacce874eb","68a6760a9d4f22b7f2f82118ff4dcfa243dfdd03","[2f8d9cb0fc796da4ab11e1ba934980a8b237d90a, f8bbc1525516212e48cf003487dace55f83430a2, a913aa2ac3ab9988a0a45df8e3f3607e7d602eec, 3489d97dfa01c8ad5b671983e3583f41683286a7, cae3bdf5e68fbf6d37e6201870addabb7aec4b67, 08314a221b6a5eaed9e97ebcb69d97a3c6ac0403, 8616893ac6062fd4464aaf37b01fcb60112f7634, 975072b9454ef58b702c7151b102df09560eabb5, e475050f2baf11325bc551f10c6320e4d2d6b31d, e8cf311638e4e7ecc2e1f5d340748978f2246c99, 9ac0a4cd54f3a214d850d46889901865bb61e7ad, 66c7f7bff0451cf9039701d159139ba2d2d6a3e1, 612abc85fd4421e46d7c3daed78f659cb7d471d9]","[b57c333da96f7ab2c968f2e0a17c5eaacce874eb]"
"cae3bdf5e68fbf6d37e6201870addabb7aec4b67","08314a221b6a5eaed9e97ebcb69d97a3c6ac0403","9ac0a4cd54f3a214d850d46889901865bb61e7ad","68a6760a9d4f22b7f2f82118ff4dcfa243dfdd03","[08314a221b6a5eaed9e97ebcb69d97a3c6ac0403, 8616893ac6062fd4464aaf37b01fcb60112f7634, 975072b9454ef58b702c7151b102df09560eabb5, e475050f2baf11325bc551f10c6320e4d2d6b31d, e8cf311638e4e7ecc2e1f5d340748978f2246c99, 612abc85fd4421e46d7c3daed78f659cb7d471d9]","[9ac0a4cd54f3a214d850d46889901865bb61e7ad, 66c7f7bff0451cf9039701d159139ba2d2d6a3e1]"
"9ac0a4cd54f3a214d850d46889901865bb61e7ad","66c7f7bff0451cf9039701d159139ba2d2d6a3e1","68a6760a9d4f22b7f2f82118ff4dcfa243dfdd03","cb9ae1da338d2a001c2d2285cf276944f0a3606c","[66c7f7bff0451cf9039701d159139ba2d2d6a3e1]","[68a6760a9d4f22b7f2f82118ff4dcfa243dfdd03, aba613d74608c79cbcd4ce04909564779047dd06, aad1739f01346d7af84af8292a135ff1e3a423aa, 0b6e06c9a49b7ad98057622f2009a38798648f5e, ce9595133a5f85f52d32666d5d9f12fb6d7b3ac6, 59c356597870b2ebc68895fa821369b9cdae446b, 7eba48a7ef01d87d876228ad14fa67c7c9cdbd9f, 424c8dba355645b9432bce038a2f9e0011fecbaa, a520b4928687ff25e147bed1ff7ac432c865456d, 9ff22c9b34e0e6c2906a9288a933f9036642621f, 76e57683c90c5317ed5110413db7d241b597a1e3, 5cf4c95eeb4d187f8e5a4a65927e6e06e3efe67e, c8f5e10b8e4b5269d9a5baa632f872a20b384fc8, 2aaf64bd0549a4ba1b6d3a016d5246fb2ab3cc5e, 11dfb776858abcd867f74c67cd03ace6b91d7693, 926dd1d0f02900c95a3b599390d4d6633c74740c, 3723a06f68392ac90e6d026d314843335996a3f5, 9a9b1b0e32ebc6e35d9acacc4269e5e65902ae89, b697b466d6a39bfd58ec4532cc04f981526e43f1, cead40f291f5fa2b70cf3a37b1c7f63ee072934b, c9d5d9f10f8ae277bbc2cb0b7290e463e69f82e1, 8c46c6cc2d418e937c0b247c5582c88f33aaf264, 6f14e2bab97d1dcd9041d5cf52bffd5cb8555a59, ac8159d40310bbd2635eeb049fabc09ab44ee98e, 76638a5ea5c27d1b5dd4489d6ea4339cef260d73, 08bb4fb2b8eba2ea359f407daf71d96874a747e0, e4e998c5c016b2bca41913c0b1dc701383e1ae05, 33db045c1547c7db5145025975acf7d246e4aacb, acb1b40e45135c26bf52a5a81d97acbbb6b38649, da77e4c316cbcb28d1c84a3c611f8b7cd933f4a7, 023aa94a7f16039cfe5cd5e9c877977ac53e3c83, 4e14bc13b674e51542d58131559fc0cdd2070b26, 0b0d81849beccda3994d0ed862fa1eb380689dcd, d74a15748281bd1240ae4a815270a55676026272, 0b2686f51381ac3c274a47972ce101f7694cad1a, 32ca4875603514cf527fce5499ca68dca5df0f3a, a74fc8c4d1fd3ed3a4da6cb9fff0dfb6a6047f3a, 0709fbd34bb4ced59ff46b45c4e7fccbe2694fd1, 89b1f5ad3141752c115a6a42cae846b421db0565, 8b2859c6daaac1b92f106ddcc4490c271d4b38fc, 29d6733359f193c8157ed6dfb74ae67be992fd37, f2658e6946b21ee1fb792ee5b8db509d7480f8bb, eb56e243a835a2ec732faa897c814dfb18261b59, 46ed183832791fd1a1dafbcf377b0dff0b9fc0f7, 56e6847f98ee8251836a64619a16fb9c67429728, 4565e25c5ff559d5cd1769ac6bcc130fd2600a10, ea3657cc1987e6462b4c6a89191a161351d69e11, 7ed3ed3ca4299f02c07c7fc3d02fed1bb12ccbef, 4266b2af1b81b2144ed445fcc8d50ad5041dd357, 780efb84182f9f47836057aeae690ca08446a02b, 492e9110f304e2529b3e2e4bed310ae533d53f99, 7f8981c6fd84f45a4d146b120f384c967b0871cd, f16a0636b1f361f3118b826fb3eef81b746c7d70, efea8e2e4d4788dd568b0b3cc105e566505649ec, fb2e5fe6a9daa28024c539ca97fa6d11f2f4de10, 5272efcf40ebc7fcaed3821fcfedc3eb53d607c5, e54b87ee69234172cd1f291349771f5d2ff167bf, 212c52ad0dfdabc0496b48a21f017ffea18424d7, ef22a61d1f5789d583533767f63a7e009f4e204c, 1faa3a4db5b0dac21cbe34cbe4e9326f3a91d035, b3b673f702758062230b068658e9257ef35dc17b, 70c3dfd9ad346888ee8b881768c2ce35317891c9, d53b9bcfd640d20fe52b2fe0b3da8502b334f824, 4376bedc6116c0f203fbe0b7fe18af5f7fd5dc3d, 0c8dcd6d551c891d5eaeecabd9cfe50d0068c0cd, dcd45cbf32c5711ead6b414f674b125b184a65d0, 2408eb9bfc8849888065582cb7eeb2daf4d2012c, 1762ff7fc707106d13fdc63d628ca525a093745f, 7dd7f33da68def2d7890e4cfbfc0c827889d251f, e0f6c6bd2d1e04a2800c3e9ffa258ed2564a0b3a, 7f911b92b0aca1209009e3e54cdef72613798b0a, 21dad48b8df1cfa17aaf8a75618f6067c9d2ed00, 194934c0223d8b7d6848bcae0c43d86daf3aa4ef, efa320c8c3b49572d33e5b763a47ef8dcdba6036, 37135c005b82c94767b8434354c308c797642504, 8e3a416ca99a10184207735ba9ad626a59aeca18, aa83b854ab5fef0e0042de995a1a17f85b566ff9, 3acedc754aaba87182e0b59564320d0933841951, 29eaaa630feb3e2ea98b15f8b6a0a733359526b5, f2a15e21328028fdec0ae65c15fa47e13667952e, 7599957cc244732eb60012987e24425dc6d64596, b8bdfbfd77da3cf8f58c7ef1fa980372e1399092, 7aa8f799874b3173ca61a74bc2b58b6e30676cd1, f34df02345cf079a0c7f66f0e03263c0421cbc6c, 25fc9b6c2cbc44a9124b019b514b825fd61b5f47, aa8445417a430586e3729c53941c53fb2c197bf5, 790f46e211d6885420ec5e024fe4ea654b8c931c, 1fb255c829bd9b9e4792f47f8db035c3c87aded6, 465a296f9c8b90c8cae7120ba8112182ef7d80e7, c7f1d0098e83c0df8e736f2e8d2abb64b92faecf, cfa15465e09a7c9c7e93684119316642d9d19459, 19c469534b506c8a92d162f65eb66df57256f2d1, 9b2edd4dd016aa42989a9a4368e1a9fefac24a88, 8dc41f18b40b009fe1879860d680429bbe78927c, 8427329c7569cdcbe3fc877437378189b8185f1f, bbdde54469adaf7f7c1cae95cfadda7bba619997, 756f76a5a3f9fa3a44fafe8e328c91f8a7728275]"
"4e14bc13b674e51542d58131559fc0cdd2070b26","0b0d81849beccda3994d0ed862fa1eb380689dcd","4266b2af1b81b2144ed445fcc8d50ad5041dd357","1faa3a4db5b0dac21cbe34cbe4e9326f3a91d035","[0b0d81849beccda3994d0ed862fa1eb380689dcd, d74a15748281bd1240ae4a815270a55676026272, 0b2686f51381ac3c274a47972ce101f7694cad1a, 32ca4875603514cf527fce5499ca68dca5df0f3a, a74fc8c4d1fd3ed3a4da6cb9fff0dfb6a6047f3a, 0709fbd34bb4ced59ff46b45c4e7fccbe2694fd1, 89b1f5ad3141752c115a6a42cae846b421db0565, 8b2859c6daaac1b92f106ddcc4490c271d4b38fc, 29d6733359f193c8157ed6dfb74ae67be992fd37, f2658e6946b21ee1fb792ee5b8db509d7480f8bb, eb56e243a835a2ec732faa897c814dfb18261b59, 46ed183832791fd1a1dafbcf377b0dff0b9fc0f7, 56e6847f98ee8251836a64619a16fb9c67429728, 4565e25c5ff559d5cd1769ac6bcc130fd2600a10, ea3657cc1987e6462b4c6a89191a161351d69e11, 7ed3ed3ca4299f02c07c7fc3d02fed1bb12ccbef, 212c52ad0dfdabc0496b48a21f017ffea18424d7, ef22a61d1f5789d583533767f63a7e009f4e204c]","[4266b2af1b81b2144ed445fcc8d50ad5041dd357, 780efb84182f9f47836057aeae690ca08446a02b, 492e9110f304e2529b3e2e4bed310ae533d53f99, 7f8981c6fd84f45a4d146b120f384c967b0871cd, f16a0636b1f361f3118b826fb3eef81b746c7d70, efea8e2e4d4788dd568b0b3cc105e566505649ec, fb2e5fe6a9daa28024c539ca97fa6d11f2f4de10, 5272efcf40ebc7fcaed3821fcfedc3eb53d607c5, e54b87ee69234172cd1f291349771f5d2ff167bf]"
"492e9110f304e2529b3e2e4bed310ae533d53f99","5272efcf40ebc7fcaed3821fcfedc3eb53d607c5","7f8981c6fd84f45a4d146b120f384c967b0871cd","e54b87ee69234172cd1f291349771f5d2ff167bf","[5272efcf40ebc7fcaed3821fcfedc3eb53d607c5]","[7f8981c6fd84f45a4d146b120f384c967b0871cd, f16a0636b1f361f3118b826fb3eef81b746c7d70, efea8e2e4d4788dd568b0b3cc105e566505649ec, fb2e5fe6a9daa28024c539ca97fa6d11f2f4de10]"
"f2a15e21328028fdec0ae65c15fa47e13667952e","7599957cc244732eb60012987e24425dc6d64596","f34df02345cf079a0c7f66f0e03263c0421cbc6c","b408a1223149077731ff71f2684a8e14af5f466a","[7599957cc244732eb60012987e24425dc6d64596, b8bdfbfd77da3cf8f58c7ef1fa980372e1399092, 7aa8f799874b3173ca61a74bc2b58b6e30676cd1, cb9ae1da338d2a001c2d2285cf276944f0a3606c, 8427329c7569cdcbe3fc877437378189b8185f1f, bbdde54469adaf7f7c1cae95cfadda7bba619997, 756f76a5a3f9fa3a44fafe8e328c91f8a7728275]","[f34df02345cf079a0c7f66f0e03263c0421cbc6c, 25fc9b6c2cbc44a9124b019b514b825fd61b5f47, aa8445417a430586e3729c53941c53fb2c197bf5, 790f46e211d6885420ec5e024fe4ea654b8c931c, 1fb255c829bd9b9e4792f47f8db035c3c87aded6, 465a296f9c8b90c8cae7120ba8112182ef7d80e7, c7f1d0098e83c0df8e736f2e8d2abb64b92faecf, cfa15465e09a7c9c7e93684119316642d9d19459, 19c469534b506c8a92d162f65eb66df57256f2d1, 9b2edd4dd016aa42989a9a4368e1a9fefac24a88, 8dc41f18b40b009fe1879860d680429bbe78927c]"
"7599957cc244732eb60012987e24425dc6d64596","b8bdfbfd77da3cf8f58c7ef1fa980372e1399092","7aa8f799874b3173ca61a74bc2b58b6e30676cd1","8427329c7569cdcbe3fc877437378189b8185f1f","[b8bdfbfd77da3cf8f58c7ef1fa980372e1399092]","[7aa8f799874b3173ca61a74bc2b58b6e30676cd1, cb9ae1da338d2a001c2d2285cf276944f0a3606c]"
"7aa8f799874b3173ca61a74bc2b58b6e30676cd1","8427329c7569cdcbe3fc877437378189b8185f1f","cb9ae1da338d2a001c2d2285cf276944f0a3606c","b408a1223149077731ff71f2684a8e14af5f466a","[8427329c7569cdcbe3fc877437378189b8185f1f, bbdde54469adaf7f7c1cae95cfadda7bba619997, 756f76a5a3f9fa3a44fafe8e328c91f8a7728275]","[cb9ae1da338d2a001c2d2285cf276944f0a3606c]"
